2026.03.18 20:29:35.628941 [ 1 ] {} <Warning> Application: Listen [::]:9009 failed: Poco::Exception. Code: 1000, e.code() = 0, DNS error: EAI: Address family for hostname not supported (version 23.8.16.16 (official build)). If it is an IPv6 or IPv4 address and your host has disabled IPv6 or IPv4, then consider to specify not disabled IPv4 or IPv6 address to listen in <listen_host> element of configuration file. Example for disabled IPv6: <listen_host>0.0.0.0</listen_host> . Example for disabled IPv4: <listen_host>::</listen_host>
2026.03.18 20:29:35.700438 [ 1 ] {} <Warning> Application: Listen [::]:8123 failed: Poco::Exception. Code: 1000, e.code() = 0, DNS error: EAI: Address family for hostname not supported (version 23.8.16.16 (official build)). If it is an IPv6 or IPv4 address and your host has disabled IPv6 or IPv4, then consider to specify not disabled IPv4 or IPv6 address to listen in <listen_host> element of configuration file. Example for disabled IPv6: <listen_host>0.0.0.0</listen_host> . Example for disabled IPv4: <listen_host>::</listen_host>
2026.03.18 20:29:35.700560 [ 1 ] {} <Warning> Application: Listen [::]:9000 failed: Poco::Exception. Code: 1000, e.code() = 0, DNS error: EAI: Address family for hostname not supported (version 23.8.16.16 (official build)). If it is an IPv6 or IPv4 address and your host has disabled IPv6 or IPv4, then consider to specify not disabled IPv4 or IPv6 address to listen in <listen_host> element of configuration file. Example for disabled IPv6: <listen_host>0.0.0.0</listen_host> . Example for disabled IPv4: <listen_host>::</listen_host>
2026.03.18 20:29:35.704796 [ 284 ] {} <Error> DDLWorker: ZooKeeper error: Code: 999. Coordination::Exception: Unknown key host in config file. (KEEPER_EXCEPTION), Stack trace (when copying this message, always include the lines below):

0. DB::Exception::Exception(DB::Exception::MessageMasked&&, int, bool) @ 0x000000000c6251d7 in /usr/bin/clickhouse
1. DB::Exception::Exception<String const&>(int, FormatStringHelperImpl<std::type_identity<String const&>::type>, String const&) @ 0x00000000074ae38d in /usr/bin/clickhouse
2. Coordination::Exception::Exception<String const&>(Coordination::Error, FormatStringHelperImpl<std::type_identity<String const&>::type>, String const&) @ 0x000000001276578a in /usr/bin/clickhouse
3. zkutil::ZooKeeperArgs::initFromKeeperSection(Poco::Util::AbstractConfiguration const&, String const&) @ 0x0000000013813c10 in /usr/bin/clickhouse
4. zkutil::ZooKeeperArgs::ZooKeeperArgs(Poco::Util::AbstractConfiguration const&, String const&) @ 0x000000001380f986 in /usr/bin/clickhouse
5. zkutil::ZooKeeper::ZooKeeper(Poco::Util::AbstractConfiguration const&, String const&, std::shared_ptr<DB::ZooKeeperLog>) @ 0x00000000137e48cc in /usr/bin/clickhouse
6. DB::Context::getZooKeeper() const @ 0x000000001164aa4a in /usr/bin/clickhouse
7. DB::DDLWorker::getAndSetZooKeeper() @ 0x00000000116cc32d in /usr/bin/clickhouse
8. DB::DDLWorker::initializeMainThread() @ 0x00000000116dca3b in /usr/bin/clickhouse
9. DB::DDLWorker::runMainThread() @ 0x00000000116c73c0 in /usr/bin/clickhouse
10. void std::__function::__policy_invoker<void ()>::__call_impl<std::__function::__default_alloc_func<ThreadFromGlobalPoolImpl<true>::ThreadFromGlobalPoolImpl<void (DB::DDLWorker::*)(), DB::DDLWorker*>(void (DB::DDLWorker::*&&)(), DB::DDLWorker*&&)::'lambda'(), void ()>>(std::__function::__policy_storage const*) @ 0x00000000116ddb4c in /usr/bin/clickhouse
11. void* std::__thread_proxy[abi:v15000]<std::tuple<std::unique_ptr<std::__thread_struct, std::default_delete<std::__thread_struct>>, void ThreadPoolImpl<std::thread>::scheduleImpl<void>(std::function<void ()>, Priority, std::optional<unsigned long>, bool)::'lambda0'()>>(void*) @ 0x000000000c706104 in /usr/bin/clickhouse
12. ? @ 0x00007d5a69da9609 in ?
13. ? @ 0x00007d5a69cce353 in ?
 (version 23.8.16.16 (official build)). Failed to start DDLWorker.
2026.03.18 20:29:35.704834 [ 284 ] {} <Error> virtual bool DB::DDLWorker::initializeMainThread(): Code: 999. Coordination::Exception: Unknown key host in config file. (KEEPER_EXCEPTION), Stack trace (when copying this message, always include the lines below):

0. DB::Exception::Exception(DB::Exception::MessageMasked&&, int, bool) @ 0x000000000c6251d7 in /usr/bin/clickhouse
1. DB::Exception::Exception<String const&>(int, FormatStringHelperImpl<std::type_identity<String const&>::type>, String const&) @ 0x00000000074ae38d in /usr/bin/clickhouse
2. Coordination::Exception::Exception<String const&>(Coordination::Error, FormatStringHelperImpl<std::type_identity<String const&>::type>, String const&) @ 0x000000001276578a in /usr/bin/clickhouse
3. zkutil::ZooKeeperArgs::initFromKeeperSection(Poco::Util::AbstractConfiguration const&, String const&) @ 0x0000000013813c10 in /usr/bin/clickhouse
4. zkutil::ZooKeeperArgs::ZooKeeperArgs(Poco::Util::AbstractConfiguration const&, String const&) @ 0x000000001380f986 in /usr/bin/clickhouse
5. zkutil::ZooKeeper::ZooKeeper(Poco::Util::AbstractConfiguration const&, String const&, std::shared_ptr<DB::ZooKeeperLog>) @ 0x00000000137e48cc in /usr/bin/clickhouse
6. DB::Context::getZooKeeper() const @ 0x000000001164aa4a in /usr/bin/clickhouse
7. DB::DDLWorker::getAndSetZooKeeper() @ 0x00000000116cc32d in /usr/bin/clickhouse
8. DB::DDLWorker::initializeMainThread() @ 0x00000000116dca3b in /usr/bin/clickhouse
9. DB::DDLWorker::runMainThread() @ 0x00000000116c73c0 in /usr/bin/clickhouse
10. void std::__function::__policy_invoker<void ()>::__call_impl<std::__function::__default_alloc_func<ThreadFromGlobalPoolImpl<true>::ThreadFromGlobalPoolImpl<void (DB::DDLWorker::*)(), DB::DDLWorker*>(void (DB::DDLWorker::*&&)(), DB::DDLWorker*&&)::'lambda'(), void ()>>(std::__function::__policy_storage const*) @ 0x00000000116ddb4c in /usr/bin/clickhouse
11. void* std::__thread_proxy[abi:v15000]<std::tuple<std::unique_ptr<std::__thread_struct, std::default_delete<std::__thread_struct>>, void ThreadPoolImpl<std::thread>::scheduleImpl<void>(std::function<void ()>, Priority, std::optional<unsigned long>, bool)::'lambda0'()>>(void*) @ 0x000000000c706104 in /usr/bin/clickhouse
12. ? @ 0x00007d5a69da9609 in ?
13. ? @ 0x00007d5a69cce353 in ?
 (version 23.8.16.16 (official build))
2026.03.18 20:29:40.708221 [ 284 ] {} <Error> DDLWorker: ZooKeeper error: Code: 999. Coordination::Exception: Unknown key host in config file. (KEEPER_EXCEPTION), Stack trace (when copying this message, always include the lines below):

0. DB::Exception::Exception(DB::Exception::MessageMasked&&, int, bool) @ 0x000000000c6251d7 in /usr/bin/clickhouse
1. DB::Exception::Exception<String const&>(int, FormatStringHelperImpl<std::type_identity<String const&>::type>, String const&) @ 0x00000000074ae38d in /usr/bin/clickhouse
2. Coordination::Exception::Exception<String const&>(Coordination::Error, FormatStringHelperImpl<std::type_identity<String const&>::type>, String const&) @ 0x000000001276578a in /usr/bin/clickhouse
3. zkutil::ZooKeeperArgs::initFromKeeperSection(Poco::Util::AbstractConfiguration const&, String const&) @ 0x0000000013813c10 in /usr/bin/clickhouse
4. zkutil::ZooKeeperArgs::ZooKeeperArgs(Poco::Util::AbstractConfiguration const&, String const&) @ 0x000000001380f986 in /usr/bin/clickhouse
5. zkutil::ZooKeeper::ZooKeeper(Poco::Util::AbstractConfiguration const&, String const&, std::shared_ptr<DB::ZooKeeperLog>) @ 0x00000000137e48cc in /usr/bin/clickhouse
6. DB::Context::getZooKeeper() const @ 0x000000001164aa4a in /usr/bin/clickhouse
7. DB::DDLWorker::getAndSetZooKeeper() @ 0x00000000116cc32d in /usr/bin/clickhouse
8. DB::DDLWorker::initializeMainThread() @ 0x00000000116dca3b in /usr/bin/clickhouse
9. DB::DDLWorker::runMainThread() @ 0x00000000116c73c0 in /usr/bin/clickhouse
10. void std::__function::__policy_invoker<void ()>::__call_impl<std::__function::__default_alloc_func<ThreadFromGlobalPoolImpl<true>::ThreadFromGlobalPoolImpl<void (DB::DDLWorker::*)(), DB::DDLWorker*>(void (DB::DDLWorker::*&&)(), DB::DDLWorker*&&)::'lambda'(), void ()>>(std::__function::__policy_storage const*) @ 0x00000000116ddb4c in /usr/bin/clickhouse
11. void* std::__thread_proxy[abi:v15000]<std::tuple<std::unique_ptr<std::__thread_struct, std::default_delete<std::__thread_struct>>, void ThreadPoolImpl<std::thread>::scheduleImpl<void>(std::function<void ()>, Priority, std::optional<unsigned long>, bool)::'lambda0'()>>(void*) @ 0x000000000c706104 in /usr/bin/clickhouse
12. ? @ 0x00007d5a69da9609 in ?
13. ? @ 0x00007d5a69cce353 in ?
 (version 23.8.16.16 (official build)). Failed to start DDLWorker.
2026.03.18 20:29:40.708292 [ 284 ] {} <Error> virtual bool DB::DDLWorker::initializeMainThread(): Code: 999. Coordination::Exception: Unknown key host in config file. (KEEPER_EXCEPTION), Stack trace (when copying this message, always include the lines below):

0. DB::Exception::Exception(DB::Exception::MessageMasked&&, int, bool) @ 0x000000000c6251d7 in /usr/bin/clickhouse
1. DB::Exception::Exception<String const&>(int, FormatStringHelperImpl<std::type_identity<String const&>::type>, String const&) @ 0x00000000074ae38d in /usr/bin/clickhouse
2. Coordination::Exception::Exception<String const&>(Coordination::Error, FormatStringHelperImpl<std::type_identity<String const&>::type>, String const&) @ 0x000000001276578a in /usr/bin/clickhouse
3. zkutil::ZooKeeperArgs::initFromKeeperSection(Poco::Util::AbstractConfiguration const&, String const&) @ 0x0000000013813c10 in /usr/bin/clickhouse
4. zkutil::ZooKeeperArgs::ZooKeeperArgs(Poco::Util::AbstractConfiguration const&, String const&) @ 0x000000001380f986 in /usr/bin/clickhouse
5. zkutil::ZooKeeper::ZooKeeper(Poco::Util::AbstractConfiguration const&, String const&, std::shared_ptr<DB::ZooKeeperLog>) @ 0x00000000137e48cc in /usr/bin/clickhouse
6. DB::Context::getZooKeeper() const @ 0x000000001164aa4a in /usr/bin/clickhouse
7. DB::DDLWorker::getAndSetZooKeeper() @ 0x00000000116cc32d in /usr/bin/clickhouse
8. DB::DDLWorker::initializeMainThread() @ 0x00000000116dca3b in /usr/bin/clickhouse
9. DB::DDLWorker::runMainThread() @ 0x00000000116c73c0 in /usr/bin/clickhouse
10. void std::__function::__policy_invoker<void ()>::__call_impl<std::__function::__default_alloc_func<ThreadFromGlobalPoolImpl<true>::ThreadFromGlobalPoolImpl<void (DB::DDLWorker::*)(), DB::DDLWorker*>(void (DB::DDLWorker::*&&)(), DB::DDLWorker*&&)::'lambda'(), void ()>>(std::__function::__policy_storage const*) @ 0x00000000116ddb4c in /usr/bin/clickhouse
11. void* std::__thread_proxy[abi:v15000]<std::tuple<std::unique_ptr<std::__thread_struct, std::default_delete<std::__thread_struct>>, void ThreadPoolImpl<std::thread>::scheduleImpl<void>(std::function<void ()>, Priority, std::optional<unsigned long>, bool)::'lambda0'()>>(void*) @ 0x000000000c706104 in /usr/bin/clickhouse
12. ? @ 0x00007d5a69da9609 in ?
13. ? @ 0x00007d5a69cce353 in ?
 (version 23.8.16.16 (official build))
2026.03.18 20:29:45.720044 [ 284 ] {} <Error> DDLWorker: ZooKeeper error: Code: 999. Coordination::Exception: Unknown key host in config file. (KEEPER_EXCEPTION), Stack trace (when copying this message, always include the lines below):

0. DB::Exception::Exception(DB::Exception::MessageMasked&&, int, bool) @ 0x000000000c6251d7 in /usr/bin/clickhouse
1. DB::Exception::Exception<String const&>(int, FormatStringHelperImpl<std::type_identity<String const&>::type>, String const&) @ 0x00000000074ae38d in /usr/bin/clickhouse
2. Coordination::Exception::Exception<String const&>(Coordination::Error, FormatStringHelperImpl<std::type_identity<String const&>::type>, String const&) @ 0x000000001276578a in /usr/bin/clickhouse
3. zkutil::ZooKeeperArgs::initFromKeeperSection(Poco::Util::AbstractConfiguration const&, String const&) @ 0x0000000013813c10 in /usr/bin/clickhouse
4. zkutil::ZooKeeperArgs::ZooKeeperArgs(Poco::Util::AbstractConfiguration const&, String const&) @ 0x000000001380f986 in /usr/bin/clickhouse
5. zkutil::ZooKeeper::ZooKeeper(Poco::Util::AbstractConfiguration const&, String const&, std::shared_ptr<DB::ZooKeeperLog>) @ 0x00000000137e48cc in /usr/bin/clickhouse
6. DB::Context::getZooKeeper() const @ 0x000000001164aa4a in /usr/bin/clickhouse
7. DB::DDLWorker::getAndSetZooKeeper() @ 0x00000000116cc32d in /usr/bin/clickhouse
8. DB::DDLWorker::initializeMainThread() @ 0x00000000116dca3b in /usr/bin/clickhouse
9. DB::DDLWorker::runMainThread() @ 0x00000000116c73c0 in /usr/bin/clickhouse
10. void std::__function::__policy_invoker<void ()>::__call_impl<std::__function::__default_alloc_func<ThreadFromGlobalPoolImpl<true>::ThreadFromGlobalPoolImpl<void (DB::DDLWorker::*)(), DB::DDLWorker*>(void (DB::DDLWorker::*&&)(), DB::DDLWorker*&&)::'lambda'(), void ()>>(std::__function::__policy_storage const*) @ 0x00000000116ddb4c in /usr/bin/clickhouse
11. void* std::__thread_proxy[abi:v15000]<std::tuple<std::unique_ptr<std::__thread_struct, std::default_delete<std::__thread_struct>>, void ThreadPoolImpl<std::thread>::scheduleImpl<void>(std::function<void ()>, Priority, std::optional<unsigned long>, bool)::'lambda0'()>>(void*) @ 0x000000000c706104 in /usr/bin/clickhouse
12. ? @ 0x00007d5a69da9609 in ?
13. ? @ 0x00007d5a69cce353 in ?
 (version 23.8.16.16 (official build)). Failed to start DDLWorker.
2026.03.18 20:29:45.720120 [ 284 ] {} <Error> virtual bool DB::DDLWorker::initializeMainThread(): Code: 999. Coordination::Exception: Unknown key host in config file. (KEEPER_EXCEPTION), Stack trace (when copying this message, always include the lines below):

0. DB::Exception::Exception(DB::Exception::MessageMasked&&, int, bool) @ 0x000000000c6251d7 in /usr/bin/clickhouse
1. DB::Exception::Exception<String const&>(int, FormatStringHelperImpl<std::type_identity<String const&>::type>, String const&) @ 0x00000000074ae38d in /usr/bin/clickhouse
2. Coordination::Exception::Exception<String const&>(Coordination::Error, FormatStringHelperImpl<std::type_identity<String const&>::type>, String const&) @ 0x000000001276578a in /usr/bin/clickhouse
3. zkutil::ZooKeeperArgs::initFromKeeperSection(Poco::Util::AbstractConfiguration const&, String const&) @ 0x0000000013813c10 in /usr/bin/clickhouse
4. zkutil::ZooKeeperArgs::ZooKeeperArgs(Poco::Util::AbstractConfiguration const&, String const&) @ 0x000000001380f986 in /usr/bin/clickhouse
5. zkutil::ZooKeeper::ZooKeeper(Poco::Util::AbstractConfiguration const&, String const&, std::shared_ptr<DB::ZooKeeperLog>) @ 0x00000000137e48cc in /usr/bin/clickhouse
6. DB::Context::getZooKeeper() const @ 0x000000001164aa4a in /usr/bin/clickhouse
7. DB::DDLWorker::getAndSetZooKeeper() @ 0x00000000116cc32d in /usr/bin/clickhouse
8. DB::DDLWorker::initializeMainThread() @ 0x00000000116dca3b in /usr/bin/clickhouse
9. DB::DDLWorker::runMainThread() @ 0x00000000116c73c0 in /usr/bin/clickhouse
10. void std::__function::__policy_invoker<void ()>::__call_impl<std::__function::__default_alloc_func<ThreadFromGlobalPoolImpl<true>::ThreadFromGlobalPoolImpl<void (DB::DDLWorker::*)(), DB::DDLWorker*>(void (DB::DDLWorker::*&&)(), DB::DDLWorker*&&)::'lambda'(), void ()>>(std::__function::__policy_storage const*) @ 0x00000000116ddb4c in /usr/bin/clickhouse
11. void* std::__thread_proxy[abi:v15000]<std::tuple<std::unique_ptr<std::__thread_struct, std::default_delete<std::__thread_struct>>, void ThreadPoolImpl<std::thread>::scheduleImpl<void>(std::function<void ()>, Priority, std::optional<unsigned long>, bool)::'lambda0'()>>(void*) @ 0x000000000c706104 in /usr/bin/clickhouse
12. ? @ 0x00007d5a69da9609 in ?
13. ? @ 0x00007d5a69cce353 in ?
 (version 23.8.16.16 (official build))
2026.03.18 20:29:50.720352 [ 284 ] {} <Error> DDLWorker: ZooKeeper error: Code: 999. Coordination::Exception: Unknown key host in config file. (KEEPER_EXCEPTION), Stack trace (when copying this message, always include the lines below):

0. DB::Exception::Exception(DB::Exception::MessageMasked&&, int, bool) @ 0x000000000c6251d7 in /usr/bin/clickhouse
1. DB::Exception::Exception<String const&>(int, FormatStringHelperImpl<std::type_identity<String const&>::type>, String const&) @ 0x00000000074ae38d in /usr/bin/clickhouse
2. Coordination::Exception::Exception<String const&>(Coordination::Error, FormatStringHelperImpl<std::type_identity<String const&>::type>, String const&) @ 0x000000001276578a in /usr/bin/clickhouse
3. zkutil::ZooKeeperArgs::initFromKeeperSection(Poco::Util::AbstractConfiguration const&, String const&) @ 0x0000000013813c10 in /usr/bin/clickhouse
4. zkutil::ZooKeeperArgs::ZooKeeperArgs(Poco::Util::AbstractConfiguration const&, String const&) @ 0x000000001380f986 in /usr/bin/clickhouse
5. zkutil::ZooKeeper::ZooKeeper(Poco::Util::AbstractConfiguration const&, String const&, std::shared_ptr<DB::ZooKeeperLog>) @ 0x00000000137e48cc in /usr/bin/clickhouse
6. DB::Context::getZooKeeper() const @ 0x000000001164aa4a in /usr/bin/clickhouse
7. DB::DDLWorker::getAndSetZooKeeper() @ 0x00000000116cc32d in /usr/bin/clickhouse
8. DB::DDLWorker::initializeMainThread() @ 0x00000000116dca3b in /usr/bin/clickhouse
9. DB::DDLWorker::runMainThread() @ 0x00000000116c73c0 in /usr/bin/clickhouse
10. void std::__function::__policy_invoker<void ()>::__call_impl<std::__function::__default_alloc_func<ThreadFromGlobalPoolImpl<true>::ThreadFromGlobalPoolImpl<void (DB::DDLWorker::*)(), DB::DDLWorker*>(void (DB::DDLWorker::*&&)(), DB::DDLWorker*&&)::'lambda'(), void ()>>(std::__function::__policy_storage const*) @ 0x00000000116ddb4c in /usr/bin/clickhouse
11. void* std::__thread_proxy[abi:v15000]<std::tuple<std::unique_ptr<std::__thread_struct, std::default_delete<std::__thread_struct>>, void ThreadPoolImpl<std::thread>::scheduleImpl<void>(std::function<void ()>, Priority, std::optional<unsigned long>, bool)::'lambda0'()>>(void*) @ 0x000000000c706104 in /usr/bin/clickhouse
12. ? @ 0x00007d5a69da9609 in ?
13. ? @ 0x00007d5a69cce353 in ?
 (version 23.8.16.16 (official build)). Failed to start DDLWorker.
2026.03.18 20:29:50.720422 [ 284 ] {} <Error> virtual bool DB::DDLWorker::initializeMainThread(): Code: 999. Coordination::Exception: Unknown key host in config file. (KEEPER_EXCEPTION), Stack trace (when copying this message, always include the lines below):

0. DB::Exception::Exception(DB::Exception::MessageMasked&&, int, bool) @ 0x000000000c6251d7 in /usr/bin/clickhouse
1. DB::Exception::Exception<String const&>(int, FormatStringHelperImpl<std::type_identity<String const&>::type>, String const&) @ 0x00000000074ae38d in /usr/bin/clickhouse
2. Coordination::Exception::Exception<String const&>(Coordination::Error, FormatStringHelperImpl<std::type_identity<String const&>::type>, String const&) @ 0x000000001276578a in /usr/bin/clickhouse
3. zkutil::ZooKeeperArgs::initFromKeeperSection(Poco::Util::AbstractConfiguration const&, String const&) @ 0x0000000013813c10 in /usr/bin/clickhouse
4. zkutil::ZooKeeperArgs::ZooKeeperArgs(Poco::Util::AbstractConfiguration const&, String const&) @ 0x000000001380f986 in /usr/bin/clickhouse
5. zkutil::ZooKeeper::ZooKeeper(Poco::Util::AbstractConfiguration const&, String const&, std::shared_ptr<DB::ZooKeeperLog>) @ 0x00000000137e48cc in /usr/bin/clickhouse
6. DB::Context::getZooKeeper() const @ 0x000000001164aa4a in /usr/bin/clickhouse
7. DB::DDLWorker::getAndSetZooKeeper() @ 0x00000000116cc32d in /usr/bin/clickhouse
8. DB::DDLWorker::initializeMainThread() @ 0x00000000116dca3b in /usr/bin/clickhouse
9. DB::DDLWorker::runMainThread() @ 0x00000000116c73c0 in /usr/bin/clickhouse
10. void std::__function::__policy_invoker<void ()>::__call_impl<std::__function::__default_alloc_func<ThreadFromGlobalPoolImpl<true>::ThreadFromGlobalPoolImpl<void (DB::DDLWorker::*)(), DB::DDLWorker*>(void (DB::DDLWorker::*&&)(), DB::DDLWorker*&&)::'lambda'(), void ()>>(std::__function::__policy_storage const*) @ 0x00000000116ddb4c in /usr/bin/clickhouse
11. void* std::__thread_proxy[abi:v15000]<std::tuple<std::unique_ptr<std::__thread_struct, std::default_delete<std::__thread_struct>>, void ThreadPoolImpl<std::thread>::scheduleImpl<void>(std::function<void ()>, Priority, std::optional<unsigned long>, bool)::'lambda0'()>>(void*) @ 0x000000000c706104 in /usr/bin/clickhouse
12. ? @ 0x00007d5a69da9609 in ?
13. ? @ 0x00007d5a69cce353 in ?
 (version 23.8.16.16 (official build))
2026.03.18 20:29:55.722092 [ 284 ] {} <Error> DDLWorker: ZooKeeper error: Code: 999. Coordination::Exception: Unknown key host in config file. (KEEPER_EXCEPTION), Stack trace (when copying this message, always include the lines below):

0. DB::Exception::Exception(DB::Exception::MessageMasked&&, int, bool) @ 0x000000000c6251d7 in /usr/bin/clickhouse
1. DB::Exception::Exception<String const&>(int, FormatStringHelperImpl<std::type_identity<String const&>::type>, String const&) @ 0x00000000074ae38d in /usr/bin/clickhouse
2. Coordination::Exception::Exception<String const&>(Coordination::Error, FormatStringHelperImpl<std::type_identity<String const&>::type>, String const&) @ 0x000000001276578a in /usr/bin/clickhouse
3. zkutil::ZooKeeperArgs::initFromKeeperSection(Poco::Util::AbstractConfiguration const&, String const&) @ 0x0000000013813c10 in /usr/bin/clickhouse
4. zkutil::ZooKeeperArgs::ZooKeeperArgs(Poco::Util::AbstractConfiguration const&, String const&) @ 0x000000001380f986 in /usr/bin/clickhouse
5. zkutil::ZooKeeper::ZooKeeper(Poco::Util::AbstractConfiguration const&, String const&, std::shared_ptr<DB::ZooKeeperLog>) @ 0x00000000137e48cc in /usr/bin/clickhouse
6. DB::Context::getZooKeeper() const @ 0x000000001164aa4a in /usr/bin/clickhouse
7. DB::DDLWorker::getAndSetZooKeeper() @ 0x00000000116cc32d in /usr/bin/clickhouse
8. DB::DDLWorker::initializeMainThread() @ 0x00000000116dca3b in /usr/bin/clickhouse
9. DB::DDLWorker::runMainThread() @ 0x00000000116c73c0 in /usr/bin/clickhouse
10. void std::__function::__policy_invoker<void ()>::__call_impl<std::__function::__default_alloc_func<ThreadFromGlobalPoolImpl<true>::ThreadFromGlobalPoolImpl<void (DB::DDLWorker::*)(), DB::DDLWorker*>(void (DB::DDLWorker::*&&)(), DB::DDLWorker*&&)::'lambda'(), void ()>>(std::__function::__policy_storage const*) @ 0x00000000116ddb4c in /usr/bin/clickhouse
11. void* std::__thread_proxy[abi:v15000]<std::tuple<std::unique_ptr<std::__thread_struct, std::default_delete<std::__thread_struct>>, void ThreadPoolImpl<std::thread>::scheduleImpl<void>(std::function<void ()>, Priority, std::optional<unsigned long>, bool)::'lambda0'()>>(void*) @ 0x000000000c706104 in /usr/bin/clickhouse
12. ? @ 0x00007d5a69da9609 in ?
13. ? @ 0x00007d5a69cce353 in ?
 (version 23.8.16.16 (official build)). Failed to start DDLWorker.
2026.03.18 20:29:55.722250 [ 284 ] {} <Error> virtual bool DB::DDLWorker::initializeMainThread(): Code: 999. Coordination::Exception: Unknown key host in config file. (KEEPER_EXCEPTION), Stack trace (when copying this message, always include the lines below):

0. DB::Exception::Exception(DB::Exception::MessageMasked&&, int, bool) @ 0x000000000c6251d7 in /usr/bin/clickhouse
1. DB::Exception::Exception<String const&>(int, FormatStringHelperImpl<std::type_identity<String const&>::type>, String const&) @ 0x00000000074ae38d in /usr/bin/clickhouse
2. Coordination::Exception::Exception<String const&>(Coordination::Error, FormatStringHelperImpl<std::type_identity<String const&>::type>, String const&) @ 0x000000001276578a in /usr/bin/clickhouse
3. zkutil::ZooKeeperArgs::initFromKeeperSection(Poco::Util::AbstractConfiguration const&, String const&) @ 0x0000000013813c10 in /usr/bin/clickhouse
4. zkutil::ZooKeeperArgs::ZooKeeperArgs(Poco::Util::AbstractConfiguration const&, String const&) @ 0x000000001380f986 in /usr/bin/clickhouse
5. zkutil::ZooKeeper::ZooKeeper(Poco::Util::AbstractConfiguration const&, String const&, std::shared_ptr<DB::ZooKeeperLog>) @ 0x00000000137e48cc in /usr/bin/clickhouse
6. DB::Context::getZooKeeper() const @ 0x000000001164aa4a in /usr/bin/clickhouse
7. DB::DDLWorker::getAndSetZooKeeper() @ 0x00000000116cc32d in /usr/bin/clickhouse
8. DB::DDLWorker::initializeMainThread() @ 0x00000000116dca3b in /usr/bin/clickhouse
9. DB::DDLWorker::runMainThread() @ 0x00000000116c73c0 in /usr/bin/clickhouse
10. void std::__function::__policy_invoker<void ()>::__call_impl<std::__function::__default_alloc_func<ThreadFromGlobalPoolImpl<true>::ThreadFromGlobalPoolImpl<void (DB::DDLWorker::*)(), DB::DDLWorker*>(void (DB::DDLWorker::*&&)(), DB::DDLWorker*&&)::'lambda'(), void ()>>(std::__function::__policy_storage const*) @ 0x00000000116ddb4c in /usr/bin/clickhouse
11. void* std::__thread_proxy[abi:v15000]<std::tuple<std::unique_ptr<std::__thread_struct, std::default_delete<std::__thread_struct>>, void ThreadPoolImpl<std::thread>::scheduleImpl<void>(std::function<void ()>, Priority, std::optional<unsigned long>, bool)::'lambda0'()>>(void*) @ 0x000000000c706104 in /usr/bin/clickhouse
12. ? @ 0x00007d5a69da9609 in ?
13. ? @ 0x00007d5a69cce353 in ?
 (version 23.8.16.16 (official build))
2026.03.18 20:30:00.723245 [ 284 ] {} <Error> DDLWorker: ZooKeeper error: Code: 999. Coordination::Exception: Unknown key host in config file. (KEEPER_EXCEPTION), Stack trace (when copying this message, always include the lines below):

0. DB::Exception::Exception(DB::Exception::MessageMasked&&, int, bool) @ 0x000000000c6251d7 in /usr/bin/clickhouse
1. DB::Exception::Exception<String const&>(int, FormatStringHelperImpl<std::type_identity<String const&>::type>, String const&) @ 0x00000000074ae38d in /usr/bin/clickhouse
2. Coordination::Exception::Exception<String const&>(Coordination::Error, FormatStringHelperImpl<std::type_identity<String const&>::type>, String const&) @ 0x000000001276578a in /usr/bin/clickhouse
3. zkutil::ZooKeeperArgs::initFromKeeperSection(Poco::Util::AbstractConfiguration const&, String const&) @ 0x0000000013813c10 in /usr/bin/clickhouse
4. zkutil::ZooKeeperArgs::ZooKeeperArgs(Poco::Util::AbstractConfiguration const&, String const&) @ 0x000000001380f986 in /usr/bin/clickhouse
5. zkutil::ZooKeeper::ZooKeeper(Poco::Util::AbstractConfiguration const&, String const&, std::shared_ptr<DB::ZooKeeperLog>) @ 0x00000000137e48cc in /usr/bin/clickhouse
6. DB::Context::getZooKeeper() const @ 0x000000001164aa4a in /usr/bin/clickhouse
7. DB::DDLWorker::getAndSetZooKeeper() @ 0x00000000116cc32d in /usr/bin/clickhouse
8. DB::DDLWorker::initializeMainThread() @ 0x00000000116dca3b in /usr/bin/clickhouse
9. DB::DDLWorker::runMainThread() @ 0x00000000116c73c0 in /usr/bin/clickhouse
10. void std::__function::__policy_invoker<void ()>::__call_impl<std::__function::__default_alloc_func<ThreadFromGlobalPoolImpl<true>::ThreadFromGlobalPoolImpl<void (DB::DDLWorker::*)(), DB::DDLWorker*>(void (DB::DDLWorker::*&&)(), DB::DDLWorker*&&)::'lambda'(), void ()>>(std::__function::__policy_storage const*) @ 0x00000000116ddb4c in /usr/bin/clickhouse
11. void* std::__thread_proxy[abi:v15000]<std::tuple<std::unique_ptr<std::__thread_struct, std::default_delete<std::__thread_struct>>, void ThreadPoolImpl<std::thread>::scheduleImpl<void>(std::function<void ()>, Priority, std::optional<unsigned long>, bool)::'lambda0'()>>(void*) @ 0x000000000c706104 in /usr/bin/clickhouse
12. ? @ 0x00007d5a69da9609 in ?
13. ? @ 0x00007d5a69cce353 in ?
 (version 23.8.16.16 (official build)). Failed to start DDLWorker.
2026.03.18 20:30:00.723320 [ 284 ] {} <Error> virtual bool DB::DDLWorker::initializeMainThread(): Code: 999. Coordination::Exception: Unknown key host in config file. (KEEPER_EXCEPTION), Stack trace (when copying this message, always include the lines below):

0. DB::Exception::Exception(DB::Exception::MessageMasked&&, int, bool) @ 0x000000000c6251d7 in /usr/bin/clickhouse
1. DB::Exception::Exception<String const&>(int, FormatStringHelperImpl<std::type_identity<String const&>::type>, String const&) @ 0x00000000074ae38d in /usr/bin/clickhouse
2. Coordination::Exception::Exception<String const&>(Coordination::Error, FormatStringHelperImpl<std::type_identity<String const&>::type>, String const&) @ 0x000000001276578a in /usr/bin/clickhouse
3. zkutil::ZooKeeperArgs::initFromKeeperSection(Poco::Util::AbstractConfiguration const&, String const&) @ 0x0000000013813c10 in /usr/bin/clickhouse
4. zkutil::ZooKeeperArgs::ZooKeeperArgs(Poco::Util::AbstractConfiguration const&, String const&) @ 0x000000001380f986 in /usr/bin/clickhouse
5. zkutil::ZooKeeper::ZooKeeper(Poco::Util::AbstractConfiguration const&, String const&, std::shared_ptr<DB::ZooKeeperLog>) @ 0x00000000137e48cc in /usr/bin/clickhouse
6. DB::Context::getZooKeeper() const @ 0x000000001164aa4a in /usr/bin/clickhouse
7. DB::DDLWorker::getAndSetZooKeeper() @ 0x00000000116cc32d in /usr/bin/clickhouse
8. DB::DDLWorker::initializeMainThread() @ 0x00000000116dca3b in /usr/bin/clickhouse
9. DB::DDLWorker::runMainThread() @ 0x00000000116c73c0 in /usr/bin/clickhouse
10. void std::__function::__policy_invoker<void ()>::__call_impl<std::__function::__default_alloc_func<ThreadFromGlobalPoolImpl<true>::ThreadFromGlobalPoolImpl<void (DB::DDLWorker::*)(), DB::DDLWorker*>(void (DB::DDLWorker::*&&)(), DB::DDLWorker*&&)::'lambda'(), void ()>>(std::__function::__policy_storage const*) @ 0x00000000116ddb4c in /usr/bin/clickhouse
11. void* std::__thread_proxy[abi:v15000]<std::tuple<std::unique_ptr<std::__thread_struct, std::default_delete<std::__thread_struct>>, void ThreadPoolImpl<std::thread>::scheduleImpl<void>(std::function<void ()>, Priority, std::optional<unsigned long>, bool)::'lambda0'()>>(void*) @ 0x000000000c706104 in /usr/bin/clickhouse
12. ? @ 0x00007d5a69da9609 in ?
13. ? @ 0x00007d5a69cce353 in ?
 (version 23.8.16.16 (official build))
2026.03.18 20:30:06.387846 [ 284 ] {} <Error> DDLWorker: ZooKeeper error: Code: 999. Coordination::Exception: Unknown key host in config file. (KEEPER_EXCEPTION), Stack trace (when copying this message, always include the lines below):

0. DB::Exception::Exception(DB::Exception::MessageMasked&&, int, bool) @ 0x000000000c6251d7 in /usr/bin/clickhouse
1. DB::Exception::Exception<String const&>(int, FormatStringHelperImpl<std::type_identity<String const&>::type>, String const&) @ 0x00000000074ae38d in /usr/bin/clickhouse
2. Coordination::Exception::Exception<String const&>(Coordination::Error, FormatStringHelperImpl<std::type_identity<String const&>::type>, String const&) @ 0x000000001276578a in /usr/bin/clickhouse
3. zkutil::ZooKeeperArgs::initFromKeeperSection(Poco::Util::AbstractConfiguration const&, String const&) @ 0x0000000013813c10 in /usr/bin/clickhouse
4. zkutil::ZooKeeperArgs::ZooKeeperArgs(Poco::Util::AbstractConfiguration const&, String const&) @ 0x000000001380f986 in /usr/bin/clickhouse
5. zkutil::ZooKeeper::ZooKeeper(Poco::Util::AbstractConfiguration const&, String const&, std::shared_ptr<DB::ZooKeeperLog>) @ 0x00000000137e48cc in /usr/bin/clickhouse
6. DB::Context::getZooKeeper() const @ 0x000000001164aa4a in /usr/bin/clickhouse
7. DB::DDLWorker::getAndSetZooKeeper() @ 0x00000000116cc32d in /usr/bin/clickhouse
8. DB::DDLWorker::initializeMainThread() @ 0x00000000116dca3b in /usr/bin/clickhouse
9. DB::DDLWorker::runMainThread() @ 0x00000000116c73c0 in /usr/bin/clickhouse
10. void std::__function::__policy_invoker<void ()>::__call_impl<std::__function::__default_alloc_func<ThreadFromGlobalPoolImpl<true>::ThreadFromGlobalPoolImpl<void (DB::DDLWorker::*)(), DB::DDLWorker*>(void (DB::DDLWorker::*&&)(), DB::DDLWorker*&&)::'lambda'(), void ()>>(std::__function::__policy_storage const*) @ 0x00000000116ddb4c in /usr/bin/clickhouse
11. void* std::__thread_proxy[abi:v15000]<std::tuple<std::unique_ptr<std::__thread_struct, std::default_delete<std::__thread_struct>>, void ThreadPoolImpl<std::thread>::scheduleImpl<void>(std::function<void ()>, Priority, std::optional<unsigned long>, bool)::'lambda0'()>>(void*) @ 0x000000000c706104 in /usr/bin/clickhouse
12. ? @ 0x00007d5a69da9609 in ?
13. ? @ 0x00007d5a69cce353 in ?
 (version 23.8.16.16 (official build)). Failed to start DDLWorker.
2026.03.18 20:30:06.387889 [ 284 ] {} <Error> virtual bool DB::DDLWorker::initializeMainThread(): Code: 999. Coordination::Exception: Unknown key host in config file. (KEEPER_EXCEPTION), Stack trace (when copying this message, always include the lines below):

0. DB::Exception::Exception(DB::Exception::MessageMasked&&, int, bool) @ 0x000000000c6251d7 in /usr/bin/clickhouse
1. DB::Exception::Exception<String const&>(int, FormatStringHelperImpl<std::type_identity<String const&>::type>, String const&) @ 0x00000000074ae38d in /usr/bin/clickhouse
2. Coordination::Exception::Exception<String const&>(Coordination::Error, FormatStringHelperImpl<std::type_identity<String const&>::type>, String const&) @ 0x000000001276578a in /usr/bin/clickhouse
3. zkutil::ZooKeeperArgs::initFromKeeperSection(Poco::Util::AbstractConfiguration const&, String const&) @ 0x0000000013813c10 in /usr/bin/clickhouse
4. zkutil::ZooKeeperArgs::ZooKeeperArgs(Poco::Util::AbstractConfiguration const&, String const&) @ 0x000000001380f986 in /usr/bin/clickhouse
5. zkutil::ZooKeeper::ZooKeeper(Poco::Util::AbstractConfiguration const&, String const&, std::shared_ptr<DB::ZooKeeperLog>) @ 0x00000000137e48cc in /usr/bin/clickhouse
6. DB::Context::getZooKeeper() const @ 0x000000001164aa4a in /usr/bin/clickhouse
7. DB::DDLWorker::getAndSetZooKeeper() @ 0x00000000116cc32d in /usr/bin/clickhouse
8. DB::DDLWorker::initializeMainThread() @ 0x00000000116dca3b in /usr/bin/clickhouse
9. DB::DDLWorker::runMainThread() @ 0x00000000116c73c0 in /usr/bin/clickhouse
10. void std::__function::__policy_invoker<void ()>::__call_impl<std::__function::__default_alloc_func<ThreadFromGlobalPoolImpl<true>::ThreadFromGlobalPoolImpl<void (DB::DDLWorker::*)(), DB::DDLWorker*>(void (DB::DDLWorker::*&&)(), DB::DDLWorker*&&)::'lambda'(), void ()>>(std::__function::__policy_storage const*) @ 0x00000000116ddb4c in /usr/bin/clickhouse
11. void* std::__thread_proxy[abi:v15000]<std::tuple<std::unique_ptr<std::__thread_struct, std::default_delete<std::__thread_struct>>, void ThreadPoolImpl<std::thread>::scheduleImpl<void>(std::function<void ()>, Priority, std::optional<unsigned long>, bool)::'lambda0'()>>(void*) @ 0x000000000c706104 in /usr/bin/clickhouse
12. ? @ 0x00007d5a69da9609 in ?
13. ? @ 0x00007d5a69cce353 in ?
 (version 23.8.16.16 (official build))
2026.03.18 20:30:11.389468 [ 284 ] {} <Error> DDLWorker: ZooKeeper error: Code: 999. Coordination::Exception: Unknown key host in config file. (KEEPER_EXCEPTION), Stack trace (when copying this message, always include the lines below):

0. DB::Exception::Exception(DB::Exception::MessageMasked&&, int, bool) @ 0x000000000c6251d7 in /usr/bin/clickhouse
1. DB::Exception::Exception<String const&>(int, FormatStringHelperImpl<std::type_identity<String const&>::type>, String const&) @ 0x00000000074ae38d in /usr/bin/clickhouse
2. Coordination::Exception::Exception<String const&>(Coordination::Error, FormatStringHelperImpl<std::type_identity<String const&>::type>, String const&) @ 0x000000001276578a in /usr/bin/clickhouse
3. zkutil::ZooKeeperArgs::initFromKeeperSection(Poco::Util::AbstractConfiguration const&, String const&) @ 0x0000000013813c10 in /usr/bin/clickhouse
4. zkutil::ZooKeeperArgs::ZooKeeperArgs(Poco::Util::AbstractConfiguration const&, String const&) @ 0x000000001380f986 in /usr/bin/clickhouse
5. zkutil::ZooKeeper::ZooKeeper(Poco::Util::AbstractConfiguration const&, String const&, std::shared_ptr<DB::ZooKeeperLog>) @ 0x00000000137e48cc in /usr/bin/clickhouse
6. DB::Context::getZooKeeper() const @ 0x000000001164aa4a in /usr/bin/clickhouse
7. DB::DDLWorker::getAndSetZooKeeper() @ 0x00000000116cc32d in /usr/bin/clickhouse
8. DB::DDLWorker::initializeMainThread() @ 0x00000000116dca3b in /usr/bin/clickhouse
9. DB::DDLWorker::runMainThread() @ 0x00000000116c73c0 in /usr/bin/clickhouse
10. void std::__function::__policy_invoker<void ()>::__call_impl<std::__function::__default_alloc_func<ThreadFromGlobalPoolImpl<true>::ThreadFromGlobalPoolImpl<void (DB::DDLWorker::*)(), DB::DDLWorker*>(void (DB::DDLWorker::*&&)(), DB::DDLWorker*&&)::'lambda'(), void ()>>(std::__function::__policy_storage const*) @ 0x00000000116ddb4c in /usr/bin/clickhouse
11. void* std::__thread_proxy[abi:v15000]<std::tuple<std::unique_ptr<std::__thread_struct, std::default_delete<std::__thread_struct>>, void ThreadPoolImpl<std::thread>::scheduleImpl<void>(std::function<void ()>, Priority, std::optional<unsigned long>, bool)::'lambda0'()>>(void*) @ 0x000000000c706104 in /usr/bin/clickhouse
12. ? @ 0x00007d5a69da9609 in ?
13. ? @ 0x00007d5a69cce353 in ?
 (version 23.8.16.16 (official build)). Failed to start DDLWorker.
2026.03.18 20:30:11.389522 [ 284 ] {} <Error> virtual bool DB::DDLWorker::initializeMainThread(): Code: 999. Coordination::Exception: Unknown key host in config file. (KEEPER_EXCEPTION), Stack trace (when copying this message, always include the lines below):

0. DB::Exception::Exception(DB::Exception::MessageMasked&&, int, bool) @ 0x000000000c6251d7 in /usr/bin/clickhouse
1. DB::Exception::Exception<String const&>(int, FormatStringHelperImpl<std::type_identity<String const&>::type>, String const&) @ 0x00000000074ae38d in /usr/bin/clickhouse
2. Coordination::Exception::Exception<String const&>(Coordination::Error, FormatStringHelperImpl<std::type_identity<String const&>::type>, String const&) @ 0x000000001276578a in /usr/bin/clickhouse
3. zkutil::ZooKeeperArgs::initFromKeeperSection(Poco::Util::AbstractConfiguration const&, String const&) @ 0x0000000013813c10 in /usr/bin/clickhouse
4. zkutil::ZooKeeperArgs::ZooKeeperArgs(Poco::Util::AbstractConfiguration const&, String const&) @ 0x000000001380f986 in /usr/bin/clickhouse
5. zkutil::ZooKeeper::ZooKeeper(Poco::Util::AbstractConfiguration const&, String const&, std::shared_ptr<DB::ZooKeeperLog>) @ 0x00000000137e48cc in /usr/bin/clickhouse
6. DB::Context::getZooKeeper() const @ 0x000000001164aa4a in /usr/bin/clickhouse
7. DB::DDLWorker::getAndSetZooKeeper() @ 0x00000000116cc32d in /usr/bin/clickhouse
8. DB::DDLWorker::initializeMainThread() @ 0x00000000116dca3b in /usr/bin/clickhouse
9. DB::DDLWorker::runMainThread() @ 0x00000000116c73c0 in /usr/bin/clickhouse
10. void std::__function::__policy_invoker<void ()>::__call_impl<std::__function::__default_alloc_func<ThreadFromGlobalPoolImpl<true>::ThreadFromGlobalPoolImpl<void (DB::DDLWorker::*)(), DB::DDLWorker*>(void (DB::DDLWorker::*&&)(), DB::DDLWorker*&&)::'lambda'(), void ()>>(std::__function::__policy_storage const*) @ 0x00000000116ddb4c in /usr/bin/clickhouse
11. void* std::__thread_proxy[abi:v15000]<std::tuple<std::unique_ptr<std::__thread_struct, std::default_delete<std::__thread_struct>>, void ThreadPoolImpl<std::thread>::scheduleImpl<void>(std::function<void ()>, Priority, std::optional<unsigned long>, bool)::'lambda0'()>>(void*) @ 0x000000000c706104 in /usr/bin/clickhouse
12. ? @ 0x00007d5a69da9609 in ?
13. ? @ 0x00007d5a69cce353 in ?
 (version 23.8.16.16 (official build))
2026.03.18 20:30:16.392383 [ 284 ] {} <Error> DDLWorker: ZooKeeper error: Code: 999. Coordination::Exception: Unknown key host in config file. (KEEPER_EXCEPTION), Stack trace (when copying this message, always include the lines below):

0. DB::Exception::Exception(DB::Exception::MessageMasked&&, int, bool) @ 0x000000000c6251d7 in /usr/bin/clickhouse
1. DB::Exception::Exception<String const&>(int, FormatStringHelperImpl<std::type_identity<String const&>::type>, String const&) @ 0x00000000074ae38d in /usr/bin/clickhouse
2. Coordination::Exception::Exception<String const&>(Coordination::Error, FormatStringHelperImpl<std::type_identity<String const&>::type>, String const&) @ 0x000000001276578a in /usr/bin/clickhouse
3. zkutil::ZooKeeperArgs::initFromKeeperSection(Poco::Util::AbstractConfiguration const&, String const&) @ 0x0000000013813c10 in /usr/bin/clickhouse
4. zkutil::ZooKeeperArgs::ZooKeeperArgs(Poco::Util::AbstractConfiguration const&, String const&) @ 0x000000001380f986 in /usr/bin/clickhouse
5. zkutil::ZooKeeper::ZooKeeper(Poco::Util::AbstractConfiguration const&, String const&, std::shared_ptr<DB::ZooKeeperLog>) @ 0x00000000137e48cc in /usr/bin/clickhouse
6. DB::Context::getZooKeeper() const @ 0x000000001164aa4a in /usr/bin/clickhouse
7. DB::DDLWorker::getAndSetZooKeeper() @ 0x00000000116cc32d in /usr/bin/clickhouse
8. DB::DDLWorker::initializeMainThread() @ 0x00000000116dca3b in /usr/bin/clickhouse
9. DB::DDLWorker::runMainThread() @ 0x00000000116c73c0 in /usr/bin/clickhouse
10. void std::__function::__policy_invoker<void ()>::__call_impl<std::__function::__default_alloc_func<ThreadFromGlobalPoolImpl<true>::ThreadFromGlobalPoolImpl<void (DB::DDLWorker::*)(), DB::DDLWorker*>(void (DB::DDLWorker::*&&)(), DB::DDLWorker*&&)::'lambda'(), void ()>>(std::__function::__policy_storage const*) @ 0x00000000116ddb4c in /usr/bin/clickhouse
11. void* std::__thread_proxy[abi:v15000]<std::tuple<std::unique_ptr<std::__thread_struct, std::default_delete<std::__thread_struct>>, void ThreadPoolImpl<std::thread>::scheduleImpl<void>(std::function<void ()>, Priority, std::optional<unsigned long>, bool)::'lambda0'()>>(void*) @ 0x000000000c706104 in /usr/bin/clickhouse
12. ? @ 0x00007d5a69da9609 in ?
13. ? @ 0x00007d5a69cce353 in ?
 (version 23.8.16.16 (official build)). Failed to start DDLWorker.
2026.03.18 20:30:16.392528 [ 284 ] {} <Error> virtual bool DB::DDLWorker::initializeMainThread(): Code: 999. Coordination::Exception: Unknown key host in config file. (KEEPER_EXCEPTION), Stack trace (when copying this message, always include the lines below):

0. DB::Exception::Exception(DB::Exception::MessageMasked&&, int, bool) @ 0x000000000c6251d7 in /usr/bin/clickhouse
1. DB::Exception::Exception<String const&>(int, FormatStringHelperImpl<std::type_identity<String const&>::type>, String const&) @ 0x00000000074ae38d in /usr/bin/clickhouse
2. Coordination::Exception::Exception<String const&>(Coordination::Error, FormatStringHelperImpl<std::type_identity<String const&>::type>, String const&) @ 0x000000001276578a in /usr/bin/clickhouse
3. zkutil::ZooKeeperArgs::initFromKeeperSection(Poco::Util::AbstractConfiguration const&, String const&) @ 0x0000000013813c10 in /usr/bin/clickhouse
4. zkutil::ZooKeeperArgs::ZooKeeperArgs(Poco::Util::AbstractConfiguration const&, String const&) @ 0x000000001380f986 in /usr/bin/clickhouse
5. zkutil::ZooKeeper::ZooKeeper(Poco::Util::AbstractConfiguration const&, String const&, std::shared_ptr<DB::ZooKeeperLog>) @ 0x00000000137e48cc in /usr/bin/clickhouse
6. DB::Context::getZooKeeper() const @ 0x000000001164aa4a in /usr/bin/clickhouse
7. DB::DDLWorker::getAndSetZooKeeper() @ 0x00000000116cc32d in /usr/bin/clickhouse
8. DB::DDLWorker::initializeMainThread() @ 0x00000000116dca3b in /usr/bin/clickhouse
9. DB::DDLWorker::runMainThread() @ 0x00000000116c73c0 in /usr/bin/clickhouse
10. void std::__function::__policy_invoker<void ()>::__call_impl<std::__function::__default_alloc_func<ThreadFromGlobalPoolImpl<true>::ThreadFromGlobalPoolImpl<void (DB::DDLWorker::*)(), DB::DDLWorker*>(void (DB::DDLWorker::*&&)(), DB::DDLWorker*&&)::'lambda'(), void ()>>(std::__function::__policy_storage const*) @ 0x00000000116ddb4c in /usr/bin/clickhouse
11. void* std::__thread_proxy[abi:v15000]<std::tuple<std::unique_ptr<std::__thread_struct, std::default_delete<std::__thread_struct>>, void ThreadPoolImpl<std::thread>::scheduleImpl<void>(std::function<void ()>, Priority, std::optional<unsigned long>, bool)::'lambda0'()>>(void*) @ 0x000000000c706104 in /usr/bin/clickhouse
12. ? @ 0x00007d5a69da9609 in ?
13. ? @ 0x00007d5a69cce353 in ?
 (version 23.8.16.16 (official build))
2026.03.18 20:30:21.393662 [ 284 ] {} <Error> DDLWorker: ZooKeeper error: Code: 999. Coordination::Exception: Unknown key host in config file. (KEEPER_EXCEPTION), Stack trace (when copying this message, always include the lines below):

0. DB::Exception::Exception(DB::Exception::MessageMasked&&, int, bool) @ 0x000000000c6251d7 in /usr/bin/clickhouse
1. DB::Exception::Exception<String const&>(int, FormatStringHelperImpl<std::type_identity<String const&>::type>, String const&) @ 0x00000000074ae38d in /usr/bin/clickhouse
2. Coordination::Exception::Exception<String const&>(Coordination::Error, FormatStringHelperImpl<std::type_identity<String const&>::type>, String const&) @ 0x000000001276578a in /usr/bin/clickhouse
3. zkutil::ZooKeeperArgs::initFromKeeperSection(Poco::Util::AbstractConfiguration const&, String const&) @ 0x0000000013813c10 in /usr/bin/clickhouse
4. zkutil::ZooKeeperArgs::ZooKeeperArgs(Poco::Util::AbstractConfiguration const&, String const&) @ 0x000000001380f986 in /usr/bin/clickhouse
5. zkutil::ZooKeeper::ZooKeeper(Poco::Util::AbstractConfiguration const&, String const&, std::shared_ptr<DB::ZooKeeperLog>) @ 0x00000000137e48cc in /usr/bin/clickhouse
6. DB::Context::getZooKeeper() const @ 0x000000001164aa4a in /usr/bin/clickhouse
7. DB::DDLWorker::getAndSetZooKeeper() @ 0x00000000116cc32d in /usr/bin/clickhouse
8. DB::DDLWorker::initializeMainThread() @ 0x00000000116dca3b in /usr/bin/clickhouse
9. DB::DDLWorker::runMainThread() @ 0x00000000116c73c0 in /usr/bin/clickhouse
10. void std::__function::__policy_invoker<void ()>::__call_impl<std::__function::__default_alloc_func<ThreadFromGlobalPoolImpl<true>::ThreadFromGlobalPoolImpl<void (DB::DDLWorker::*)(), DB::DDLWorker*>(void (DB::DDLWorker::*&&)(), DB::DDLWorker*&&)::'lambda'(), void ()>>(std::__function::__policy_storage const*) @ 0x00000000116ddb4c in /usr/bin/clickhouse
11. void* std::__thread_proxy[abi:v15000]<std::tuple<std::unique_ptr<std::__thread_struct, std::default_delete<std::__thread_struct>>, void ThreadPoolImpl<std::thread>::scheduleImpl<void>(std::function<void ()>, Priority, std::optional<unsigned long>, bool)::'lambda0'()>>(void*) @ 0x000000000c706104 in /usr/bin/clickhouse
12. ? @ 0x00007d5a69da9609 in ?
13. ? @ 0x00007d5a69cce353 in ?
 (version 23.8.16.16 (official build)). Failed to start DDLWorker.
2026.03.18 20:30:21.393735 [ 284 ] {} <Error> virtual bool DB::DDLWorker::initializeMainThread(): Code: 999. Coordination::Exception: Unknown key host in config file. (KEEPER_EXCEPTION), Stack trace (when copying this message, always include the lines below):

0. DB::Exception::Exception(DB::Exception::MessageMasked&&, int, bool) @ 0x000000000c6251d7 in /usr/bin/clickhouse
1. DB::Exception::Exception<String const&>(int, FormatStringHelperImpl<std::type_identity<String const&>::type>, String const&) @ 0x00000000074ae38d in /usr/bin/clickhouse
2. Coordination::Exception::Exception<String const&>(Coordination::Error, FormatStringHelperImpl<std::type_identity<String const&>::type>, String const&) @ 0x000000001276578a in /usr/bin/clickhouse
3. zkutil::ZooKeeperArgs::initFromKeeperSection(Poco::Util::AbstractConfiguration const&, String const&) @ 0x0000000013813c10 in /usr/bin/clickhouse
4. zkutil::ZooKeeperArgs::ZooKeeperArgs(Poco::Util::AbstractConfiguration const&, String const&) @ 0x000000001380f986 in /usr/bin/clickhouse
5. zkutil::ZooKeeper::ZooKeeper(Poco::Util::AbstractConfiguration const&, String const&, std::shared_ptr<DB::ZooKeeperLog>) @ 0x00000000137e48cc in /usr/bin/clickhouse
6. DB::Context::getZooKeeper() const @ 0x000000001164aa4a in /usr/bin/clickhouse
7. DB::DDLWorker::getAndSetZooKeeper() @ 0x00000000116cc32d in /usr/bin/clickhouse
8. DB::DDLWorker::initializeMainThread() @ 0x00000000116dca3b in /usr/bin/clickhouse
9. DB::DDLWorker::runMainThread() @ 0x00000000116c73c0 in /usr/bin/clickhouse
10. void std::__function::__policy_invoker<void ()>::__call_impl<std::__function::__default_alloc_func<ThreadFromGlobalPoolImpl<true>::ThreadFromGlobalPoolImpl<void (DB::DDLWorker::*)(), DB::DDLWorker*>(void (DB::DDLWorker::*&&)(), DB::DDLWorker*&&)::'lambda'(), void ()>>(std::__function::__policy_storage const*) @ 0x00000000116ddb4c in /usr/bin/clickhouse
11. void* std::__thread_proxy[abi:v15000]<std::tuple<std::unique_ptr<std::__thread_struct, std::default_delete<std::__thread_struct>>, void ThreadPoolImpl<std::thread>::scheduleImpl<void>(std::function<void ()>, Priority, std::optional<unsigned long>, bool)::'lambda0'()>>(void*) @ 0x000000000c706104 in /usr/bin/clickhouse
12. ? @ 0x00007d5a69da9609 in ?
13. ? @ 0x00007d5a69cce353 in ?
 (version 23.8.16.16 (official build))
2026.03.18 20:30:26.394380 [ 284 ] {} <Error> DDLWorker: ZooKeeper error: Code: 999. Coordination::Exception: Unknown key host in config file. (KEEPER_EXCEPTION), Stack trace (when copying this message, always include the lines below):

0. DB::Exception::Exception(DB::Exception::MessageMasked&&, int, bool) @ 0x000000000c6251d7 in /usr/bin/clickhouse
1. DB::Exception::Exception<String const&>(int, FormatStringHelperImpl<std::type_identity<String const&>::type>, String const&) @ 0x00000000074ae38d in /usr/bin/clickhouse
2. Coordination::Exception::Exception<String const&>(Coordination::Error, FormatStringHelperImpl<std::type_identity<String const&>::type>, String const&) @ 0x000000001276578a in /usr/bin/clickhouse
3. zkutil::ZooKeeperArgs::initFromKeeperSection(Poco::Util::AbstractConfiguration const&, String const&) @ 0x0000000013813c10 in /usr/bin/clickhouse
4. zkutil::ZooKeeperArgs::ZooKeeperArgs(Poco::Util::AbstractConfiguration const&, String const&) @ 0x000000001380f986 in /usr/bin/clickhouse
5. zkutil::ZooKeeper::ZooKeeper(Poco::Util::AbstractConfiguration const&, String const&, std::shared_ptr<DB::ZooKeeperLog>) @ 0x00000000137e48cc in /usr/bin/clickhouse
6. DB::Context::getZooKeeper() const @ 0x000000001164aa4a in /usr/bin/clickhouse
7. DB::DDLWorker::getAndSetZooKeeper() @ 0x00000000116cc32d in /usr/bin/clickhouse
8. DB::DDLWorker::initializeMainThread() @ 0x00000000116dca3b in /usr/bin/clickhouse
9. DB::DDLWorker::runMainThread() @ 0x00000000116c73c0 in /usr/bin/clickhouse
10. void std::__function::__policy_invoker<void ()>::__call_impl<std::__function::__default_alloc_func<ThreadFromGlobalPoolImpl<true>::ThreadFromGlobalPoolImpl<void (DB::DDLWorker::*)(), DB::DDLWorker*>(void (DB::DDLWorker::*&&)(), DB::DDLWorker*&&)::'lambda'(), void ()>>(std::__function::__policy_storage const*) @ 0x00000000116ddb4c in /usr/bin/clickhouse
11. void* std::__thread_proxy[abi:v15000]<std::tuple<std::unique_ptr<std::__thread_struct, std::default_delete<std::__thread_struct>>, void ThreadPoolImpl<std::thread>::scheduleImpl<void>(std::function<void ()>, Priority, std::optional<unsigned long>, bool)::'lambda0'()>>(void*) @ 0x000000000c706104 in /usr/bin/clickhouse
12. ? @ 0x00007d5a69da9609 in ?
13. ? @ 0x00007d5a69cce353 in ?
 (version 23.8.16.16 (official build)). Failed to start DDLWorker.
2026.03.18 20:30:26.394450 [ 284 ] {} <Error> virtual bool DB::DDLWorker::initializeMainThread(): Code: 999. Coordination::Exception: Unknown key host in config file. (KEEPER_EXCEPTION), Stack trace (when copying this message, always include the lines below):

0. DB::Exception::Exception(DB::Exception::MessageMasked&&, int, bool) @ 0x000000000c6251d7 in /usr/bin/clickhouse
1. DB::Exception::Exception<String const&>(int, FormatStringHelperImpl<std::type_identity<String const&>::type>, String const&) @ 0x00000000074ae38d in /usr/bin/clickhouse
2. Coordination::Exception::Exception<String const&>(Coordination::Error, FormatStringHelperImpl<std::type_identity<String const&>::type>, String const&) @ 0x000000001276578a in /usr/bin/clickhouse
3. zkutil::ZooKeeperArgs::initFromKeeperSection(Poco::Util::AbstractConfiguration const&, String const&) @ 0x0000000013813c10 in /usr/bin/clickhouse
4. zkutil::ZooKeeperArgs::ZooKeeperArgs(Poco::Util::AbstractConfiguration const&, String const&) @ 0x000000001380f986 in /usr/bin/clickhouse
5. zkutil::ZooKeeper::ZooKeeper(Poco::Util::AbstractConfiguration const&, String const&, std::shared_ptr<DB::ZooKeeperLog>) @ 0x00000000137e48cc in /usr/bin/clickhouse
6. DB::Context::getZooKeeper() const @ 0x000000001164aa4a in /usr/bin/clickhouse
7. DB::DDLWorker::getAndSetZooKeeper() @ 0x00000000116cc32d in /usr/bin/clickhouse
8. DB::DDLWorker::initializeMainThread() @ 0x00000000116dca3b in /usr/bin/clickhouse
9. DB::DDLWorker::runMainThread() @ 0x00000000116c73c0 in /usr/bin/clickhouse
10. void std::__function::__policy_invoker<void ()>::__call_impl<std::__function::__default_alloc_func<ThreadFromGlobalPoolImpl<true>::ThreadFromGlobalPoolImpl<void (DB::DDLWorker::*)(), DB::DDLWorker*>(void (DB::DDLWorker::*&&)(), DB::DDLWorker*&&)::'lambda'(), void ()>>(std::__function::__policy_storage const*) @ 0x00000000116ddb4c in /usr/bin/clickhouse
11. void* std::__thread_proxy[abi:v15000]<std::tuple<std::unique_ptr<std::__thread_struct, std::default_delete<std::__thread_struct>>, void ThreadPoolImpl<std::thread>::scheduleImpl<void>(std::function<void ()>, Priority, std::optional<unsigned long>, bool)::'lambda0'()>>(void*) @ 0x000000000c706104 in /usr/bin/clickhouse
12. ? @ 0x00007d5a69da9609 in ?
13. ? @ 0x00007d5a69cce353 in ?
 (version 23.8.16.16 (official build))
2026.03.18 20:30:31.394681 [ 284 ] {} <Error> DDLWorker: ZooKeeper error: Code: 999. Coordination::Exception: Unknown key host in config file. (KEEPER_EXCEPTION), Stack trace (when copying this message, always include the lines below):

0. DB::Exception::Exception(DB::Exception::MessageMasked&&, int, bool) @ 0x000000000c6251d7 in /usr/bin/clickhouse
1. DB::Exception::Exception<String const&>(int, FormatStringHelperImpl<std::type_identity<String const&>::type>, String const&) @ 0x00000000074ae38d in /usr/bin/clickhouse
2. Coordination::Exception::Exception<String const&>(Coordination::Error, FormatStringHelperImpl<std::type_identity<String const&>::type>, String const&) @ 0x000000001276578a in /usr/bin/clickhouse
3. zkutil::ZooKeeperArgs::initFromKeeperSection(Poco::Util::AbstractConfiguration const&, String const&) @ 0x0000000013813c10 in /usr/bin/clickhouse
4. zkutil::ZooKeeperArgs::ZooKeeperArgs(Poco::Util::AbstractConfiguration const&, String const&) @ 0x000000001380f986 in /usr/bin/clickhouse
5. zkutil::ZooKeeper::ZooKeeper(Poco::Util::AbstractConfiguration const&, String const&, std::shared_ptr<DB::ZooKeeperLog>) @ 0x00000000137e48cc in /usr/bin/clickhouse
6. DB::Context::getZooKeeper() const @ 0x000000001164aa4a in /usr/bin/clickhouse
7. DB::DDLWorker::getAndSetZooKeeper() @ 0x00000000116cc32d in /usr/bin/clickhouse
8. DB::DDLWorker::initializeMainThread() @ 0x00000000116dca3b in /usr/bin/clickhouse
9. DB::DDLWorker::runMainThread() @ 0x00000000116c73c0 in /usr/bin/clickhouse
10. void std::__function::__policy_invoker<void ()>::__call_impl<std::__function::__default_alloc_func<ThreadFromGlobalPoolImpl<true>::ThreadFromGlobalPoolImpl<void (DB::DDLWorker::*)(), DB::DDLWorker*>(void (DB::DDLWorker::*&&)(), DB::DDLWorker*&&)::'lambda'(), void ()>>(std::__function::__policy_storage const*) @ 0x00000000116ddb4c in /usr/bin/clickhouse
11. void* std::__thread_proxy[abi:v15000]<std::tuple<std::unique_ptr<std::__thread_struct, std::default_delete<std::__thread_struct>>, void ThreadPoolImpl<std::thread>::scheduleImpl<void>(std::function<void ()>, Priority, std::optional<unsigned long>, bool)::'lambda0'()>>(void*) @ 0x000000000c706104 in /usr/bin/clickhouse
12. ? @ 0x00007d5a69da9609 in ?
13. ? @ 0x00007d5a69cce353 in ?
 (version 23.8.16.16 (official build)). Failed to start DDLWorker.
2026.03.18 20:30:31.394754 [ 284 ] {} <Error> virtual bool DB::DDLWorker::initializeMainThread(): Code: 999. Coordination::Exception: Unknown key host in config file. (KEEPER_EXCEPTION), Stack trace (when copying this message, always include the lines below):

0. DB::Exception::Exception(DB::Exception::MessageMasked&&, int, bool) @ 0x000000000c6251d7 in /usr/bin/clickhouse
1. DB::Exception::Exception<String const&>(int, FormatStringHelperImpl<std::type_identity<String const&>::type>, String const&) @ 0x00000000074ae38d in /usr/bin/clickhouse
2. Coordination::Exception::Exception<String const&>(Coordination::Error, FormatStringHelperImpl<std::type_identity<String const&>::type>, String const&) @ 0x000000001276578a in /usr/bin/clickhouse
3. zkutil::ZooKeeperArgs::initFromKeeperSection(Poco::Util::AbstractConfiguration const&, String const&) @ 0x0000000013813c10 in /usr/bin/clickhouse
4. zkutil::ZooKeeperArgs::ZooKeeperArgs(Poco::Util::AbstractConfiguration const&, String const&) @ 0x000000001380f986 in /usr/bin/clickhouse
5. zkutil::ZooKeeper::ZooKeeper(Poco::Util::AbstractConfiguration const&, String const&, std::shared_ptr<DB::ZooKeeperLog>) @ 0x00000000137e48cc in /usr/bin/clickhouse
6. DB::Context::getZooKeeper() const @ 0x000000001164aa4a in /usr/bin/clickhouse
7. DB::DDLWorker::getAndSetZooKeeper() @ 0x00000000116cc32d in /usr/bin/clickhouse
8. DB::DDLWorker::initializeMainThread() @ 0x00000000116dca3b in /usr/bin/clickhouse
9. DB::DDLWorker::runMainThread() @ 0x00000000116c73c0 in /usr/bin/clickhouse
10. void std::__function::__policy_invoker<void ()>::__call_impl<std::__function::__default_alloc_func<ThreadFromGlobalPoolImpl<true>::ThreadFromGlobalPoolImpl<void (DB::DDLWorker::*)(), DB::DDLWorker*>(void (DB::DDLWorker::*&&)(), DB::DDLWorker*&&)::'lambda'(), void ()>>(std::__function::__policy_storage const*) @ 0x00000000116ddb4c in /usr/bin/clickhouse
11. void* std::__thread_proxy[abi:v15000]<std::tuple<std::unique_ptr<std::__thread_struct, std::default_delete<std::__thread_struct>>, void ThreadPoolImpl<std::thread>::scheduleImpl<void>(std::function<void ()>, Priority, std::optional<unsigned long>, bool)::'lambda0'()>>(void*) @ 0x000000000c706104 in /usr/bin/clickhouse
12. ? @ 0x00007d5a69da9609 in ?
13. ? @ 0x00007d5a69cce353 in ?
 (version 23.8.16.16 (official build))
2026.03.18 20:30:36.395279 [ 284 ] {} <Error> DDLWorker: ZooKeeper error: Code: 999. Coordination::Exception: Unknown key host in config file. (KEEPER_EXCEPTION), Stack trace (when copying this message, always include the lines below):

0. DB::Exception::Exception(DB::Exception::MessageMasked&&, int, bool) @ 0x000000000c6251d7 in /usr/bin/clickhouse
1. DB::Exception::Exception<String const&>(int, FormatStringHelperImpl<std::type_identity<String const&>::type>, String const&) @ 0x00000000074ae38d in /usr/bin/clickhouse
2. Coordination::Exception::Exception<String const&>(Coordination::Error, FormatStringHelperImpl<std::type_identity<String const&>::type>, String const&) @ 0x000000001276578a in /usr/bin/clickhouse
3. zkutil::ZooKeeperArgs::initFromKeeperSection(Poco::Util::AbstractConfiguration const&, String const&) @ 0x0000000013813c10 in /usr/bin/clickhouse
4. zkutil::ZooKeeperArgs::ZooKeeperArgs(Poco::Util::AbstractConfiguration const&, String const&) @ 0x000000001380f986 in /usr/bin/clickhouse
5. zkutil::ZooKeeper::ZooKeeper(Poco::Util::AbstractConfiguration const&, String const&, std::shared_ptr<DB::ZooKeeperLog>) @ 0x00000000137e48cc in /usr/bin/clickhouse
6. DB::Context::getZooKeeper() const @ 0x000000001164aa4a in /usr/bin/clickhouse
7. DB::DDLWorker::getAndSetZooKeeper() @ 0x00000000116cc32d in /usr/bin/clickhouse
8. DB::DDLWorker::initializeMainThread() @ 0x00000000116dca3b in /usr/bin/clickhouse
9. DB::DDLWorker::runMainThread() @ 0x00000000116c73c0 in /usr/bin/clickhouse
10. void std::__function::__policy_invoker<void ()>::__call_impl<std::__function::__default_alloc_func<ThreadFromGlobalPoolImpl<true>::ThreadFromGlobalPoolImpl<void (DB::DDLWorker::*)(), DB::DDLWorker*>(void (DB::DDLWorker::*&&)(), DB::DDLWorker*&&)::'lambda'(), void ()>>(std::__function::__policy_storage const*) @ 0x00000000116ddb4c in /usr/bin/clickhouse
11. void* std::__thread_proxy[abi:v15000]<std::tuple<std::unique_ptr<std::__thread_struct, std::default_delete<std::__thread_struct>>, void ThreadPoolImpl<std::thread>::scheduleImpl<void>(std::function<void ()>, Priority, std::optional<unsigned long>, bool)::'lambda0'()>>(void*) @ 0x000000000c706104 in /usr/bin/clickhouse
12. ? @ 0x00007d5a69da9609 in ?
13. ? @ 0x00007d5a69cce353 in ?
 (version 23.8.16.16 (official build)). Failed to start DDLWorker.
2026.03.18 20:30:36.395346 [ 284 ] {} <Error> virtual bool DB::DDLWorker::initializeMainThread(): Code: 999. Coordination::Exception: Unknown key host in config file. (KEEPER_EXCEPTION), Stack trace (when copying this message, always include the lines below):

0. DB::Exception::Exception(DB::Exception::MessageMasked&&, int, bool) @ 0x000000000c6251d7 in /usr/bin/clickhouse
1. DB::Exception::Exception<String const&>(int, FormatStringHelperImpl<std::type_identity<String const&>::type>, String const&) @ 0x00000000074ae38d in /usr/bin/clickhouse
2. Coordination::Exception::Exception<String const&>(Coordination::Error, FormatStringHelperImpl<std::type_identity<String const&>::type>, String const&) @ 0x000000001276578a in /usr/bin/clickhouse
3. zkutil::ZooKeeperArgs::initFromKeeperSection(Poco::Util::AbstractConfiguration const&, String const&) @ 0x0000000013813c10 in /usr/bin/clickhouse
4. zkutil::ZooKeeperArgs::ZooKeeperArgs(Poco::Util::AbstractConfiguration const&, String const&) @ 0x000000001380f986 in /usr/bin/clickhouse
5. zkutil::ZooKeeper::ZooKeeper(Poco::Util::AbstractConfiguration const&, String const&, std::shared_ptr<DB::ZooKeeperLog>) @ 0x00000000137e48cc in /usr/bin/clickhouse
6. DB::Context::getZooKeeper() const @ 0x000000001164aa4a in /usr/bin/clickhouse
7. DB::DDLWorker::getAndSetZooKeeper() @ 0x00000000116cc32d in /usr/bin/clickhouse
8. DB::DDLWorker::initializeMainThread() @ 0x00000000116dca3b in /usr/bin/clickhouse
9. DB::DDLWorker::runMainThread() @ 0x00000000116c73c0 in /usr/bin/clickhouse
10. void std::__function::__policy_invoker<void ()>::__call_impl<std::__function::__default_alloc_func<ThreadFromGlobalPoolImpl<true>::ThreadFromGlobalPoolImpl<void (DB::DDLWorker::*)(), DB::DDLWorker*>(void (DB::DDLWorker::*&&)(), DB::DDLWorker*&&)::'lambda'(), void ()>>(std::__function::__policy_storage const*) @ 0x00000000116ddb4c in /usr/bin/clickhouse
11. void* std::__thread_proxy[abi:v15000]<std::tuple<std::unique_ptr<std::__thread_struct, std::default_delete<std::__thread_struct>>, void ThreadPoolImpl<std::thread>::scheduleImpl<void>(std::function<void ()>, Priority, std::optional<unsigned long>, bool)::'lambda0'()>>(void*) @ 0x000000000c706104 in /usr/bin/clickhouse
12. ? @ 0x00007d5a69da9609 in ?
13. ? @ 0x00007d5a69cce353 in ?
 (version 23.8.16.16 (official build))
2026.03.18 20:30:41.397185 [ 284 ] {} <Error> DDLWorker: ZooKeeper error: Code: 999. Coordination::Exception: Unknown key host in config file. (KEEPER_EXCEPTION), Stack trace (when copying this message, always include the lines below):

0. DB::Exception::Exception(DB::Exception::MessageMasked&&, int, bool) @ 0x000000000c6251d7 in /usr/bin/clickhouse
1. DB::Exception::Exception<String const&>(int, FormatStringHelperImpl<std::type_identity<String const&>::type>, String const&) @ 0x00000000074ae38d in /usr/bin/clickhouse
2. Coordination::Exception::Exception<String const&>(Coordination::Error, FormatStringHelperImpl<std::type_identity<String const&>::type>, String const&) @ 0x000000001276578a in /usr/bin/clickhouse
3. zkutil::ZooKeeperArgs::initFromKeeperSection(Poco::Util::AbstractConfiguration const&, String const&) @ 0x0000000013813c10 in /usr/bin/clickhouse
4. zkutil::ZooKeeperArgs::ZooKeeperArgs(Poco::Util::AbstractConfiguration const&, String const&) @ 0x000000001380f986 in /usr/bin/clickhouse
5. zkutil::ZooKeeper::ZooKeeper(Poco::Util::AbstractConfiguration const&, String const&, std::shared_ptr<DB::ZooKeeperLog>) @ 0x00000000137e48cc in /usr/bin/clickhouse
6. DB::Context::getZooKeeper() const @ 0x000000001164aa4a in /usr/bin/clickhouse
7. DB::DDLWorker::getAndSetZooKeeper() @ 0x00000000116cc32d in /usr/bin/clickhouse
8. DB::DDLWorker::initializeMainThread() @ 0x00000000116dca3b in /usr/bin/clickhouse
9. DB::DDLWorker::runMainThread() @ 0x00000000116c73c0 in /usr/bin/clickhouse
10. void std::__function::__policy_invoker<void ()>::__call_impl<std::__function::__default_alloc_func<ThreadFromGlobalPoolImpl<true>::ThreadFromGlobalPoolImpl<void (DB::DDLWorker::*)(), DB::DDLWorker*>(void (DB::DDLWorker::*&&)(), DB::DDLWorker*&&)::'lambda'(), void ()>>(std::__function::__policy_storage const*) @ 0x00000000116ddb4c in /usr/bin/clickhouse
11. void* std::__thread_proxy[abi:v15000]<std::tuple<std::unique_ptr<std::__thread_struct, std::default_delete<std::__thread_struct>>, void ThreadPoolImpl<std::thread>::scheduleImpl<void>(std::function<void ()>, Priority, std::optional<unsigned long>, bool)::'lambda0'()>>(void*) @ 0x000000000c706104 in /usr/bin/clickhouse
12. ? @ 0x00007d5a69da9609 in ?
13. ? @ 0x00007d5a69cce353 in ?
 (version 23.8.16.16 (official build)). Failed to start DDLWorker.
2026.03.18 20:30:41.397276 [ 284 ] {} <Error> virtual bool DB::DDLWorker::initializeMainThread(): Code: 999. Coordination::Exception: Unknown key host in config file. (KEEPER_EXCEPTION), Stack trace (when copying this message, always include the lines below):

0. DB::Exception::Exception(DB::Exception::MessageMasked&&, int, bool) @ 0x000000000c6251d7 in /usr/bin/clickhouse
1. DB::Exception::Exception<String const&>(int, FormatStringHelperImpl<std::type_identity<String const&>::type>, String const&) @ 0x00000000074ae38d in /usr/bin/clickhouse
2. Coordination::Exception::Exception<String const&>(Coordination::Error, FormatStringHelperImpl<std::type_identity<String const&>::type>, String const&) @ 0x000000001276578a in /usr/bin/clickhouse
3. zkutil::ZooKeeperArgs::initFromKeeperSection(Poco::Util::AbstractConfiguration const&, String const&) @ 0x0000000013813c10 in /usr/bin/clickhouse
4. zkutil::ZooKeeperArgs::ZooKeeperArgs(Poco::Util::AbstractConfiguration const&, String const&) @ 0x000000001380f986 in /usr/bin/clickhouse
5. zkutil::ZooKeeper::ZooKeeper(Poco::Util::AbstractConfiguration const&, String const&, std::shared_ptr<DB::ZooKeeperLog>) @ 0x00000000137e48cc in /usr/bin/clickhouse
6. DB::Context::getZooKeeper() const @ 0x000000001164aa4a in /usr/bin/clickhouse
7. DB::DDLWorker::getAndSetZooKeeper() @ 0x00000000116cc32d in /usr/bin/clickhouse
8. DB::DDLWorker::initializeMainThread() @ 0x00000000116dca3b in /usr/bin/clickhouse
9. DB::DDLWorker::runMainThread() @ 0x00000000116c73c0 in /usr/bin/clickhouse
10. void std::__function::__policy_invoker<void ()>::__call_impl<std::__function::__default_alloc_func<ThreadFromGlobalPoolImpl<true>::ThreadFromGlobalPoolImpl<void (DB::DDLWorker::*)(), DB::DDLWorker*>(void (DB::DDLWorker::*&&)(), DB::DDLWorker*&&)::'lambda'(), void ()>>(std::__function::__policy_storage const*) @ 0x00000000116ddb4c in /usr/bin/clickhouse
11. void* std::__thread_proxy[abi:v15000]<std::tuple<std::unique_ptr<std::__thread_struct, std::default_delete<std::__thread_struct>>, void ThreadPoolImpl<std::thread>::scheduleImpl<void>(std::function<void ()>, Priority, std::optional<unsigned long>, bool)::'lambda0'()>>(void*) @ 0x000000000c706104 in /usr/bin/clickhouse
12. ? @ 0x00007d5a69da9609 in ?
13. ? @ 0x00007d5a69cce353 in ?
 (version 23.8.16.16 (official build))
2026.03.18 20:30:46.397780 [ 284 ] {} <Error> DDLWorker: ZooKeeper error: Code: 999. Coordination::Exception: Unknown key host in config file. (KEEPER_EXCEPTION), Stack trace (when copying this message, always include the lines below):

0. DB::Exception::Exception(DB::Exception::MessageMasked&&, int, bool) @ 0x000000000c6251d7 in /usr/bin/clickhouse
1. DB::Exception::Exception<String const&>(int, FormatStringHelperImpl<std::type_identity<String const&>::type>, String const&) @ 0x00000000074ae38d in /usr/bin/clickhouse
2. Coordination::Exception::Exception<String const&>(Coordination::Error, FormatStringHelperImpl<std::type_identity<String const&>::type>, String const&) @ 0x000000001276578a in /usr/bin/clickhouse
3. zkutil::ZooKeeperArgs::initFromKeeperSection(Poco::Util::AbstractConfiguration const&, String const&) @ 0x0000000013813c10 in /usr/bin/clickhouse
4. zkutil::ZooKeeperArgs::ZooKeeperArgs(Poco::Util::AbstractConfiguration const&, String const&) @ 0x000000001380f986 in /usr/bin/clickhouse
5. zkutil::ZooKeeper::ZooKeeper(Poco::Util::AbstractConfiguration const&, String const&, std::shared_ptr<DB::ZooKeeperLog>) @ 0x00000000137e48cc in /usr/bin/clickhouse
6. DB::Context::getZooKeeper() const @ 0x000000001164aa4a in /usr/bin/clickhouse
7. DB::DDLWorker::getAndSetZooKeeper() @ 0x00000000116cc32d in /usr/bin/clickhouse
8. DB::DDLWorker::initializeMainThread() @ 0x00000000116dca3b in /usr/bin/clickhouse
9. DB::DDLWorker::runMainThread() @ 0x00000000116c73c0 in /usr/bin/clickhouse
10. void std::__function::__policy_invoker<void ()>::__call_impl<std::__function::__default_alloc_func<ThreadFromGlobalPoolImpl<true>::ThreadFromGlobalPoolImpl<void (DB::DDLWorker::*)(), DB::DDLWorker*>(void (DB::DDLWorker::*&&)(), DB::DDLWorker*&&)::'lambda'(), void ()>>(std::__function::__policy_storage const*) @ 0x00000000116ddb4c in /usr/bin/clickhouse
11. void* std::__thread_proxy[abi:v15000]<std::tuple<std::unique_ptr<std::__thread_struct, std::default_delete<std::__thread_struct>>, void ThreadPoolImpl<std::thread>::scheduleImpl<void>(std::function<void ()>, Priority, std::optional<unsigned long>, bool)::'lambda0'()>>(void*) @ 0x000000000c706104 in /usr/bin/clickhouse
12. ? @ 0x00007d5a69da9609 in ?
13. ? @ 0x00007d5a69cce353 in ?
 (version 23.8.16.16 (official build)). Failed to start DDLWorker.
2026.03.18 20:30:46.397842 [ 284 ] {} <Error> virtual bool DB::DDLWorker::initializeMainThread(): Code: 999. Coordination::Exception: Unknown key host in config file. (KEEPER_EXCEPTION), Stack trace (when copying this message, always include the lines below):

0. DB::Exception::Exception(DB::Exception::MessageMasked&&, int, bool) @ 0x000000000c6251d7 in /usr/bin/clickhouse
1. DB::Exception::Exception<String const&>(int, FormatStringHelperImpl<std::type_identity<String const&>::type>, String const&) @ 0x00000000074ae38d in /usr/bin/clickhouse
2. Coordination::Exception::Exception<String const&>(Coordination::Error, FormatStringHelperImpl<std::type_identity<String const&>::type>, String const&) @ 0x000000001276578a in /usr/bin/clickhouse
3. zkutil::ZooKeeperArgs::initFromKeeperSection(Poco::Util::AbstractConfiguration const&, String const&) @ 0x0000000013813c10 in /usr/bin/clickhouse
4. zkutil::ZooKeeperArgs::ZooKeeperArgs(Poco::Util::AbstractConfiguration const&, String const&) @ 0x000000001380f986 in /usr/bin/clickhouse
5. zkutil::ZooKeeper::ZooKeeper(Poco::Util::AbstractConfiguration const&, String const&, std::shared_ptr<DB::ZooKeeperLog>) @ 0x00000000137e48cc in /usr/bin/clickhouse
6. DB::Context::getZooKeeper() const @ 0x000000001164aa4a in /usr/bin/clickhouse
7. DB::DDLWorker::getAndSetZooKeeper() @ 0x00000000116cc32d in /usr/bin/clickhouse
8. DB::DDLWorker::initializeMainThread() @ 0x00000000116dca3b in /usr/bin/clickhouse
9. DB::DDLWorker::runMainThread() @ 0x00000000116c73c0 in /usr/bin/clickhouse
10. void std::__function::__policy_invoker<void ()>::__call_impl<std::__function::__default_alloc_func<ThreadFromGlobalPoolImpl<true>::ThreadFromGlobalPoolImpl<void (DB::DDLWorker::*)(), DB::DDLWorker*>(void (DB::DDLWorker::*&&)(), DB::DDLWorker*&&)::'lambda'(), void ()>>(std::__function::__policy_storage const*) @ 0x00000000116ddb4c in /usr/bin/clickhouse
11. void* std::__thread_proxy[abi:v15000]<std::tuple<std::unique_ptr<std::__thread_struct, std::default_delete<std::__thread_struct>>, void ThreadPoolImpl<std::thread>::scheduleImpl<void>(std::function<void ()>, Priority, std::optional<unsigned long>, bool)::'lambda0'()>>(void*) @ 0x000000000c706104 in /usr/bin/clickhouse
12. ? @ 0x00007d5a69da9609 in ?
13. ? @ 0x00007d5a69cce353 in ?
 (version 23.8.16.16 (official build))
2026.03.18 20:30:51.400498 [ 284 ] {} <Error> DDLWorker: ZooKeeper error: Code: 999. Coordination::Exception: Unknown key host in config file. (KEEPER_EXCEPTION), Stack trace (when copying this message, always include the lines below):

0. DB::Exception::Exception(DB::Exception::MessageMasked&&, int, bool) @ 0x000000000c6251d7 in /usr/bin/clickhouse
1. DB::Exception::Exception<String const&>(int, FormatStringHelperImpl<std::type_identity<String const&>::type>, String const&) @ 0x00000000074ae38d in /usr/bin/clickhouse
2. Coordination::Exception::Exception<String const&>(Coordination::Error, FormatStringHelperImpl<std::type_identity<String const&>::type>, String const&) @ 0x000000001276578a in /usr/bin/clickhouse
3. zkutil::ZooKeeperArgs::initFromKeeperSection(Poco::Util::AbstractConfiguration const&, String const&) @ 0x0000000013813c10 in /usr/bin/clickhouse
4. zkutil::ZooKeeperArgs::ZooKeeperArgs(Poco::Util::AbstractConfiguration const&, String const&) @ 0x000000001380f986 in /usr/bin/clickhouse
5. zkutil::ZooKeeper::ZooKeeper(Poco::Util::AbstractConfiguration const&, String const&, std::shared_ptr<DB::ZooKeeperLog>) @ 0x00000000137e48cc in /usr/bin/clickhouse
6. DB::Context::getZooKeeper() const @ 0x000000001164aa4a in /usr/bin/clickhouse
7. DB::DDLWorker::getAndSetZooKeeper() @ 0x00000000116cc32d in /usr/bin/clickhouse
8. DB::DDLWorker::initializeMainThread() @ 0x00000000116dca3b in /usr/bin/clickhouse
9. DB::DDLWorker::runMainThread() @ 0x00000000116c73c0 in /usr/bin/clickhouse
10. void std::__function::__policy_invoker<void ()>::__call_impl<std::__function::__default_alloc_func<ThreadFromGlobalPoolImpl<true>::ThreadFromGlobalPoolImpl<void (DB::DDLWorker::*)(), DB::DDLWorker*>(void (DB::DDLWorker::*&&)(), DB::DDLWorker*&&)::'lambda'(), void ()>>(std::__function::__policy_storage const*) @ 0x00000000116ddb4c in /usr/bin/clickhouse
11. void* std::__thread_proxy[abi:v15000]<std::tuple<std::unique_ptr<std::__thread_struct, std::default_delete<std::__thread_struct>>, void ThreadPoolImpl<std::thread>::scheduleImpl<void>(std::function<void ()>, Priority, std::optional<unsigned long>, bool)::'lambda0'()>>(void*) @ 0x000000000c706104 in /usr/bin/clickhouse
12. ? @ 0x00007d5a69da9609 in ?
13. ? @ 0x00007d5a69cce353 in ?
 (version 23.8.16.16 (official build)). Failed to start DDLWorker.
2026.03.18 20:30:51.400575 [ 284 ] {} <Error> virtual bool DB::DDLWorker::initializeMainThread(): Code: 999. Coordination::Exception: Unknown key host in config file. (KEEPER_EXCEPTION), Stack trace (when copying this message, always include the lines below):

0. DB::Exception::Exception(DB::Exception::MessageMasked&&, int, bool) @ 0x000000000c6251d7 in /usr/bin/clickhouse
1. DB::Exception::Exception<String const&>(int, FormatStringHelperImpl<std::type_identity<String const&>::type>, String const&) @ 0x00000000074ae38d in /usr/bin/clickhouse
2. Coordination::Exception::Exception<String const&>(Coordination::Error, FormatStringHelperImpl<std::type_identity<String const&>::type>, String const&) @ 0x000000001276578a in /usr/bin/clickhouse
3. zkutil::ZooKeeperArgs::initFromKeeperSection(Poco::Util::AbstractConfiguration const&, String const&) @ 0x0000000013813c10 in /usr/bin/clickhouse
4. zkutil::ZooKeeperArgs::ZooKeeperArgs(Poco::Util::AbstractConfiguration const&, String const&) @ 0x000000001380f986 in /usr/bin/clickhouse
5. zkutil::ZooKeeper::ZooKeeper(Poco::Util::AbstractConfiguration const&, String const&, std::shared_ptr<DB::ZooKeeperLog>) @ 0x00000000137e48cc in /usr/bin/clickhouse
6. DB::Context::getZooKeeper() const @ 0x000000001164aa4a in /usr/bin/clickhouse
7. DB::DDLWorker::getAndSetZooKeeper() @ 0x00000000116cc32d in /usr/bin/clickhouse
8. DB::DDLWorker::initializeMainThread() @ 0x00000000116dca3b in /usr/bin/clickhouse
9. DB::DDLWorker::runMainThread() @ 0x00000000116c73c0 in /usr/bin/clickhouse
10. void std::__function::__policy_invoker<void ()>::__call_impl<std::__function::__default_alloc_func<ThreadFromGlobalPoolImpl<true>::ThreadFromGlobalPoolImpl<void (DB::DDLWorker::*)(), DB::DDLWorker*>(void (DB::DDLWorker::*&&)(), DB::DDLWorker*&&)::'lambda'(), void ()>>(std::__function::__policy_storage const*) @ 0x00000000116ddb4c in /usr/bin/clickhouse
11. void* std::__thread_proxy[abi:v15000]<std::tuple<std::unique_ptr<std::__thread_struct, std::default_delete<std::__thread_struct>>, void ThreadPoolImpl<std::thread>::scheduleImpl<void>(std::function<void ()>, Priority, std::optional<unsigned long>, bool)::'lambda0'()>>(void*) @ 0x000000000c706104 in /usr/bin/clickhouse
12. ? @ 0x00007d5a69da9609 in ?
13. ? @ 0x00007d5a69cce353 in ?
 (version 23.8.16.16 (official build))
2026.03.18 20:30:56.401254 [ 284 ] {} <Error> DDLWorker: ZooKeeper error: Code: 999. Coordination::Exception: Unknown key host in config file. (KEEPER_EXCEPTION), Stack trace (when copying this message, always include the lines below):

0. DB::Exception::Exception(DB::Exception::MessageMasked&&, int, bool) @ 0x000000000c6251d7 in /usr/bin/clickhouse
1. DB::Exception::Exception<String const&>(int, FormatStringHelperImpl<std::type_identity<String const&>::type>, String const&) @ 0x00000000074ae38d in /usr/bin/clickhouse
2. Coordination::Exception::Exception<String const&>(Coordination::Error, FormatStringHelperImpl<std::type_identity<String const&>::type>, String const&) @ 0x000000001276578a in /usr/bin/clickhouse
3. zkutil::ZooKeeperArgs::initFromKeeperSection(Poco::Util::AbstractConfiguration const&, String const&) @ 0x0000000013813c10 in /usr/bin/clickhouse
4. zkutil::ZooKeeperArgs::ZooKeeperArgs(Poco::Util::AbstractConfiguration const&, String const&) @ 0x000000001380f986 in /usr/bin/clickhouse
5. zkutil::ZooKeeper::ZooKeeper(Poco::Util::AbstractConfiguration const&, String const&, std::shared_ptr<DB::ZooKeeperLog>) @ 0x00000000137e48cc in /usr/bin/clickhouse
6. DB::Context::getZooKeeper() const @ 0x000000001164aa4a in /usr/bin/clickhouse
7. DB::DDLWorker::getAndSetZooKeeper() @ 0x00000000116cc32d in /usr/bin/clickhouse
8. DB::DDLWorker::initializeMainThread() @ 0x00000000116dca3b in /usr/bin/clickhouse
9. DB::DDLWorker::runMainThread() @ 0x00000000116c73c0 in /usr/bin/clickhouse
10. void std::__function::__policy_invoker<void ()>::__call_impl<std::__function::__default_alloc_func<ThreadFromGlobalPoolImpl<true>::ThreadFromGlobalPoolImpl<void (DB::DDLWorker::*)(), DB::DDLWorker*>(void (DB::DDLWorker::*&&)(), DB::DDLWorker*&&)::'lambda'(), void ()>>(std::__function::__policy_storage const*) @ 0x00000000116ddb4c in /usr/bin/clickhouse
11. void* std::__thread_proxy[abi:v15000]<std::tuple<std::unique_ptr<std::__thread_struct, std::default_delete<std::__thread_struct>>, void ThreadPoolImpl<std::thread>::scheduleImpl<void>(std::function<void ()>, Priority, std::optional<unsigned long>, bool)::'lambda0'()>>(void*) @ 0x000000000c706104 in /usr/bin/clickhouse
12. ? @ 0x00007d5a69da9609 in ?
13. ? @ 0x00007d5a69cce353 in ?
 (version 23.8.16.16 (official build)). Failed to start DDLWorker.
2026.03.18 20:30:56.401338 [ 284 ] {} <Error> virtual bool DB::DDLWorker::initializeMainThread(): Code: 999. Coordination::Exception: Unknown key host in config file. (KEEPER_EXCEPTION), Stack trace (when copying this message, always include the lines below):

0. DB::Exception::Exception(DB::Exception::MessageMasked&&, int, bool) @ 0x000000000c6251d7 in /usr/bin/clickhouse
1. DB::Exception::Exception<String const&>(int, FormatStringHelperImpl<std::type_identity<String const&>::type>, String const&) @ 0x00000000074ae38d in /usr/bin/clickhouse
2. Coordination::Exception::Exception<String const&>(Coordination::Error, FormatStringHelperImpl<std::type_identity<String const&>::type>, String const&) @ 0x000000001276578a in /usr/bin/clickhouse
3. zkutil::ZooKeeperArgs::initFromKeeperSection(Poco::Util::AbstractConfiguration const&, String const&) @ 0x0000000013813c10 in /usr/bin/clickhouse
4. zkutil::ZooKeeperArgs::ZooKeeperArgs(Poco::Util::AbstractConfiguration const&, String const&) @ 0x000000001380f986 in /usr/bin/clickhouse
5. zkutil::ZooKeeper::ZooKeeper(Poco::Util::AbstractConfiguration const&, String const&, std::shared_ptr<DB::ZooKeeperLog>) @ 0x00000000137e48cc in /usr/bin/clickhouse
6. DB::Context::getZooKeeper() const @ 0x000000001164aa4a in /usr/bin/clickhouse
7. DB::DDLWorker::getAndSetZooKeeper() @ 0x00000000116cc32d in /usr/bin/clickhouse
8. DB::DDLWorker::initializeMainThread() @ 0x00000000116dca3b in /usr/bin/clickhouse
9. DB::DDLWorker::runMainThread() @ 0x00000000116c73c0 in /usr/bin/clickhouse
10. void std::__function::__policy_invoker<void ()>::__call_impl<std::__function::__default_alloc_func<ThreadFromGlobalPoolImpl<true>::ThreadFromGlobalPoolImpl<void (DB::DDLWorker::*)(), DB::DDLWorker*>(void (DB::DDLWorker::*&&)(), DB::DDLWorker*&&)::'lambda'(), void ()>>(std::__function::__policy_storage const*) @ 0x00000000116ddb4c in /usr/bin/clickhouse
11. void* std::__thread_proxy[abi:v15000]<std::tuple<std::unique_ptr<std::__thread_struct, std::default_delete<std::__thread_struct>>, void ThreadPoolImpl<std::thread>::scheduleImpl<void>(std::function<void ()>, Priority, std::optional<unsigned long>, bool)::'lambda0'()>>(void*) @ 0x000000000c706104 in /usr/bin/clickhouse
12. ? @ 0x00007d5a69da9609 in ?
13. ? @ 0x00007d5a69cce353 in ?
 (version 23.8.16.16 (official build))
2026.03.18 20:31:01.401969 [ 284 ] {} <Error> DDLWorker: ZooKeeper error: Code: 999. Coordination::Exception: Unknown key host in config file. (KEEPER_EXCEPTION), Stack trace (when copying this message, always include the lines below):

0. DB::Exception::Exception(DB::Exception::MessageMasked&&, int, bool) @ 0x000000000c6251d7 in /usr/bin/clickhouse
1. DB::Exception::Exception<String const&>(int, FormatStringHelperImpl<std::type_identity<String const&>::type>, String const&) @ 0x00000000074ae38d in /usr/bin/clickhouse
2. Coordination::Exception::Exception<String const&>(Coordination::Error, FormatStringHelperImpl<std::type_identity<String const&>::type>, String const&) @ 0x000000001276578a in /usr/bin/clickhouse
3. zkutil::ZooKeeperArgs::initFromKeeperSection(Poco::Util::AbstractConfiguration const&, String const&) @ 0x0000000013813c10 in /usr/bin/clickhouse
4. zkutil::ZooKeeperArgs::ZooKeeperArgs(Poco::Util::AbstractConfiguration const&, String const&) @ 0x000000001380f986 in /usr/bin/clickhouse
5. zkutil::ZooKeeper::ZooKeeper(Poco::Util::AbstractConfiguration const&, String const&, std::shared_ptr<DB::ZooKeeperLog>) @ 0x00000000137e48cc in /usr/bin/clickhouse
6. DB::Context::getZooKeeper() const @ 0x000000001164aa4a in /usr/bin/clickhouse
7. DB::DDLWorker::getAndSetZooKeeper() @ 0x00000000116cc32d in /usr/bin/clickhouse
8. DB::DDLWorker::initializeMainThread() @ 0x00000000116dca3b in /usr/bin/clickhouse
9. DB::DDLWorker::runMainThread() @ 0x00000000116c73c0 in /usr/bin/clickhouse
10. void std::__function::__policy_invoker<void ()>::__call_impl<std::__function::__default_alloc_func<ThreadFromGlobalPoolImpl<true>::ThreadFromGlobalPoolImpl<void (DB::DDLWorker::*)(), DB::DDLWorker*>(void (DB::DDLWorker::*&&)(), DB::DDLWorker*&&)::'lambda'(), void ()>>(std::__function::__policy_storage const*) @ 0x00000000116ddb4c in /usr/bin/clickhouse
11. void* std::__thread_proxy[abi:v15000]<std::tuple<std::unique_ptr<std::__thread_struct, std::default_delete<std::__thread_struct>>, void ThreadPoolImpl<std::thread>::scheduleImpl<void>(std::function<void ()>, Priority, std::optional<unsigned long>, bool)::'lambda0'()>>(void*) @ 0x000000000c706104 in /usr/bin/clickhouse
12. ? @ 0x00007d5a69da9609 in ?
13. ? @ 0x00007d5a69cce353 in ?
 (version 23.8.16.16 (official build)). Failed to start DDLWorker.
2026.03.18 20:31:01.402040 [ 284 ] {} <Error> virtual bool DB::DDLWorker::initializeMainThread(): Code: 999. Coordination::Exception: Unknown key host in config file. (KEEPER_EXCEPTION), Stack trace (when copying this message, always include the lines below):

0. DB::Exception::Exception(DB::Exception::MessageMasked&&, int, bool) @ 0x000000000c6251d7 in /usr/bin/clickhouse
1. DB::Exception::Exception<String const&>(int, FormatStringHelperImpl<std::type_identity<String const&>::type>, String const&) @ 0x00000000074ae38d in /usr/bin/clickhouse
2. Coordination::Exception::Exception<String const&>(Coordination::Error, FormatStringHelperImpl<std::type_identity<String const&>::type>, String const&) @ 0x000000001276578a in /usr/bin/clickhouse
3. zkutil::ZooKeeperArgs::initFromKeeperSection(Poco::Util::AbstractConfiguration const&, String const&) @ 0x0000000013813c10 in /usr/bin/clickhouse
4. zkutil::ZooKeeperArgs::ZooKeeperArgs(Poco::Util::AbstractConfiguration const&, String const&) @ 0x000000001380f986 in /usr/bin/clickhouse
5. zkutil::ZooKeeper::ZooKeeper(Poco::Util::AbstractConfiguration const&, String const&, std::shared_ptr<DB::ZooKeeperLog>) @ 0x00000000137e48cc in /usr/bin/clickhouse
6. DB::Context::getZooKeeper() const @ 0x000000001164aa4a in /usr/bin/clickhouse
7. DB::DDLWorker::getAndSetZooKeeper() @ 0x00000000116cc32d in /usr/bin/clickhouse
8. DB::DDLWorker::initializeMainThread() @ 0x00000000116dca3b in /usr/bin/clickhouse
9. DB::DDLWorker::runMainThread() @ 0x00000000116c73c0 in /usr/bin/clickhouse
10. void std::__function::__policy_invoker<void ()>::__call_impl<std::__function::__default_alloc_func<ThreadFromGlobalPoolImpl<true>::ThreadFromGlobalPoolImpl<void (DB::DDLWorker::*)(), DB::DDLWorker*>(void (DB::DDLWorker::*&&)(), DB::DDLWorker*&&)::'lambda'(), void ()>>(std::__function::__policy_storage const*) @ 0x00000000116ddb4c in /usr/bin/clickhouse
11. void* std::__thread_proxy[abi:v15000]<std::tuple<std::unique_ptr<std::__thread_struct, std::default_delete<std::__thread_struct>>, void ThreadPoolImpl<std::thread>::scheduleImpl<void>(std::function<void ()>, Priority, std::optional<unsigned long>, bool)::'lambda0'()>>(void*) @ 0x000000000c706104 in /usr/bin/clickhouse
12. ? @ 0x00007d5a69da9609 in ?
13. ? @ 0x00007d5a69cce353 in ?
 (version 23.8.16.16 (official build))
2026.03.18 20:31:06.403338 [ 284 ] {} <Error> DDLWorker: ZooKeeper error: Code: 999. Coordination::Exception: Unknown key host in config file. (KEEPER_EXCEPTION), Stack trace (when copying this message, always include the lines below):

0. DB::Exception::Exception(DB::Exception::MessageMasked&&, int, bool) @ 0x000000000c6251d7 in /usr/bin/clickhouse
1. DB::Exception::Exception<String const&>(int, FormatStringHelperImpl<std::type_identity<String const&>::type>, String const&) @ 0x00000000074ae38d in /usr/bin/clickhouse
2. Coordination::Exception::Exception<String const&>(Coordination::Error, FormatStringHelperImpl<std::type_identity<String const&>::type>, String const&) @ 0x000000001276578a in /usr/bin/clickhouse
3. zkutil::ZooKeeperArgs::initFromKeeperSection(Poco::Util::AbstractConfiguration const&, String const&) @ 0x0000000013813c10 in /usr/bin/clickhouse
4. zkutil::ZooKeeperArgs::ZooKeeperArgs(Poco::Util::AbstractConfiguration const&, String const&) @ 0x000000001380f986 in /usr/bin/clickhouse
5. zkutil::ZooKeeper::ZooKeeper(Poco::Util::AbstractConfiguration const&, String const&, std::shared_ptr<DB::ZooKeeperLog>) @ 0x00000000137e48cc in /usr/bin/clickhouse
6. DB::Context::getZooKeeper() const @ 0x000000001164aa4a in /usr/bin/clickhouse
7. DB::DDLWorker::getAndSetZooKeeper() @ 0x00000000116cc32d in /usr/bin/clickhouse
8. DB::DDLWorker::initializeMainThread() @ 0x00000000116dca3b in /usr/bin/clickhouse
9. DB::DDLWorker::runMainThread() @ 0x00000000116c73c0 in /usr/bin/clickhouse
10. void std::__function::__policy_invoker<void ()>::__call_impl<std::__function::__default_alloc_func<ThreadFromGlobalPoolImpl<true>::ThreadFromGlobalPoolImpl<void (DB::DDLWorker::*)(), DB::DDLWorker*>(void (DB::DDLWorker::*&&)(), DB::DDLWorker*&&)::'lambda'(), void ()>>(std::__function::__policy_storage const*) @ 0x00000000116ddb4c in /usr/bin/clickhouse
11. void* std::__thread_proxy[abi:v15000]<std::tuple<std::unique_ptr<std::__thread_struct, std::default_delete<std::__thread_struct>>, void ThreadPoolImpl<std::thread>::scheduleImpl<void>(std::function<void ()>, Priority, std::optional<unsigned long>, bool)::'lambda0'()>>(void*) @ 0x000000000c706104 in /usr/bin/clickhouse
12. ? @ 0x00007d5a69da9609 in ?
13. ? @ 0x00007d5a69cce353 in ?
 (version 23.8.16.16 (official build)). Failed to start DDLWorker.
2026.03.18 20:31:06.403437 [ 284 ] {} <Error> virtual bool DB::DDLWorker::initializeMainThread(): Code: 999. Coordination::Exception: Unknown key host in config file. (KEEPER_EXCEPTION), Stack trace (when copying this message, always include the lines below):

0. DB::Exception::Exception(DB::Exception::MessageMasked&&, int, bool) @ 0x000000000c6251d7 in /usr/bin/clickhouse
1. DB::Exception::Exception<String const&>(int, FormatStringHelperImpl<std::type_identity<String const&>::type>, String const&) @ 0x00000000074ae38d in /usr/bin/clickhouse
2. Coordination::Exception::Exception<String const&>(Coordination::Error, FormatStringHelperImpl<std::type_identity<String const&>::type>, String const&) @ 0x000000001276578a in /usr/bin/clickhouse
3. zkutil::ZooKeeperArgs::initFromKeeperSection(Poco::Util::AbstractConfiguration const&, String const&) @ 0x0000000013813c10 in /usr/bin/clickhouse
4. zkutil::ZooKeeperArgs::ZooKeeperArgs(Poco::Util::AbstractConfiguration const&, String const&) @ 0x000000001380f986 in /usr/bin/clickhouse
5. zkutil::ZooKeeper::ZooKeeper(Poco::Util::AbstractConfiguration const&, String const&, std::shared_ptr<DB::ZooKeeperLog>) @ 0x00000000137e48cc in /usr/bin/clickhouse
6. DB::Context::getZooKeeper() const @ 0x000000001164aa4a in /usr/bin/clickhouse
7. DB::DDLWorker::getAndSetZooKeeper() @ 0x00000000116cc32d in /usr/bin/clickhouse
8. DB::DDLWorker::initializeMainThread() @ 0x00000000116dca3b in /usr/bin/clickhouse
9. DB::DDLWorker::runMainThread() @ 0x00000000116c73c0 in /usr/bin/clickhouse
10. void std::__function::__policy_invoker<void ()>::__call_impl<std::__function::__default_alloc_func<ThreadFromGlobalPoolImpl<true>::ThreadFromGlobalPoolImpl<void (DB::DDLWorker::*)(), DB::DDLWorker*>(void (DB::DDLWorker::*&&)(), DB::DDLWorker*&&)::'lambda'(), void ()>>(std::__function::__policy_storage const*) @ 0x00000000116ddb4c in /usr/bin/clickhouse
11. void* std::__thread_proxy[abi:v15000]<std::tuple<std::unique_ptr<std::__thread_struct, std::default_delete<std::__thread_struct>>, void ThreadPoolImpl<std::thread>::scheduleImpl<void>(std::function<void ()>, Priority, std::optional<unsigned long>, bool)::'lambda0'()>>(void*) @ 0x000000000c706104 in /usr/bin/clickhouse
12. ? @ 0x00007d5a69da9609 in ?
13. ? @ 0x00007d5a69cce353 in ?
 (version 23.8.16.16 (official build))
2026.03.18 20:31:11.405320 [ 284 ] {} <Error> DDLWorker: ZooKeeper error: Code: 999. Coordination::Exception: Unknown key host in config file. (KEEPER_EXCEPTION), Stack trace (when copying this message, always include the lines below):

0. DB::Exception::Exception(DB::Exception::MessageMasked&&, int, bool) @ 0x000000000c6251d7 in /usr/bin/clickhouse
1. DB::Exception::Exception<String const&>(int, FormatStringHelperImpl<std::type_identity<String const&>::type>, String const&) @ 0x00000000074ae38d in /usr/bin/clickhouse
2. Coordination::Exception::Exception<String const&>(Coordination::Error, FormatStringHelperImpl<std::type_identity<String const&>::type>, String const&) @ 0x000000001276578a in /usr/bin/clickhouse
3. zkutil::ZooKeeperArgs::initFromKeeperSection(Poco::Util::AbstractConfiguration const&, String const&) @ 0x0000000013813c10 in /usr/bin/clickhouse
4. zkutil::ZooKeeperArgs::ZooKeeperArgs(Poco::Util::AbstractConfiguration const&, String const&) @ 0x000000001380f986 in /usr/bin/clickhouse
5. zkutil::ZooKeeper::ZooKeeper(Poco::Util::AbstractConfiguration const&, String const&, std::shared_ptr<DB::ZooKeeperLog>) @ 0x00000000137e48cc in /usr/bin/clickhouse
6. DB::Context::getZooKeeper() const @ 0x000000001164aa4a in /usr/bin/clickhouse
7. DB::DDLWorker::getAndSetZooKeeper() @ 0x00000000116cc32d in /usr/bin/clickhouse
8. DB::DDLWorker::initializeMainThread() @ 0x00000000116dca3b in /usr/bin/clickhouse
9. DB::DDLWorker::runMainThread() @ 0x00000000116c73c0 in /usr/bin/clickhouse
10. void std::__function::__policy_invoker<void ()>::__call_impl<std::__function::__default_alloc_func<ThreadFromGlobalPoolImpl<true>::ThreadFromGlobalPoolImpl<void (DB::DDLWorker::*)(), DB::DDLWorker*>(void (DB::DDLWorker::*&&)(), DB::DDLWorker*&&)::'lambda'(), void ()>>(std::__function::__policy_storage const*) @ 0x00000000116ddb4c in /usr/bin/clickhouse
11. void* std::__thread_proxy[abi:v15000]<std::tuple<std::unique_ptr<std::__thread_struct, std::default_delete<std::__thread_struct>>, void ThreadPoolImpl<std::thread>::scheduleImpl<void>(std::function<void ()>, Priority, std::optional<unsigned long>, bool)::'lambda0'()>>(void*) @ 0x000000000c706104 in /usr/bin/clickhouse
12. ? @ 0x00007d5a69da9609 in ?
13. ? @ 0x00007d5a69cce353 in ?
 (version 23.8.16.16 (official build)). Failed to start DDLWorker.
2026.03.18 20:31:11.405389 [ 284 ] {} <Error> virtual bool DB::DDLWorker::initializeMainThread(): Code: 999. Coordination::Exception: Unknown key host in config file. (KEEPER_EXCEPTION), Stack trace (when copying this message, always include the lines below):

0. DB::Exception::Exception(DB::Exception::MessageMasked&&, int, bool) @ 0x000000000c6251d7 in /usr/bin/clickhouse
1. DB::Exception::Exception<String const&>(int, FormatStringHelperImpl<std::type_identity<String const&>::type>, String const&) @ 0x00000000074ae38d in /usr/bin/clickhouse
2. Coordination::Exception::Exception<String const&>(Coordination::Error, FormatStringHelperImpl<std::type_identity<String const&>::type>, String const&) @ 0x000000001276578a in /usr/bin/clickhouse
3. zkutil::ZooKeeperArgs::initFromKeeperSection(Poco::Util::AbstractConfiguration const&, String const&) @ 0x0000000013813c10 in /usr/bin/clickhouse
4. zkutil::ZooKeeperArgs::ZooKeeperArgs(Poco::Util::AbstractConfiguration const&, String const&) @ 0x000000001380f986 in /usr/bin/clickhouse
5. zkutil::ZooKeeper::ZooKeeper(Poco::Util::AbstractConfiguration const&, String const&, std::shared_ptr<DB::ZooKeeperLog>) @ 0x00000000137e48cc in /usr/bin/clickhouse
6. DB::Context::getZooKeeper() const @ 0x000000001164aa4a in /usr/bin/clickhouse
7. DB::DDLWorker::getAndSetZooKeeper() @ 0x00000000116cc32d in /usr/bin/clickhouse
8. DB::DDLWorker::initializeMainThread() @ 0x00000000116dca3b in /usr/bin/clickhouse
9. DB::DDLWorker::runMainThread() @ 0x00000000116c73c0 in /usr/bin/clickhouse
10. void std::__function::__policy_invoker<void ()>::__call_impl<std::__function::__default_alloc_func<ThreadFromGlobalPoolImpl<true>::ThreadFromGlobalPoolImpl<void (DB::DDLWorker::*)(), DB::DDLWorker*>(void (DB::DDLWorker::*&&)(), DB::DDLWorker*&&)::'lambda'(), void ()>>(std::__function::__policy_storage const*) @ 0x00000000116ddb4c in /usr/bin/clickhouse
11. void* std::__thread_proxy[abi:v15000]<std::tuple<std::unique_ptr<std::__thread_struct, std::default_delete<std::__thread_struct>>, void ThreadPoolImpl<std::thread>::scheduleImpl<void>(std::function<void ()>, Priority, std::optional<unsigned long>, bool)::'lambda0'()>>(void*) @ 0x000000000c706104 in /usr/bin/clickhouse
12. ? @ 0x00007d5a69da9609 in ?
13. ? @ 0x00007d5a69cce353 in ?
 (version 23.8.16.16 (official build))
2026.03.18 20:31:16.406317 [ 284 ] {} <Error> DDLWorker: ZooKeeper error: Code: 999. Coordination::Exception: Unknown key host in config file. (KEEPER_EXCEPTION), Stack trace (when copying this message, always include the lines below):

0. DB::Exception::Exception(DB::Exception::MessageMasked&&, int, bool) @ 0x000000000c6251d7 in /usr/bin/clickhouse
1. DB::Exception::Exception<String const&>(int, FormatStringHelperImpl<std::type_identity<String const&>::type>, String const&) @ 0x00000000074ae38d in /usr/bin/clickhouse
2. Coordination::Exception::Exception<String const&>(Coordination::Error, FormatStringHelperImpl<std::type_identity<String const&>::type>, String const&) @ 0x000000001276578a in /usr/bin/clickhouse
3. zkutil::ZooKeeperArgs::initFromKeeperSection(Poco::Util::AbstractConfiguration const&, String const&) @ 0x0000000013813c10 in /usr/bin/clickhouse
4. zkutil::ZooKeeperArgs::ZooKeeperArgs(Poco::Util::AbstractConfiguration const&, String const&) @ 0x000000001380f986 in /usr/bin/clickhouse
5. zkutil::ZooKeeper::ZooKeeper(Poco::Util::AbstractConfiguration const&, String const&, std::shared_ptr<DB::ZooKeeperLog>) @ 0x00000000137e48cc in /usr/bin/clickhouse
6. DB::Context::getZooKeeper() const @ 0x000000001164aa4a in /usr/bin/clickhouse
7. DB::DDLWorker::getAndSetZooKeeper() @ 0x00000000116cc32d in /usr/bin/clickhouse
8. DB::DDLWorker::initializeMainThread() @ 0x00000000116dca3b in /usr/bin/clickhouse
9. DB::DDLWorker::runMainThread() @ 0x00000000116c73c0 in /usr/bin/clickhouse
10. void std::__function::__policy_invoker<void ()>::__call_impl<std::__function::__default_alloc_func<ThreadFromGlobalPoolImpl<true>::ThreadFromGlobalPoolImpl<void (DB::DDLWorker::*)(), DB::DDLWorker*>(void (DB::DDLWorker::*&&)(), DB::DDLWorker*&&)::'lambda'(), void ()>>(std::__function::__policy_storage const*) @ 0x00000000116ddb4c in /usr/bin/clickhouse
11. void* std::__thread_proxy[abi:v15000]<std::tuple<std::unique_ptr<std::__thread_struct, std::default_delete<std::__thread_struct>>, void ThreadPoolImpl<std::thread>::scheduleImpl<void>(std::function<void ()>, Priority, std::optional<unsigned long>, bool)::'lambda0'()>>(void*) @ 0x000000000c706104 in /usr/bin/clickhouse
12. ? @ 0x00007d5a69da9609 in ?
13. ? @ 0x00007d5a69cce353 in ?
 (version 23.8.16.16 (official build)). Failed to start DDLWorker.
2026.03.18 20:31:16.406447 [ 284 ] {} <Error> virtual bool DB::DDLWorker::initializeMainThread(): Code: 999. Coordination::Exception: Unknown key host in config file. (KEEPER_EXCEPTION), Stack trace (when copying this message, always include the lines below):

0. DB::Exception::Exception(DB::Exception::MessageMasked&&, int, bool) @ 0x000000000c6251d7 in /usr/bin/clickhouse
1. DB::Exception::Exception<String const&>(int, FormatStringHelperImpl<std::type_identity<String const&>::type>, String const&) @ 0x00000000074ae38d in /usr/bin/clickhouse
2. Coordination::Exception::Exception<String const&>(Coordination::Error, FormatStringHelperImpl<std::type_identity<String const&>::type>, String const&) @ 0x000000001276578a in /usr/bin/clickhouse
3. zkutil::ZooKeeperArgs::initFromKeeperSection(Poco::Util::AbstractConfiguration const&, String const&) @ 0x0000000013813c10 in /usr/bin/clickhouse
4. zkutil::ZooKeeperArgs::ZooKeeperArgs(Poco::Util::AbstractConfiguration const&, String const&) @ 0x000000001380f986 in /usr/bin/clickhouse
5. zkutil::ZooKeeper::ZooKeeper(Poco::Util::AbstractConfiguration const&, String const&, std::shared_ptr<DB::ZooKeeperLog>) @ 0x00000000137e48cc in /usr/bin/clickhouse
6. DB::Context::getZooKeeper() const @ 0x000000001164aa4a in /usr/bin/clickhouse
7. DB::DDLWorker::getAndSetZooKeeper() @ 0x00000000116cc32d in /usr/bin/clickhouse
8. DB::DDLWorker::initializeMainThread() @ 0x00000000116dca3b in /usr/bin/clickhouse
9. DB::DDLWorker::runMainThread() @ 0x00000000116c73c0 in /usr/bin/clickhouse
10. void std::__function::__policy_invoker<void ()>::__call_impl<std::__function::__default_alloc_func<ThreadFromGlobalPoolImpl<true>::ThreadFromGlobalPoolImpl<void (DB::DDLWorker::*)(), DB::DDLWorker*>(void (DB::DDLWorker::*&&)(), DB::DDLWorker*&&)::'lambda'(), void ()>>(std::__function::__policy_storage const*) @ 0x00000000116ddb4c in /usr/bin/clickhouse
11. void* std::__thread_proxy[abi:v15000]<std::tuple<std::unique_ptr<std::__thread_struct, std::default_delete<std::__thread_struct>>, void ThreadPoolImpl<std::thread>::scheduleImpl<void>(std::function<void ()>, Priority, std::optional<unsigned long>, bool)::'lambda0'()>>(void*) @ 0x000000000c706104 in /usr/bin/clickhouse
12. ? @ 0x00007d5a69da9609 in ?
13. ? @ 0x00007d5a69cce353 in ?
 (version 23.8.16.16 (official build))
2026.03.18 20:31:21.408020 [ 284 ] {} <Error> DDLWorker: ZooKeeper error: Code: 999. Coordination::Exception: Unknown key host in config file. (KEEPER_EXCEPTION), Stack trace (when copying this message, always include the lines below):

0. DB::Exception::Exception(DB::Exception::MessageMasked&&, int, bool) @ 0x000000000c6251d7 in /usr/bin/clickhouse
1. DB::Exception::Exception<String const&>(int, FormatStringHelperImpl<std::type_identity<String const&>::type>, String const&) @ 0x00000000074ae38d in /usr/bin/clickhouse
2. Coordination::Exception::Exception<String const&>(Coordination::Error, FormatStringHelperImpl<std::type_identity<String const&>::type>, String const&) @ 0x000000001276578a in /usr/bin/clickhouse
3. zkutil::ZooKeeperArgs::initFromKeeperSection(Poco::Util::AbstractConfiguration const&, String const&) @ 0x0000000013813c10 in /usr/bin/clickhouse
4. zkutil::ZooKeeperArgs::ZooKeeperArgs(Poco::Util::AbstractConfiguration const&, String const&) @ 0x000000001380f986 in /usr/bin/clickhouse
5. zkutil::ZooKeeper::ZooKeeper(Poco::Util::AbstractConfiguration const&, String const&, std::shared_ptr<DB::ZooKeeperLog>) @ 0x00000000137e48cc in /usr/bin/clickhouse
6. DB::Context::getZooKeeper() const @ 0x000000001164aa4a in /usr/bin/clickhouse
7. DB::DDLWorker::getAndSetZooKeeper() @ 0x00000000116cc32d in /usr/bin/clickhouse
8. DB::DDLWorker::initializeMainThread() @ 0x00000000116dca3b in /usr/bin/clickhouse
9. DB::DDLWorker::runMainThread() @ 0x00000000116c73c0 in /usr/bin/clickhouse
10. void std::__function::__policy_invoker<void ()>::__call_impl<std::__function::__default_alloc_func<ThreadFromGlobalPoolImpl<true>::ThreadFromGlobalPoolImpl<void (DB::DDLWorker::*)(), DB::DDLWorker*>(void (DB::DDLWorker::*&&)(), DB::DDLWorker*&&)::'lambda'(), void ()>>(std::__function::__policy_storage const*) @ 0x00000000116ddb4c in /usr/bin/clickhouse
11. void* std::__thread_proxy[abi:v15000]<std::tuple<std::unique_ptr<std::__thread_struct, std::default_delete<std::__thread_struct>>, void ThreadPoolImpl<std::thread>::scheduleImpl<void>(std::function<void ()>, Priority, std::optional<unsigned long>, bool)::'lambda0'()>>(void*) @ 0x000000000c706104 in /usr/bin/clickhouse
12. ? @ 0x00007d5a69da9609 in ?
13. ? @ 0x00007d5a69cce353 in ?
 (version 23.8.16.16 (official build)). Failed to start DDLWorker.
2026.03.18 20:31:21.408073 [ 284 ] {} <Error> virtual bool DB::DDLWorker::initializeMainThread(): Code: 999. Coordination::Exception: Unknown key host in config file. (KEEPER_EXCEPTION), Stack trace (when copying this message, always include the lines below):

0. DB::Exception::Exception(DB::Exception::MessageMasked&&, int, bool) @ 0x000000000c6251d7 in /usr/bin/clickhouse
1. DB::Exception::Exception<String const&>(int, FormatStringHelperImpl<std::type_identity<String const&>::type>, String const&) @ 0x00000000074ae38d in /usr/bin/clickhouse
2. Coordination::Exception::Exception<String const&>(Coordination::Error, FormatStringHelperImpl<std::type_identity<String const&>::type>, String const&) @ 0x000000001276578a in /usr/bin/clickhouse
3. zkutil::ZooKeeperArgs::initFromKeeperSection(Poco::Util::AbstractConfiguration const&, String const&) @ 0x0000000013813c10 in /usr/bin/clickhouse
4. zkutil::ZooKeeperArgs::ZooKeeperArgs(Poco::Util::AbstractConfiguration const&, String const&) @ 0x000000001380f986 in /usr/bin/clickhouse
5. zkutil::ZooKeeper::ZooKeeper(Poco::Util::AbstractConfiguration const&, String const&, std::shared_ptr<DB::ZooKeeperLog>) @ 0x00000000137e48cc in /usr/bin/clickhouse
6. DB::Context::getZooKeeper() const @ 0x000000001164aa4a in /usr/bin/clickhouse
7. DB::DDLWorker::getAndSetZooKeeper() @ 0x00000000116cc32d in /usr/bin/clickhouse
8. DB::DDLWorker::initializeMainThread() @ 0x00000000116dca3b in /usr/bin/clickhouse
9. DB::DDLWorker::runMainThread() @ 0x00000000116c73c0 in /usr/bin/clickhouse
10. void std::__function::__policy_invoker<void ()>::__call_impl<std::__function::__default_alloc_func<ThreadFromGlobalPoolImpl<true>::ThreadFromGlobalPoolImpl<void (DB::DDLWorker::*)(), DB::DDLWorker*>(void (DB::DDLWorker::*&&)(), DB::DDLWorker*&&)::'lambda'(), void ()>>(std::__function::__policy_storage const*) @ 0x00000000116ddb4c in /usr/bin/clickhouse
11. void* std::__thread_proxy[abi:v15000]<std::tuple<std::unique_ptr<std::__thread_struct, std::default_delete<std::__thread_struct>>, void ThreadPoolImpl<std::thread>::scheduleImpl<void>(std::function<void ()>, Priority, std::optional<unsigned long>, bool)::'lambda0'()>>(void*) @ 0x000000000c706104 in /usr/bin/clickhouse
12. ? @ 0x00007d5a69da9609 in ?
13. ? @ 0x00007d5a69cce353 in ?
 (version 23.8.16.16 (official build))
2026.03.18 20:31:26.408769 [ 284 ] {} <Error> DDLWorker: ZooKeeper error: Code: 999. Coordination::Exception: Unknown key host in config file. (KEEPER_EXCEPTION), Stack trace (when copying this message, always include the lines below):

0. DB::Exception::Exception(DB::Exception::MessageMasked&&, int, bool) @ 0x000000000c6251d7 in /usr/bin/clickhouse
1. DB::Exception::Exception<String const&>(int, FormatStringHelperImpl<std::type_identity<String const&>::type>, String const&) @ 0x00000000074ae38d in /usr/bin/clickhouse
2. Coordination::Exception::Exception<String const&>(Coordination::Error, FormatStringHelperImpl<std::type_identity<String const&>::type>, String const&) @ 0x000000001276578a in /usr/bin/clickhouse
3. zkutil::ZooKeeperArgs::initFromKeeperSection(Poco::Util::AbstractConfiguration const&, String const&) @ 0x0000000013813c10 in /usr/bin/clickhouse
4. zkutil::ZooKeeperArgs::ZooKeeperArgs(Poco::Util::AbstractConfiguration const&, String const&) @ 0x000000001380f986 in /usr/bin/clickhouse
5. zkutil::ZooKeeper::ZooKeeper(Poco::Util::AbstractConfiguration const&, String const&, std::shared_ptr<DB::ZooKeeperLog>) @ 0x00000000137e48cc in /usr/bin/clickhouse
6. DB::Context::getZooKeeper() const @ 0x000000001164aa4a in /usr/bin/clickhouse
7. DB::DDLWorker::getAndSetZooKeeper() @ 0x00000000116cc32d in /usr/bin/clickhouse
8. DB::DDLWorker::initializeMainThread() @ 0x00000000116dca3b in /usr/bin/clickhouse
9. DB::DDLWorker::runMainThread() @ 0x00000000116c73c0 in /usr/bin/clickhouse
10. void std::__function::__policy_invoker<void ()>::__call_impl<std::__function::__default_alloc_func<ThreadFromGlobalPoolImpl<true>::ThreadFromGlobalPoolImpl<void (DB::DDLWorker::*)(), DB::DDLWorker*>(void (DB::DDLWorker::*&&)(), DB::DDLWorker*&&)::'lambda'(), void ()>>(std::__function::__policy_storage const*) @ 0x00000000116ddb4c in /usr/bin/clickhouse
11. void* std::__thread_proxy[abi:v15000]<std::tuple<std::unique_ptr<std::__thread_struct, std::default_delete<std::__thread_struct>>, void ThreadPoolImpl<std::thread>::scheduleImpl<void>(std::function<void ()>, Priority, std::optional<unsigned long>, bool)::'lambda0'()>>(void*) @ 0x000000000c706104 in /usr/bin/clickhouse
12. ? @ 0x00007d5a69da9609 in ?
13. ? @ 0x00007d5a69cce353 in ?
 (version 23.8.16.16 (official build)). Failed to start DDLWorker.
2026.03.18 20:31:26.408842 [ 284 ] {} <Error> virtual bool DB::DDLWorker::initializeMainThread(): Code: 999. Coordination::Exception: Unknown key host in config file. (KEEPER_EXCEPTION), Stack trace (when copying this message, always include the lines below):

0. DB::Exception::Exception(DB::Exception::MessageMasked&&, int, bool) @ 0x000000000c6251d7 in /usr/bin/clickhouse
1. DB::Exception::Exception<String const&>(int, FormatStringHelperImpl<std::type_identity<String const&>::type>, String const&) @ 0x00000000074ae38d in /usr/bin/clickhouse
2. Coordination::Exception::Exception<String const&>(Coordination::Error, FormatStringHelperImpl<std::type_identity<String const&>::type>, String const&) @ 0x000000001276578a in /usr/bin/clickhouse
3. zkutil::ZooKeeperArgs::initFromKeeperSection(Poco::Util::AbstractConfiguration const&, String const&) @ 0x0000000013813c10 in /usr/bin/clickhouse
4. zkutil::ZooKeeperArgs::ZooKeeperArgs(Poco::Util::AbstractConfiguration const&, String const&) @ 0x000000001380f986 in /usr/bin/clickhouse
5. zkutil::ZooKeeper::ZooKeeper(Poco::Util::AbstractConfiguration const&, String const&, std::shared_ptr<DB::ZooKeeperLog>) @ 0x00000000137e48cc in /usr/bin/clickhouse
6. DB::Context::getZooKeeper() const @ 0x000000001164aa4a in /usr/bin/clickhouse
7. DB::DDLWorker::getAndSetZooKeeper() @ 0x00000000116cc32d in /usr/bin/clickhouse
8. DB::DDLWorker::initializeMainThread() @ 0x00000000116dca3b in /usr/bin/clickhouse
9. DB::DDLWorker::runMainThread() @ 0x00000000116c73c0 in /usr/bin/clickhouse
10. void std::__function::__policy_invoker<void ()>::__call_impl<std::__function::__default_alloc_func<ThreadFromGlobalPoolImpl<true>::ThreadFromGlobalPoolImpl<void (DB::DDLWorker::*)(), DB::DDLWorker*>(void (DB::DDLWorker::*&&)(), DB::DDLWorker*&&)::'lambda'(), void ()>>(std::__function::__policy_storage const*) @ 0x00000000116ddb4c in /usr/bin/clickhouse
11. void* std::__thread_proxy[abi:v15000]<std::tuple<std::unique_ptr<std::__thread_struct, std::default_delete<std::__thread_struct>>, void ThreadPoolImpl<std::thread>::scheduleImpl<void>(std::function<void ()>, Priority, std::optional<unsigned long>, bool)::'lambda0'()>>(void*) @ 0x000000000c706104 in /usr/bin/clickhouse
12. ? @ 0x00007d5a69da9609 in ?
13. ? @ 0x00007d5a69cce353 in ?
 (version 23.8.16.16 (official build))
2026.03.18 20:31:31.409322 [ 284 ] {} <Error> DDLWorker: ZooKeeper error: Code: 999. Coordination::Exception: Unknown key host in config file. (KEEPER_EXCEPTION), Stack trace (when copying this message, always include the lines below):

0. DB::Exception::Exception(DB::Exception::MessageMasked&&, int, bool) @ 0x000000000c6251d7 in /usr/bin/clickhouse
1. DB::Exception::Exception<String const&>(int, FormatStringHelperImpl<std::type_identity<String const&>::type>, String const&) @ 0x00000000074ae38d in /usr/bin/clickhouse
2. Coordination::Exception::Exception<String const&>(Coordination::Error, FormatStringHelperImpl<std::type_identity<String const&>::type>, String const&) @ 0x000000001276578a in /usr/bin/clickhouse
3. zkutil::ZooKeeperArgs::initFromKeeperSection(Poco::Util::AbstractConfiguration const&, String const&) @ 0x0000000013813c10 in /usr/bin/clickhouse
4. zkutil::ZooKeeperArgs::ZooKeeperArgs(Poco::Util::AbstractConfiguration const&, String const&) @ 0x000000001380f986 in /usr/bin/clickhouse
5. zkutil::ZooKeeper::ZooKeeper(Poco::Util::AbstractConfiguration const&, String const&, std::shared_ptr<DB::ZooKeeperLog>) @ 0x00000000137e48cc in /usr/bin/clickhouse
6. DB::Context::getZooKeeper() const @ 0x000000001164aa4a in /usr/bin/clickhouse
7. DB::DDLWorker::getAndSetZooKeeper() @ 0x00000000116cc32d in /usr/bin/clickhouse
8. DB::DDLWorker::initializeMainThread() @ 0x00000000116dca3b in /usr/bin/clickhouse
9. DB::DDLWorker::runMainThread() @ 0x00000000116c73c0 in /usr/bin/clickhouse
10. void std::__function::__policy_invoker<void ()>::__call_impl<std::__function::__default_alloc_func<ThreadFromGlobalPoolImpl<true>::ThreadFromGlobalPoolImpl<void (DB::DDLWorker::*)(), DB::DDLWorker*>(void (DB::DDLWorker::*&&)(), DB::DDLWorker*&&)::'lambda'(), void ()>>(std::__function::__policy_storage const*) @ 0x00000000116ddb4c in /usr/bin/clickhouse
11. void* std::__thread_proxy[abi:v15000]<std::tuple<std::unique_ptr<std::__thread_struct, std::default_delete<std::__thread_struct>>, void ThreadPoolImpl<std::thread>::scheduleImpl<void>(std::function<void ()>, Priority, std::optional<unsigned long>, bool)::'lambda0'()>>(void*) @ 0x000000000c706104 in /usr/bin/clickhouse
12. ? @ 0x00007d5a69da9609 in ?
13. ? @ 0x00007d5a69cce353 in ?
 (version 23.8.16.16 (official build)). Failed to start DDLWorker.
2026.03.18 20:31:31.409405 [ 284 ] {} <Error> virtual bool DB::DDLWorker::initializeMainThread(): Code: 999. Coordination::Exception: Unknown key host in config file. (KEEPER_EXCEPTION), Stack trace (when copying this message, always include the lines below):

0. DB::Exception::Exception(DB::Exception::MessageMasked&&, int, bool) @ 0x000000000c6251d7 in /usr/bin/clickhouse
1. DB::Exception::Exception<String const&>(int, FormatStringHelperImpl<std::type_identity<String const&>::type>, String const&) @ 0x00000000074ae38d in /usr/bin/clickhouse
2. Coordination::Exception::Exception<String const&>(Coordination::Error, FormatStringHelperImpl<std::type_identity<String const&>::type>, String const&) @ 0x000000001276578a in /usr/bin/clickhouse
3. zkutil::ZooKeeperArgs::initFromKeeperSection(Poco::Util::AbstractConfiguration const&, String const&) @ 0x0000000013813c10 in /usr/bin/clickhouse
4. zkutil::ZooKeeperArgs::ZooKeeperArgs(Poco::Util::AbstractConfiguration const&, String const&) @ 0x000000001380f986 in /usr/bin/clickhouse
5. zkutil::ZooKeeper::ZooKeeper(Poco::Util::AbstractConfiguration const&, String const&, std::shared_ptr<DB::ZooKeeperLog>) @ 0x00000000137e48cc in /usr/bin/clickhouse
6. DB::Context::getZooKeeper() const @ 0x000000001164aa4a in /usr/bin/clickhouse
7. DB::DDLWorker::getAndSetZooKeeper() @ 0x00000000116cc32d in /usr/bin/clickhouse
8. DB::DDLWorker::initializeMainThread() @ 0x00000000116dca3b in /usr/bin/clickhouse
9. DB::DDLWorker::runMainThread() @ 0x00000000116c73c0 in /usr/bin/clickhouse
10. void std::__function::__policy_invoker<void ()>::__call_impl<std::__function::__default_alloc_func<ThreadFromGlobalPoolImpl<true>::ThreadFromGlobalPoolImpl<void (DB::DDLWorker::*)(), DB::DDLWorker*>(void (DB::DDLWorker::*&&)(), DB::DDLWorker*&&)::'lambda'(), void ()>>(std::__function::__policy_storage const*) @ 0x00000000116ddb4c in /usr/bin/clickhouse
11. void* std::__thread_proxy[abi:v15000]<std::tuple<std::unique_ptr<std::__thread_struct, std::default_delete<std::__thread_struct>>, void ThreadPoolImpl<std::thread>::scheduleImpl<void>(std::function<void ()>, Priority, std::optional<unsigned long>, bool)::'lambda0'()>>(void*) @ 0x000000000c706104 in /usr/bin/clickhouse
12. ? @ 0x00007d5a69da9609 in ?
13. ? @ 0x00007d5a69cce353 in ?
 (version 23.8.16.16 (official build))
2026.03.18 20:31:36.410300 [ 284 ] {} <Error> DDLWorker: ZooKeeper error: Code: 999. Coordination::Exception: Unknown key host in config file. (KEEPER_EXCEPTION), Stack trace (when copying this message, always include the lines below):

0. DB::Exception::Exception(DB::Exception::MessageMasked&&, int, bool) @ 0x000000000c6251d7 in /usr/bin/clickhouse
1. DB::Exception::Exception<String const&>(int, FormatStringHelperImpl<std::type_identity<String const&>::type>, String const&) @ 0x00000000074ae38d in /usr/bin/clickhouse
2. Coordination::Exception::Exception<String const&>(Coordination::Error, FormatStringHelperImpl<std::type_identity<String const&>::type>, String const&) @ 0x000000001276578a in /usr/bin/clickhouse
3. zkutil::ZooKeeperArgs::initFromKeeperSection(Poco::Util::AbstractConfiguration const&, String const&) @ 0x0000000013813c10 in /usr/bin/clickhouse
4. zkutil::ZooKeeperArgs::ZooKeeperArgs(Poco::Util::AbstractConfiguration const&, String const&) @ 0x000000001380f986 in /usr/bin/clickhouse
5. zkutil::ZooKeeper::ZooKeeper(Poco::Util::AbstractConfiguration const&, String const&, std::shared_ptr<DB::ZooKeeperLog>) @ 0x00000000137e48cc in /usr/bin/clickhouse
6. DB::Context::getZooKeeper() const @ 0x000000001164aa4a in /usr/bin/clickhouse
7. DB::DDLWorker::getAndSetZooKeeper() @ 0x00000000116cc32d in /usr/bin/clickhouse
8. DB::DDLWorker::initializeMainThread() @ 0x00000000116dca3b in /usr/bin/clickhouse
9. DB::DDLWorker::runMainThread() @ 0x00000000116c73c0 in /usr/bin/clickhouse
10. void std::__function::__policy_invoker<void ()>::__call_impl<std::__function::__default_alloc_func<ThreadFromGlobalPoolImpl<true>::ThreadFromGlobalPoolImpl<void (DB::DDLWorker::*)(), DB::DDLWorker*>(void (DB::DDLWorker::*&&)(), DB::DDLWorker*&&)::'lambda'(), void ()>>(std::__function::__policy_storage const*) @ 0x00000000116ddb4c in /usr/bin/clickhouse
11. void* std::__thread_proxy[abi:v15000]<std::tuple<std::unique_ptr<std::__thread_struct, std::default_delete<std::__thread_struct>>, void ThreadPoolImpl<std::thread>::scheduleImpl<void>(std::function<void ()>, Priority, std::optional<unsigned long>, bool)::'lambda0'()>>(void*) @ 0x000000000c706104 in /usr/bin/clickhouse
12. ? @ 0x00007d5a69da9609 in ?
13. ? @ 0x00007d5a69cce353 in ?
 (version 23.8.16.16 (official build)). Failed to start DDLWorker.
2026.03.18 20:31:36.410370 [ 284 ] {} <Error> virtual bool DB::DDLWorker::initializeMainThread(): Code: 999. Coordination::Exception: Unknown key host in config file. (KEEPER_EXCEPTION), Stack trace (when copying this message, always include the lines below):

0. DB::Exception::Exception(DB::Exception::MessageMasked&&, int, bool) @ 0x000000000c6251d7 in /usr/bin/clickhouse
1. DB::Exception::Exception<String const&>(int, FormatStringHelperImpl<std::type_identity<String const&>::type>, String const&) @ 0x00000000074ae38d in /usr/bin/clickhouse
2. Coordination::Exception::Exception<String const&>(Coordination::Error, FormatStringHelperImpl<std::type_identity<String const&>::type>, String const&) @ 0x000000001276578a in /usr/bin/clickhouse
3. zkutil::ZooKeeperArgs::initFromKeeperSection(Poco::Util::AbstractConfiguration const&, String const&) @ 0x0000000013813c10 in /usr/bin/clickhouse
4. zkutil::ZooKeeperArgs::ZooKeeperArgs(Poco::Util::AbstractConfiguration const&, String const&) @ 0x000000001380f986 in /usr/bin/clickhouse
5. zkutil::ZooKeeper::ZooKeeper(Poco::Util::AbstractConfiguration const&, String const&, std::shared_ptr<DB::ZooKeeperLog>) @ 0x00000000137e48cc in /usr/bin/clickhouse
6. DB::Context::getZooKeeper() const @ 0x000000001164aa4a in /usr/bin/clickhouse
7. DB::DDLWorker::getAndSetZooKeeper() @ 0x00000000116cc32d in /usr/bin/clickhouse
8. DB::DDLWorker::initializeMainThread() @ 0x00000000116dca3b in /usr/bin/clickhouse
9. DB::DDLWorker::runMainThread() @ 0x00000000116c73c0 in /usr/bin/clickhouse
10. void std::__function::__policy_invoker<void ()>::__call_impl<std::__function::__default_alloc_func<ThreadFromGlobalPoolImpl<true>::ThreadFromGlobalPoolImpl<void (DB::DDLWorker::*)(), DB::DDLWorker*>(void (DB::DDLWorker::*&&)(), DB::DDLWorker*&&)::'lambda'(), void ()>>(std::__function::__policy_storage const*) @ 0x00000000116ddb4c in /usr/bin/clickhouse
11. void* std::__thread_proxy[abi:v15000]<std::tuple<std::unique_ptr<std::__thread_struct, std::default_delete<std::__thread_struct>>, void ThreadPoolImpl<std::thread>::scheduleImpl<void>(std::function<void ()>, Priority, std::optional<unsigned long>, bool)::'lambda0'()>>(void*) @ 0x000000000c706104 in /usr/bin/clickhouse
12. ? @ 0x00007d5a69da9609 in ?
13. ? @ 0x00007d5a69cce353 in ?
 (version 23.8.16.16 (official build))
2026.03.18 20:31:41.411279 [ 284 ] {} <Error> DDLWorker: ZooKeeper error: Code: 999. Coordination::Exception: Unknown key host in config file. (KEEPER_EXCEPTION), Stack trace (when copying this message, always include the lines below):

0. DB::Exception::Exception(DB::Exception::MessageMasked&&, int, bool) @ 0x000000000c6251d7 in /usr/bin/clickhouse
1. DB::Exception::Exception<String const&>(int, FormatStringHelperImpl<std::type_identity<String const&>::type>, String const&) @ 0x00000000074ae38d in /usr/bin/clickhouse
2. Coordination::Exception::Exception<String const&>(Coordination::Error, FormatStringHelperImpl<std::type_identity<String const&>::type>, String const&) @ 0x000000001276578a in /usr/bin/clickhouse
3. zkutil::ZooKeeperArgs::initFromKeeperSection(Poco::Util::AbstractConfiguration const&, String const&) @ 0x0000000013813c10 in /usr/bin/clickhouse
4. zkutil::ZooKeeperArgs::ZooKeeperArgs(Poco::Util::AbstractConfiguration const&, String const&) @ 0x000000001380f986 in /usr/bin/clickhouse
5. zkutil::ZooKeeper::ZooKeeper(Poco::Util::AbstractConfiguration const&, String const&, std::shared_ptr<DB::ZooKeeperLog>) @ 0x00000000137e48cc in /usr/bin/clickhouse
6. DB::Context::getZooKeeper() const @ 0x000000001164aa4a in /usr/bin/clickhouse
7. DB::DDLWorker::getAndSetZooKeeper() @ 0x00000000116cc32d in /usr/bin/clickhouse
8. DB::DDLWorker::initializeMainThread() @ 0x00000000116dca3b in /usr/bin/clickhouse
9. DB::DDLWorker::runMainThread() @ 0x00000000116c73c0 in /usr/bin/clickhouse
10. void std::__function::__policy_invoker<void ()>::__call_impl<std::__function::__default_alloc_func<ThreadFromGlobalPoolImpl<true>::ThreadFromGlobalPoolImpl<void (DB::DDLWorker::*)(), DB::DDLWorker*>(void (DB::DDLWorker::*&&)(), DB::DDLWorker*&&)::'lambda'(), void ()>>(std::__function::__policy_storage const*) @ 0x00000000116ddb4c in /usr/bin/clickhouse
11. void* std::__thread_proxy[abi:v15000]<std::tuple<std::unique_ptr<std::__thread_struct, std::default_delete<std::__thread_struct>>, void ThreadPoolImpl<std::thread>::scheduleImpl<void>(std::function<void ()>, Priority, std::optional<unsigned long>, bool)::'lambda0'()>>(void*) @ 0x000000000c706104 in /usr/bin/clickhouse
12. ? @ 0x00007d5a69da9609 in ?
13. ? @ 0x00007d5a69cce353 in ?
 (version 23.8.16.16 (official build)). Failed to start DDLWorker.
2026.03.18 20:31:41.411351 [ 284 ] {} <Error> virtual bool DB::DDLWorker::initializeMainThread(): Code: 999. Coordination::Exception: Unknown key host in config file. (KEEPER_EXCEPTION), Stack trace (when copying this message, always include the lines below):

0. DB::Exception::Exception(DB::Exception::MessageMasked&&, int, bool) @ 0x000000000c6251d7 in /usr/bin/clickhouse
1. DB::Exception::Exception<String const&>(int, FormatStringHelperImpl<std::type_identity<String const&>::type>, String const&) @ 0x00000000074ae38d in /usr/bin/clickhouse
2. Coordination::Exception::Exception<String const&>(Coordination::Error, FormatStringHelperImpl<std::type_identity<String const&>::type>, String const&) @ 0x000000001276578a in /usr/bin/clickhouse
3. zkutil::ZooKeeperArgs::initFromKeeperSection(Poco::Util::AbstractConfiguration const&, String const&) @ 0x0000000013813c10 in /usr/bin/clickhouse
4. zkutil::ZooKeeperArgs::ZooKeeperArgs(Poco::Util::AbstractConfiguration const&, String const&) @ 0x000000001380f986 in /usr/bin/clickhouse
5. zkutil::ZooKeeper::ZooKeeper(Poco::Util::AbstractConfiguration const&, String const&, std::shared_ptr<DB::ZooKeeperLog>) @ 0x00000000137e48cc in /usr/bin/clickhouse
6. DB::Context::getZooKeeper() const @ 0x000000001164aa4a in /usr/bin/clickhouse
7. DB::DDLWorker::getAndSetZooKeeper() @ 0x00000000116cc32d in /usr/bin/clickhouse
8. DB::DDLWorker::initializeMainThread() @ 0x00000000116dca3b in /usr/bin/clickhouse
9. DB::DDLWorker::runMainThread() @ 0x00000000116c73c0 in /usr/bin/clickhouse
10. void std::__function::__policy_invoker<void ()>::__call_impl<std::__function::__default_alloc_func<ThreadFromGlobalPoolImpl<true>::ThreadFromGlobalPoolImpl<void (DB::DDLWorker::*)(), DB::DDLWorker*>(void (DB::DDLWorker::*&&)(), DB::DDLWorker*&&)::'lambda'(), void ()>>(std::__function::__policy_storage const*) @ 0x00000000116ddb4c in /usr/bin/clickhouse
11. void* std::__thread_proxy[abi:v15000]<std::tuple<std::unique_ptr<std::__thread_struct, std::default_delete<std::__thread_struct>>, void ThreadPoolImpl<std::thread>::scheduleImpl<void>(std::function<void ()>, Priority, std::optional<unsigned long>, bool)::'lambda0'()>>(void*) @ 0x000000000c706104 in /usr/bin/clickhouse
12. ? @ 0x00007d5a69da9609 in ?
13. ? @ 0x00007d5a69cce353 in ?
 (version 23.8.16.16 (official build))
2026.03.18 20:31:46.412285 [ 284 ] {} <Error> DDLWorker: ZooKeeper error: Code: 999. Coordination::Exception: Unknown key host in config file. (KEEPER_EXCEPTION), Stack trace (when copying this message, always include the lines below):

0. DB::Exception::Exception(DB::Exception::MessageMasked&&, int, bool) @ 0x000000000c6251d7 in /usr/bin/clickhouse
1. DB::Exception::Exception<String const&>(int, FormatStringHelperImpl<std::type_identity<String const&>::type>, String const&) @ 0x00000000074ae38d in /usr/bin/clickhouse
2. Coordination::Exception::Exception<String const&>(Coordination::Error, FormatStringHelperImpl<std::type_identity<String const&>::type>, String const&) @ 0x000000001276578a in /usr/bin/clickhouse
3. zkutil::ZooKeeperArgs::initFromKeeperSection(Poco::Util::AbstractConfiguration const&, String const&) @ 0x0000000013813c10 in /usr/bin/clickhouse
4. zkutil::ZooKeeperArgs::ZooKeeperArgs(Poco::Util::AbstractConfiguration const&, String const&) @ 0x000000001380f986 in /usr/bin/clickhouse
5. zkutil::ZooKeeper::ZooKeeper(Poco::Util::AbstractConfiguration const&, String const&, std::shared_ptr<DB::ZooKeeperLog>) @ 0x00000000137e48cc in /usr/bin/clickhouse
6. DB::Context::getZooKeeper() const @ 0x000000001164aa4a in /usr/bin/clickhouse
7. DB::DDLWorker::getAndSetZooKeeper() @ 0x00000000116cc32d in /usr/bin/clickhouse
8. DB::DDLWorker::initializeMainThread() @ 0x00000000116dca3b in /usr/bin/clickhouse
9. DB::DDLWorker::runMainThread() @ 0x00000000116c73c0 in /usr/bin/clickhouse
10. void std::__function::__policy_invoker<void ()>::__call_impl<std::__function::__default_alloc_func<ThreadFromGlobalPoolImpl<true>::ThreadFromGlobalPoolImpl<void (DB::DDLWorker::*)(), DB::DDLWorker*>(void (DB::DDLWorker::*&&)(), DB::DDLWorker*&&)::'lambda'(), void ()>>(std::__function::__policy_storage const*) @ 0x00000000116ddb4c in /usr/bin/clickhouse
11. void* std::__thread_proxy[abi:v15000]<std::tuple<std::unique_ptr<std::__thread_struct, std::default_delete<std::__thread_struct>>, void ThreadPoolImpl<std::thread>::scheduleImpl<void>(std::function<void ()>, Priority, std::optional<unsigned long>, bool)::'lambda0'()>>(void*) @ 0x000000000c706104 in /usr/bin/clickhouse
12. ? @ 0x00007d5a69da9609 in ?
13. ? @ 0x00007d5a69cce353 in ?
 (version 23.8.16.16 (official build)). Failed to start DDLWorker.
2026.03.18 20:31:46.412368 [ 284 ] {} <Error> virtual bool DB::DDLWorker::initializeMainThread(): Code: 999. Coordination::Exception: Unknown key host in config file. (KEEPER_EXCEPTION), Stack trace (when copying this message, always include the lines below):

0. DB::Exception::Exception(DB::Exception::MessageMasked&&, int, bool) @ 0x000000000c6251d7 in /usr/bin/clickhouse
1. DB::Exception::Exception<String const&>(int, FormatStringHelperImpl<std::type_identity<String const&>::type>, String const&) @ 0x00000000074ae38d in /usr/bin/clickhouse
2. Coordination::Exception::Exception<String const&>(Coordination::Error, FormatStringHelperImpl<std::type_identity<String const&>::type>, String const&) @ 0x000000001276578a in /usr/bin/clickhouse
3. zkutil::ZooKeeperArgs::initFromKeeperSection(Poco::Util::AbstractConfiguration const&, String const&) @ 0x0000000013813c10 in /usr/bin/clickhouse
4. zkutil::ZooKeeperArgs::ZooKeeperArgs(Poco::Util::AbstractConfiguration const&, String const&) @ 0x000000001380f986 in /usr/bin/clickhouse
5. zkutil::ZooKeeper::ZooKeeper(Poco::Util::AbstractConfiguration const&, String const&, std::shared_ptr<DB::ZooKeeperLog>) @ 0x00000000137e48cc in /usr/bin/clickhouse
6. DB::Context::getZooKeeper() const @ 0x000000001164aa4a in /usr/bin/clickhouse
7. DB::DDLWorker::getAndSetZooKeeper() @ 0x00000000116cc32d in /usr/bin/clickhouse
8. DB::DDLWorker::initializeMainThread() @ 0x00000000116dca3b in /usr/bin/clickhouse
9. DB::DDLWorker::runMainThread() @ 0x00000000116c73c0 in /usr/bin/clickhouse
10. void std::__function::__policy_invoker<void ()>::__call_impl<std::__function::__default_alloc_func<ThreadFromGlobalPoolImpl<true>::ThreadFromGlobalPoolImpl<void (DB::DDLWorker::*)(), DB::DDLWorker*>(void (DB::DDLWorker::*&&)(), DB::DDLWorker*&&)::'lambda'(), void ()>>(std::__function::__policy_storage const*) @ 0x00000000116ddb4c in /usr/bin/clickhouse
11. void* std::__thread_proxy[abi:v15000]<std::tuple<std::unique_ptr<std::__thread_struct, std::default_delete<std::__thread_struct>>, void ThreadPoolImpl<std::thread>::scheduleImpl<void>(std::function<void ()>, Priority, std::optional<unsigned long>, bool)::'lambda0'()>>(void*) @ 0x000000000c706104 in /usr/bin/clickhouse
12. ? @ 0x00007d5a69da9609 in ?
13. ? @ 0x00007d5a69cce353 in ?
 (version 23.8.16.16 (official build))
2026.03.18 20:31:51.414773 [ 284 ] {} <Error> DDLWorker: ZooKeeper error: Code: 999. Coordination::Exception: Unknown key host in config file. (KEEPER_EXCEPTION), Stack trace (when copying this message, always include the lines below):

0. DB::Exception::Exception(DB::Exception::MessageMasked&&, int, bool) @ 0x000000000c6251d7 in /usr/bin/clickhouse
1. DB::Exception::Exception<String const&>(int, FormatStringHelperImpl<std::type_identity<String const&>::type>, String const&) @ 0x00000000074ae38d in /usr/bin/clickhouse
2. Coordination::Exception::Exception<String const&>(Coordination::Error, FormatStringHelperImpl<std::type_identity<String const&>::type>, String const&) @ 0x000000001276578a in /usr/bin/clickhouse
3. zkutil::ZooKeeperArgs::initFromKeeperSection(Poco::Util::AbstractConfiguration const&, String const&) @ 0x0000000013813c10 in /usr/bin/clickhouse
4. zkutil::ZooKeeperArgs::ZooKeeperArgs(Poco::Util::AbstractConfiguration const&, String const&) @ 0x000000001380f986 in /usr/bin/clickhouse
5. zkutil::ZooKeeper::ZooKeeper(Poco::Util::AbstractConfiguration const&, String const&, std::shared_ptr<DB::ZooKeeperLog>) @ 0x00000000137e48cc in /usr/bin/clickhouse
6. DB::Context::getZooKeeper() const @ 0x000000001164aa4a in /usr/bin/clickhouse
7. DB::DDLWorker::getAndSetZooKeeper() @ 0x00000000116cc32d in /usr/bin/clickhouse
8. DB::DDLWorker::initializeMainThread() @ 0x00000000116dca3b in /usr/bin/clickhouse
9. DB::DDLWorker::runMainThread() @ 0x00000000116c73c0 in /usr/bin/clickhouse
10. void std::__function::__policy_invoker<void ()>::__call_impl<std::__function::__default_alloc_func<ThreadFromGlobalPoolImpl<true>::ThreadFromGlobalPoolImpl<void (DB::DDLWorker::*)(), DB::DDLWorker*>(void (DB::DDLWorker::*&&)(), DB::DDLWorker*&&)::'lambda'(), void ()>>(std::__function::__policy_storage const*) @ 0x00000000116ddb4c in /usr/bin/clickhouse
11. void* std::__thread_proxy[abi:v15000]<std::tuple<std::unique_ptr<std::__thread_struct, std::default_delete<std::__thread_struct>>, void ThreadPoolImpl<std::thread>::scheduleImpl<void>(std::function<void ()>, Priority, std::optional<unsigned long>, bool)::'lambda0'()>>(void*) @ 0x000000000c706104 in /usr/bin/clickhouse
12. ? @ 0x00007d5a69da9609 in ?
13. ? @ 0x00007d5a69cce353 in ?
 (version 23.8.16.16 (official build)). Failed to start DDLWorker.
2026.03.18 20:31:51.414855 [ 284 ] {} <Error> virtual bool DB::DDLWorker::initializeMainThread(): Code: 999. Coordination::Exception: Unknown key host in config file. (KEEPER_EXCEPTION), Stack trace (when copying this message, always include the lines below):

0. DB::Exception::Exception(DB::Exception::MessageMasked&&, int, bool) @ 0x000000000c6251d7 in /usr/bin/clickhouse
1. DB::Exception::Exception<String const&>(int, FormatStringHelperImpl<std::type_identity<String const&>::type>, String const&) @ 0x00000000074ae38d in /usr/bin/clickhouse
2. Coordination::Exception::Exception<String const&>(Coordination::Error, FormatStringHelperImpl<std::type_identity<String const&>::type>, String const&) @ 0x000000001276578a in /usr/bin/clickhouse
3. zkutil::ZooKeeperArgs::initFromKeeperSection(Poco::Util::AbstractConfiguration const&, String const&) @ 0x0000000013813c10 in /usr/bin/clickhouse
4. zkutil::ZooKeeperArgs::ZooKeeperArgs(Poco::Util::AbstractConfiguration const&, String const&) @ 0x000000001380f986 in /usr/bin/clickhouse
5. zkutil::ZooKeeper::ZooKeeper(Poco::Util::AbstractConfiguration const&, String const&, std::shared_ptr<DB::ZooKeeperLog>) @ 0x00000000137e48cc in /usr/bin/clickhouse
6. DB::Context::getZooKeeper() const @ 0x000000001164aa4a in /usr/bin/clickhouse
7. DB::DDLWorker::getAndSetZooKeeper() @ 0x00000000116cc32d in /usr/bin/clickhouse
8. DB::DDLWorker::initializeMainThread() @ 0x00000000116dca3b in /usr/bin/clickhouse
9. DB::DDLWorker::runMainThread() @ 0x00000000116c73c0 in /usr/bin/clickhouse
10. void std::__function::__policy_invoker<void ()>::__call_impl<std::__function::__default_alloc_func<ThreadFromGlobalPoolImpl<true>::ThreadFromGlobalPoolImpl<void (DB::DDLWorker::*)(), DB::DDLWorker*>(void (DB::DDLWorker::*&&)(), DB::DDLWorker*&&)::'lambda'(), void ()>>(std::__function::__policy_storage const*) @ 0x00000000116ddb4c in /usr/bin/clickhouse
11. void* std::__thread_proxy[abi:v15000]<std::tuple<std::unique_ptr<std::__thread_struct, std::default_delete<std::__thread_struct>>, void ThreadPoolImpl<std::thread>::scheduleImpl<void>(std::function<void ()>, Priority, std::optional<unsigned long>, bool)::'lambda0'()>>(void*) @ 0x000000000c706104 in /usr/bin/clickhouse
12. ? @ 0x00007d5a69da9609 in ?
13. ? @ 0x00007d5a69cce353 in ?
 (version 23.8.16.16 (official build))
2026.03.18 20:31:56.415409 [ 284 ] {} <Error> DDLWorker: ZooKeeper error: Code: 999. Coordination::Exception: Unknown key host in config file. (KEEPER_EXCEPTION), Stack trace (when copying this message, always include the lines below):

0. DB::Exception::Exception(DB::Exception::MessageMasked&&, int, bool) @ 0x000000000c6251d7 in /usr/bin/clickhouse
1. DB::Exception::Exception<String const&>(int, FormatStringHelperImpl<std::type_identity<String const&>::type>, String const&) @ 0x00000000074ae38d in /usr/bin/clickhouse
2. Coordination::Exception::Exception<String const&>(Coordination::Error, FormatStringHelperImpl<std::type_identity<String const&>::type>, String const&) @ 0x000000001276578a in /usr/bin/clickhouse
3. zkutil::ZooKeeperArgs::initFromKeeperSection(Poco::Util::AbstractConfiguration const&, String const&) @ 0x0000000013813c10 in /usr/bin/clickhouse
4. zkutil::ZooKeeperArgs::ZooKeeperArgs(Poco::Util::AbstractConfiguration const&, String const&) @ 0x000000001380f986 in /usr/bin/clickhouse
5. zkutil::ZooKeeper::ZooKeeper(Poco::Util::AbstractConfiguration const&, String const&, std::shared_ptr<DB::ZooKeeperLog>) @ 0x00000000137e48cc in /usr/bin/clickhouse
6. DB::Context::getZooKeeper() const @ 0x000000001164aa4a in /usr/bin/clickhouse
7. DB::DDLWorker::getAndSetZooKeeper() @ 0x00000000116cc32d in /usr/bin/clickhouse
8. DB::DDLWorker::initializeMainThread() @ 0x00000000116dca3b in /usr/bin/clickhouse
9. DB::DDLWorker::runMainThread() @ 0x00000000116c73c0 in /usr/bin/clickhouse
10. void std::__function::__policy_invoker<void ()>::__call_impl<std::__function::__default_alloc_func<ThreadFromGlobalPoolImpl<true>::ThreadFromGlobalPoolImpl<void (DB::DDLWorker::*)(), DB::DDLWorker*>(void (DB::DDLWorker::*&&)(), DB::DDLWorker*&&)::'lambda'(), void ()>>(std::__function::__policy_storage const*) @ 0x00000000116ddb4c in /usr/bin/clickhouse
11. void* std::__thread_proxy[abi:v15000]<std::tuple<std::unique_ptr<std::__thread_struct, std::default_delete<std::__thread_struct>>, void ThreadPoolImpl<std::thread>::scheduleImpl<void>(std::function<void ()>, Priority, std::optional<unsigned long>, bool)::'lambda0'()>>(void*) @ 0x000000000c706104 in /usr/bin/clickhouse
12. ? @ 0x00007d5a69da9609 in ?
13. ? @ 0x00007d5a69cce353 in ?
 (version 23.8.16.16 (official build)). Failed to start DDLWorker.
2026.03.18 20:31:56.415460 [ 284 ] {} <Error> virtual bool DB::DDLWorker::initializeMainThread(): Code: 999. Coordination::Exception: Unknown key host in config file. (KEEPER_EXCEPTION), Stack trace (when copying this message, always include the lines below):

0. DB::Exception::Exception(DB::Exception::MessageMasked&&, int, bool) @ 0x000000000c6251d7 in /usr/bin/clickhouse
1. DB::Exception::Exception<String const&>(int, FormatStringHelperImpl<std::type_identity<String const&>::type>, String const&) @ 0x00000000074ae38d in /usr/bin/clickhouse
2. Coordination::Exception::Exception<String const&>(Coordination::Error, FormatStringHelperImpl<std::type_identity<String const&>::type>, String const&) @ 0x000000001276578a in /usr/bin/clickhouse
3. zkutil::ZooKeeperArgs::initFromKeeperSection(Poco::Util::AbstractConfiguration const&, String const&) @ 0x0000000013813c10 in /usr/bin/clickhouse
4. zkutil::ZooKeeperArgs::ZooKeeperArgs(Poco::Util::AbstractConfiguration const&, String const&) @ 0x000000001380f986 in /usr/bin/clickhouse
5. zkutil::ZooKeeper::ZooKeeper(Poco::Util::AbstractConfiguration const&, String const&, std::shared_ptr<DB::ZooKeeperLog>) @ 0x00000000137e48cc in /usr/bin/clickhouse
6. DB::Context::getZooKeeper() const @ 0x000000001164aa4a in /usr/bin/clickhouse
7. DB::DDLWorker::getAndSetZooKeeper() @ 0x00000000116cc32d in /usr/bin/clickhouse
8. DB::DDLWorker::initializeMainThread() @ 0x00000000116dca3b in /usr/bin/clickhouse
9. DB::DDLWorker::runMainThread() @ 0x00000000116c73c0 in /usr/bin/clickhouse
10. void std::__function::__policy_invoker<void ()>::__call_impl<std::__function::__default_alloc_func<ThreadFromGlobalPoolImpl<true>::ThreadFromGlobalPoolImpl<void (DB::DDLWorker::*)(), DB::DDLWorker*>(void (DB::DDLWorker::*&&)(), DB::DDLWorker*&&)::'lambda'(), void ()>>(std::__function::__policy_storage const*) @ 0x00000000116ddb4c in /usr/bin/clickhouse
11. void* std::__thread_proxy[abi:v15000]<std::tuple<std::unique_ptr<std::__thread_struct, std::default_delete<std::__thread_struct>>, void ThreadPoolImpl<std::thread>::scheduleImpl<void>(std::function<void ()>, Priority, std::optional<unsigned long>, bool)::'lambda0'()>>(void*) @ 0x000000000c706104 in /usr/bin/clickhouse
12. ? @ 0x00007d5a69da9609 in ?
13. ? @ 0x00007d5a69cce353 in ?
 (version 23.8.16.16 (official build))
2026.03.18 20:32:01.421346 [ 284 ] {} <Error> DDLWorker: ZooKeeper error: Code: 999. Coordination::Exception: Unknown key host in config file. (KEEPER_EXCEPTION), Stack trace (when copying this message, always include the lines below):

0. DB::Exception::Exception(DB::Exception::MessageMasked&&, int, bool) @ 0x000000000c6251d7 in /usr/bin/clickhouse
1. DB::Exception::Exception<String const&>(int, FormatStringHelperImpl<std::type_identity<String const&>::type>, String const&) @ 0x00000000074ae38d in /usr/bin/clickhouse
2. Coordination::Exception::Exception<String const&>(Coordination::Error, FormatStringHelperImpl<std::type_identity<String const&>::type>, String const&) @ 0x000000001276578a in /usr/bin/clickhouse
3. zkutil::ZooKeeperArgs::initFromKeeperSection(Poco::Util::AbstractConfiguration const&, String const&) @ 0x0000000013813c10 in /usr/bin/clickhouse
4. zkutil::ZooKeeperArgs::ZooKeeperArgs(Poco::Util::AbstractConfiguration const&, String const&) @ 0x000000001380f986 in /usr/bin/clickhouse
5. zkutil::ZooKeeper::ZooKeeper(Poco::Util::AbstractConfiguration const&, String const&, std::shared_ptr<DB::ZooKeeperLog>) @ 0x00000000137e48cc in /usr/bin/clickhouse
6. DB::Context::getZooKeeper() const @ 0x000000001164aa4a in /usr/bin/clickhouse
7. DB::DDLWorker::getAndSetZooKeeper() @ 0x00000000116cc32d in /usr/bin/clickhouse
8. DB::DDLWorker::initializeMainThread() @ 0x00000000116dca3b in /usr/bin/clickhouse
9. DB::DDLWorker::runMainThread() @ 0x00000000116c73c0 in /usr/bin/clickhouse
10. void std::__function::__policy_invoker<void ()>::__call_impl<std::__function::__default_alloc_func<ThreadFromGlobalPoolImpl<true>::ThreadFromGlobalPoolImpl<void (DB::DDLWorker::*)(), DB::DDLWorker*>(void (DB::DDLWorker::*&&)(), DB::DDLWorker*&&)::'lambda'(), void ()>>(std::__function::__policy_storage const*) @ 0x00000000116ddb4c in /usr/bin/clickhouse
11. void* std::__thread_proxy[abi:v15000]<std::tuple<std::unique_ptr<std::__thread_struct, std::default_delete<std::__thread_struct>>, void ThreadPoolImpl<std::thread>::scheduleImpl<void>(std::function<void ()>, Priority, std::optional<unsigned long>, bool)::'lambda0'()>>(void*) @ 0x000000000c706104 in /usr/bin/clickhouse
12. ? @ 0x00007d5a69da9609 in ?
13. ? @ 0x00007d5a69cce353 in ?
 (version 23.8.16.16 (official build)). Failed to start DDLWorker.
2026.03.18 20:32:01.421444 [ 284 ] {} <Error> virtual bool DB::DDLWorker::initializeMainThread(): Code: 999. Coordination::Exception: Unknown key host in config file. (KEEPER_EXCEPTION), Stack trace (when copying this message, always include the lines below):

0. DB::Exception::Exception(DB::Exception::MessageMasked&&, int, bool) @ 0x000000000c6251d7 in /usr/bin/clickhouse
1. DB::Exception::Exception<String const&>(int, FormatStringHelperImpl<std::type_identity<String const&>::type>, String const&) @ 0x00000000074ae38d in /usr/bin/clickhouse
2. Coordination::Exception::Exception<String const&>(Coordination::Error, FormatStringHelperImpl<std::type_identity<String const&>::type>, String const&) @ 0x000000001276578a in /usr/bin/clickhouse
3. zkutil::ZooKeeperArgs::initFromKeeperSection(Poco::Util::AbstractConfiguration const&, String const&) @ 0x0000000013813c10 in /usr/bin/clickhouse
4. zkutil::ZooKeeperArgs::ZooKeeperArgs(Poco::Util::AbstractConfiguration const&, String const&) @ 0x000000001380f986 in /usr/bin/clickhouse
5. zkutil::ZooKeeper::ZooKeeper(Poco::Util::AbstractConfiguration const&, String const&, std::shared_ptr<DB::ZooKeeperLog>) @ 0x00000000137e48cc in /usr/bin/clickhouse
6. DB::Context::getZooKeeper() const @ 0x000000001164aa4a in /usr/bin/clickhouse
7. DB::DDLWorker::getAndSetZooKeeper() @ 0x00000000116cc32d in /usr/bin/clickhouse
8. DB::DDLWorker::initializeMainThread() @ 0x00000000116dca3b in /usr/bin/clickhouse
9. DB::DDLWorker::runMainThread() @ 0x00000000116c73c0 in /usr/bin/clickhouse
10. void std::__function::__policy_invoker<void ()>::__call_impl<std::__function::__default_alloc_func<ThreadFromGlobalPoolImpl<true>::ThreadFromGlobalPoolImpl<void (DB::DDLWorker::*)(), DB::DDLWorker*>(void (DB::DDLWorker::*&&)(), DB::DDLWorker*&&)::'lambda'(), void ()>>(std::__function::__policy_storage const*) @ 0x00000000116ddb4c in /usr/bin/clickhouse
11. void* std::__thread_proxy[abi:v15000]<std::tuple<std::unique_ptr<std::__thread_struct, std::default_delete<std::__thread_struct>>, void ThreadPoolImpl<std::thread>::scheduleImpl<void>(std::function<void ()>, Priority, std::optional<unsigned long>, bool)::'lambda0'()>>(void*) @ 0x000000000c706104 in /usr/bin/clickhouse
12. ? @ 0x00007d5a69da9609 in ?
13. ? @ 0x00007d5a69cce353 in ?
 (version 23.8.16.16 (official build))
2026.03.18 20:32:06.421775 [ 284 ] {} <Error> DDLWorker: ZooKeeper error: Code: 999. Coordination::Exception: Unknown key host in config file. (KEEPER_EXCEPTION), Stack trace (when copying this message, always include the lines below):

0. DB::Exception::Exception(DB::Exception::MessageMasked&&, int, bool) @ 0x000000000c6251d7 in /usr/bin/clickhouse
1. DB::Exception::Exception<String const&>(int, FormatStringHelperImpl<std::type_identity<String const&>::type>, String const&) @ 0x00000000074ae38d in /usr/bin/clickhouse
2. Coordination::Exception::Exception<String const&>(Coordination::Error, FormatStringHelperImpl<std::type_identity<String const&>::type>, String const&) @ 0x000000001276578a in /usr/bin/clickhouse
3. zkutil::ZooKeeperArgs::initFromKeeperSection(Poco::Util::AbstractConfiguration const&, String const&) @ 0x0000000013813c10 in /usr/bin/clickhouse
4. zkutil::ZooKeeperArgs::ZooKeeperArgs(Poco::Util::AbstractConfiguration const&, String const&) @ 0x000000001380f986 in /usr/bin/clickhouse
5. zkutil::ZooKeeper::ZooKeeper(Poco::Util::AbstractConfiguration const&, String const&, std::shared_ptr<DB::ZooKeeperLog>) @ 0x00000000137e48cc in /usr/bin/clickhouse
6. DB::Context::getZooKeeper() const @ 0x000000001164aa4a in /usr/bin/clickhouse
7. DB::DDLWorker::getAndSetZooKeeper() @ 0x00000000116cc32d in /usr/bin/clickhouse
8. DB::DDLWorker::initializeMainThread() @ 0x00000000116dca3b in /usr/bin/clickhouse
9. DB::DDLWorker::runMainThread() @ 0x00000000116c73c0 in /usr/bin/clickhouse
10. void std::__function::__policy_invoker<void ()>::__call_impl<std::__function::__default_alloc_func<ThreadFromGlobalPoolImpl<true>::ThreadFromGlobalPoolImpl<void (DB::DDLWorker::*)(), DB::DDLWorker*>(void (DB::DDLWorker::*&&)(), DB::DDLWorker*&&)::'lambda'(), void ()>>(std::__function::__policy_storage const*) @ 0x00000000116ddb4c in /usr/bin/clickhouse
11. void* std::__thread_proxy[abi:v15000]<std::tuple<std::unique_ptr<std::__thread_struct, std::default_delete<std::__thread_struct>>, void ThreadPoolImpl<std::thread>::scheduleImpl<void>(std::function<void ()>, Priority, std::optional<unsigned long>, bool)::'lambda0'()>>(void*) @ 0x000000000c706104 in /usr/bin/clickhouse
12. ? @ 0x00007d5a69da9609 in ?
13. ? @ 0x00007d5a69cce353 in ?
 (version 23.8.16.16 (official build)). Failed to start DDLWorker.
2026.03.18 20:32:06.422150 [ 284 ] {} <Error> virtual bool DB::DDLWorker::initializeMainThread(): Code: 999. Coordination::Exception: Unknown key host in config file. (KEEPER_EXCEPTION), Stack trace (when copying this message, always include the lines below):

0. DB::Exception::Exception(DB::Exception::MessageMasked&&, int, bool) @ 0x000000000c6251d7 in /usr/bin/clickhouse
1. DB::Exception::Exception<String const&>(int, FormatStringHelperImpl<std::type_identity<String const&>::type>, String const&) @ 0x00000000074ae38d in /usr/bin/clickhouse
2. Coordination::Exception::Exception<String const&>(Coordination::Error, FormatStringHelperImpl<std::type_identity<String const&>::type>, String const&) @ 0x000000001276578a in /usr/bin/clickhouse
3. zkutil::ZooKeeperArgs::initFromKeeperSection(Poco::Util::AbstractConfiguration const&, String const&) @ 0x0000000013813c10 in /usr/bin/clickhouse
4. zkutil::ZooKeeperArgs::ZooKeeperArgs(Poco::Util::AbstractConfiguration const&, String const&) @ 0x000000001380f986 in /usr/bin/clickhouse
5. zkutil::ZooKeeper::ZooKeeper(Poco::Util::AbstractConfiguration const&, String const&, std::shared_ptr<DB::ZooKeeperLog>) @ 0x00000000137e48cc in /usr/bin/clickhouse
6. DB::Context::getZooKeeper() const @ 0x000000001164aa4a in /usr/bin/clickhouse
7. DB::DDLWorker::getAndSetZooKeeper() @ 0x00000000116cc32d in /usr/bin/clickhouse
8. DB::DDLWorker::initializeMainThread() @ 0x00000000116dca3b in /usr/bin/clickhouse
9. DB::DDLWorker::runMainThread() @ 0x00000000116c73c0 in /usr/bin/clickhouse
10. void std::__function::__policy_invoker<void ()>::__call_impl<std::__function::__default_alloc_func<ThreadFromGlobalPoolImpl<true>::ThreadFromGlobalPoolImpl<void (DB::DDLWorker::*)(), DB::DDLWorker*>(void (DB::DDLWorker::*&&)(), DB::DDLWorker*&&)::'lambda'(), void ()>>(std::__function::__policy_storage const*) @ 0x00000000116ddb4c in /usr/bin/clickhouse
11. void* std::__thread_proxy[abi:v15000]<std::tuple<std::unique_ptr<std::__thread_struct, std::default_delete<std::__thread_struct>>, void ThreadPoolImpl<std::thread>::scheduleImpl<void>(std::function<void ()>, Priority, std::optional<unsigned long>, bool)::'lambda0'()>>(void*) @ 0x000000000c706104 in /usr/bin/clickhouse
12. ? @ 0x00007d5a69da9609 in ?
13. ? @ 0x00007d5a69cce353 in ?
 (version 23.8.16.16 (official build))
2026.03.18 20:32:11.422769 [ 284 ] {} <Error> DDLWorker: ZooKeeper error: Code: 999. Coordination::Exception: Unknown key host in config file. (KEEPER_EXCEPTION), Stack trace (when copying this message, always include the lines below):

0. DB::Exception::Exception(DB::Exception::MessageMasked&&, int, bool) @ 0x000000000c6251d7 in /usr/bin/clickhouse
1. DB::Exception::Exception<String const&>(int, FormatStringHelperImpl<std::type_identity<String const&>::type>, String const&) @ 0x00000000074ae38d in /usr/bin/clickhouse
2. Coordination::Exception::Exception<String const&>(Coordination::Error, FormatStringHelperImpl<std::type_identity<String const&>::type>, String const&) @ 0x000000001276578a in /usr/bin/clickhouse
3. zkutil::ZooKeeperArgs::initFromKeeperSection(Poco::Util::AbstractConfiguration const&, String const&) @ 0x0000000013813c10 in /usr/bin/clickhouse
4. zkutil::ZooKeeperArgs::ZooKeeperArgs(Poco::Util::AbstractConfiguration const&, String const&) @ 0x000000001380f986 in /usr/bin/clickhouse
5. zkutil::ZooKeeper::ZooKeeper(Poco::Util::AbstractConfiguration const&, String const&, std::shared_ptr<DB::ZooKeeperLog>) @ 0x00000000137e48cc in /usr/bin/clickhouse
6. DB::Context::getZooKeeper() const @ 0x000000001164aa4a in /usr/bin/clickhouse
7. DB::DDLWorker::getAndSetZooKeeper() @ 0x00000000116cc32d in /usr/bin/clickhouse
8. DB::DDLWorker::initializeMainThread() @ 0x00000000116dca3b in /usr/bin/clickhouse
9. DB::DDLWorker::runMainThread() @ 0x00000000116c73c0 in /usr/bin/clickhouse
10. void std::__function::__policy_invoker<void ()>::__call_impl<std::__function::__default_alloc_func<ThreadFromGlobalPoolImpl<true>::ThreadFromGlobalPoolImpl<void (DB::DDLWorker::*)(), DB::DDLWorker*>(void (DB::DDLWorker::*&&)(), DB::DDLWorker*&&)::'lambda'(), void ()>>(std::__function::__policy_storage const*) @ 0x00000000116ddb4c in /usr/bin/clickhouse
11. void* std::__thread_proxy[abi:v15000]<std::tuple<std::unique_ptr<std::__thread_struct, std::default_delete<std::__thread_struct>>, void ThreadPoolImpl<std::thread>::scheduleImpl<void>(std::function<void ()>, Priority, std::optional<unsigned long>, bool)::'lambda0'()>>(void*) @ 0x000000000c706104 in /usr/bin/clickhouse
12. ? @ 0x00007d5a69da9609 in ?
13. ? @ 0x00007d5a69cce353 in ?
 (version 23.8.16.16 (official build)). Failed to start DDLWorker.
2026.03.18 20:32:11.422852 [ 284 ] {} <Error> virtual bool DB::DDLWorker::initializeMainThread(): Code: 999. Coordination::Exception: Unknown key host in config file. (KEEPER_EXCEPTION), Stack trace (when copying this message, always include the lines below):

0. DB::Exception::Exception(DB::Exception::MessageMasked&&, int, bool) @ 0x000000000c6251d7 in /usr/bin/clickhouse
1. DB::Exception::Exception<String const&>(int, FormatStringHelperImpl<std::type_identity<String const&>::type>, String const&) @ 0x00000000074ae38d in /usr/bin/clickhouse
2. Coordination::Exception::Exception<String const&>(Coordination::Error, FormatStringHelperImpl<std::type_identity<String const&>::type>, String const&) @ 0x000000001276578a in /usr/bin/clickhouse
3. zkutil::ZooKeeperArgs::initFromKeeperSection(Poco::Util::AbstractConfiguration const&, String const&) @ 0x0000000013813c10 in /usr/bin/clickhouse
4. zkutil::ZooKeeperArgs::ZooKeeperArgs(Poco::Util::AbstractConfiguration const&, String const&) @ 0x000000001380f986 in /usr/bin/clickhouse
5. zkutil::ZooKeeper::ZooKeeper(Poco::Util::AbstractConfiguration const&, String const&, std::shared_ptr<DB::ZooKeeperLog>) @ 0x00000000137e48cc in /usr/bin/clickhouse
6. DB::Context::getZooKeeper() const @ 0x000000001164aa4a in /usr/bin/clickhouse
7. DB::DDLWorker::getAndSetZooKeeper() @ 0x00000000116cc32d in /usr/bin/clickhouse
8. DB::DDLWorker::initializeMainThread() @ 0x00000000116dca3b in /usr/bin/clickhouse
9. DB::DDLWorker::runMainThread() @ 0x00000000116c73c0 in /usr/bin/clickhouse
10. void std::__function::__policy_invoker<void ()>::__call_impl<std::__function::__default_alloc_func<ThreadFromGlobalPoolImpl<true>::ThreadFromGlobalPoolImpl<void (DB::DDLWorker::*)(), DB::DDLWorker*>(void (DB::DDLWorker::*&&)(), DB::DDLWorker*&&)::'lambda'(), void ()>>(std::__function::__policy_storage const*) @ 0x00000000116ddb4c in /usr/bin/clickhouse
11. void* std::__thread_proxy[abi:v15000]<std::tuple<std::unique_ptr<std::__thread_struct, std::default_delete<std::__thread_struct>>, void ThreadPoolImpl<std::thread>::scheduleImpl<void>(std::function<void ()>, Priority, std::optional<unsigned long>, bool)::'lambda0'()>>(void*) @ 0x000000000c706104 in /usr/bin/clickhouse
12. ? @ 0x00007d5a69da9609 in ?
13. ? @ 0x00007d5a69cce353 in ?
 (version 23.8.16.16 (official build))
2026.03.18 20:32:16.423929 [ 284 ] {} <Error> DDLWorker: ZooKeeper error: Code: 999. Coordination::Exception: Unknown key host in config file. (KEEPER_EXCEPTION), Stack trace (when copying this message, always include the lines below):

0. DB::Exception::Exception(DB::Exception::MessageMasked&&, int, bool) @ 0x000000000c6251d7 in /usr/bin/clickhouse
1. DB::Exception::Exception<String const&>(int, FormatStringHelperImpl<std::type_identity<String const&>::type>, String const&) @ 0x00000000074ae38d in /usr/bin/clickhouse
2. Coordination::Exception::Exception<String const&>(Coordination::Error, FormatStringHelperImpl<std::type_identity<String const&>::type>, String const&) @ 0x000000001276578a in /usr/bin/clickhouse
3. zkutil::ZooKeeperArgs::initFromKeeperSection(Poco::Util::AbstractConfiguration const&, String const&) @ 0x0000000013813c10 in /usr/bin/clickhouse
4. zkutil::ZooKeeperArgs::ZooKeeperArgs(Poco::Util::AbstractConfiguration const&, String const&) @ 0x000000001380f986 in /usr/bin/clickhouse
5. zkutil::ZooKeeper::ZooKeeper(Poco::Util::AbstractConfiguration const&, String const&, std::shared_ptr<DB::ZooKeeperLog>) @ 0x00000000137e48cc in /usr/bin/clickhouse
6. DB::Context::getZooKeeper() const @ 0x000000001164aa4a in /usr/bin/clickhouse
7. DB::DDLWorker::getAndSetZooKeeper() @ 0x00000000116cc32d in /usr/bin/clickhouse
8. DB::DDLWorker::initializeMainThread() @ 0x00000000116dca3b in /usr/bin/clickhouse
9. DB::DDLWorker::runMainThread() @ 0x00000000116c73c0 in /usr/bin/clickhouse
10. void std::__function::__policy_invoker<void ()>::__call_impl<std::__function::__default_alloc_func<ThreadFromGlobalPoolImpl<true>::ThreadFromGlobalPoolImpl<void (DB::DDLWorker::*)(), DB::DDLWorker*>(void (DB::DDLWorker::*&&)(), DB::DDLWorker*&&)::'lambda'(), void ()>>(std::__function::__policy_storage const*) @ 0x00000000116ddb4c in /usr/bin/clickhouse
11. void* std::__thread_proxy[abi:v15000]<std::tuple<std::unique_ptr<std::__thread_struct, std::default_delete<std::__thread_struct>>, void ThreadPoolImpl<std::thread>::scheduleImpl<void>(std::function<void ()>, Priority, std::optional<unsigned long>, bool)::'lambda0'()>>(void*) @ 0x000000000c706104 in /usr/bin/clickhouse
12. ? @ 0x00007d5a69da9609 in ?
13. ? @ 0x00007d5a69cce353 in ?
 (version 23.8.16.16 (official build)). Failed to start DDLWorker.
2026.03.18 20:32:16.424013 [ 284 ] {} <Error> virtual bool DB::DDLWorker::initializeMainThread(): Code: 999. Coordination::Exception: Unknown key host in config file. (KEEPER_EXCEPTION), Stack trace (when copying this message, always include the lines below):

0. DB::Exception::Exception(DB::Exception::MessageMasked&&, int, bool) @ 0x000000000c6251d7 in /usr/bin/clickhouse
1. DB::Exception::Exception<String const&>(int, FormatStringHelperImpl<std::type_identity<String const&>::type>, String const&) @ 0x00000000074ae38d in /usr/bin/clickhouse
2. Coordination::Exception::Exception<String const&>(Coordination::Error, FormatStringHelperImpl<std::type_identity<String const&>::type>, String const&) @ 0x000000001276578a in /usr/bin/clickhouse
3. zkutil::ZooKeeperArgs::initFromKeeperSection(Poco::Util::AbstractConfiguration const&, String const&) @ 0x0000000013813c10 in /usr/bin/clickhouse
4. zkutil::ZooKeeperArgs::ZooKeeperArgs(Poco::Util::AbstractConfiguration const&, String const&) @ 0x000000001380f986 in /usr/bin/clickhouse
5. zkutil::ZooKeeper::ZooKeeper(Poco::Util::AbstractConfiguration const&, String const&, std::shared_ptr<DB::ZooKeeperLog>) @ 0x00000000137e48cc in /usr/bin/clickhouse
6. DB::Context::getZooKeeper() const @ 0x000000001164aa4a in /usr/bin/clickhouse
7. DB::DDLWorker::getAndSetZooKeeper() @ 0x00000000116cc32d in /usr/bin/clickhouse
8. DB::DDLWorker::initializeMainThread() @ 0x00000000116dca3b in /usr/bin/clickhouse
9. DB::DDLWorker::runMainThread() @ 0x00000000116c73c0 in /usr/bin/clickhouse
10. void std::__function::__policy_invoker<void ()>::__call_impl<std::__function::__default_alloc_func<ThreadFromGlobalPoolImpl<true>::ThreadFromGlobalPoolImpl<void (DB::DDLWorker::*)(), DB::DDLWorker*>(void (DB::DDLWorker::*&&)(), DB::DDLWorker*&&)::'lambda'(), void ()>>(std::__function::__policy_storage const*) @ 0x00000000116ddb4c in /usr/bin/clickhouse
11. void* std::__thread_proxy[abi:v15000]<std::tuple<std::unique_ptr<std::__thread_struct, std::default_delete<std::__thread_struct>>, void ThreadPoolImpl<std::thread>::scheduleImpl<void>(std::function<void ()>, Priority, std::optional<unsigned long>, bool)::'lambda0'()>>(void*) @ 0x000000000c706104 in /usr/bin/clickhouse
12. ? @ 0x00007d5a69da9609 in ?
13. ? @ 0x00007d5a69cce353 in ?
 (version 23.8.16.16 (official build))
2026.03.18 20:32:21.424353 [ 284 ] {} <Error> DDLWorker: ZooKeeper error: Code: 999. Coordination::Exception: Unknown key host in config file. (KEEPER_EXCEPTION), Stack trace (when copying this message, always include the lines below):

0. DB::Exception::Exception(DB::Exception::MessageMasked&&, int, bool) @ 0x000000000c6251d7 in /usr/bin/clickhouse
1. DB::Exception::Exception<String const&>(int, FormatStringHelperImpl<std::type_identity<String const&>::type>, String const&) @ 0x00000000074ae38d in /usr/bin/clickhouse
2. Coordination::Exception::Exception<String const&>(Coordination::Error, FormatStringHelperImpl<std::type_identity<String const&>::type>, String const&) @ 0x000000001276578a in /usr/bin/clickhouse
3. zkutil::ZooKeeperArgs::initFromKeeperSection(Poco::Util::AbstractConfiguration const&, String const&) @ 0x0000000013813c10 in /usr/bin/clickhouse
4. zkutil::ZooKeeperArgs::ZooKeeperArgs(Poco::Util::AbstractConfiguration const&, String const&) @ 0x000000001380f986 in /usr/bin/clickhouse
5. zkutil::ZooKeeper::ZooKeeper(Poco::Util::AbstractConfiguration const&, String const&, std::shared_ptr<DB::ZooKeeperLog>) @ 0x00000000137e48cc in /usr/bin/clickhouse
6. DB::Context::getZooKeeper() const @ 0x000000001164aa4a in /usr/bin/clickhouse
7. DB::DDLWorker::getAndSetZooKeeper() @ 0x00000000116cc32d in /usr/bin/clickhouse
8. DB::DDLWorker::initializeMainThread() @ 0x00000000116dca3b in /usr/bin/clickhouse
9. DB::DDLWorker::runMainThread() @ 0x00000000116c73c0 in /usr/bin/clickhouse
10. void std::__function::__policy_invoker<void ()>::__call_impl<std::__function::__default_alloc_func<ThreadFromGlobalPoolImpl<true>::ThreadFromGlobalPoolImpl<void (DB::DDLWorker::*)(), DB::DDLWorker*>(void (DB::DDLWorker::*&&)(), DB::DDLWorker*&&)::'lambda'(), void ()>>(std::__function::__policy_storage const*) @ 0x00000000116ddb4c in /usr/bin/clickhouse
11. void* std::__thread_proxy[abi:v15000]<std::tuple<std::unique_ptr<std::__thread_struct, std::default_delete<std::__thread_struct>>, void ThreadPoolImpl<std::thread>::scheduleImpl<void>(std::function<void ()>, Priority, std::optional<unsigned long>, bool)::'lambda0'()>>(void*) @ 0x000000000c706104 in /usr/bin/clickhouse
12. ? @ 0x00007d5a69da9609 in ?
13. ? @ 0x00007d5a69cce353 in ?
 (version 23.8.16.16 (official build)). Failed to start DDLWorker.
2026.03.18 20:32:21.424420 [ 284 ] {} <Error> virtual bool DB::DDLWorker::initializeMainThread(): Code: 999. Coordination::Exception: Unknown key host in config file. (KEEPER_EXCEPTION), Stack trace (when copying this message, always include the lines below):

0. DB::Exception::Exception(DB::Exception::MessageMasked&&, int, bool) @ 0x000000000c6251d7 in /usr/bin/clickhouse
1. DB::Exception::Exception<String const&>(int, FormatStringHelperImpl<std::type_identity<String const&>::type>, String const&) @ 0x00000000074ae38d in /usr/bin/clickhouse
2. Coordination::Exception::Exception<String const&>(Coordination::Error, FormatStringHelperImpl<std::type_identity<String const&>::type>, String const&) @ 0x000000001276578a in /usr/bin/clickhouse
3. zkutil::ZooKeeperArgs::initFromKeeperSection(Poco::Util::AbstractConfiguration const&, String const&) @ 0x0000000013813c10 in /usr/bin/clickhouse
4. zkutil::ZooKeeperArgs::ZooKeeperArgs(Poco::Util::AbstractConfiguration const&, String const&) @ 0x000000001380f986 in /usr/bin/clickhouse
5. zkutil::ZooKeeper::ZooKeeper(Poco::Util::AbstractConfiguration const&, String const&, std::shared_ptr<DB::ZooKeeperLog>) @ 0x00000000137e48cc in /usr/bin/clickhouse
6. DB::Context::getZooKeeper() const @ 0x000000001164aa4a in /usr/bin/clickhouse
7. DB::DDLWorker::getAndSetZooKeeper() @ 0x00000000116cc32d in /usr/bin/clickhouse
8. DB::DDLWorker::initializeMainThread() @ 0x00000000116dca3b in /usr/bin/clickhouse
9. DB::DDLWorker::runMainThread() @ 0x00000000116c73c0 in /usr/bin/clickhouse
10. void std::__function::__policy_invoker<void ()>::__call_impl<std::__function::__default_alloc_func<ThreadFromGlobalPoolImpl<true>::ThreadFromGlobalPoolImpl<void (DB::DDLWorker::*)(), DB::DDLWorker*>(void (DB::DDLWorker::*&&)(), DB::DDLWorker*&&)::'lambda'(), void ()>>(std::__function::__policy_storage const*) @ 0x00000000116ddb4c in /usr/bin/clickhouse
11. void* std::__thread_proxy[abi:v15000]<std::tuple<std::unique_ptr<std::__thread_struct, std::default_delete<std::__thread_struct>>, void ThreadPoolImpl<std::thread>::scheduleImpl<void>(std::function<void ()>, Priority, std::optional<unsigned long>, bool)::'lambda0'()>>(void*) @ 0x000000000c706104 in /usr/bin/clickhouse
12. ? @ 0x00007d5a69da9609 in ?
13. ? @ 0x00007d5a69cce353 in ?
 (version 23.8.16.16 (official build))
2026.03.18 20:32:26.425353 [ 284 ] {} <Error> DDLWorker: ZooKeeper error: Code: 999. Coordination::Exception: Unknown key host in config file. (KEEPER_EXCEPTION), Stack trace (when copying this message, always include the lines below):

0. DB::Exception::Exception(DB::Exception::MessageMasked&&, int, bool) @ 0x000000000c6251d7 in /usr/bin/clickhouse
1. DB::Exception::Exception<String const&>(int, FormatStringHelperImpl<std::type_identity<String const&>::type>, String const&) @ 0x00000000074ae38d in /usr/bin/clickhouse
2. Coordination::Exception::Exception<String const&>(Coordination::Error, FormatStringHelperImpl<std::type_identity<String const&>::type>, String const&) @ 0x000000001276578a in /usr/bin/clickhouse
3. zkutil::ZooKeeperArgs::initFromKeeperSection(Poco::Util::AbstractConfiguration const&, String const&) @ 0x0000000013813c10 in /usr/bin/clickhouse
4. zkutil::ZooKeeperArgs::ZooKeeperArgs(Poco::Util::AbstractConfiguration const&, String const&) @ 0x000000001380f986 in /usr/bin/clickhouse
5. zkutil::ZooKeeper::ZooKeeper(Poco::Util::AbstractConfiguration const&, String const&, std::shared_ptr<DB::ZooKeeperLog>) @ 0x00000000137e48cc in /usr/bin/clickhouse
6. DB::Context::getZooKeeper() const @ 0x000000001164aa4a in /usr/bin/clickhouse
7. DB::DDLWorker::getAndSetZooKeeper() @ 0x00000000116cc32d in /usr/bin/clickhouse
8. DB::DDLWorker::initializeMainThread() @ 0x00000000116dca3b in /usr/bin/clickhouse
9. DB::DDLWorker::runMainThread() @ 0x00000000116c73c0 in /usr/bin/clickhouse
10. void std::__function::__policy_invoker<void ()>::__call_impl<std::__function::__default_alloc_func<ThreadFromGlobalPoolImpl<true>::ThreadFromGlobalPoolImpl<void (DB::DDLWorker::*)(), DB::DDLWorker*>(void (DB::DDLWorker::*&&)(), DB::DDLWorker*&&)::'lambda'(), void ()>>(std::__function::__policy_storage const*) @ 0x00000000116ddb4c in /usr/bin/clickhouse
11. void* std::__thread_proxy[abi:v15000]<std::tuple<std::unique_ptr<std::__thread_struct, std::default_delete<std::__thread_struct>>, void ThreadPoolImpl<std::thread>::scheduleImpl<void>(std::function<void ()>, Priority, std::optional<unsigned long>, bool)::'lambda0'()>>(void*) @ 0x000000000c706104 in /usr/bin/clickhouse
12. ? @ 0x00007d5a69da9609 in ?
13. ? @ 0x00007d5a69cce353 in ?
 (version 23.8.16.16 (official build)). Failed to start DDLWorker.
2026.03.18 20:32:26.425435 [ 284 ] {} <Error> virtual bool DB::DDLWorker::initializeMainThread(): Code: 999. Coordination::Exception: Unknown key host in config file. (KEEPER_EXCEPTION), Stack trace (when copying this message, always include the lines below):

0. DB::Exception::Exception(DB::Exception::MessageMasked&&, int, bool) @ 0x000000000c6251d7 in /usr/bin/clickhouse
1. DB::Exception::Exception<String const&>(int, FormatStringHelperImpl<std::type_identity<String const&>::type>, String const&) @ 0x00000000074ae38d in /usr/bin/clickhouse
2. Coordination::Exception::Exception<String const&>(Coordination::Error, FormatStringHelperImpl<std::type_identity<String const&>::type>, String const&) @ 0x000000001276578a in /usr/bin/clickhouse
3. zkutil::ZooKeeperArgs::initFromKeeperSection(Poco::Util::AbstractConfiguration const&, String const&) @ 0x0000000013813c10 in /usr/bin/clickhouse
4. zkutil::ZooKeeperArgs::ZooKeeperArgs(Poco::Util::AbstractConfiguration const&, String const&) @ 0x000000001380f986 in /usr/bin/clickhouse
5. zkutil::ZooKeeper::ZooKeeper(Poco::Util::AbstractConfiguration const&, String const&, std::shared_ptr<DB::ZooKeeperLog>) @ 0x00000000137e48cc in /usr/bin/clickhouse
6. DB::Context::getZooKeeper() const @ 0x000000001164aa4a in /usr/bin/clickhouse
7. DB::DDLWorker::getAndSetZooKeeper() @ 0x00000000116cc32d in /usr/bin/clickhouse
8. DB::DDLWorker::initializeMainThread() @ 0x00000000116dca3b in /usr/bin/clickhouse
9. DB::DDLWorker::runMainThread() @ 0x00000000116c73c0 in /usr/bin/clickhouse
10. void std::__function::__policy_invoker<void ()>::__call_impl<std::__function::__default_alloc_func<ThreadFromGlobalPoolImpl<true>::ThreadFromGlobalPoolImpl<void (DB::DDLWorker::*)(), DB::DDLWorker*>(void (DB::DDLWorker::*&&)(), DB::DDLWorker*&&)::'lambda'(), void ()>>(std::__function::__policy_storage const*) @ 0x00000000116ddb4c in /usr/bin/clickhouse
11. void* std::__thread_proxy[abi:v15000]<std::tuple<std::unique_ptr<std::__thread_struct, std::default_delete<std::__thread_struct>>, void ThreadPoolImpl<std::thread>::scheduleImpl<void>(std::function<void ()>, Priority, std::optional<unsigned long>, bool)::'lambda0'()>>(void*) @ 0x000000000c706104 in /usr/bin/clickhouse
12. ? @ 0x00007d5a69da9609 in ?
13. ? @ 0x00007d5a69cce353 in ?
 (version 23.8.16.16 (official build))
2026.03.18 20:32:31.426821 [ 284 ] {} <Error> DDLWorker: ZooKeeper error: Code: 999. Coordination::Exception: Unknown key host in config file. (KEEPER_EXCEPTION), Stack trace (when copying this message, always include the lines below):

0. DB::Exception::Exception(DB::Exception::MessageMasked&&, int, bool) @ 0x000000000c6251d7 in /usr/bin/clickhouse
1. DB::Exception::Exception<String const&>(int, FormatStringHelperImpl<std::type_identity<String const&>::type>, String const&) @ 0x00000000074ae38d in /usr/bin/clickhouse
2. Coordination::Exception::Exception<String const&>(Coordination::Error, FormatStringHelperImpl<std::type_identity<String const&>::type>, String const&) @ 0x000000001276578a in /usr/bin/clickhouse
3. zkutil::ZooKeeperArgs::initFromKeeperSection(Poco::Util::AbstractConfiguration const&, String const&) @ 0x0000000013813c10 in /usr/bin/clickhouse
4. zkutil::ZooKeeperArgs::ZooKeeperArgs(Poco::Util::AbstractConfiguration const&, String const&) @ 0x000000001380f986 in /usr/bin/clickhouse
5. zkutil::ZooKeeper::ZooKeeper(Poco::Util::AbstractConfiguration const&, String const&, std::shared_ptr<DB::ZooKeeperLog>) @ 0x00000000137e48cc in /usr/bin/clickhouse
6. DB::Context::getZooKeeper() const @ 0x000000001164aa4a in /usr/bin/clickhouse
7. DB::DDLWorker::getAndSetZooKeeper() @ 0x00000000116cc32d in /usr/bin/clickhouse
8. DB::DDLWorker::initializeMainThread() @ 0x00000000116dca3b in /usr/bin/clickhouse
9. DB::DDLWorker::runMainThread() @ 0x00000000116c73c0 in /usr/bin/clickhouse
10. void std::__function::__policy_invoker<void ()>::__call_impl<std::__function::__default_alloc_func<ThreadFromGlobalPoolImpl<true>::ThreadFromGlobalPoolImpl<void (DB::DDLWorker::*)(), DB::DDLWorker*>(void (DB::DDLWorker::*&&)(), DB::DDLWorker*&&)::'lambda'(), void ()>>(std::__function::__policy_storage const*) @ 0x00000000116ddb4c in /usr/bin/clickhouse
11. void* std::__thread_proxy[abi:v15000]<std::tuple<std::unique_ptr<std::__thread_struct, std::default_delete<std::__thread_struct>>, void ThreadPoolImpl<std::thread>::scheduleImpl<void>(std::function<void ()>, Priority, std::optional<unsigned long>, bool)::'lambda0'()>>(void*) @ 0x000000000c706104 in /usr/bin/clickhouse
12. ? @ 0x00007d5a69da9609 in ?
13. ? @ 0x00007d5a69cce353 in ?
 (version 23.8.16.16 (official build)). Failed to start DDLWorker.
2026.03.18 20:32:31.426874 [ 284 ] {} <Error> virtual bool DB::DDLWorker::initializeMainThread(): Code: 999. Coordination::Exception: Unknown key host in config file. (KEEPER_EXCEPTION), Stack trace (when copying this message, always include the lines below):

0. DB::Exception::Exception(DB::Exception::MessageMasked&&, int, bool) @ 0x000000000c6251d7 in /usr/bin/clickhouse
1. DB::Exception::Exception<String const&>(int, FormatStringHelperImpl<std::type_identity<String const&>::type>, String const&) @ 0x00000000074ae38d in /usr/bin/clickhouse
2. Coordination::Exception::Exception<String const&>(Coordination::Error, FormatStringHelperImpl<std::type_identity<String const&>::type>, String const&) @ 0x000000001276578a in /usr/bin/clickhouse
3. zkutil::ZooKeeperArgs::initFromKeeperSection(Poco::Util::AbstractConfiguration const&, String const&) @ 0x0000000013813c10 in /usr/bin/clickhouse
4. zkutil::ZooKeeperArgs::ZooKeeperArgs(Poco::Util::AbstractConfiguration const&, String const&) @ 0x000000001380f986 in /usr/bin/clickhouse
5. zkutil::ZooKeeper::ZooKeeper(Poco::Util::AbstractConfiguration const&, String const&, std::shared_ptr<DB::ZooKeeperLog>) @ 0x00000000137e48cc in /usr/bin/clickhouse
6. DB::Context::getZooKeeper() const @ 0x000000001164aa4a in /usr/bin/clickhouse
7. DB::DDLWorker::getAndSetZooKeeper() @ 0x00000000116cc32d in /usr/bin/clickhouse
8. DB::DDLWorker::initializeMainThread() @ 0x00000000116dca3b in /usr/bin/clickhouse
9. DB::DDLWorker::runMainThread() @ 0x00000000116c73c0 in /usr/bin/clickhouse
10. void std::__function::__policy_invoker<void ()>::__call_impl<std::__function::__default_alloc_func<ThreadFromGlobalPoolImpl<true>::ThreadFromGlobalPoolImpl<void (DB::DDLWorker::*)(), DB::DDLWorker*>(void (DB::DDLWorker::*&&)(), DB::DDLWorker*&&)::'lambda'(), void ()>>(std::__function::__policy_storage const*) @ 0x00000000116ddb4c in /usr/bin/clickhouse
11. void* std::__thread_proxy[abi:v15000]<std::tuple<std::unique_ptr<std::__thread_struct, std::default_delete<std::__thread_struct>>, void ThreadPoolImpl<std::thread>::scheduleImpl<void>(std::function<void ()>, Priority, std::optional<unsigned long>, bool)::'lambda0'()>>(void*) @ 0x000000000c706104 in /usr/bin/clickhouse
12. ? @ 0x00007d5a69da9609 in ?
13. ? @ 0x00007d5a69cce353 in ?
 (version 23.8.16.16 (official build))
2026.03.18 20:32:36.428310 [ 284 ] {} <Error> DDLWorker: ZooKeeper error: Code: 999. Coordination::Exception: Unknown key host in config file. (KEEPER_EXCEPTION), Stack trace (when copying this message, always include the lines below):

0. DB::Exception::Exception(DB::Exception::MessageMasked&&, int, bool) @ 0x000000000c6251d7 in /usr/bin/clickhouse
1. DB::Exception::Exception<String const&>(int, FormatStringHelperImpl<std::type_identity<String const&>::type>, String const&) @ 0x00000000074ae38d in /usr/bin/clickhouse
2. Coordination::Exception::Exception<String const&>(Coordination::Error, FormatStringHelperImpl<std::type_identity<String const&>::type>, String const&) @ 0x000000001276578a in /usr/bin/clickhouse
3. zkutil::ZooKeeperArgs::initFromKeeperSection(Poco::Util::AbstractConfiguration const&, String const&) @ 0x0000000013813c10 in /usr/bin/clickhouse
4. zkutil::ZooKeeperArgs::ZooKeeperArgs(Poco::Util::AbstractConfiguration const&, String const&) @ 0x000000001380f986 in /usr/bin/clickhouse
5. zkutil::ZooKeeper::ZooKeeper(Poco::Util::AbstractConfiguration const&, String const&, std::shared_ptr<DB::ZooKeeperLog>) @ 0x00000000137e48cc in /usr/bin/clickhouse
6. DB::Context::getZooKeeper() const @ 0x000000001164aa4a in /usr/bin/clickhouse
7. DB::DDLWorker::getAndSetZooKeeper() @ 0x00000000116cc32d in /usr/bin/clickhouse
8. DB::DDLWorker::initializeMainThread() @ 0x00000000116dca3b in /usr/bin/clickhouse
9. DB::DDLWorker::runMainThread() @ 0x00000000116c73c0 in /usr/bin/clickhouse
10. void std::__function::__policy_invoker<void ()>::__call_impl<std::__function::__default_alloc_func<ThreadFromGlobalPoolImpl<true>::ThreadFromGlobalPoolImpl<void (DB::DDLWorker::*)(), DB::DDLWorker*>(void (DB::DDLWorker::*&&)(), DB::DDLWorker*&&)::'lambda'(), void ()>>(std::__function::__policy_storage const*) @ 0x00000000116ddb4c in /usr/bin/clickhouse
11. void* std::__thread_proxy[abi:v15000]<std::tuple<std::unique_ptr<std::__thread_struct, std::default_delete<std::__thread_struct>>, void ThreadPoolImpl<std::thread>::scheduleImpl<void>(std::function<void ()>, Priority, std::optional<unsigned long>, bool)::'lambda0'()>>(void*) @ 0x000000000c706104 in /usr/bin/clickhouse
12. ? @ 0x00007d5a69da9609 in ?
13. ? @ 0x00007d5a69cce353 in ?
 (version 23.8.16.16 (official build)). Failed to start DDLWorker.
2026.03.18 20:32:36.428379 [ 284 ] {} <Error> virtual bool DB::DDLWorker::initializeMainThread(): Code: 999. Coordination::Exception: Unknown key host in config file. (KEEPER_EXCEPTION), Stack trace (when copying this message, always include the lines below):

0. DB::Exception::Exception(DB::Exception::MessageMasked&&, int, bool) @ 0x000000000c6251d7 in /usr/bin/clickhouse
1. DB::Exception::Exception<String const&>(int, FormatStringHelperImpl<std::type_identity<String const&>::type>, String const&) @ 0x00000000074ae38d in /usr/bin/clickhouse
2. Coordination::Exception::Exception<String const&>(Coordination::Error, FormatStringHelperImpl<std::type_identity<String const&>::type>, String const&) @ 0x000000001276578a in /usr/bin/clickhouse
3. zkutil::ZooKeeperArgs::initFromKeeperSection(Poco::Util::AbstractConfiguration const&, String const&) @ 0x0000000013813c10 in /usr/bin/clickhouse
4. zkutil::ZooKeeperArgs::ZooKeeperArgs(Poco::Util::AbstractConfiguration const&, String const&) @ 0x000000001380f986 in /usr/bin/clickhouse
5. zkutil::ZooKeeper::ZooKeeper(Poco::Util::AbstractConfiguration const&, String const&, std::shared_ptr<DB::ZooKeeperLog>) @ 0x00000000137e48cc in /usr/bin/clickhouse
6. DB::Context::getZooKeeper() const @ 0x000000001164aa4a in /usr/bin/clickhouse
7. DB::DDLWorker::getAndSetZooKeeper() @ 0x00000000116cc32d in /usr/bin/clickhouse
8. DB::DDLWorker::initializeMainThread() @ 0x00000000116dca3b in /usr/bin/clickhouse
9. DB::DDLWorker::runMainThread() @ 0x00000000116c73c0 in /usr/bin/clickhouse
10. void std::__function::__policy_invoker<void ()>::__call_impl<std::__function::__default_alloc_func<ThreadFromGlobalPoolImpl<true>::ThreadFromGlobalPoolImpl<void (DB::DDLWorker::*)(), DB::DDLWorker*>(void (DB::DDLWorker::*&&)(), DB::DDLWorker*&&)::'lambda'(), void ()>>(std::__function::__policy_storage const*) @ 0x00000000116ddb4c in /usr/bin/clickhouse
11. void* std::__thread_proxy[abi:v15000]<std::tuple<std::unique_ptr<std::__thread_struct, std::default_delete<std::__thread_struct>>, void ThreadPoolImpl<std::thread>::scheduleImpl<void>(std::function<void ()>, Priority, std::optional<unsigned long>, bool)::'lambda0'()>>(void*) @ 0x000000000c706104 in /usr/bin/clickhouse
12. ? @ 0x00007d5a69da9609 in ?
13. ? @ 0x00007d5a69cce353 in ?
 (version 23.8.16.16 (official build))
2026.03.18 20:32:41.428738 [ 284 ] {} <Error> DDLWorker: ZooKeeper error: Code: 999. Coordination::Exception: Unknown key host in config file. (KEEPER_EXCEPTION), Stack trace (when copying this message, always include the lines below):

0. DB::Exception::Exception(DB::Exception::MessageMasked&&, int, bool) @ 0x000000000c6251d7 in /usr/bin/clickhouse
1. DB::Exception::Exception<String const&>(int, FormatStringHelperImpl<std::type_identity<String const&>::type>, String const&) @ 0x00000000074ae38d in /usr/bin/clickhouse
2. Coordination::Exception::Exception<String const&>(Coordination::Error, FormatStringHelperImpl<std::type_identity<String const&>::type>, String const&) @ 0x000000001276578a in /usr/bin/clickhouse
3. zkutil::ZooKeeperArgs::initFromKeeperSection(Poco::Util::AbstractConfiguration const&, String const&) @ 0x0000000013813c10 in /usr/bin/clickhouse
4. zkutil::ZooKeeperArgs::ZooKeeperArgs(Poco::Util::AbstractConfiguration const&, String const&) @ 0x000000001380f986 in /usr/bin/clickhouse
5. zkutil::ZooKeeper::ZooKeeper(Poco::Util::AbstractConfiguration const&, String const&, std::shared_ptr<DB::ZooKeeperLog>) @ 0x00000000137e48cc in /usr/bin/clickhouse
6. DB::Context::getZooKeeper() const @ 0x000000001164aa4a in /usr/bin/clickhouse
7. DB::DDLWorker::getAndSetZooKeeper() @ 0x00000000116cc32d in /usr/bin/clickhouse
8. DB::DDLWorker::initializeMainThread() @ 0x00000000116dca3b in /usr/bin/clickhouse
9. DB::DDLWorker::runMainThread() @ 0x00000000116c73c0 in /usr/bin/clickhouse
10. void std::__function::__policy_invoker<void ()>::__call_impl<std::__function::__default_alloc_func<ThreadFromGlobalPoolImpl<true>::ThreadFromGlobalPoolImpl<void (DB::DDLWorker::*)(), DB::DDLWorker*>(void (DB::DDLWorker::*&&)(), DB::DDLWorker*&&)::'lambda'(), void ()>>(std::__function::__policy_storage const*) @ 0x00000000116ddb4c in /usr/bin/clickhouse
11. void* std::__thread_proxy[abi:v15000]<std::tuple<std::unique_ptr<std::__thread_struct, std::default_delete<std::__thread_struct>>, void ThreadPoolImpl<std::thread>::scheduleImpl<void>(std::function<void ()>, Priority, std::optional<unsigned long>, bool)::'lambda0'()>>(void*) @ 0x000000000c706104 in /usr/bin/clickhouse
12. ? @ 0x00007d5a69da9609 in ?
13. ? @ 0x00007d5a69cce353 in ?
 (version 23.8.16.16 (official build)). Failed to start DDLWorker.
2026.03.18 20:32:41.428931 [ 284 ] {} <Error> virtual bool DB::DDLWorker::initializeMainThread(): Code: 999. Coordination::Exception: Unknown key host in config file. (KEEPER_EXCEPTION), Stack trace (when copying this message, always include the lines below):

0. DB::Exception::Exception(DB::Exception::MessageMasked&&, int, bool) @ 0x000000000c6251d7 in /usr/bin/clickhouse
1. DB::Exception::Exception<String const&>(int, FormatStringHelperImpl<std::type_identity<String const&>::type>, String const&) @ 0x00000000074ae38d in /usr/bin/clickhouse
2. Coordination::Exception::Exception<String const&>(Coordination::Error, FormatStringHelperImpl<std::type_identity<String const&>::type>, String const&) @ 0x000000001276578a in /usr/bin/clickhouse
3. zkutil::ZooKeeperArgs::initFromKeeperSection(Poco::Util::AbstractConfiguration const&, String const&) @ 0x0000000013813c10 in /usr/bin/clickhouse
4. zkutil::ZooKeeperArgs::ZooKeeperArgs(Poco::Util::AbstractConfiguration const&, String const&) @ 0x000000001380f986 in /usr/bin/clickhouse
5. zkutil::ZooKeeper::ZooKeeper(Poco::Util::AbstractConfiguration const&, String const&, std::shared_ptr<DB::ZooKeeperLog>) @ 0x00000000137e48cc in /usr/bin/clickhouse
6. DB::Context::getZooKeeper() const @ 0x000000001164aa4a in /usr/bin/clickhouse
7. DB::DDLWorker::getAndSetZooKeeper() @ 0x00000000116cc32d in /usr/bin/clickhouse
8. DB::DDLWorker::initializeMainThread() @ 0x00000000116dca3b in /usr/bin/clickhouse
9. DB::DDLWorker::runMainThread() @ 0x00000000116c73c0 in /usr/bin/clickhouse
10. void std::__function::__policy_invoker<void ()>::__call_impl<std::__function::__default_alloc_func<ThreadFromGlobalPoolImpl<true>::ThreadFromGlobalPoolImpl<void (DB::DDLWorker::*)(), DB::DDLWorker*>(void (DB::DDLWorker::*&&)(), DB::DDLWorker*&&)::'lambda'(), void ()>>(std::__function::__policy_storage const*) @ 0x00000000116ddb4c in /usr/bin/clickhouse
11. void* std::__thread_proxy[abi:v15000]<std::tuple<std::unique_ptr<std::__thread_struct, std::default_delete<std::__thread_struct>>, void ThreadPoolImpl<std::thread>::scheduleImpl<void>(std::function<void ()>, Priority, std::optional<unsigned long>, bool)::'lambda0'()>>(void*) @ 0x000000000c706104 in /usr/bin/clickhouse
12. ? @ 0x00007d5a69da9609 in ?
13. ? @ 0x00007d5a69cce353 in ?
 (version 23.8.16.16 (official build))
2026.03.18 20:32:46.430200 [ 284 ] {} <Error> DDLWorker: ZooKeeper error: Code: 999. Coordination::Exception: Unknown key host in config file. (KEEPER_EXCEPTION), Stack trace (when copying this message, always include the lines below):

0. DB::Exception::Exception(DB::Exception::MessageMasked&&, int, bool) @ 0x000000000c6251d7 in /usr/bin/clickhouse
1. DB::Exception::Exception<String const&>(int, FormatStringHelperImpl<std::type_identity<String const&>::type>, String const&) @ 0x00000000074ae38d in /usr/bin/clickhouse
2. Coordination::Exception::Exception<String const&>(Coordination::Error, FormatStringHelperImpl<std::type_identity<String const&>::type>, String const&) @ 0x000000001276578a in /usr/bin/clickhouse
3. zkutil::ZooKeeperArgs::initFromKeeperSection(Poco::Util::AbstractConfiguration const&, String const&) @ 0x0000000013813c10 in /usr/bin/clickhouse
4. zkutil::ZooKeeperArgs::ZooKeeperArgs(Poco::Util::AbstractConfiguration const&, String const&) @ 0x000000001380f986 in /usr/bin/clickhouse
5. zkutil::ZooKeeper::ZooKeeper(Poco::Util::AbstractConfiguration const&, String const&, std::shared_ptr<DB::ZooKeeperLog>) @ 0x00000000137e48cc in /usr/bin/clickhouse
6. DB::Context::getZooKeeper() const @ 0x000000001164aa4a in /usr/bin/clickhouse
7. DB::DDLWorker::getAndSetZooKeeper() @ 0x00000000116cc32d in /usr/bin/clickhouse
8. DB::DDLWorker::initializeMainThread() @ 0x00000000116dca3b in /usr/bin/clickhouse
9. DB::DDLWorker::runMainThread() @ 0x00000000116c73c0 in /usr/bin/clickhouse
10. void std::__function::__policy_invoker<void ()>::__call_impl<std::__function::__default_alloc_func<ThreadFromGlobalPoolImpl<true>::ThreadFromGlobalPoolImpl<void (DB::DDLWorker::*)(), DB::DDLWorker*>(void (DB::DDLWorker::*&&)(), DB::DDLWorker*&&)::'lambda'(), void ()>>(std::__function::__policy_storage const*) @ 0x00000000116ddb4c in /usr/bin/clickhouse
11. void* std::__thread_proxy[abi:v15000]<std::tuple<std::unique_ptr<std::__thread_struct, std::default_delete<std::__thread_struct>>, void ThreadPoolImpl<std::thread>::scheduleImpl<void>(std::function<void ()>, Priority, std::optional<unsigned long>, bool)::'lambda0'()>>(void*) @ 0x000000000c706104 in /usr/bin/clickhouse
12. ? @ 0x00007d5a69da9609 in ?
13. ? @ 0x00007d5a69cce353 in ?
 (version 23.8.16.16 (official build)). Failed to start DDLWorker.
2026.03.18 20:32:46.430273 [ 284 ] {} <Error> virtual bool DB::DDLWorker::initializeMainThread(): Code: 999. Coordination::Exception: Unknown key host in config file. (KEEPER_EXCEPTION), Stack trace (when copying this message, always include the lines below):

0. DB::Exception::Exception(DB::Exception::MessageMasked&&, int, bool) @ 0x000000000c6251d7 in /usr/bin/clickhouse
1. DB::Exception::Exception<String const&>(int, FormatStringHelperImpl<std::type_identity<String const&>::type>, String const&) @ 0x00000000074ae38d in /usr/bin/clickhouse
2. Coordination::Exception::Exception<String const&>(Coordination::Error, FormatStringHelperImpl<std::type_identity<String const&>::type>, String const&) @ 0x000000001276578a in /usr/bin/clickhouse
3. zkutil::ZooKeeperArgs::initFromKeeperSection(Poco::Util::AbstractConfiguration const&, String const&) @ 0x0000000013813c10 in /usr/bin/clickhouse
4. zkutil::ZooKeeperArgs::ZooKeeperArgs(Poco::Util::AbstractConfiguration const&, String const&) @ 0x000000001380f986 in /usr/bin/clickhouse
5. zkutil::ZooKeeper::ZooKeeper(Poco::Util::AbstractConfiguration const&, String const&, std::shared_ptr<DB::ZooKeeperLog>) @ 0x00000000137e48cc in /usr/bin/clickhouse
6. DB::Context::getZooKeeper() const @ 0x000000001164aa4a in /usr/bin/clickhouse
7. DB::DDLWorker::getAndSetZooKeeper() @ 0x00000000116cc32d in /usr/bin/clickhouse
8. DB::DDLWorker::initializeMainThread() @ 0x00000000116dca3b in /usr/bin/clickhouse
9. DB::DDLWorker::runMainThread() @ 0x00000000116c73c0 in /usr/bin/clickhouse
10. void std::__function::__policy_invoker<void ()>::__call_impl<std::__function::__default_alloc_func<ThreadFromGlobalPoolImpl<true>::ThreadFromGlobalPoolImpl<void (DB::DDLWorker::*)(), DB::DDLWorker*>(void (DB::DDLWorker::*&&)(), DB::DDLWorker*&&)::'lambda'(), void ()>>(std::__function::__policy_storage const*) @ 0x00000000116ddb4c in /usr/bin/clickhouse
11. void* std::__thread_proxy[abi:v15000]<std::tuple<std::unique_ptr<std::__thread_struct, std::default_delete<std::__thread_struct>>, void ThreadPoolImpl<std::thread>::scheduleImpl<void>(std::function<void ()>, Priority, std::optional<unsigned long>, bool)::'lambda0'()>>(void*) @ 0x000000000c706104 in /usr/bin/clickhouse
12. ? @ 0x00007d5a69da9609 in ?
13. ? @ 0x00007d5a69cce353 in ?
 (version 23.8.16.16 (official build))
2026.03.18 20:32:51.432499 [ 284 ] {} <Error> DDLWorker: ZooKeeper error: Code: 999. Coordination::Exception: Unknown key host in config file. (KEEPER_EXCEPTION), Stack trace (when copying this message, always include the lines below):

0. DB::Exception::Exception(DB::Exception::MessageMasked&&, int, bool) @ 0x000000000c6251d7 in /usr/bin/clickhouse
1. DB::Exception::Exception<String const&>(int, FormatStringHelperImpl<std::type_identity<String const&>::type>, String const&) @ 0x00000000074ae38d in /usr/bin/clickhouse
2. Coordination::Exception::Exception<String const&>(Coordination::Error, FormatStringHelperImpl<std::type_identity<String const&>::type>, String const&) @ 0x000000001276578a in /usr/bin/clickhouse
3. zkutil::ZooKeeperArgs::initFromKeeperSection(Poco::Util::AbstractConfiguration const&, String const&) @ 0x0000000013813c10 in /usr/bin/clickhouse
4. zkutil::ZooKeeperArgs::ZooKeeperArgs(Poco::Util::AbstractConfiguration const&, String const&) @ 0x000000001380f986 in /usr/bin/clickhouse
5. zkutil::ZooKeeper::ZooKeeper(Poco::Util::AbstractConfiguration const&, String const&, std::shared_ptr<DB::ZooKeeperLog>) @ 0x00000000137e48cc in /usr/bin/clickhouse
6. DB::Context::getZooKeeper() const @ 0x000000001164aa4a in /usr/bin/clickhouse
7. DB::DDLWorker::getAndSetZooKeeper() @ 0x00000000116cc32d in /usr/bin/clickhouse
8. DB::DDLWorker::initializeMainThread() @ 0x00000000116dca3b in /usr/bin/clickhouse
9. DB::DDLWorker::runMainThread() @ 0x00000000116c73c0 in /usr/bin/clickhouse
10. void std::__function::__policy_invoker<void ()>::__call_impl<std::__function::__default_alloc_func<ThreadFromGlobalPoolImpl<true>::ThreadFromGlobalPoolImpl<void (DB::DDLWorker::*)(), DB::DDLWorker*>(void (DB::DDLWorker::*&&)(), DB::DDLWorker*&&)::'lambda'(), void ()>>(std::__function::__policy_storage const*) @ 0x00000000116ddb4c in /usr/bin/clickhouse
11. void* std::__thread_proxy[abi:v15000]<std::tuple<std::unique_ptr<std::__thread_struct, std::default_delete<std::__thread_struct>>, void ThreadPoolImpl<std::thread>::scheduleImpl<void>(std::function<void ()>, Priority, std::optional<unsigned long>, bool)::'lambda0'()>>(void*) @ 0x000000000c706104 in /usr/bin/clickhouse
12. ? @ 0x00007d5a69da9609 in ?
13. ? @ 0x00007d5a69cce353 in ?
 (version 23.8.16.16 (official build)). Failed to start DDLWorker.
2026.03.18 20:32:51.432581 [ 284 ] {} <Error> virtual bool DB::DDLWorker::initializeMainThread(): Code: 999. Coordination::Exception: Unknown key host in config file. (KEEPER_EXCEPTION), Stack trace (when copying this message, always include the lines below):

0. DB::Exception::Exception(DB::Exception::MessageMasked&&, int, bool) @ 0x000000000c6251d7 in /usr/bin/clickhouse
1. DB::Exception::Exception<String const&>(int, FormatStringHelperImpl<std::type_identity<String const&>::type>, String const&) @ 0x00000000074ae38d in /usr/bin/clickhouse
2. Coordination::Exception::Exception<String const&>(Coordination::Error, FormatStringHelperImpl<std::type_identity<String const&>::type>, String const&) @ 0x000000001276578a in /usr/bin/clickhouse
3. zkutil::ZooKeeperArgs::initFromKeeperSection(Poco::Util::AbstractConfiguration const&, String const&) @ 0x0000000013813c10 in /usr/bin/clickhouse
4. zkutil::ZooKeeperArgs::ZooKeeperArgs(Poco::Util::AbstractConfiguration const&, String const&) @ 0x000000001380f986 in /usr/bin/clickhouse
5. zkutil::ZooKeeper::ZooKeeper(Poco::Util::AbstractConfiguration const&, String const&, std::shared_ptr<DB::ZooKeeperLog>) @ 0x00000000137e48cc in /usr/bin/clickhouse
6. DB::Context::getZooKeeper() const @ 0x000000001164aa4a in /usr/bin/clickhouse
7. DB::DDLWorker::getAndSetZooKeeper() @ 0x00000000116cc32d in /usr/bin/clickhouse
8. DB::DDLWorker::initializeMainThread() @ 0x00000000116dca3b in /usr/bin/clickhouse
9. DB::DDLWorker::runMainThread() @ 0x00000000116c73c0 in /usr/bin/clickhouse
10. void std::__function::__policy_invoker<void ()>::__call_impl<std::__function::__default_alloc_func<ThreadFromGlobalPoolImpl<true>::ThreadFromGlobalPoolImpl<void (DB::DDLWorker::*)(), DB::DDLWorker*>(void (DB::DDLWorker::*&&)(), DB::DDLWorker*&&)::'lambda'(), void ()>>(std::__function::__policy_storage const*) @ 0x00000000116ddb4c in /usr/bin/clickhouse
11. void* std::__thread_proxy[abi:v15000]<std::tuple<std::unique_ptr<std::__thread_struct, std::default_delete<std::__thread_struct>>, void ThreadPoolImpl<std::thread>::scheduleImpl<void>(std::function<void ()>, Priority, std::optional<unsigned long>, bool)::'lambda0'()>>(void*) @ 0x000000000c706104 in /usr/bin/clickhouse
12. ? @ 0x00007d5a69da9609 in ?
13. ? @ 0x00007d5a69cce353 in ?
 (version 23.8.16.16 (official build))
2026.03.18 20:32:56.433561 [ 284 ] {} <Error> DDLWorker: ZooKeeper error: Code: 999. Coordination::Exception: Unknown key host in config file. (KEEPER_EXCEPTION), Stack trace (when copying this message, always include the lines below):

0. DB::Exception::Exception(DB::Exception::MessageMasked&&, int, bool) @ 0x000000000c6251d7 in /usr/bin/clickhouse
1. DB::Exception::Exception<String const&>(int, FormatStringHelperImpl<std::type_identity<String const&>::type>, String const&) @ 0x00000000074ae38d in /usr/bin/clickhouse
2. Coordination::Exception::Exception<String const&>(Coordination::Error, FormatStringHelperImpl<std::type_identity<String const&>::type>, String const&) @ 0x000000001276578a in /usr/bin/clickhouse
3. zkutil::ZooKeeperArgs::initFromKeeperSection(Poco::Util::AbstractConfiguration const&, String const&) @ 0x0000000013813c10 in /usr/bin/clickhouse
4. zkutil::ZooKeeperArgs::ZooKeeperArgs(Poco::Util::AbstractConfiguration const&, String const&) @ 0x000000001380f986 in /usr/bin/clickhouse
5. zkutil::ZooKeeper::ZooKeeper(Poco::Util::AbstractConfiguration const&, String const&, std::shared_ptr<DB::ZooKeeperLog>) @ 0x00000000137e48cc in /usr/bin/clickhouse
6. DB::Context::getZooKeeper() const @ 0x000000001164aa4a in /usr/bin/clickhouse
7. DB::DDLWorker::getAndSetZooKeeper() @ 0x00000000116cc32d in /usr/bin/clickhouse
8. DB::DDLWorker::initializeMainThread() @ 0x00000000116dca3b in /usr/bin/clickhouse
9. DB::DDLWorker::runMainThread() @ 0x00000000116c73c0 in /usr/bin/clickhouse
10. void std::__function::__policy_invoker<void ()>::__call_impl<std::__function::__default_alloc_func<ThreadFromGlobalPoolImpl<true>::ThreadFromGlobalPoolImpl<void (DB::DDLWorker::*)(), DB::DDLWorker*>(void (DB::DDLWorker::*&&)(), DB::DDLWorker*&&)::'lambda'(), void ()>>(std::__function::__policy_storage const*) @ 0x00000000116ddb4c in /usr/bin/clickhouse
11. void* std::__thread_proxy[abi:v15000]<std::tuple<std::unique_ptr<std::__thread_struct, std::default_delete<std::__thread_struct>>, void ThreadPoolImpl<std::thread>::scheduleImpl<void>(std::function<void ()>, Priority, std::optional<unsigned long>, bool)::'lambda0'()>>(void*) @ 0x000000000c706104 in /usr/bin/clickhouse
12. ? @ 0x00007d5a69da9609 in ?
13. ? @ 0x00007d5a69cce353 in ?
 (version 23.8.16.16 (official build)). Failed to start DDLWorker.
2026.03.18 20:32:56.433638 [ 284 ] {} <Error> virtual bool DB::DDLWorker::initializeMainThread(): Code: 999. Coordination::Exception: Unknown key host in config file. (KEEPER_EXCEPTION), Stack trace (when copying this message, always include the lines below):

0. DB::Exception::Exception(DB::Exception::MessageMasked&&, int, bool) @ 0x000000000c6251d7 in /usr/bin/clickhouse
1. DB::Exception::Exception<String const&>(int, FormatStringHelperImpl<std::type_identity<String const&>::type>, String const&) @ 0x00000000074ae38d in /usr/bin/clickhouse
2. Coordination::Exception::Exception<String const&>(Coordination::Error, FormatStringHelperImpl<std::type_identity<String const&>::type>, String const&) @ 0x000000001276578a in /usr/bin/clickhouse
3. zkutil::ZooKeeperArgs::initFromKeeperSection(Poco::Util::AbstractConfiguration const&, String const&) @ 0x0000000013813c10 in /usr/bin/clickhouse
4. zkutil::ZooKeeperArgs::ZooKeeperArgs(Poco::Util::AbstractConfiguration const&, String const&) @ 0x000000001380f986 in /usr/bin/clickhouse
5. zkutil::ZooKeeper::ZooKeeper(Poco::Util::AbstractConfiguration const&, String const&, std::shared_ptr<DB::ZooKeeperLog>) @ 0x00000000137e48cc in /usr/bin/clickhouse
6. DB::Context::getZooKeeper() const @ 0x000000001164aa4a in /usr/bin/clickhouse
7. DB::DDLWorker::getAndSetZooKeeper() @ 0x00000000116cc32d in /usr/bin/clickhouse
8. DB::DDLWorker::initializeMainThread() @ 0x00000000116dca3b in /usr/bin/clickhouse
9. DB::DDLWorker::runMainThread() @ 0x00000000116c73c0 in /usr/bin/clickhouse
10. void std::__function::__policy_invoker<void ()>::__call_impl<std::__function::__default_alloc_func<ThreadFromGlobalPoolImpl<true>::ThreadFromGlobalPoolImpl<void (DB::DDLWorker::*)(), DB::DDLWorker*>(void (DB::DDLWorker::*&&)(), DB::DDLWorker*&&)::'lambda'(), void ()>>(std::__function::__policy_storage const*) @ 0x00000000116ddb4c in /usr/bin/clickhouse
11. void* std::__thread_proxy[abi:v15000]<std::tuple<std::unique_ptr<std::__thread_struct, std::default_delete<std::__thread_struct>>, void ThreadPoolImpl<std::thread>::scheduleImpl<void>(std::function<void ()>, Priority, std::optional<unsigned long>, bool)::'lambda0'()>>(void*) @ 0x000000000c706104 in /usr/bin/clickhouse
12. ? @ 0x00007d5a69da9609 in ?
13. ? @ 0x00007d5a69cce353 in ?
 (version 23.8.16.16 (official build))
2026.03.18 20:33:01.434135 [ 284 ] {} <Error> DDLWorker: ZooKeeper error: Code: 999. Coordination::Exception: Unknown key host in config file. (KEEPER_EXCEPTION), Stack trace (when copying this message, always include the lines below):

0. DB::Exception::Exception(DB::Exception::MessageMasked&&, int, bool) @ 0x000000000c6251d7 in /usr/bin/clickhouse
1. DB::Exception::Exception<String const&>(int, FormatStringHelperImpl<std::type_identity<String const&>::type>, String const&) @ 0x00000000074ae38d in /usr/bin/clickhouse
2. Coordination::Exception::Exception<String const&>(Coordination::Error, FormatStringHelperImpl<std::type_identity<String const&>::type>, String const&) @ 0x000000001276578a in /usr/bin/clickhouse
3. zkutil::ZooKeeperArgs::initFromKeeperSection(Poco::Util::AbstractConfiguration const&, String const&) @ 0x0000000013813c10 in /usr/bin/clickhouse
4. zkutil::ZooKeeperArgs::ZooKeeperArgs(Poco::Util::AbstractConfiguration const&, String const&) @ 0x000000001380f986 in /usr/bin/clickhouse
5. zkutil::ZooKeeper::ZooKeeper(Poco::Util::AbstractConfiguration const&, String const&, std::shared_ptr<DB::ZooKeeperLog>) @ 0x00000000137e48cc in /usr/bin/clickhouse
6. DB::Context::getZooKeeper() const @ 0x000000001164aa4a in /usr/bin/clickhouse
7. DB::DDLWorker::getAndSetZooKeeper() @ 0x00000000116cc32d in /usr/bin/clickhouse
8. DB::DDLWorker::initializeMainThread() @ 0x00000000116dca3b in /usr/bin/clickhouse
9. DB::DDLWorker::runMainThread() @ 0x00000000116c73c0 in /usr/bin/clickhouse
10. void std::__function::__policy_invoker<void ()>::__call_impl<std::__function::__default_alloc_func<ThreadFromGlobalPoolImpl<true>::ThreadFromGlobalPoolImpl<void (DB::DDLWorker::*)(), DB::DDLWorker*>(void (DB::DDLWorker::*&&)(), DB::DDLWorker*&&)::'lambda'(), void ()>>(std::__function::__policy_storage const*) @ 0x00000000116ddb4c in /usr/bin/clickhouse
11. void* std::__thread_proxy[abi:v15000]<std::tuple<std::unique_ptr<std::__thread_struct, std::default_delete<std::__thread_struct>>, void ThreadPoolImpl<std::thread>::scheduleImpl<void>(std::function<void ()>, Priority, std::optional<unsigned long>, bool)::'lambda0'()>>(void*) @ 0x000000000c706104 in /usr/bin/clickhouse
12. ? @ 0x00007d5a69da9609 in ?
13. ? @ 0x00007d5a69cce353 in ?
 (version 23.8.16.16 (official build)). Failed to start DDLWorker.
2026.03.18 20:33:01.434196 [ 284 ] {} <Error> virtual bool DB::DDLWorker::initializeMainThread(): Code: 999. Coordination::Exception: Unknown key host in config file. (KEEPER_EXCEPTION), Stack trace (when copying this message, always include the lines below):

0. DB::Exception::Exception(DB::Exception::MessageMasked&&, int, bool) @ 0x000000000c6251d7 in /usr/bin/clickhouse
1. DB::Exception::Exception<String const&>(int, FormatStringHelperImpl<std::type_identity<String const&>::type>, String const&) @ 0x00000000074ae38d in /usr/bin/clickhouse
2. Coordination::Exception::Exception<String const&>(Coordination::Error, FormatStringHelperImpl<std::type_identity<String const&>::type>, String const&) @ 0x000000001276578a in /usr/bin/clickhouse
3. zkutil::ZooKeeperArgs::initFromKeeperSection(Poco::Util::AbstractConfiguration const&, String const&) @ 0x0000000013813c10 in /usr/bin/clickhouse
4. zkutil::ZooKeeperArgs::ZooKeeperArgs(Poco::Util::AbstractConfiguration const&, String const&) @ 0x000000001380f986 in /usr/bin/clickhouse
5. zkutil::ZooKeeper::ZooKeeper(Poco::Util::AbstractConfiguration const&, String const&, std::shared_ptr<DB::ZooKeeperLog>) @ 0x00000000137e48cc in /usr/bin/clickhouse
6. DB::Context::getZooKeeper() const @ 0x000000001164aa4a in /usr/bin/clickhouse
7. DB::DDLWorker::getAndSetZooKeeper() @ 0x00000000116cc32d in /usr/bin/clickhouse
8. DB::DDLWorker::initializeMainThread() @ 0x00000000116dca3b in /usr/bin/clickhouse
9. DB::DDLWorker::runMainThread() @ 0x00000000116c73c0 in /usr/bin/clickhouse
10. void std::__function::__policy_invoker<void ()>::__call_impl<std::__function::__default_alloc_func<ThreadFromGlobalPoolImpl<true>::ThreadFromGlobalPoolImpl<void (DB::DDLWorker::*)(), DB::DDLWorker*>(void (DB::DDLWorker::*&&)(), DB::DDLWorker*&&)::'lambda'(), void ()>>(std::__function::__policy_storage const*) @ 0x00000000116ddb4c in /usr/bin/clickhouse
11. void* std::__thread_proxy[abi:v15000]<std::tuple<std::unique_ptr<std::__thread_struct, std::default_delete<std::__thread_struct>>, void ThreadPoolImpl<std::thread>::scheduleImpl<void>(std::function<void ()>, Priority, std::optional<unsigned long>, bool)::'lambda0'()>>(void*) @ 0x000000000c706104 in /usr/bin/clickhouse
12. ? @ 0x00007d5a69da9609 in ?
13. ? @ 0x00007d5a69cce353 in ?
 (version 23.8.16.16 (official build))
2026.03.18 20:33:06.440091 [ 284 ] {} <Error> DDLWorker: ZooKeeper error: Code: 999. Coordination::Exception: Unknown key host in config file. (KEEPER_EXCEPTION), Stack trace (when copying this message, always include the lines below):

0. DB::Exception::Exception(DB::Exception::MessageMasked&&, int, bool) @ 0x000000000c6251d7 in /usr/bin/clickhouse
1. DB::Exception::Exception<String const&>(int, FormatStringHelperImpl<std::type_identity<String const&>::type>, String const&) @ 0x00000000074ae38d in /usr/bin/clickhouse
2. Coordination::Exception::Exception<String const&>(Coordination::Error, FormatStringHelperImpl<std::type_identity<String const&>::type>, String const&) @ 0x000000001276578a in /usr/bin/clickhouse
3. zkutil::ZooKeeperArgs::initFromKeeperSection(Poco::Util::AbstractConfiguration const&, String const&) @ 0x0000000013813c10 in /usr/bin/clickhouse
4. zkutil::ZooKeeperArgs::ZooKeeperArgs(Poco::Util::AbstractConfiguration const&, String const&) @ 0x000000001380f986 in /usr/bin/clickhouse
5. zkutil::ZooKeeper::ZooKeeper(Poco::Util::AbstractConfiguration const&, String const&, std::shared_ptr<DB::ZooKeeperLog>) @ 0x00000000137e48cc in /usr/bin/clickhouse
6. DB::Context::getZooKeeper() const @ 0x000000001164aa4a in /usr/bin/clickhouse
7. DB::DDLWorker::getAndSetZooKeeper() @ 0x00000000116cc32d in /usr/bin/clickhouse
8. DB::DDLWorker::initializeMainThread() @ 0x00000000116dca3b in /usr/bin/clickhouse
9. DB::DDLWorker::runMainThread() @ 0x00000000116c73c0 in /usr/bin/clickhouse
10. void std::__function::__policy_invoker<void ()>::__call_impl<std::__function::__default_alloc_func<ThreadFromGlobalPoolImpl<true>::ThreadFromGlobalPoolImpl<void (DB::DDLWorker::*)(), DB::DDLWorker*>(void (DB::DDLWorker::*&&)(), DB::DDLWorker*&&)::'lambda'(), void ()>>(std::__function::__policy_storage const*) @ 0x00000000116ddb4c in /usr/bin/clickhouse
11. void* std::__thread_proxy[abi:v15000]<std::tuple<std::unique_ptr<std::__thread_struct, std::default_delete<std::__thread_struct>>, void ThreadPoolImpl<std::thread>::scheduleImpl<void>(std::function<void ()>, Priority, std::optional<unsigned long>, bool)::'lambda0'()>>(void*) @ 0x000000000c706104 in /usr/bin/clickhouse
12. ? @ 0x00007d5a69da9609 in ?
13. ? @ 0x00007d5a69cce353 in ?
 (version 23.8.16.16 (official build)). Failed to start DDLWorker.
2026.03.18 20:33:06.440170 [ 284 ] {} <Error> virtual bool DB::DDLWorker::initializeMainThread(): Code: 999. Coordination::Exception: Unknown key host in config file. (KEEPER_EXCEPTION), Stack trace (when copying this message, always include the lines below):

0. DB::Exception::Exception(DB::Exception::MessageMasked&&, int, bool) @ 0x000000000c6251d7 in /usr/bin/clickhouse
1. DB::Exception::Exception<String const&>(int, FormatStringHelperImpl<std::type_identity<String const&>::type>, String const&) @ 0x00000000074ae38d in /usr/bin/clickhouse
2. Coordination::Exception::Exception<String const&>(Coordination::Error, FormatStringHelperImpl<std::type_identity<String const&>::type>, String const&) @ 0x000000001276578a in /usr/bin/clickhouse
3. zkutil::ZooKeeperArgs::initFromKeeperSection(Poco::Util::AbstractConfiguration const&, String const&) @ 0x0000000013813c10 in /usr/bin/clickhouse
4. zkutil::ZooKeeperArgs::ZooKeeperArgs(Poco::Util::AbstractConfiguration const&, String const&) @ 0x000000001380f986 in /usr/bin/clickhouse
5. zkutil::ZooKeeper::ZooKeeper(Poco::Util::AbstractConfiguration const&, String const&, std::shared_ptr<DB::ZooKeeperLog>) @ 0x00000000137e48cc in /usr/bin/clickhouse
6. DB::Context::getZooKeeper() const @ 0x000000001164aa4a in /usr/bin/clickhouse
7. DB::DDLWorker::getAndSetZooKeeper() @ 0x00000000116cc32d in /usr/bin/clickhouse
8. DB::DDLWorker::initializeMainThread() @ 0x00000000116dca3b in /usr/bin/clickhouse
9. DB::DDLWorker::runMainThread() @ 0x00000000116c73c0 in /usr/bin/clickhouse
10. void std::__function::__policy_invoker<void ()>::__call_impl<std::__function::__default_alloc_func<ThreadFromGlobalPoolImpl<true>::ThreadFromGlobalPoolImpl<void (DB::DDLWorker::*)(), DB::DDLWorker*>(void (DB::DDLWorker::*&&)(), DB::DDLWorker*&&)::'lambda'(), void ()>>(std::__function::__policy_storage const*) @ 0x00000000116ddb4c in /usr/bin/clickhouse
11. void* std::__thread_proxy[abi:v15000]<std::tuple<std::unique_ptr<std::__thread_struct, std::default_delete<std::__thread_struct>>, void ThreadPoolImpl<std::thread>::scheduleImpl<void>(std::function<void ()>, Priority, std::optional<unsigned long>, bool)::'lambda0'()>>(void*) @ 0x000000000c706104 in /usr/bin/clickhouse
12. ? @ 0x00007d5a69da9609 in ?
13. ? @ 0x00007d5a69cce353 in ?
 (version 23.8.16.16 (official build))
2026.03.18 20:33:11.440999 [ 284 ] {} <Error> DDLWorker: ZooKeeper error: Code: 999. Coordination::Exception: Unknown key host in config file. (KEEPER_EXCEPTION), Stack trace (when copying this message, always include the lines below):

0. DB::Exception::Exception(DB::Exception::MessageMasked&&, int, bool) @ 0x000000000c6251d7 in /usr/bin/clickhouse
1. DB::Exception::Exception<String const&>(int, FormatStringHelperImpl<std::type_identity<String const&>::type>, String const&) @ 0x00000000074ae38d in /usr/bin/clickhouse
2. Coordination::Exception::Exception<String const&>(Coordination::Error, FormatStringHelperImpl<std::type_identity<String const&>::type>, String const&) @ 0x000000001276578a in /usr/bin/clickhouse
3. zkutil::ZooKeeperArgs::initFromKeeperSection(Poco::Util::AbstractConfiguration const&, String const&) @ 0x0000000013813c10 in /usr/bin/clickhouse
4. zkutil::ZooKeeperArgs::ZooKeeperArgs(Poco::Util::AbstractConfiguration const&, String const&) @ 0x000000001380f986 in /usr/bin/clickhouse
5. zkutil::ZooKeeper::ZooKeeper(Poco::Util::AbstractConfiguration const&, String const&, std::shared_ptr<DB::ZooKeeperLog>) @ 0x00000000137e48cc in /usr/bin/clickhouse
6. DB::Context::getZooKeeper() const @ 0x000000001164aa4a in /usr/bin/clickhouse
7. DB::DDLWorker::getAndSetZooKeeper() @ 0x00000000116cc32d in /usr/bin/clickhouse
8. DB::DDLWorker::initializeMainThread() @ 0x00000000116dca3b in /usr/bin/clickhouse
9. DB::DDLWorker::runMainThread() @ 0x00000000116c73c0 in /usr/bin/clickhouse
10. void std::__function::__policy_invoker<void ()>::__call_impl<std::__function::__default_alloc_func<ThreadFromGlobalPoolImpl<true>::ThreadFromGlobalPoolImpl<void (DB::DDLWorker::*)(), DB::DDLWorker*>(void (DB::DDLWorker::*&&)(), DB::DDLWorker*&&)::'lambda'(), void ()>>(std::__function::__policy_storage const*) @ 0x00000000116ddb4c in /usr/bin/clickhouse
11. void* std::__thread_proxy[abi:v15000]<std::tuple<std::unique_ptr<std::__thread_struct, std::default_delete<std::__thread_struct>>, void ThreadPoolImpl<std::thread>::scheduleImpl<void>(std::function<void ()>, Priority, std::optional<unsigned long>, bool)::'lambda0'()>>(void*) @ 0x000000000c706104 in /usr/bin/clickhouse
12. ? @ 0x00007d5a69da9609 in ?
13. ? @ 0x00007d5a69cce353 in ?
 (version 23.8.16.16 (official build)). Failed to start DDLWorker.
2026.03.18 20:33:11.441088 [ 284 ] {} <Error> virtual bool DB::DDLWorker::initializeMainThread(): Code: 999. Coordination::Exception: Unknown key host in config file. (KEEPER_EXCEPTION), Stack trace (when copying this message, always include the lines below):

0. DB::Exception::Exception(DB::Exception::MessageMasked&&, int, bool) @ 0x000000000c6251d7 in /usr/bin/clickhouse
1. DB::Exception::Exception<String const&>(int, FormatStringHelperImpl<std::type_identity<String const&>::type>, String const&) @ 0x00000000074ae38d in /usr/bin/clickhouse
2. Coordination::Exception::Exception<String const&>(Coordination::Error, FormatStringHelperImpl<std::type_identity<String const&>::type>, String const&) @ 0x000000001276578a in /usr/bin/clickhouse
3. zkutil::ZooKeeperArgs::initFromKeeperSection(Poco::Util::AbstractConfiguration const&, String const&) @ 0x0000000013813c10 in /usr/bin/clickhouse
4. zkutil::ZooKeeperArgs::ZooKeeperArgs(Poco::Util::AbstractConfiguration const&, String const&) @ 0x000000001380f986 in /usr/bin/clickhouse
5. zkutil::ZooKeeper::ZooKeeper(Poco::Util::AbstractConfiguration const&, String const&, std::shared_ptr<DB::ZooKeeperLog>) @ 0x00000000137e48cc in /usr/bin/clickhouse
6. DB::Context::getZooKeeper() const @ 0x000000001164aa4a in /usr/bin/clickhouse
7. DB::DDLWorker::getAndSetZooKeeper() @ 0x00000000116cc32d in /usr/bin/clickhouse
8. DB::DDLWorker::initializeMainThread() @ 0x00000000116dca3b in /usr/bin/clickhouse
9. DB::DDLWorker::runMainThread() @ 0x00000000116c73c0 in /usr/bin/clickhouse
10. void std::__function::__policy_invoker<void ()>::__call_impl<std::__function::__default_alloc_func<ThreadFromGlobalPoolImpl<true>::ThreadFromGlobalPoolImpl<void (DB::DDLWorker::*)(), DB::DDLWorker*>(void (DB::DDLWorker::*&&)(), DB::DDLWorker*&&)::'lambda'(), void ()>>(std::__function::__policy_storage const*) @ 0x00000000116ddb4c in /usr/bin/clickhouse
11. void* std::__thread_proxy[abi:v15000]<std::tuple<std::unique_ptr<std::__thread_struct, std::default_delete<std::__thread_struct>>, void ThreadPoolImpl<std::thread>::scheduleImpl<void>(std::function<void ()>, Priority, std::optional<unsigned long>, bool)::'lambda0'()>>(void*) @ 0x000000000c706104 in /usr/bin/clickhouse
12. ? @ 0x00007d5a69da9609 in ?
13. ? @ 0x00007d5a69cce353 in ?
 (version 23.8.16.16 (official build))
2026.03.18 20:33:16.441921 [ 284 ] {} <Error> DDLWorker: ZooKeeper error: Code: 999. Coordination::Exception: Unknown key host in config file. (KEEPER_EXCEPTION), Stack trace (when copying this message, always include the lines below):

0. DB::Exception::Exception(DB::Exception::MessageMasked&&, int, bool) @ 0x000000000c6251d7 in /usr/bin/clickhouse
1. DB::Exception::Exception<String const&>(int, FormatStringHelperImpl<std::type_identity<String const&>::type>, String const&) @ 0x00000000074ae38d in /usr/bin/clickhouse
2. Coordination::Exception::Exception<String const&>(Coordination::Error, FormatStringHelperImpl<std::type_identity<String const&>::type>, String const&) @ 0x000000001276578a in /usr/bin/clickhouse
3. zkutil::ZooKeeperArgs::initFromKeeperSection(Poco::Util::AbstractConfiguration const&, String const&) @ 0x0000000013813c10 in /usr/bin/clickhouse
4. zkutil::ZooKeeperArgs::ZooKeeperArgs(Poco::Util::AbstractConfiguration const&, String const&) @ 0x000000001380f986 in /usr/bin/clickhouse
5. zkutil::ZooKeeper::ZooKeeper(Poco::Util::AbstractConfiguration const&, String const&, std::shared_ptr<DB::ZooKeeperLog>) @ 0x00000000137e48cc in /usr/bin/clickhouse
6. DB::Context::getZooKeeper() const @ 0x000000001164aa4a in /usr/bin/clickhouse
7. DB::DDLWorker::getAndSetZooKeeper() @ 0x00000000116cc32d in /usr/bin/clickhouse
8. DB::DDLWorker::initializeMainThread() @ 0x00000000116dca3b in /usr/bin/clickhouse
9. DB::DDLWorker::runMainThread() @ 0x00000000116c73c0 in /usr/bin/clickhouse
10. void std::__function::__policy_invoker<void ()>::__call_impl<std::__function::__default_alloc_func<ThreadFromGlobalPoolImpl<true>::ThreadFromGlobalPoolImpl<void (DB::DDLWorker::*)(), DB::DDLWorker*>(void (DB::DDLWorker::*&&)(), DB::DDLWorker*&&)::'lambda'(), void ()>>(std::__function::__policy_storage const*) @ 0x00000000116ddb4c in /usr/bin/clickhouse
11. void* std::__thread_proxy[abi:v15000]<std::tuple<std::unique_ptr<std::__thread_struct, std::default_delete<std::__thread_struct>>, void ThreadPoolImpl<std::thread>::scheduleImpl<void>(std::function<void ()>, Priority, std::optional<unsigned long>, bool)::'lambda0'()>>(void*) @ 0x000000000c706104 in /usr/bin/clickhouse
12. ? @ 0x00007d5a69da9609 in ?
13. ? @ 0x00007d5a69cce353 in ?
 (version 23.8.16.16 (official build)). Failed to start DDLWorker.
2026.03.18 20:33:16.441991 [ 284 ] {} <Error> virtual bool DB::DDLWorker::initializeMainThread(): Code: 999. Coordination::Exception: Unknown key host in config file. (KEEPER_EXCEPTION), Stack trace (when copying this message, always include the lines below):

0. DB::Exception::Exception(DB::Exception::MessageMasked&&, int, bool) @ 0x000000000c6251d7 in /usr/bin/clickhouse
1. DB::Exception::Exception<String const&>(int, FormatStringHelperImpl<std::type_identity<String const&>::type>, String const&) @ 0x00000000074ae38d in /usr/bin/clickhouse
2. Coordination::Exception::Exception<String const&>(Coordination::Error, FormatStringHelperImpl<std::type_identity<String const&>::type>, String const&) @ 0x000000001276578a in /usr/bin/clickhouse
3. zkutil::ZooKeeperArgs::initFromKeeperSection(Poco::Util::AbstractConfiguration const&, String const&) @ 0x0000000013813c10 in /usr/bin/clickhouse
4. zkutil::ZooKeeperArgs::ZooKeeperArgs(Poco::Util::AbstractConfiguration const&, String const&) @ 0x000000001380f986 in /usr/bin/clickhouse
5. zkutil::ZooKeeper::ZooKeeper(Poco::Util::AbstractConfiguration const&, String const&, std::shared_ptr<DB::ZooKeeperLog>) @ 0x00000000137e48cc in /usr/bin/clickhouse
6. DB::Context::getZooKeeper() const @ 0x000000001164aa4a in /usr/bin/clickhouse
7. DB::DDLWorker::getAndSetZooKeeper() @ 0x00000000116cc32d in /usr/bin/clickhouse
8. DB::DDLWorker::initializeMainThread() @ 0x00000000116dca3b in /usr/bin/clickhouse
9. DB::DDLWorker::runMainThread() @ 0x00000000116c73c0 in /usr/bin/clickhouse
10. void std::__function::__policy_invoker<void ()>::__call_impl<std::__function::__default_alloc_func<ThreadFromGlobalPoolImpl<true>::ThreadFromGlobalPoolImpl<void (DB::DDLWorker::*)(), DB::DDLWorker*>(void (DB::DDLWorker::*&&)(), DB::DDLWorker*&&)::'lambda'(), void ()>>(std::__function::__policy_storage const*) @ 0x00000000116ddb4c in /usr/bin/clickhouse
11. void* std::__thread_proxy[abi:v15000]<std::tuple<std::unique_ptr<std::__thread_struct, std::default_delete<std::__thread_struct>>, void ThreadPoolImpl<std::thread>::scheduleImpl<void>(std::function<void ()>, Priority, std::optional<unsigned long>, bool)::'lambda0'()>>(void*) @ 0x000000000c706104 in /usr/bin/clickhouse
12. ? @ 0x00007d5a69da9609 in ?
13. ? @ 0x00007d5a69cce353 in ?
 (version 23.8.16.16 (official build))
2026.03.18 20:33:21.442524 [ 284 ] {} <Error> DDLWorker: ZooKeeper error: Code: 999. Coordination::Exception: Unknown key host in config file. (KEEPER_EXCEPTION), Stack trace (when copying this message, always include the lines below):

0. DB::Exception::Exception(DB::Exception::MessageMasked&&, int, bool) @ 0x000000000c6251d7 in /usr/bin/clickhouse
1. DB::Exception::Exception<String const&>(int, FormatStringHelperImpl<std::type_identity<String const&>::type>, String const&) @ 0x00000000074ae38d in /usr/bin/clickhouse
2. Coordination::Exception::Exception<String const&>(Coordination::Error, FormatStringHelperImpl<std::type_identity<String const&>::type>, String const&) @ 0x000000001276578a in /usr/bin/clickhouse
3. zkutil::ZooKeeperArgs::initFromKeeperSection(Poco::Util::AbstractConfiguration const&, String const&) @ 0x0000000013813c10 in /usr/bin/clickhouse
4. zkutil::ZooKeeperArgs::ZooKeeperArgs(Poco::Util::AbstractConfiguration const&, String const&) @ 0x000000001380f986 in /usr/bin/clickhouse
5. zkutil::ZooKeeper::ZooKeeper(Poco::Util::AbstractConfiguration const&, String const&, std::shared_ptr<DB::ZooKeeperLog>) @ 0x00000000137e48cc in /usr/bin/clickhouse
6. DB::Context::getZooKeeper() const @ 0x000000001164aa4a in /usr/bin/clickhouse
7. DB::DDLWorker::getAndSetZooKeeper() @ 0x00000000116cc32d in /usr/bin/clickhouse
8. DB::DDLWorker::initializeMainThread() @ 0x00000000116dca3b in /usr/bin/clickhouse
9. DB::DDLWorker::runMainThread() @ 0x00000000116c73c0 in /usr/bin/clickhouse
10. void std::__function::__policy_invoker<void ()>::__call_impl<std::__function::__default_alloc_func<ThreadFromGlobalPoolImpl<true>::ThreadFromGlobalPoolImpl<void (DB::DDLWorker::*)(), DB::DDLWorker*>(void (DB::DDLWorker::*&&)(), DB::DDLWorker*&&)::'lambda'(), void ()>>(std::__function::__policy_storage const*) @ 0x00000000116ddb4c in /usr/bin/clickhouse
11. void* std::__thread_proxy[abi:v15000]<std::tuple<std::unique_ptr<std::__thread_struct, std::default_delete<std::__thread_struct>>, void ThreadPoolImpl<std::thread>::scheduleImpl<void>(std::function<void ()>, Priority, std::optional<unsigned long>, bool)::'lambda0'()>>(void*) @ 0x000000000c706104 in /usr/bin/clickhouse
12. ? @ 0x00007d5a69da9609 in ?
13. ? @ 0x00007d5a69cce353 in ?
 (version 23.8.16.16 (official build)). Failed to start DDLWorker.
2026.03.18 20:33:21.442589 [ 284 ] {} <Error> virtual bool DB::DDLWorker::initializeMainThread(): Code: 999. Coordination::Exception: Unknown key host in config file. (KEEPER_EXCEPTION), Stack trace (when copying this message, always include the lines below):

0. DB::Exception::Exception(DB::Exception::MessageMasked&&, int, bool) @ 0x000000000c6251d7 in /usr/bin/clickhouse
1. DB::Exception::Exception<String const&>(int, FormatStringHelperImpl<std::type_identity<String const&>::type>, String const&) @ 0x00000000074ae38d in /usr/bin/clickhouse
2. Coordination::Exception::Exception<String const&>(Coordination::Error, FormatStringHelperImpl<std::type_identity<String const&>::type>, String const&) @ 0x000000001276578a in /usr/bin/clickhouse
3. zkutil::ZooKeeperArgs::initFromKeeperSection(Poco::Util::AbstractConfiguration const&, String const&) @ 0x0000000013813c10 in /usr/bin/clickhouse
4. zkutil::ZooKeeperArgs::ZooKeeperArgs(Poco::Util::AbstractConfiguration const&, String const&) @ 0x000000001380f986 in /usr/bin/clickhouse
5. zkutil::ZooKeeper::ZooKeeper(Poco::Util::AbstractConfiguration const&, String const&, std::shared_ptr<DB::ZooKeeperLog>) @ 0x00000000137e48cc in /usr/bin/clickhouse
6. DB::Context::getZooKeeper() const @ 0x000000001164aa4a in /usr/bin/clickhouse
7. DB::DDLWorker::getAndSetZooKeeper() @ 0x00000000116cc32d in /usr/bin/clickhouse
8. DB::DDLWorker::initializeMainThread() @ 0x00000000116dca3b in /usr/bin/clickhouse
9. DB::DDLWorker::runMainThread() @ 0x00000000116c73c0 in /usr/bin/clickhouse
10. void std::__function::__policy_invoker<void ()>::__call_impl<std::__function::__default_alloc_func<ThreadFromGlobalPoolImpl<true>::ThreadFromGlobalPoolImpl<void (DB::DDLWorker::*)(), DB::DDLWorker*>(void (DB::DDLWorker::*&&)(), DB::DDLWorker*&&)::'lambda'(), void ()>>(std::__function::__policy_storage const*) @ 0x00000000116ddb4c in /usr/bin/clickhouse
11. void* std::__thread_proxy[abi:v15000]<std::tuple<std::unique_ptr<std::__thread_struct, std::default_delete<std::__thread_struct>>, void ThreadPoolImpl<std::thread>::scheduleImpl<void>(std::function<void ()>, Priority, std::optional<unsigned long>, bool)::'lambda0'()>>(void*) @ 0x000000000c706104 in /usr/bin/clickhouse
12. ? @ 0x00007d5a69da9609 in ?
13. ? @ 0x00007d5a69cce353 in ?
 (version 23.8.16.16 (official build))
2026.03.18 20:33:26.443866 [ 284 ] {} <Error> DDLWorker: ZooKeeper error: Code: 999. Coordination::Exception: Unknown key host in config file. (KEEPER_EXCEPTION), Stack trace (when copying this message, always include the lines below):

0. DB::Exception::Exception(DB::Exception::MessageMasked&&, int, bool) @ 0x000000000c6251d7 in /usr/bin/clickhouse
1. DB::Exception::Exception<String const&>(int, FormatStringHelperImpl<std::type_identity<String const&>::type>, String const&) @ 0x00000000074ae38d in /usr/bin/clickhouse
2. Coordination::Exception::Exception<String const&>(Coordination::Error, FormatStringHelperImpl<std::type_identity<String const&>::type>, String const&) @ 0x000000001276578a in /usr/bin/clickhouse
3. zkutil::ZooKeeperArgs::initFromKeeperSection(Poco::Util::AbstractConfiguration const&, String const&) @ 0x0000000013813c10 in /usr/bin/clickhouse
4. zkutil::ZooKeeperArgs::ZooKeeperArgs(Poco::Util::AbstractConfiguration const&, String const&) @ 0x000000001380f986 in /usr/bin/clickhouse
5. zkutil::ZooKeeper::ZooKeeper(Poco::Util::AbstractConfiguration const&, String const&, std::shared_ptr<DB::ZooKeeperLog>) @ 0x00000000137e48cc in /usr/bin/clickhouse
6. DB::Context::getZooKeeper() const @ 0x000000001164aa4a in /usr/bin/clickhouse
7. DB::DDLWorker::getAndSetZooKeeper() @ 0x00000000116cc32d in /usr/bin/clickhouse
8. DB::DDLWorker::initializeMainThread() @ 0x00000000116dca3b in /usr/bin/clickhouse
9. DB::DDLWorker::runMainThread() @ 0x00000000116c73c0 in /usr/bin/clickhouse
10. void std::__function::__policy_invoker<void ()>::__call_impl<std::__function::__default_alloc_func<ThreadFromGlobalPoolImpl<true>::ThreadFromGlobalPoolImpl<void (DB::DDLWorker::*)(), DB::DDLWorker*>(void (DB::DDLWorker::*&&)(), DB::DDLWorker*&&)::'lambda'(), void ()>>(std::__function::__policy_storage const*) @ 0x00000000116ddb4c in /usr/bin/clickhouse
11. void* std::__thread_proxy[abi:v15000]<std::tuple<std::unique_ptr<std::__thread_struct, std::default_delete<std::__thread_struct>>, void ThreadPoolImpl<std::thread>::scheduleImpl<void>(std::function<void ()>, Priority, std::optional<unsigned long>, bool)::'lambda0'()>>(void*) @ 0x000000000c706104 in /usr/bin/clickhouse
12. ? @ 0x00007d5a69da9609 in ?
13. ? @ 0x00007d5a69cce353 in ?
 (version 23.8.16.16 (official build)). Failed to start DDLWorker.
2026.03.18 20:33:26.443945 [ 284 ] {} <Error> virtual bool DB::DDLWorker::initializeMainThread(): Code: 999. Coordination::Exception: Unknown key host in config file. (KEEPER_EXCEPTION), Stack trace (when copying this message, always include the lines below):

0. DB::Exception::Exception(DB::Exception::MessageMasked&&, int, bool) @ 0x000000000c6251d7 in /usr/bin/clickhouse
1. DB::Exception::Exception<String const&>(int, FormatStringHelperImpl<std::type_identity<String const&>::type>, String const&) @ 0x00000000074ae38d in /usr/bin/clickhouse
2. Coordination::Exception::Exception<String const&>(Coordination::Error, FormatStringHelperImpl<std::type_identity<String const&>::type>, String const&) @ 0x000000001276578a in /usr/bin/clickhouse
3. zkutil::ZooKeeperArgs::initFromKeeperSection(Poco::Util::AbstractConfiguration const&, String const&) @ 0x0000000013813c10 in /usr/bin/clickhouse
4. zkutil::ZooKeeperArgs::ZooKeeperArgs(Poco::Util::AbstractConfiguration const&, String const&) @ 0x000000001380f986 in /usr/bin/clickhouse
5. zkutil::ZooKeeper::ZooKeeper(Poco::Util::AbstractConfiguration const&, String const&, std::shared_ptr<DB::ZooKeeperLog>) @ 0x00000000137e48cc in /usr/bin/clickhouse
6. DB::Context::getZooKeeper() const @ 0x000000001164aa4a in /usr/bin/clickhouse
7. DB::DDLWorker::getAndSetZooKeeper() @ 0x00000000116cc32d in /usr/bin/clickhouse
8. DB::DDLWorker::initializeMainThread() @ 0x00000000116dca3b in /usr/bin/clickhouse
9. DB::DDLWorker::runMainThread() @ 0x00000000116c73c0 in /usr/bin/clickhouse
10. void std::__function::__policy_invoker<void ()>::__call_impl<std::__function::__default_alloc_func<ThreadFromGlobalPoolImpl<true>::ThreadFromGlobalPoolImpl<void (DB::DDLWorker::*)(), DB::DDLWorker*>(void (DB::DDLWorker::*&&)(), DB::DDLWorker*&&)::'lambda'(), void ()>>(std::__function::__policy_storage const*) @ 0x00000000116ddb4c in /usr/bin/clickhouse
11. void* std::__thread_proxy[abi:v15000]<std::tuple<std::unique_ptr<std::__thread_struct, std::default_delete<std::__thread_struct>>, void ThreadPoolImpl<std::thread>::scheduleImpl<void>(std::function<void ()>, Priority, std::optional<unsigned long>, bool)::'lambda0'()>>(void*) @ 0x000000000c706104 in /usr/bin/clickhouse
12. ? @ 0x00007d5a69da9609 in ?
13. ? @ 0x00007d5a69cce353 in ?
 (version 23.8.16.16 (official build))
2026.03.18 20:33:31.444427 [ 284 ] {} <Error> DDLWorker: ZooKeeper error: Code: 999. Coordination::Exception: Unknown key host in config file. (KEEPER_EXCEPTION), Stack trace (when copying this message, always include the lines below):

0. DB::Exception::Exception(DB::Exception::MessageMasked&&, int, bool) @ 0x000000000c6251d7 in /usr/bin/clickhouse
1. DB::Exception::Exception<String const&>(int, FormatStringHelperImpl<std::type_identity<String const&>::type>, String const&) @ 0x00000000074ae38d in /usr/bin/clickhouse
2. Coordination::Exception::Exception<String const&>(Coordination::Error, FormatStringHelperImpl<std::type_identity<String const&>::type>, String const&) @ 0x000000001276578a in /usr/bin/clickhouse
3. zkutil::ZooKeeperArgs::initFromKeeperSection(Poco::Util::AbstractConfiguration const&, String const&) @ 0x0000000013813c10 in /usr/bin/clickhouse
4. zkutil::ZooKeeperArgs::ZooKeeperArgs(Poco::Util::AbstractConfiguration const&, String const&) @ 0x000000001380f986 in /usr/bin/clickhouse
5. zkutil::ZooKeeper::ZooKeeper(Poco::Util::AbstractConfiguration const&, String const&, std::shared_ptr<DB::ZooKeeperLog>) @ 0x00000000137e48cc in /usr/bin/clickhouse
6. DB::Context::getZooKeeper() const @ 0x000000001164aa4a in /usr/bin/clickhouse
7. DB::DDLWorker::getAndSetZooKeeper() @ 0x00000000116cc32d in /usr/bin/clickhouse
8. DB::DDLWorker::initializeMainThread() @ 0x00000000116dca3b in /usr/bin/clickhouse
9. DB::DDLWorker::runMainThread() @ 0x00000000116c73c0 in /usr/bin/clickhouse
10. void std::__function::__policy_invoker<void ()>::__call_impl<std::__function::__default_alloc_func<ThreadFromGlobalPoolImpl<true>::ThreadFromGlobalPoolImpl<void (DB::DDLWorker::*)(), DB::DDLWorker*>(void (DB::DDLWorker::*&&)(), DB::DDLWorker*&&)::'lambda'(), void ()>>(std::__function::__policy_storage const*) @ 0x00000000116ddb4c in /usr/bin/clickhouse
11. void* std::__thread_proxy[abi:v15000]<std::tuple<std::unique_ptr<std::__thread_struct, std::default_delete<std::__thread_struct>>, void ThreadPoolImpl<std::thread>::scheduleImpl<void>(std::function<void ()>, Priority, std::optional<unsigned long>, bool)::'lambda0'()>>(void*) @ 0x000000000c706104 in /usr/bin/clickhouse
12. ? @ 0x00007d5a69da9609 in ?
13. ? @ 0x00007d5a69cce353 in ?
 (version 23.8.16.16 (official build)). Failed to start DDLWorker.
2026.03.18 20:33:31.444499 [ 284 ] {} <Error> virtual bool DB::DDLWorker::initializeMainThread(): Code: 999. Coordination::Exception: Unknown key host in config file. (KEEPER_EXCEPTION), Stack trace (when copying this message, always include the lines below):

0. DB::Exception::Exception(DB::Exception::MessageMasked&&, int, bool) @ 0x000000000c6251d7 in /usr/bin/clickhouse
1. DB::Exception::Exception<String const&>(int, FormatStringHelperImpl<std::type_identity<String const&>::type>, String const&) @ 0x00000000074ae38d in /usr/bin/clickhouse
2. Coordination::Exception::Exception<String const&>(Coordination::Error, FormatStringHelperImpl<std::type_identity<String const&>::type>, String const&) @ 0x000000001276578a in /usr/bin/clickhouse
3. zkutil::ZooKeeperArgs::initFromKeeperSection(Poco::Util::AbstractConfiguration const&, String const&) @ 0x0000000013813c10 in /usr/bin/clickhouse
4. zkutil::ZooKeeperArgs::ZooKeeperArgs(Poco::Util::AbstractConfiguration const&, String const&) @ 0x000000001380f986 in /usr/bin/clickhouse
5. zkutil::ZooKeeper::ZooKeeper(Poco::Util::AbstractConfiguration const&, String const&, std::shared_ptr<DB::ZooKeeperLog>) @ 0x00000000137e48cc in /usr/bin/clickhouse
6. DB::Context::getZooKeeper() const @ 0x000000001164aa4a in /usr/bin/clickhouse
7. DB::DDLWorker::getAndSetZooKeeper() @ 0x00000000116cc32d in /usr/bin/clickhouse
8. DB::DDLWorker::initializeMainThread() @ 0x00000000116dca3b in /usr/bin/clickhouse
9. DB::DDLWorker::runMainThread() @ 0x00000000116c73c0 in /usr/bin/clickhouse
10. void std::__function::__policy_invoker<void ()>::__call_impl<std::__function::__default_alloc_func<ThreadFromGlobalPoolImpl<true>::ThreadFromGlobalPoolImpl<void (DB::DDLWorker::*)(), DB::DDLWorker*>(void (DB::DDLWorker::*&&)(), DB::DDLWorker*&&)::'lambda'(), void ()>>(std::__function::__policy_storage const*) @ 0x00000000116ddb4c in /usr/bin/clickhouse
11. void* std::__thread_proxy[abi:v15000]<std::tuple<std::unique_ptr<std::__thread_struct, std::default_delete<std::__thread_struct>>, void ThreadPoolImpl<std::thread>::scheduleImpl<void>(std::function<void ()>, Priority, std::optional<unsigned long>, bool)::'lambda0'()>>(void*) @ 0x000000000c706104 in /usr/bin/clickhouse
12. ? @ 0x00007d5a69da9609 in ?
13. ? @ 0x00007d5a69cce353 in ?
 (version 23.8.16.16 (official build))
2026.03.18 20:33:36.449795 [ 284 ] {} <Error> DDLWorker: ZooKeeper error: Code: 999. Coordination::Exception: Unknown key host in config file. (KEEPER_EXCEPTION), Stack trace (when copying this message, always include the lines below):

0. DB::Exception::Exception(DB::Exception::MessageMasked&&, int, bool) @ 0x000000000c6251d7 in /usr/bin/clickhouse
1. DB::Exception::Exception<String const&>(int, FormatStringHelperImpl<std::type_identity<String const&>::type>, String const&) @ 0x00000000074ae38d in /usr/bin/clickhouse
2. Coordination::Exception::Exception<String const&>(Coordination::Error, FormatStringHelperImpl<std::type_identity<String const&>::type>, String const&) @ 0x000000001276578a in /usr/bin/clickhouse
3. zkutil::ZooKeeperArgs::initFromKeeperSection(Poco::Util::AbstractConfiguration const&, String const&) @ 0x0000000013813c10 in /usr/bin/clickhouse
4. zkutil::ZooKeeperArgs::ZooKeeperArgs(Poco::Util::AbstractConfiguration const&, String const&) @ 0x000000001380f986 in /usr/bin/clickhouse
5. zkutil::ZooKeeper::ZooKeeper(Poco::Util::AbstractConfiguration const&, String const&, std::shared_ptr<DB::ZooKeeperLog>) @ 0x00000000137e48cc in /usr/bin/clickhouse
6. DB::Context::getZooKeeper() const @ 0x000000001164aa4a in /usr/bin/clickhouse
7. DB::DDLWorker::getAndSetZooKeeper() @ 0x00000000116cc32d in /usr/bin/clickhouse
8. DB::DDLWorker::initializeMainThread() @ 0x00000000116dca3b in /usr/bin/clickhouse
9. DB::DDLWorker::runMainThread() @ 0x00000000116c73c0 in /usr/bin/clickhouse
10. void std::__function::__policy_invoker<void ()>::__call_impl<std::__function::__default_alloc_func<ThreadFromGlobalPoolImpl<true>::ThreadFromGlobalPoolImpl<void (DB::DDLWorker::*)(), DB::DDLWorker*>(void (DB::DDLWorker::*&&)(), DB::DDLWorker*&&)::'lambda'(), void ()>>(std::__function::__policy_storage const*) @ 0x00000000116ddb4c in /usr/bin/clickhouse
11. void* std::__thread_proxy[abi:v15000]<std::tuple<std::unique_ptr<std::__thread_struct, std::default_delete<std::__thread_struct>>, void ThreadPoolImpl<std::thread>::scheduleImpl<void>(std::function<void ()>, Priority, std::optional<unsigned long>, bool)::'lambda0'()>>(void*) @ 0x000000000c706104 in /usr/bin/clickhouse
12. ? @ 0x00007d5a69da9609 in ?
13. ? @ 0x00007d5a69cce353 in ?
 (version 23.8.16.16 (official build)). Failed to start DDLWorker.
2026.03.18 20:33:36.449860 [ 284 ] {} <Error> virtual bool DB::DDLWorker::initializeMainThread(): Code: 999. Coordination::Exception: Unknown key host in config file. (KEEPER_EXCEPTION), Stack trace (when copying this message, always include the lines below):

0. DB::Exception::Exception(DB::Exception::MessageMasked&&, int, bool) @ 0x000000000c6251d7 in /usr/bin/clickhouse
1. DB::Exception::Exception<String const&>(int, FormatStringHelperImpl<std::type_identity<String const&>::type>, String const&) @ 0x00000000074ae38d in /usr/bin/clickhouse
2. Coordination::Exception::Exception<String const&>(Coordination::Error, FormatStringHelperImpl<std::type_identity<String const&>::type>, String const&) @ 0x000000001276578a in /usr/bin/clickhouse
3. zkutil::ZooKeeperArgs::initFromKeeperSection(Poco::Util::AbstractConfiguration const&, String const&) @ 0x0000000013813c10 in /usr/bin/clickhouse
4. zkutil::ZooKeeperArgs::ZooKeeperArgs(Poco::Util::AbstractConfiguration const&, String const&) @ 0x000000001380f986 in /usr/bin/clickhouse
5. zkutil::ZooKeeper::ZooKeeper(Poco::Util::AbstractConfiguration const&, String const&, std::shared_ptr<DB::ZooKeeperLog>) @ 0x00000000137e48cc in /usr/bin/clickhouse
6. DB::Context::getZooKeeper() const @ 0x000000001164aa4a in /usr/bin/clickhouse
7. DB::DDLWorker::getAndSetZooKeeper() @ 0x00000000116cc32d in /usr/bin/clickhouse
8. DB::DDLWorker::initializeMainThread() @ 0x00000000116dca3b in /usr/bin/clickhouse
9. DB::DDLWorker::runMainThread() @ 0x00000000116c73c0 in /usr/bin/clickhouse
10. void std::__function::__policy_invoker<void ()>::__call_impl<std::__function::__default_alloc_func<ThreadFromGlobalPoolImpl<true>::ThreadFromGlobalPoolImpl<void (DB::DDLWorker::*)(), DB::DDLWorker*>(void (DB::DDLWorker::*&&)(), DB::DDLWorker*&&)::'lambda'(), void ()>>(std::__function::__policy_storage const*) @ 0x00000000116ddb4c in /usr/bin/clickhouse
11. void* std::__thread_proxy[abi:v15000]<std::tuple<std::unique_ptr<std::__thread_struct, std::default_delete<std::__thread_struct>>, void ThreadPoolImpl<std::thread>::scheduleImpl<void>(std::function<void ()>, Priority, std::optional<unsigned long>, bool)::'lambda0'()>>(void*) @ 0x000000000c706104 in /usr/bin/clickhouse
12. ? @ 0x00007d5a69da9609 in ?
13. ? @ 0x00007d5a69cce353 in ?
 (version 23.8.16.16 (official build))
2026.03.18 20:33:41.475529 [ 284 ] {} <Error> DDLWorker: ZooKeeper error: Code: 999. Coordination::Exception: Unknown key host in config file. (KEEPER_EXCEPTION), Stack trace (when copying this message, always include the lines below):

0. DB::Exception::Exception(DB::Exception::MessageMasked&&, int, bool) @ 0x000000000c6251d7 in /usr/bin/clickhouse
1. DB::Exception::Exception<String const&>(int, FormatStringHelperImpl<std::type_identity<String const&>::type>, String const&) @ 0x00000000074ae38d in /usr/bin/clickhouse
2. Coordination::Exception::Exception<String const&>(Coordination::Error, FormatStringHelperImpl<std::type_identity<String const&>::type>, String const&) @ 0x000000001276578a in /usr/bin/clickhouse
3. zkutil::ZooKeeperArgs::initFromKeeperSection(Poco::Util::AbstractConfiguration const&, String const&) @ 0x0000000013813c10 in /usr/bin/clickhouse
4. zkutil::ZooKeeperArgs::ZooKeeperArgs(Poco::Util::AbstractConfiguration const&, String const&) @ 0x000000001380f986 in /usr/bin/clickhouse
5. zkutil::ZooKeeper::ZooKeeper(Poco::Util::AbstractConfiguration const&, String const&, std::shared_ptr<DB::ZooKeeperLog>) @ 0x00000000137e48cc in /usr/bin/clickhouse
6. DB::Context::getZooKeeper() const @ 0x000000001164aa4a in /usr/bin/clickhouse
7. DB::DDLWorker::getAndSetZooKeeper() @ 0x00000000116cc32d in /usr/bin/clickhouse
8. DB::DDLWorker::initializeMainThread() @ 0x00000000116dca3b in /usr/bin/clickhouse
9. DB::DDLWorker::runMainThread() @ 0x00000000116c73c0 in /usr/bin/clickhouse
10. void std::__function::__policy_invoker<void ()>::__call_impl<std::__function::__default_alloc_func<ThreadFromGlobalPoolImpl<true>::ThreadFromGlobalPoolImpl<void (DB::DDLWorker::*)(), DB::DDLWorker*>(void (DB::DDLWorker::*&&)(), DB::DDLWorker*&&)::'lambda'(), void ()>>(std::__function::__policy_storage const*) @ 0x00000000116ddb4c in /usr/bin/clickhouse
11. void* std::__thread_proxy[abi:v15000]<std::tuple<std::unique_ptr<std::__thread_struct, std::default_delete<std::__thread_struct>>, void ThreadPoolImpl<std::thread>::scheduleImpl<void>(std::function<void ()>, Priority, std::optional<unsigned long>, bool)::'lambda0'()>>(void*) @ 0x000000000c706104 in /usr/bin/clickhouse
12. ? @ 0x00007d5a69da9609 in ?
13. ? @ 0x00007d5a69cce353 in ?
 (version 23.8.16.16 (official build)). Failed to start DDLWorker.
2026.03.18 20:33:41.475602 [ 284 ] {} <Error> virtual bool DB::DDLWorker::initializeMainThread(): Code: 999. Coordination::Exception: Unknown key host in config file. (KEEPER_EXCEPTION), Stack trace (when copying this message, always include the lines below):

0. DB::Exception::Exception(DB::Exception::MessageMasked&&, int, bool) @ 0x000000000c6251d7 in /usr/bin/clickhouse
1. DB::Exception::Exception<String const&>(int, FormatStringHelperImpl<std::type_identity<String const&>::type>, String const&) @ 0x00000000074ae38d in /usr/bin/clickhouse
2. Coordination::Exception::Exception<String const&>(Coordination::Error, FormatStringHelperImpl<std::type_identity<String const&>::type>, String const&) @ 0x000000001276578a in /usr/bin/clickhouse
3. zkutil::ZooKeeperArgs::initFromKeeperSection(Poco::Util::AbstractConfiguration const&, String const&) @ 0x0000000013813c10 in /usr/bin/clickhouse
4. zkutil::ZooKeeperArgs::ZooKeeperArgs(Poco::Util::AbstractConfiguration const&, String const&) @ 0x000000001380f986 in /usr/bin/clickhouse
5. zkutil::ZooKeeper::ZooKeeper(Poco::Util::AbstractConfiguration const&, String const&, std::shared_ptr<DB::ZooKeeperLog>) @ 0x00000000137e48cc in /usr/bin/clickhouse
6. DB::Context::getZooKeeper() const @ 0x000000001164aa4a in /usr/bin/clickhouse
7. DB::DDLWorker::getAndSetZooKeeper() @ 0x00000000116cc32d in /usr/bin/clickhouse
8. DB::DDLWorker::initializeMainThread() @ 0x00000000116dca3b in /usr/bin/clickhouse
9. DB::DDLWorker::runMainThread() @ 0x00000000116c73c0 in /usr/bin/clickhouse
10. void std::__function::__policy_invoker<void ()>::__call_impl<std::__function::__default_alloc_func<ThreadFromGlobalPoolImpl<true>::ThreadFromGlobalPoolImpl<void (DB::DDLWorker::*)(), DB::DDLWorker*>(void (DB::DDLWorker::*&&)(), DB::DDLWorker*&&)::'lambda'(), void ()>>(std::__function::__policy_storage const*) @ 0x00000000116ddb4c in /usr/bin/clickhouse
11. void* std::__thread_proxy[abi:v15000]<std::tuple<std::unique_ptr<std::__thread_struct, std::default_delete<std::__thread_struct>>, void ThreadPoolImpl<std::thread>::scheduleImpl<void>(std::function<void ()>, Priority, std::optional<unsigned long>, bool)::'lambda0'()>>(void*) @ 0x000000000c706104 in /usr/bin/clickhouse
12. ? @ 0x00007d5a69da9609 in ?
13. ? @ 0x00007d5a69cce353 in ?
 (version 23.8.16.16 (official build))
2026.03.18 20:33:46.484578 [ 284 ] {} <Error> DDLWorker: ZooKeeper error: Code: 999. Coordination::Exception: Unknown key host in config file. (KEEPER_EXCEPTION), Stack trace (when copying this message, always include the lines below):

0. DB::Exception::Exception(DB::Exception::MessageMasked&&, int, bool) @ 0x000000000c6251d7 in /usr/bin/clickhouse
1. DB::Exception::Exception<String const&>(int, FormatStringHelperImpl<std::type_identity<String const&>::type>, String const&) @ 0x00000000074ae38d in /usr/bin/clickhouse
2. Coordination::Exception::Exception<String const&>(Coordination::Error, FormatStringHelperImpl<std::type_identity<String const&>::type>, String const&) @ 0x000000001276578a in /usr/bin/clickhouse
3. zkutil::ZooKeeperArgs::initFromKeeperSection(Poco::Util::AbstractConfiguration const&, String const&) @ 0x0000000013813c10 in /usr/bin/clickhouse
4. zkutil::ZooKeeperArgs::ZooKeeperArgs(Poco::Util::AbstractConfiguration const&, String const&) @ 0x000000001380f986 in /usr/bin/clickhouse
5. zkutil::ZooKeeper::ZooKeeper(Poco::Util::AbstractConfiguration const&, String const&, std::shared_ptr<DB::ZooKeeperLog>) @ 0x00000000137e48cc in /usr/bin/clickhouse
6. DB::Context::getZooKeeper() const @ 0x000000001164aa4a in /usr/bin/clickhouse
7. DB::DDLWorker::getAndSetZooKeeper() @ 0x00000000116cc32d in /usr/bin/clickhouse
8. DB::DDLWorker::initializeMainThread() @ 0x00000000116dca3b in /usr/bin/clickhouse
9. DB::DDLWorker::runMainThread() @ 0x00000000116c73c0 in /usr/bin/clickhouse
10. void std::__function::__policy_invoker<void ()>::__call_impl<std::__function::__default_alloc_func<ThreadFromGlobalPoolImpl<true>::ThreadFromGlobalPoolImpl<void (DB::DDLWorker::*)(), DB::DDLWorker*>(void (DB::DDLWorker::*&&)(), DB::DDLWorker*&&)::'lambda'(), void ()>>(std::__function::__policy_storage const*) @ 0x00000000116ddb4c in /usr/bin/clickhouse
11. void* std::__thread_proxy[abi:v15000]<std::tuple<std::unique_ptr<std::__thread_struct, std::default_delete<std::__thread_struct>>, void ThreadPoolImpl<std::thread>::scheduleImpl<void>(std::function<void ()>, Priority, std::optional<unsigned long>, bool)::'lambda0'()>>(void*) @ 0x000000000c706104 in /usr/bin/clickhouse
12. ? @ 0x00007d5a69da9609 in ?
13. ? @ 0x00007d5a69cce353 in ?
 (version 23.8.16.16 (official build)). Failed to start DDLWorker.
2026.03.18 20:33:46.484651 [ 284 ] {} <Error> virtual bool DB::DDLWorker::initializeMainThread(): Code: 999. Coordination::Exception: Unknown key host in config file. (KEEPER_EXCEPTION), Stack trace (when copying this message, always include the lines below):

0. DB::Exception::Exception(DB::Exception::MessageMasked&&, int, bool) @ 0x000000000c6251d7 in /usr/bin/clickhouse
1. DB::Exception::Exception<String const&>(int, FormatStringHelperImpl<std::type_identity<String const&>::type>, String const&) @ 0x00000000074ae38d in /usr/bin/clickhouse
2. Coordination::Exception::Exception<String const&>(Coordination::Error, FormatStringHelperImpl<std::type_identity<String const&>::type>, String const&) @ 0x000000001276578a in /usr/bin/clickhouse
3. zkutil::ZooKeeperArgs::initFromKeeperSection(Poco::Util::AbstractConfiguration const&, String const&) @ 0x0000000013813c10 in /usr/bin/clickhouse
4. zkutil::ZooKeeperArgs::ZooKeeperArgs(Poco::Util::AbstractConfiguration const&, String const&) @ 0x000000001380f986 in /usr/bin/clickhouse
5. zkutil::ZooKeeper::ZooKeeper(Poco::Util::AbstractConfiguration const&, String const&, std::shared_ptr<DB::ZooKeeperLog>) @ 0x00000000137e48cc in /usr/bin/clickhouse
6. DB::Context::getZooKeeper() const @ 0x000000001164aa4a in /usr/bin/clickhouse
7. DB::DDLWorker::getAndSetZooKeeper() @ 0x00000000116cc32d in /usr/bin/clickhouse
8. DB::DDLWorker::initializeMainThread() @ 0x00000000116dca3b in /usr/bin/clickhouse
9. DB::DDLWorker::runMainThread() @ 0x00000000116c73c0 in /usr/bin/clickhouse
10. void std::__function::__policy_invoker<void ()>::__call_impl<std::__function::__default_alloc_func<ThreadFromGlobalPoolImpl<true>::ThreadFromGlobalPoolImpl<void (DB::DDLWorker::*)(), DB::DDLWorker*>(void (DB::DDLWorker::*&&)(), DB::DDLWorker*&&)::'lambda'(), void ()>>(std::__function::__policy_storage const*) @ 0x00000000116ddb4c in /usr/bin/clickhouse
11. void* std::__thread_proxy[abi:v15000]<std::tuple<std::unique_ptr<std::__thread_struct, std::default_delete<std::__thread_struct>>, void ThreadPoolImpl<std::thread>::scheduleImpl<void>(std::function<void ()>, Priority, std::optional<unsigned long>, bool)::'lambda0'()>>(void*) @ 0x000000000c706104 in /usr/bin/clickhouse
12. ? @ 0x00007d5a69da9609 in ?
13. ? @ 0x00007d5a69cce353 in ?
 (version 23.8.16.16 (official build))
2026.03.18 20:33:51.485214 [ 284 ] {} <Error> DDLWorker: ZooKeeper error: Code: 999. Coordination::Exception: Unknown key host in config file. (KEEPER_EXCEPTION), Stack trace (when copying this message, always include the lines below):

0. DB::Exception::Exception(DB::Exception::MessageMasked&&, int, bool) @ 0x000000000c6251d7 in /usr/bin/clickhouse
1. DB::Exception::Exception<String const&>(int, FormatStringHelperImpl<std::type_identity<String const&>::type>, String const&) @ 0x00000000074ae38d in /usr/bin/clickhouse
2. Coordination::Exception::Exception<String const&>(Coordination::Error, FormatStringHelperImpl<std::type_identity<String const&>::type>, String const&) @ 0x000000001276578a in /usr/bin/clickhouse
3. zkutil::ZooKeeperArgs::initFromKeeperSection(Poco::Util::AbstractConfiguration const&, String const&) @ 0x0000000013813c10 in /usr/bin/clickhouse
4. zkutil::ZooKeeperArgs::ZooKeeperArgs(Poco::Util::AbstractConfiguration const&, String const&) @ 0x000000001380f986 in /usr/bin/clickhouse
5. zkutil::ZooKeeper::ZooKeeper(Poco::Util::AbstractConfiguration const&, String const&, std::shared_ptr<DB::ZooKeeperLog>) @ 0x00000000137e48cc in /usr/bin/clickhouse
6. DB::Context::getZooKeeper() const @ 0x000000001164aa4a in /usr/bin/clickhouse
7. DB::DDLWorker::getAndSetZooKeeper() @ 0x00000000116cc32d in /usr/bin/clickhouse
8. DB::DDLWorker::initializeMainThread() @ 0x00000000116dca3b in /usr/bin/clickhouse
9. DB::DDLWorker::runMainThread() @ 0x00000000116c73c0 in /usr/bin/clickhouse
10. void std::__function::__policy_invoker<void ()>::__call_impl<std::__function::__default_alloc_func<ThreadFromGlobalPoolImpl<true>::ThreadFromGlobalPoolImpl<void (DB::DDLWorker::*)(), DB::DDLWorker*>(void (DB::DDLWorker::*&&)(), DB::DDLWorker*&&)::'lambda'(), void ()>>(std::__function::__policy_storage const*) @ 0x00000000116ddb4c in /usr/bin/clickhouse
11. void* std::__thread_proxy[abi:v15000]<std::tuple<std::unique_ptr<std::__thread_struct, std::default_delete<std::__thread_struct>>, void ThreadPoolImpl<std::thread>::scheduleImpl<void>(std::function<void ()>, Priority, std::optional<unsigned long>, bool)::'lambda0'()>>(void*) @ 0x000000000c706104 in /usr/bin/clickhouse
12. ? @ 0x00007d5a69da9609 in ?
13. ? @ 0x00007d5a69cce353 in ?
 (version 23.8.16.16 (official build)). Failed to start DDLWorker.
2026.03.18 20:33:51.485283 [ 284 ] {} <Error> virtual bool DB::DDLWorker::initializeMainThread(): Code: 999. Coordination::Exception: Unknown key host in config file. (KEEPER_EXCEPTION), Stack trace (when copying this message, always include the lines below):

0. DB::Exception::Exception(DB::Exception::MessageMasked&&, int, bool) @ 0x000000000c6251d7 in /usr/bin/clickhouse
1. DB::Exception::Exception<String const&>(int, FormatStringHelperImpl<std::type_identity<String const&>::type>, String const&) @ 0x00000000074ae38d in /usr/bin/clickhouse
2. Coordination::Exception::Exception<String const&>(Coordination::Error, FormatStringHelperImpl<std::type_identity<String const&>::type>, String const&) @ 0x000000001276578a in /usr/bin/clickhouse
3. zkutil::ZooKeeperArgs::initFromKeeperSection(Poco::Util::AbstractConfiguration const&, String const&) @ 0x0000000013813c10 in /usr/bin/clickhouse
4. zkutil::ZooKeeperArgs::ZooKeeperArgs(Poco::Util::AbstractConfiguration const&, String const&) @ 0x000000001380f986 in /usr/bin/clickhouse
5. zkutil::ZooKeeper::ZooKeeper(Poco::Util::AbstractConfiguration const&, String const&, std::shared_ptr<DB::ZooKeeperLog>) @ 0x00000000137e48cc in /usr/bin/clickhouse
6. DB::Context::getZooKeeper() const @ 0x000000001164aa4a in /usr/bin/clickhouse
7. DB::DDLWorker::getAndSetZooKeeper() @ 0x00000000116cc32d in /usr/bin/clickhouse
8. DB::DDLWorker::initializeMainThread() @ 0x00000000116dca3b in /usr/bin/clickhouse
9. DB::DDLWorker::runMainThread() @ 0x00000000116c73c0 in /usr/bin/clickhouse
10. void std::__function::__policy_invoker<void ()>::__call_impl<std::__function::__default_alloc_func<ThreadFromGlobalPoolImpl<true>::ThreadFromGlobalPoolImpl<void (DB::DDLWorker::*)(), DB::DDLWorker*>(void (DB::DDLWorker::*&&)(), DB::DDLWorker*&&)::'lambda'(), void ()>>(std::__function::__policy_storage const*) @ 0x00000000116ddb4c in /usr/bin/clickhouse
11. void* std::__thread_proxy[abi:v15000]<std::tuple<std::unique_ptr<std::__thread_struct, std::default_delete<std::__thread_struct>>, void ThreadPoolImpl<std::thread>::scheduleImpl<void>(std::function<void ()>, Priority, std::optional<unsigned long>, bool)::'lambda0'()>>(void*) @ 0x000000000c706104 in /usr/bin/clickhouse
12. ? @ 0x00007d5a69da9609 in ?
13. ? @ 0x00007d5a69cce353 in ?
 (version 23.8.16.16 (official build))
2026.03.18 20:33:56.486969 [ 284 ] {} <Error> DDLWorker: ZooKeeper error: Code: 999. Coordination::Exception: Unknown key host in config file. (KEEPER_EXCEPTION), Stack trace (when copying this message, always include the lines below):

0. DB::Exception::Exception(DB::Exception::MessageMasked&&, int, bool) @ 0x000000000c6251d7 in /usr/bin/clickhouse
1. DB::Exception::Exception<String const&>(int, FormatStringHelperImpl<std::type_identity<String const&>::type>, String const&) @ 0x00000000074ae38d in /usr/bin/clickhouse
2. Coordination::Exception::Exception<String const&>(Coordination::Error, FormatStringHelperImpl<std::type_identity<String const&>::type>, String const&) @ 0x000000001276578a in /usr/bin/clickhouse
3. zkutil::ZooKeeperArgs::initFromKeeperSection(Poco::Util::AbstractConfiguration const&, String const&) @ 0x0000000013813c10 in /usr/bin/clickhouse
4. zkutil::ZooKeeperArgs::ZooKeeperArgs(Poco::Util::AbstractConfiguration const&, String const&) @ 0x000000001380f986 in /usr/bin/clickhouse
5. zkutil::ZooKeeper::ZooKeeper(Poco::Util::AbstractConfiguration const&, String const&, std::shared_ptr<DB::ZooKeeperLog>) @ 0x00000000137e48cc in /usr/bin/clickhouse
6. DB::Context::getZooKeeper() const @ 0x000000001164aa4a in /usr/bin/clickhouse
7. DB::DDLWorker::getAndSetZooKeeper() @ 0x00000000116cc32d in /usr/bin/clickhouse
8. DB::DDLWorker::initializeMainThread() @ 0x00000000116dca3b in /usr/bin/clickhouse
9. DB::DDLWorker::runMainThread() @ 0x00000000116c73c0 in /usr/bin/clickhouse
10. void std::__function::__policy_invoker<void ()>::__call_impl<std::__function::__default_alloc_func<ThreadFromGlobalPoolImpl<true>::ThreadFromGlobalPoolImpl<void (DB::DDLWorker::*)(), DB::DDLWorker*>(void (DB::DDLWorker::*&&)(), DB::DDLWorker*&&)::'lambda'(), void ()>>(std::__function::__policy_storage const*) @ 0x00000000116ddb4c in /usr/bin/clickhouse
11. void* std::__thread_proxy[abi:v15000]<std::tuple<std::unique_ptr<std::__thread_struct, std::default_delete<std::__thread_struct>>, void ThreadPoolImpl<std::thread>::scheduleImpl<void>(std::function<void ()>, Priority, std::optional<unsigned long>, bool)::'lambda0'()>>(void*) @ 0x000000000c706104 in /usr/bin/clickhouse
12. ? @ 0x00007d5a69da9609 in ?
13. ? @ 0x00007d5a69cce353 in ?
 (version 23.8.16.16 (official build)). Failed to start DDLWorker.
2026.03.18 20:33:56.487046 [ 284 ] {} <Error> virtual bool DB::DDLWorker::initializeMainThread(): Code: 999. Coordination::Exception: Unknown key host in config file. (KEEPER_EXCEPTION), Stack trace (when copying this message, always include the lines below):

0. DB::Exception::Exception(DB::Exception::MessageMasked&&, int, bool) @ 0x000000000c6251d7 in /usr/bin/clickhouse
1. DB::Exception::Exception<String const&>(int, FormatStringHelperImpl<std::type_identity<String const&>::type>, String const&) @ 0x00000000074ae38d in /usr/bin/clickhouse
2. Coordination::Exception::Exception<String const&>(Coordination::Error, FormatStringHelperImpl<std::type_identity<String const&>::type>, String const&) @ 0x000000001276578a in /usr/bin/clickhouse
3. zkutil::ZooKeeperArgs::initFromKeeperSection(Poco::Util::AbstractConfiguration const&, String const&) @ 0x0000000013813c10 in /usr/bin/clickhouse
4. zkutil::ZooKeeperArgs::ZooKeeperArgs(Poco::Util::AbstractConfiguration const&, String const&) @ 0x000000001380f986 in /usr/bin/clickhouse
5. zkutil::ZooKeeper::ZooKeeper(Poco::Util::AbstractConfiguration const&, String const&, std::shared_ptr<DB::ZooKeeperLog>) @ 0x00000000137e48cc in /usr/bin/clickhouse
6. DB::Context::getZooKeeper() const @ 0x000000001164aa4a in /usr/bin/clickhouse
7. DB::DDLWorker::getAndSetZooKeeper() @ 0x00000000116cc32d in /usr/bin/clickhouse
8. DB::DDLWorker::initializeMainThread() @ 0x00000000116dca3b in /usr/bin/clickhouse
9. DB::DDLWorker::runMainThread() @ 0x00000000116c73c0 in /usr/bin/clickhouse
10. void std::__function::__policy_invoker<void ()>::__call_impl<std::__function::__default_alloc_func<ThreadFromGlobalPoolImpl<true>::ThreadFromGlobalPoolImpl<void (DB::DDLWorker::*)(), DB::DDLWorker*>(void (DB::DDLWorker::*&&)(), DB::DDLWorker*&&)::'lambda'(), void ()>>(std::__function::__policy_storage const*) @ 0x00000000116ddb4c in /usr/bin/clickhouse
11. void* std::__thread_proxy[abi:v15000]<std::tuple<std::unique_ptr<std::__thread_struct, std::default_delete<std::__thread_struct>>, void ThreadPoolImpl<std::thread>::scheduleImpl<void>(std::function<void ()>, Priority, std::optional<unsigned long>, bool)::'lambda0'()>>(void*) @ 0x000000000c706104 in /usr/bin/clickhouse
12. ? @ 0x00007d5a69da9609 in ?
13. ? @ 0x00007d5a69cce353 in ?
 (version 23.8.16.16 (official build))
2026.03.18 20:34:01.487389 [ 284 ] {} <Error> DDLWorker: ZooKeeper error: Code: 999. Coordination::Exception: Unknown key host in config file. (KEEPER_EXCEPTION), Stack trace (when copying this message, always include the lines below):

0. DB::Exception::Exception(DB::Exception::MessageMasked&&, int, bool) @ 0x000000000c6251d7 in /usr/bin/clickhouse
1. DB::Exception::Exception<String const&>(int, FormatStringHelperImpl<std::type_identity<String const&>::type>, String const&) @ 0x00000000074ae38d in /usr/bin/clickhouse
2. Coordination::Exception::Exception<String const&>(Coordination::Error, FormatStringHelperImpl<std::type_identity<String const&>::type>, String const&) @ 0x000000001276578a in /usr/bin/clickhouse
3. zkutil::ZooKeeperArgs::initFromKeeperSection(Poco::Util::AbstractConfiguration const&, String const&) @ 0x0000000013813c10 in /usr/bin/clickhouse
4. zkutil::ZooKeeperArgs::ZooKeeperArgs(Poco::Util::AbstractConfiguration const&, String const&) @ 0x000000001380f986 in /usr/bin/clickhouse
5. zkutil::ZooKeeper::ZooKeeper(Poco::Util::AbstractConfiguration const&, String const&, std::shared_ptr<DB::ZooKeeperLog>) @ 0x00000000137e48cc in /usr/bin/clickhouse
6. DB::Context::getZooKeeper() const @ 0x000000001164aa4a in /usr/bin/clickhouse
7. DB::DDLWorker::getAndSetZooKeeper() @ 0x00000000116cc32d in /usr/bin/clickhouse
8. DB::DDLWorker::initializeMainThread() @ 0x00000000116dca3b in /usr/bin/clickhouse
9. DB::DDLWorker::runMainThread() @ 0x00000000116c73c0 in /usr/bin/clickhouse
10. void std::__function::__policy_invoker<void ()>::__call_impl<std::__function::__default_alloc_func<ThreadFromGlobalPoolImpl<true>::ThreadFromGlobalPoolImpl<void (DB::DDLWorker::*)(), DB::DDLWorker*>(void (DB::DDLWorker::*&&)(), DB::DDLWorker*&&)::'lambda'(), void ()>>(std::__function::__policy_storage const*) @ 0x00000000116ddb4c in /usr/bin/clickhouse
11. void* std::__thread_proxy[abi:v15000]<std::tuple<std::unique_ptr<std::__thread_struct, std::default_delete<std::__thread_struct>>, void ThreadPoolImpl<std::thread>::scheduleImpl<void>(std::function<void ()>, Priority, std::optional<unsigned long>, bool)::'lambda0'()>>(void*) @ 0x000000000c706104 in /usr/bin/clickhouse
12. ? @ 0x00007d5a69da9609 in ?
13. ? @ 0x00007d5a69cce353 in ?
 (version 23.8.16.16 (official build)). Failed to start DDLWorker.
2026.03.18 20:34:01.487447 [ 284 ] {} <Error> virtual bool DB::DDLWorker::initializeMainThread(): Code: 999. Coordination::Exception: Unknown key host in config file. (KEEPER_EXCEPTION), Stack trace (when copying this message, always include the lines below):

0. DB::Exception::Exception(DB::Exception::MessageMasked&&, int, bool) @ 0x000000000c6251d7 in /usr/bin/clickhouse
1. DB::Exception::Exception<String const&>(int, FormatStringHelperImpl<std::type_identity<String const&>::type>, String const&) @ 0x00000000074ae38d in /usr/bin/clickhouse
2. Coordination::Exception::Exception<String const&>(Coordination::Error, FormatStringHelperImpl<std::type_identity<String const&>::type>, String const&) @ 0x000000001276578a in /usr/bin/clickhouse
3. zkutil::ZooKeeperArgs::initFromKeeperSection(Poco::Util::AbstractConfiguration const&, String const&) @ 0x0000000013813c10 in /usr/bin/clickhouse
4. zkutil::ZooKeeperArgs::ZooKeeperArgs(Poco::Util::AbstractConfiguration const&, String const&) @ 0x000000001380f986 in /usr/bin/clickhouse
5. zkutil::ZooKeeper::ZooKeeper(Poco::Util::AbstractConfiguration const&, String const&, std::shared_ptr<DB::ZooKeeperLog>) @ 0x00000000137e48cc in /usr/bin/clickhouse
6. DB::Context::getZooKeeper() const @ 0x000000001164aa4a in /usr/bin/clickhouse
7. DB::DDLWorker::getAndSetZooKeeper() @ 0x00000000116cc32d in /usr/bin/clickhouse
8. DB::DDLWorker::initializeMainThread() @ 0x00000000116dca3b in /usr/bin/clickhouse
9. DB::DDLWorker::runMainThread() @ 0x00000000116c73c0 in /usr/bin/clickhouse
10. void std::__function::__policy_invoker<void ()>::__call_impl<std::__function::__default_alloc_func<ThreadFromGlobalPoolImpl<true>::ThreadFromGlobalPoolImpl<void (DB::DDLWorker::*)(), DB::DDLWorker*>(void (DB::DDLWorker::*&&)(), DB::DDLWorker*&&)::'lambda'(), void ()>>(std::__function::__policy_storage const*) @ 0x00000000116ddb4c in /usr/bin/clickhouse
11. void* std::__thread_proxy[abi:v15000]<std::tuple<std::unique_ptr<std::__thread_struct, std::default_delete<std::__thread_struct>>, void ThreadPoolImpl<std::thread>::scheduleImpl<void>(std::function<void ()>, Priority, std::optional<unsigned long>, bool)::'lambda0'()>>(void*) @ 0x000000000c706104 in /usr/bin/clickhouse
12. ? @ 0x00007d5a69da9609 in ?
13. ? @ 0x00007d5a69cce353 in ?
 (version 23.8.16.16 (official build))
2026.03.18 20:34:06.522085 [ 284 ] {} <Error> DDLWorker: ZooKeeper error: Code: 999. Coordination::Exception: Unknown key host in config file. (KEEPER_EXCEPTION), Stack trace (when copying this message, always include the lines below):

0. DB::Exception::Exception(DB::Exception::MessageMasked&&, int, bool) @ 0x000000000c6251d7 in /usr/bin/clickhouse
1. DB::Exception::Exception<String const&>(int, FormatStringHelperImpl<std::type_identity<String const&>::type>, String const&) @ 0x00000000074ae38d in /usr/bin/clickhouse
2. Coordination::Exception::Exception<String const&>(Coordination::Error, FormatStringHelperImpl<std::type_identity<String const&>::type>, String const&) @ 0x000000001276578a in /usr/bin/clickhouse
3. zkutil::ZooKeeperArgs::initFromKeeperSection(Poco::Util::AbstractConfiguration const&, String const&) @ 0x0000000013813c10 in /usr/bin/clickhouse
4. zkutil::ZooKeeperArgs::ZooKeeperArgs(Poco::Util::AbstractConfiguration const&, String const&) @ 0x000000001380f986 in /usr/bin/clickhouse
5. zkutil::ZooKeeper::ZooKeeper(Poco::Util::AbstractConfiguration const&, String const&, std::shared_ptr<DB::ZooKeeperLog>) @ 0x00000000137e48cc in /usr/bin/clickhouse
6. DB::Context::getZooKeeper() const @ 0x000000001164aa4a in /usr/bin/clickhouse
7. DB::DDLWorker::getAndSetZooKeeper() @ 0x00000000116cc32d in /usr/bin/clickhouse
8. DB::DDLWorker::initializeMainThread() @ 0x00000000116dca3b in /usr/bin/clickhouse
9. DB::DDLWorker::runMainThread() @ 0x00000000116c73c0 in /usr/bin/clickhouse
10. void std::__function::__policy_invoker<void ()>::__call_impl<std::__function::__default_alloc_func<ThreadFromGlobalPoolImpl<true>::ThreadFromGlobalPoolImpl<void (DB::DDLWorker::*)(), DB::DDLWorker*>(void (DB::DDLWorker::*&&)(), DB::DDLWorker*&&)::'lambda'(), void ()>>(std::__function::__policy_storage const*) @ 0x00000000116ddb4c in /usr/bin/clickhouse
11. void* std::__thread_proxy[abi:v15000]<std::tuple<std::unique_ptr<std::__thread_struct, std::default_delete<std::__thread_struct>>, void ThreadPoolImpl<std::thread>::scheduleImpl<void>(std::function<void ()>, Priority, std::optional<unsigned long>, bool)::'lambda0'()>>(void*) @ 0x000000000c706104 in /usr/bin/clickhouse
12. ? @ 0x00007d5a69da9609 in ?
13. ? @ 0x00007d5a69cce353 in ?
 (version 23.8.16.16 (official build)). Failed to start DDLWorker.
2026.03.18 20:34:06.522162 [ 284 ] {} <Error> virtual bool DB::DDLWorker::initializeMainThread(): Code: 999. Coordination::Exception: Unknown key host in config file. (KEEPER_EXCEPTION), Stack trace (when copying this message, always include the lines below):

0. DB::Exception::Exception(DB::Exception::MessageMasked&&, int, bool) @ 0x000000000c6251d7 in /usr/bin/clickhouse
1. DB::Exception::Exception<String const&>(int, FormatStringHelperImpl<std::type_identity<String const&>::type>, String const&) @ 0x00000000074ae38d in /usr/bin/clickhouse
2. Coordination::Exception::Exception<String const&>(Coordination::Error, FormatStringHelperImpl<std::type_identity<String const&>::type>, String const&) @ 0x000000001276578a in /usr/bin/clickhouse
3. zkutil::ZooKeeperArgs::initFromKeeperSection(Poco::Util::AbstractConfiguration const&, String const&) @ 0x0000000013813c10 in /usr/bin/clickhouse
4. zkutil::ZooKeeperArgs::ZooKeeperArgs(Poco::Util::AbstractConfiguration const&, String const&) @ 0x000000001380f986 in /usr/bin/clickhouse
5. zkutil::ZooKeeper::ZooKeeper(Poco::Util::AbstractConfiguration const&, String const&, std::shared_ptr<DB::ZooKeeperLog>) @ 0x00000000137e48cc in /usr/bin/clickhouse
6. DB::Context::getZooKeeper() const @ 0x000000001164aa4a in /usr/bin/clickhouse
7. DB::DDLWorker::getAndSetZooKeeper() @ 0x00000000116cc32d in /usr/bin/clickhouse
8. DB::DDLWorker::initializeMainThread() @ 0x00000000116dca3b in /usr/bin/clickhouse
9. DB::DDLWorker::runMainThread() @ 0x00000000116c73c0 in /usr/bin/clickhouse
10. void std::__function::__policy_invoker<void ()>::__call_impl<std::__function::__default_alloc_func<ThreadFromGlobalPoolImpl<true>::ThreadFromGlobalPoolImpl<void (DB::DDLWorker::*)(), DB::DDLWorker*>(void (DB::DDLWorker::*&&)(), DB::DDLWorker*&&)::'lambda'(), void ()>>(std::__function::__policy_storage const*) @ 0x00000000116ddb4c in /usr/bin/clickhouse
11. void* std::__thread_proxy[abi:v15000]<std::tuple<std::unique_ptr<std::__thread_struct, std::default_delete<std::__thread_struct>>, void ThreadPoolImpl<std::thread>::scheduleImpl<void>(std::function<void ()>, Priority, std::optional<unsigned long>, bool)::'lambda0'()>>(void*) @ 0x000000000c706104 in /usr/bin/clickhouse
12. ? @ 0x00007d5a69da9609 in ?
13. ? @ 0x00007d5a69cce353 in ?
 (version 23.8.16.16 (official build))
2026.03.18 20:34:11.526518 [ 284 ] {} <Error> DDLWorker: ZooKeeper error: Code: 999. Coordination::Exception: Unknown key host in config file. (KEEPER_EXCEPTION), Stack trace (when copying this message, always include the lines below):

0. DB::Exception::Exception(DB::Exception::MessageMasked&&, int, bool) @ 0x000000000c6251d7 in /usr/bin/clickhouse
1. DB::Exception::Exception<String const&>(int, FormatStringHelperImpl<std::type_identity<String const&>::type>, String const&) @ 0x00000000074ae38d in /usr/bin/clickhouse
2. Coordination::Exception::Exception<String const&>(Coordination::Error, FormatStringHelperImpl<std::type_identity<String const&>::type>, String const&) @ 0x000000001276578a in /usr/bin/clickhouse
3. zkutil::ZooKeeperArgs::initFromKeeperSection(Poco::Util::AbstractConfiguration const&, String const&) @ 0x0000000013813c10 in /usr/bin/clickhouse
4. zkutil::ZooKeeperArgs::ZooKeeperArgs(Poco::Util::AbstractConfiguration const&, String const&) @ 0x000000001380f986 in /usr/bin/clickhouse
5. zkutil::ZooKeeper::ZooKeeper(Poco::Util::AbstractConfiguration const&, String const&, std::shared_ptr<DB::ZooKeeperLog>) @ 0x00000000137e48cc in /usr/bin/clickhouse
6. DB::Context::getZooKeeper() const @ 0x000000001164aa4a in /usr/bin/clickhouse
7. DB::DDLWorker::getAndSetZooKeeper() @ 0x00000000116cc32d in /usr/bin/clickhouse
8. DB::DDLWorker::initializeMainThread() @ 0x00000000116dca3b in /usr/bin/clickhouse
9. DB::DDLWorker::runMainThread() @ 0x00000000116c73c0 in /usr/bin/clickhouse
10. void std::__function::__policy_invoker<void ()>::__call_impl<std::__function::__default_alloc_func<ThreadFromGlobalPoolImpl<true>::ThreadFromGlobalPoolImpl<void (DB::DDLWorker::*)(), DB::DDLWorker*>(void (DB::DDLWorker::*&&)(), DB::DDLWorker*&&)::'lambda'(), void ()>>(std::__function::__policy_storage const*) @ 0x00000000116ddb4c in /usr/bin/clickhouse
11. void* std::__thread_proxy[abi:v15000]<std::tuple<std::unique_ptr<std::__thread_struct, std::default_delete<std::__thread_struct>>, void ThreadPoolImpl<std::thread>::scheduleImpl<void>(std::function<void ()>, Priority, std::optional<unsigned long>, bool)::'lambda0'()>>(void*) @ 0x000000000c706104 in /usr/bin/clickhouse
12. ? @ 0x00007d5a69da9609 in ?
13. ? @ 0x00007d5a69cce353 in ?
 (version 23.8.16.16 (official build)). Failed to start DDLWorker.
2026.03.18 20:34:11.526594 [ 284 ] {} <Error> virtual bool DB::DDLWorker::initializeMainThread(): Code: 999. Coordination::Exception: Unknown key host in config file. (KEEPER_EXCEPTION), Stack trace (when copying this message, always include the lines below):

0. DB::Exception::Exception(DB::Exception::MessageMasked&&, int, bool) @ 0x000000000c6251d7 in /usr/bin/clickhouse
1. DB::Exception::Exception<String const&>(int, FormatStringHelperImpl<std::type_identity<String const&>::type>, String const&) @ 0x00000000074ae38d in /usr/bin/clickhouse
2. Coordination::Exception::Exception<String const&>(Coordination::Error, FormatStringHelperImpl<std::type_identity<String const&>::type>, String const&) @ 0x000000001276578a in /usr/bin/clickhouse
3. zkutil::ZooKeeperArgs::initFromKeeperSection(Poco::Util::AbstractConfiguration const&, String const&) @ 0x0000000013813c10 in /usr/bin/clickhouse
4. zkutil::ZooKeeperArgs::ZooKeeperArgs(Poco::Util::AbstractConfiguration const&, String const&) @ 0x000000001380f986 in /usr/bin/clickhouse
5. zkutil::ZooKeeper::ZooKeeper(Poco::Util::AbstractConfiguration const&, String const&, std::shared_ptr<DB::ZooKeeperLog>) @ 0x00000000137e48cc in /usr/bin/clickhouse
6. DB::Context::getZooKeeper() const @ 0x000000001164aa4a in /usr/bin/clickhouse
7. DB::DDLWorker::getAndSetZooKeeper() @ 0x00000000116cc32d in /usr/bin/clickhouse
8. DB::DDLWorker::initializeMainThread() @ 0x00000000116dca3b in /usr/bin/clickhouse
9. DB::DDLWorker::runMainThread() @ 0x00000000116c73c0 in /usr/bin/clickhouse
10. void std::__function::__policy_invoker<void ()>::__call_impl<std::__function::__default_alloc_func<ThreadFromGlobalPoolImpl<true>::ThreadFromGlobalPoolImpl<void (DB::DDLWorker::*)(), DB::DDLWorker*>(void (DB::DDLWorker::*&&)(), DB::DDLWorker*&&)::'lambda'(), void ()>>(std::__function::__policy_storage const*) @ 0x00000000116ddb4c in /usr/bin/clickhouse
11. void* std::__thread_proxy[abi:v15000]<std::tuple<std::unique_ptr<std::__thread_struct, std::default_delete<std::__thread_struct>>, void ThreadPoolImpl<std::thread>::scheduleImpl<void>(std::function<void ()>, Priority, std::optional<unsigned long>, bool)::'lambda0'()>>(void*) @ 0x000000000c706104 in /usr/bin/clickhouse
12. ? @ 0x00007d5a69da9609 in ?
13. ? @ 0x00007d5a69cce353 in ?
 (version 23.8.16.16 (official build))
2026.03.18 20:34:16.527072 [ 284 ] {} <Error> DDLWorker: ZooKeeper error: Code: 999. Coordination::Exception: Unknown key host in config file. (KEEPER_EXCEPTION), Stack trace (when copying this message, always include the lines below):

0. DB::Exception::Exception(DB::Exception::MessageMasked&&, int, bool) @ 0x000000000c6251d7 in /usr/bin/clickhouse
1. DB::Exception::Exception<String const&>(int, FormatStringHelperImpl<std::type_identity<String const&>::type>, String const&) @ 0x00000000074ae38d in /usr/bin/clickhouse
2. Coordination::Exception::Exception<String const&>(Coordination::Error, FormatStringHelperImpl<std::type_identity<String const&>::type>, String const&) @ 0x000000001276578a in /usr/bin/clickhouse
3. zkutil::ZooKeeperArgs::initFromKeeperSection(Poco::Util::AbstractConfiguration const&, String const&) @ 0x0000000013813c10 in /usr/bin/clickhouse
4. zkutil::ZooKeeperArgs::ZooKeeperArgs(Poco::Util::AbstractConfiguration const&, String const&) @ 0x000000001380f986 in /usr/bin/clickhouse
5. zkutil::ZooKeeper::ZooKeeper(Poco::Util::AbstractConfiguration const&, String const&, std::shared_ptr<DB::ZooKeeperLog>) @ 0x00000000137e48cc in /usr/bin/clickhouse
6. DB::Context::getZooKeeper() const @ 0x000000001164aa4a in /usr/bin/clickhouse
7. DB::DDLWorker::getAndSetZooKeeper() @ 0x00000000116cc32d in /usr/bin/clickhouse
8. DB::DDLWorker::initializeMainThread() @ 0x00000000116dca3b in /usr/bin/clickhouse
9. DB::DDLWorker::runMainThread() @ 0x00000000116c73c0 in /usr/bin/clickhouse
10. void std::__function::__policy_invoker<void ()>::__call_impl<std::__function::__default_alloc_func<ThreadFromGlobalPoolImpl<true>::ThreadFromGlobalPoolImpl<void (DB::DDLWorker::*)(), DB::DDLWorker*>(void (DB::DDLWorker::*&&)(), DB::DDLWorker*&&)::'lambda'(), void ()>>(std::__function::__policy_storage const*) @ 0x00000000116ddb4c in /usr/bin/clickhouse
11. void* std::__thread_proxy[abi:v15000]<std::tuple<std::unique_ptr<std::__thread_struct, std::default_delete<std::__thread_struct>>, void ThreadPoolImpl<std::thread>::scheduleImpl<void>(std::function<void ()>, Priority, std::optional<unsigned long>, bool)::'lambda0'()>>(void*) @ 0x000000000c706104 in /usr/bin/clickhouse
12. ? @ 0x00007d5a69da9609 in ?
13. ? @ 0x00007d5a69cce353 in ?
 (version 23.8.16.16 (official build)). Failed to start DDLWorker.
2026.03.18 20:34:16.527151 [ 284 ] {} <Error> virtual bool DB::DDLWorker::initializeMainThread(): Code: 999. Coordination::Exception: Unknown key host in config file. (KEEPER_EXCEPTION), Stack trace (when copying this message, always include the lines below):

0. DB::Exception::Exception(DB::Exception::MessageMasked&&, int, bool) @ 0x000000000c6251d7 in /usr/bin/clickhouse
1. DB::Exception::Exception<String const&>(int, FormatStringHelperImpl<std::type_identity<String const&>::type>, String const&) @ 0x00000000074ae38d in /usr/bin/clickhouse
2. Coordination::Exception::Exception<String const&>(Coordination::Error, FormatStringHelperImpl<std::type_identity<String const&>::type>, String const&) @ 0x000000001276578a in /usr/bin/clickhouse
3. zkutil::ZooKeeperArgs::initFromKeeperSection(Poco::Util::AbstractConfiguration const&, String const&) @ 0x0000000013813c10 in /usr/bin/clickhouse
4. zkutil::ZooKeeperArgs::ZooKeeperArgs(Poco::Util::AbstractConfiguration const&, String const&) @ 0x000000001380f986 in /usr/bin/clickhouse
5. zkutil::ZooKeeper::ZooKeeper(Poco::Util::AbstractConfiguration const&, String const&, std::shared_ptr<DB::ZooKeeperLog>) @ 0x00000000137e48cc in /usr/bin/clickhouse
6. DB::Context::getZooKeeper() const @ 0x000000001164aa4a in /usr/bin/clickhouse
7. DB::DDLWorker::getAndSetZooKeeper() @ 0x00000000116cc32d in /usr/bin/clickhouse
8. DB::DDLWorker::initializeMainThread() @ 0x00000000116dca3b in /usr/bin/clickhouse
9. DB::DDLWorker::runMainThread() @ 0x00000000116c73c0 in /usr/bin/clickhouse
10. void std::__function::__policy_invoker<void ()>::__call_impl<std::__function::__default_alloc_func<ThreadFromGlobalPoolImpl<true>::ThreadFromGlobalPoolImpl<void (DB::DDLWorker::*)(), DB::DDLWorker*>(void (DB::DDLWorker::*&&)(), DB::DDLWorker*&&)::'lambda'(), void ()>>(std::__function::__policy_storage const*) @ 0x00000000116ddb4c in /usr/bin/clickhouse
11. void* std::__thread_proxy[abi:v15000]<std::tuple<std::unique_ptr<std::__thread_struct, std::default_delete<std::__thread_struct>>, void ThreadPoolImpl<std::thread>::scheduleImpl<void>(std::function<void ()>, Priority, std::optional<unsigned long>, bool)::'lambda0'()>>(void*) @ 0x000000000c706104 in /usr/bin/clickhouse
12. ? @ 0x00007d5a69da9609 in ?
13. ? @ 0x00007d5a69cce353 in ?
 (version 23.8.16.16 (official build))
2026.03.18 20:34:21.528005 [ 284 ] {} <Error> DDLWorker: ZooKeeper error: Code: 999. Coordination::Exception: Unknown key host in config file. (KEEPER_EXCEPTION), Stack trace (when copying this message, always include the lines below):

0. DB::Exception::Exception(DB::Exception::MessageMasked&&, int, bool) @ 0x000000000c6251d7 in /usr/bin/clickhouse
1. DB::Exception::Exception<String const&>(int, FormatStringHelperImpl<std::type_identity<String const&>::type>, String const&) @ 0x00000000074ae38d in /usr/bin/clickhouse
2. Coordination::Exception::Exception<String const&>(Coordination::Error, FormatStringHelperImpl<std::type_identity<String const&>::type>, String const&) @ 0x000000001276578a in /usr/bin/clickhouse
3. zkutil::ZooKeeperArgs::initFromKeeperSection(Poco::Util::AbstractConfiguration const&, String const&) @ 0x0000000013813c10 in /usr/bin/clickhouse
4. zkutil::ZooKeeperArgs::ZooKeeperArgs(Poco::Util::AbstractConfiguration const&, String const&) @ 0x000000001380f986 in /usr/bin/clickhouse
5. zkutil::ZooKeeper::ZooKeeper(Poco::Util::AbstractConfiguration const&, String const&, std::shared_ptr<DB::ZooKeeperLog>) @ 0x00000000137e48cc in /usr/bin/clickhouse
6. DB::Context::getZooKeeper() const @ 0x000000001164aa4a in /usr/bin/clickhouse
7. DB::DDLWorker::getAndSetZooKeeper() @ 0x00000000116cc32d in /usr/bin/clickhouse
8. DB::DDLWorker::initializeMainThread() @ 0x00000000116dca3b in /usr/bin/clickhouse
9. DB::DDLWorker::runMainThread() @ 0x00000000116c73c0 in /usr/bin/clickhouse
10. void std::__function::__policy_invoker<void ()>::__call_impl<std::__function::__default_alloc_func<ThreadFromGlobalPoolImpl<true>::ThreadFromGlobalPoolImpl<void (DB::DDLWorker::*)(), DB::DDLWorker*>(void (DB::DDLWorker::*&&)(), DB::DDLWorker*&&)::'lambda'(), void ()>>(std::__function::__policy_storage const*) @ 0x00000000116ddb4c in /usr/bin/clickhouse
11. void* std::__thread_proxy[abi:v15000]<std::tuple<std::unique_ptr<std::__thread_struct, std::default_delete<std::__thread_struct>>, void ThreadPoolImpl<std::thread>::scheduleImpl<void>(std::function<void ()>, Priority, std::optional<unsigned long>, bool)::'lambda0'()>>(void*) @ 0x000000000c706104 in /usr/bin/clickhouse
12. ? @ 0x00007d5a69da9609 in ?
13. ? @ 0x00007d5a69cce353 in ?
 (version 23.8.16.16 (official build)). Failed to start DDLWorker.
2026.03.18 20:34:21.528075 [ 284 ] {} <Error> virtual bool DB::DDLWorker::initializeMainThread(): Code: 999. Coordination::Exception: Unknown key host in config file. (KEEPER_EXCEPTION), Stack trace (when copying this message, always include the lines below):

0. DB::Exception::Exception(DB::Exception::MessageMasked&&, int, bool) @ 0x000000000c6251d7 in /usr/bin/clickhouse
1. DB::Exception::Exception<String const&>(int, FormatStringHelperImpl<std::type_identity<String const&>::type>, String const&) @ 0x00000000074ae38d in /usr/bin/clickhouse
2. Coordination::Exception::Exception<String const&>(Coordination::Error, FormatStringHelperImpl<std::type_identity<String const&>::type>, String const&) @ 0x000000001276578a in /usr/bin/clickhouse
3. zkutil::ZooKeeperArgs::initFromKeeperSection(Poco::Util::AbstractConfiguration const&, String const&) @ 0x0000000013813c10 in /usr/bin/clickhouse
4. zkutil::ZooKeeperArgs::ZooKeeperArgs(Poco::Util::AbstractConfiguration const&, String const&) @ 0x000000001380f986 in /usr/bin/clickhouse
5. zkutil::ZooKeeper::ZooKeeper(Poco::Util::AbstractConfiguration const&, String const&, std::shared_ptr<DB::ZooKeeperLog>) @ 0x00000000137e48cc in /usr/bin/clickhouse
6. DB::Context::getZooKeeper() const @ 0x000000001164aa4a in /usr/bin/clickhouse
7. DB::DDLWorker::getAndSetZooKeeper() @ 0x00000000116cc32d in /usr/bin/clickhouse
8. DB::DDLWorker::initializeMainThread() @ 0x00000000116dca3b in /usr/bin/clickhouse
9. DB::DDLWorker::runMainThread() @ 0x00000000116c73c0 in /usr/bin/clickhouse
10. void std::__function::__policy_invoker<void ()>::__call_impl<std::__function::__default_alloc_func<ThreadFromGlobalPoolImpl<true>::ThreadFromGlobalPoolImpl<void (DB::DDLWorker::*)(), DB::DDLWorker*>(void (DB::DDLWorker::*&&)(), DB::DDLWorker*&&)::'lambda'(), void ()>>(std::__function::__policy_storage const*) @ 0x00000000116ddb4c in /usr/bin/clickhouse
11. void* std::__thread_proxy[abi:v15000]<std::tuple<std::unique_ptr<std::__thread_struct, std::default_delete<std::__thread_struct>>, void ThreadPoolImpl<std::thread>::scheduleImpl<void>(std::function<void ()>, Priority, std::optional<unsigned long>, bool)::'lambda0'()>>(void*) @ 0x000000000c706104 in /usr/bin/clickhouse
12. ? @ 0x00007d5a69da9609 in ?
13. ? @ 0x00007d5a69cce353 in ?
 (version 23.8.16.16 (official build))
2026.03.18 20:34:26.528477 [ 284 ] {} <Error> DDLWorker: ZooKeeper error: Code: 999. Coordination::Exception: Unknown key host in config file. (KEEPER_EXCEPTION), Stack trace (when copying this message, always include the lines below):

0. DB::Exception::Exception(DB::Exception::MessageMasked&&, int, bool) @ 0x000000000c6251d7 in /usr/bin/clickhouse
1. DB::Exception::Exception<String const&>(int, FormatStringHelperImpl<std::type_identity<String const&>::type>, String const&) @ 0x00000000074ae38d in /usr/bin/clickhouse
2. Coordination::Exception::Exception<String const&>(Coordination::Error, FormatStringHelperImpl<std::type_identity<String const&>::type>, String const&) @ 0x000000001276578a in /usr/bin/clickhouse
3. zkutil::ZooKeeperArgs::initFromKeeperSection(Poco::Util::AbstractConfiguration const&, String const&) @ 0x0000000013813c10 in /usr/bin/clickhouse
4. zkutil::ZooKeeperArgs::ZooKeeperArgs(Poco::Util::AbstractConfiguration const&, String const&) @ 0x000000001380f986 in /usr/bin/clickhouse
5. zkutil::ZooKeeper::ZooKeeper(Poco::Util::AbstractConfiguration const&, String const&, std::shared_ptr<DB::ZooKeeperLog>) @ 0x00000000137e48cc in /usr/bin/clickhouse
6. DB::Context::getZooKeeper() const @ 0x000000001164aa4a in /usr/bin/clickhouse
7. DB::DDLWorker::getAndSetZooKeeper() @ 0x00000000116cc32d in /usr/bin/clickhouse
8. DB::DDLWorker::initializeMainThread() @ 0x00000000116dca3b in /usr/bin/clickhouse
9. DB::DDLWorker::runMainThread() @ 0x00000000116c73c0 in /usr/bin/clickhouse
10. void std::__function::__policy_invoker<void ()>::__call_impl<std::__function::__default_alloc_func<ThreadFromGlobalPoolImpl<true>::ThreadFromGlobalPoolImpl<void (DB::DDLWorker::*)(), DB::DDLWorker*>(void (DB::DDLWorker::*&&)(), DB::DDLWorker*&&)::'lambda'(), void ()>>(std::__function::__policy_storage const*) @ 0x00000000116ddb4c in /usr/bin/clickhouse
11. void* std::__thread_proxy[abi:v15000]<std::tuple<std::unique_ptr<std::__thread_struct, std::default_delete<std::__thread_struct>>, void ThreadPoolImpl<std::thread>::scheduleImpl<void>(std::function<void ()>, Priority, std::optional<unsigned long>, bool)::'lambda0'()>>(void*) @ 0x000000000c706104 in /usr/bin/clickhouse
12. ? @ 0x00007d5a69da9609 in ?
13. ? @ 0x00007d5a69cce353 in ?
 (version 23.8.16.16 (official build)). Failed to start DDLWorker.
2026.03.18 20:34:26.528547 [ 284 ] {} <Error> virtual bool DB::DDLWorker::initializeMainThread(): Code: 999. Coordination::Exception: Unknown key host in config file. (KEEPER_EXCEPTION), Stack trace (when copying this message, always include the lines below):

0. DB::Exception::Exception(DB::Exception::MessageMasked&&, int, bool) @ 0x000000000c6251d7 in /usr/bin/clickhouse
1. DB::Exception::Exception<String const&>(int, FormatStringHelperImpl<std::type_identity<String const&>::type>, String const&) @ 0x00000000074ae38d in /usr/bin/clickhouse
2. Coordination::Exception::Exception<String const&>(Coordination::Error, FormatStringHelperImpl<std::type_identity<String const&>::type>, String const&) @ 0x000000001276578a in /usr/bin/clickhouse
3. zkutil::ZooKeeperArgs::initFromKeeperSection(Poco::Util::AbstractConfiguration const&, String const&) @ 0x0000000013813c10 in /usr/bin/clickhouse
4. zkutil::ZooKeeperArgs::ZooKeeperArgs(Poco::Util::AbstractConfiguration const&, String const&) @ 0x000000001380f986 in /usr/bin/clickhouse
5. zkutil::ZooKeeper::ZooKeeper(Poco::Util::AbstractConfiguration const&, String const&, std::shared_ptr<DB::ZooKeeperLog>) @ 0x00000000137e48cc in /usr/bin/clickhouse
6. DB::Context::getZooKeeper() const @ 0x000000001164aa4a in /usr/bin/clickhouse
7. DB::DDLWorker::getAndSetZooKeeper() @ 0x00000000116cc32d in /usr/bin/clickhouse
8. DB::DDLWorker::initializeMainThread() @ 0x00000000116dca3b in /usr/bin/clickhouse
9. DB::DDLWorker::runMainThread() @ 0x00000000116c73c0 in /usr/bin/clickhouse
10. void std::__function::__policy_invoker<void ()>::__call_impl<std::__function::__default_alloc_func<ThreadFromGlobalPoolImpl<true>::ThreadFromGlobalPoolImpl<void (DB::DDLWorker::*)(), DB::DDLWorker*>(void (DB::DDLWorker::*&&)(), DB::DDLWorker*&&)::'lambda'(), void ()>>(std::__function::__policy_storage const*) @ 0x00000000116ddb4c in /usr/bin/clickhouse
11. void* std::__thread_proxy[abi:v15000]<std::tuple<std::unique_ptr<std::__thread_struct, std::default_delete<std::__thread_struct>>, void ThreadPoolImpl<std::thread>::scheduleImpl<void>(std::function<void ()>, Priority, std::optional<unsigned long>, bool)::'lambda0'()>>(void*) @ 0x000000000c706104 in /usr/bin/clickhouse
12. ? @ 0x00007d5a69da9609 in ?
13. ? @ 0x00007d5a69cce353 in ?
 (version 23.8.16.16 (official build))
2026.03.18 20:34:31.539151 [ 284 ] {} <Error> DDLWorker: ZooKeeper error: Code: 999. Coordination::Exception: Unknown key host in config file. (KEEPER_EXCEPTION), Stack trace (when copying this message, always include the lines below):

0. DB::Exception::Exception(DB::Exception::MessageMasked&&, int, bool) @ 0x000000000c6251d7 in /usr/bin/clickhouse
1. DB::Exception::Exception<String const&>(int, FormatStringHelperImpl<std::type_identity<String const&>::type>, String const&) @ 0x00000000074ae38d in /usr/bin/clickhouse
2. Coordination::Exception::Exception<String const&>(Coordination::Error, FormatStringHelperImpl<std::type_identity<String const&>::type>, String const&) @ 0x000000001276578a in /usr/bin/clickhouse
3. zkutil::ZooKeeperArgs::initFromKeeperSection(Poco::Util::AbstractConfiguration const&, String const&) @ 0x0000000013813c10 in /usr/bin/clickhouse
4. zkutil::ZooKeeperArgs::ZooKeeperArgs(Poco::Util::AbstractConfiguration const&, String const&) @ 0x000000001380f986 in /usr/bin/clickhouse
5. zkutil::ZooKeeper::ZooKeeper(Poco::Util::AbstractConfiguration const&, String const&, std::shared_ptr<DB::ZooKeeperLog>) @ 0x00000000137e48cc in /usr/bin/clickhouse
6. DB::Context::getZooKeeper() const @ 0x000000001164aa4a in /usr/bin/clickhouse
7. DB::DDLWorker::getAndSetZooKeeper() @ 0x00000000116cc32d in /usr/bin/clickhouse
8. DB::DDLWorker::initializeMainThread() @ 0x00000000116dca3b in /usr/bin/clickhouse
9. DB::DDLWorker::runMainThread() @ 0x00000000116c73c0 in /usr/bin/clickhouse
10. void std::__function::__policy_invoker<void ()>::__call_impl<std::__function::__default_alloc_func<ThreadFromGlobalPoolImpl<true>::ThreadFromGlobalPoolImpl<void (DB::DDLWorker::*)(), DB::DDLWorker*>(void (DB::DDLWorker::*&&)(), DB::DDLWorker*&&)::'lambda'(), void ()>>(std::__function::__policy_storage const*) @ 0x00000000116ddb4c in /usr/bin/clickhouse
11. void* std::__thread_proxy[abi:v15000]<std::tuple<std::unique_ptr<std::__thread_struct, std::default_delete<std::__thread_struct>>, void ThreadPoolImpl<std::thread>::scheduleImpl<void>(std::function<void ()>, Priority, std::optional<unsigned long>, bool)::'lambda0'()>>(void*) @ 0x000000000c706104 in /usr/bin/clickhouse
12. ? @ 0x00007d5a69da9609 in ?
13. ? @ 0x00007d5a69cce353 in ?
 (version 23.8.16.16 (official build)). Failed to start DDLWorker.
2026.03.18 20:34:31.539218 [ 284 ] {} <Error> virtual bool DB::DDLWorker::initializeMainThread(): Code: 999. Coordination::Exception: Unknown key host in config file. (KEEPER_EXCEPTION), Stack trace (when copying this message, always include the lines below):

0. DB::Exception::Exception(DB::Exception::MessageMasked&&, int, bool) @ 0x000000000c6251d7 in /usr/bin/clickhouse
1. DB::Exception::Exception<String const&>(int, FormatStringHelperImpl<std::type_identity<String const&>::type>, String const&) @ 0x00000000074ae38d in /usr/bin/clickhouse
2. Coordination::Exception::Exception<String const&>(Coordination::Error, FormatStringHelperImpl<std::type_identity<String const&>::type>, String const&) @ 0x000000001276578a in /usr/bin/clickhouse
3. zkutil::ZooKeeperArgs::initFromKeeperSection(Poco::Util::AbstractConfiguration const&, String const&) @ 0x0000000013813c10 in /usr/bin/clickhouse
4. zkutil::ZooKeeperArgs::ZooKeeperArgs(Poco::Util::AbstractConfiguration const&, String const&) @ 0x000000001380f986 in /usr/bin/clickhouse
5. zkutil::ZooKeeper::ZooKeeper(Poco::Util::AbstractConfiguration const&, String const&, std::shared_ptr<DB::ZooKeeperLog>) @ 0x00000000137e48cc in /usr/bin/clickhouse
6. DB::Context::getZooKeeper() const @ 0x000000001164aa4a in /usr/bin/clickhouse
7. DB::DDLWorker::getAndSetZooKeeper() @ 0x00000000116cc32d in /usr/bin/clickhouse
8. DB::DDLWorker::initializeMainThread() @ 0x00000000116dca3b in /usr/bin/clickhouse
9. DB::DDLWorker::runMainThread() @ 0x00000000116c73c0 in /usr/bin/clickhouse
10. void std::__function::__policy_invoker<void ()>::__call_impl<std::__function::__default_alloc_func<ThreadFromGlobalPoolImpl<true>::ThreadFromGlobalPoolImpl<void (DB::DDLWorker::*)(), DB::DDLWorker*>(void (DB::DDLWorker::*&&)(), DB::DDLWorker*&&)::'lambda'(), void ()>>(std::__function::__policy_storage const*) @ 0x00000000116ddb4c in /usr/bin/clickhouse
11. void* std::__thread_proxy[abi:v15000]<std::tuple<std::unique_ptr<std::__thread_struct, std::default_delete<std::__thread_struct>>, void ThreadPoolImpl<std::thread>::scheduleImpl<void>(std::function<void ()>, Priority, std::optional<unsigned long>, bool)::'lambda0'()>>(void*) @ 0x000000000c706104 in /usr/bin/clickhouse
12. ? @ 0x00007d5a69da9609 in ?
13. ? @ 0x00007d5a69cce353 in ?
 (version 23.8.16.16 (official build))
2026.03.18 20:34:36.540978 [ 284 ] {} <Error> DDLWorker: ZooKeeper error: Code: 999. Coordination::Exception: Unknown key host in config file. (KEEPER_EXCEPTION), Stack trace (when copying this message, always include the lines below):

0. DB::Exception::Exception(DB::Exception::MessageMasked&&, int, bool) @ 0x000000000c6251d7 in /usr/bin/clickhouse
1. DB::Exception::Exception<String const&>(int, FormatStringHelperImpl<std::type_identity<String const&>::type>, String const&) @ 0x00000000074ae38d in /usr/bin/clickhouse
2. Coordination::Exception::Exception<String const&>(Coordination::Error, FormatStringHelperImpl<std::type_identity<String const&>::type>, String const&) @ 0x000000001276578a in /usr/bin/clickhouse
3. zkutil::ZooKeeperArgs::initFromKeeperSection(Poco::Util::AbstractConfiguration const&, String const&) @ 0x0000000013813c10 in /usr/bin/clickhouse
4. zkutil::ZooKeeperArgs::ZooKeeperArgs(Poco::Util::AbstractConfiguration const&, String const&) @ 0x000000001380f986 in /usr/bin/clickhouse
5. zkutil::ZooKeeper::ZooKeeper(Poco::Util::AbstractConfiguration const&, String const&, std::shared_ptr<DB::ZooKeeperLog>) @ 0x00000000137e48cc in /usr/bin/clickhouse
6. DB::Context::getZooKeeper() const @ 0x000000001164aa4a in /usr/bin/clickhouse
7. DB::DDLWorker::getAndSetZooKeeper() @ 0x00000000116cc32d in /usr/bin/clickhouse
8. DB::DDLWorker::initializeMainThread() @ 0x00000000116dca3b in /usr/bin/clickhouse
9. DB::DDLWorker::runMainThread() @ 0x00000000116c73c0 in /usr/bin/clickhouse
10. void std::__function::__policy_invoker<void ()>::__call_impl<std::__function::__default_alloc_func<ThreadFromGlobalPoolImpl<true>::ThreadFromGlobalPoolImpl<void (DB::DDLWorker::*)(), DB::DDLWorker*>(void (DB::DDLWorker::*&&)(), DB::DDLWorker*&&)::'lambda'(), void ()>>(std::__function::__policy_storage const*) @ 0x00000000116ddb4c in /usr/bin/clickhouse
11. void* std::__thread_proxy[abi:v15000]<std::tuple<std::unique_ptr<std::__thread_struct, std::default_delete<std::__thread_struct>>, void ThreadPoolImpl<std::thread>::scheduleImpl<void>(std::function<void ()>, Priority, std::optional<unsigned long>, bool)::'lambda0'()>>(void*) @ 0x000000000c706104 in /usr/bin/clickhouse
12. ? @ 0x00007d5a69da9609 in ?
13. ? @ 0x00007d5a69cce353 in ?
 (version 23.8.16.16 (official build)). Failed to start DDLWorker.
2026.03.18 20:34:36.541033 [ 284 ] {} <Error> virtual bool DB::DDLWorker::initializeMainThread(): Code: 999. Coordination::Exception: Unknown key host in config file. (KEEPER_EXCEPTION), Stack trace (when copying this message, always include the lines below):

0. DB::Exception::Exception(DB::Exception::MessageMasked&&, int, bool) @ 0x000000000c6251d7 in /usr/bin/clickhouse
1. DB::Exception::Exception<String const&>(int, FormatStringHelperImpl<std::type_identity<String const&>::type>, String const&) @ 0x00000000074ae38d in /usr/bin/clickhouse
2. Coordination::Exception::Exception<String const&>(Coordination::Error, FormatStringHelperImpl<std::type_identity<String const&>::type>, String const&) @ 0x000000001276578a in /usr/bin/clickhouse
3. zkutil::ZooKeeperArgs::initFromKeeperSection(Poco::Util::AbstractConfiguration const&, String const&) @ 0x0000000013813c10 in /usr/bin/clickhouse
4. zkutil::ZooKeeperArgs::ZooKeeperArgs(Poco::Util::AbstractConfiguration const&, String const&) @ 0x000000001380f986 in /usr/bin/clickhouse
5. zkutil::ZooKeeper::ZooKeeper(Poco::Util::AbstractConfiguration const&, String const&, std::shared_ptr<DB::ZooKeeperLog>) @ 0x00000000137e48cc in /usr/bin/clickhouse
6. DB::Context::getZooKeeper() const @ 0x000000001164aa4a in /usr/bin/clickhouse
7. DB::DDLWorker::getAndSetZooKeeper() @ 0x00000000116cc32d in /usr/bin/clickhouse
8. DB::DDLWorker::initializeMainThread() @ 0x00000000116dca3b in /usr/bin/clickhouse
9. DB::DDLWorker::runMainThread() @ 0x00000000116c73c0 in /usr/bin/clickhouse
10. void std::__function::__policy_invoker<void ()>::__call_impl<std::__function::__default_alloc_func<ThreadFromGlobalPoolImpl<true>::ThreadFromGlobalPoolImpl<void (DB::DDLWorker::*)(), DB::DDLWorker*>(void (DB::DDLWorker::*&&)(), DB::DDLWorker*&&)::'lambda'(), void ()>>(std::__function::__policy_storage const*) @ 0x00000000116ddb4c in /usr/bin/clickhouse
11. void* std::__thread_proxy[abi:v15000]<std::tuple<std::unique_ptr<std::__thread_struct, std::default_delete<std::__thread_struct>>, void ThreadPoolImpl<std::thread>::scheduleImpl<void>(std::function<void ()>, Priority, std::optional<unsigned long>, bool)::'lambda0'()>>(void*) @ 0x000000000c706104 in /usr/bin/clickhouse
12. ? @ 0x00007d5a69da9609 in ?
13. ? @ 0x00007d5a69cce353 in ?
 (version 23.8.16.16 (official build))
2026.03.18 20:34:41.542694 [ 284 ] {} <Error> DDLWorker: ZooKeeper error: Code: 999. Coordination::Exception: Unknown key host in config file. (KEEPER_EXCEPTION), Stack trace (when copying this message, always include the lines below):

0. DB::Exception::Exception(DB::Exception::MessageMasked&&, int, bool) @ 0x000000000c6251d7 in /usr/bin/clickhouse
1. DB::Exception::Exception<String const&>(int, FormatStringHelperImpl<std::type_identity<String const&>::type>, String const&) @ 0x00000000074ae38d in /usr/bin/clickhouse
2. Coordination::Exception::Exception<String const&>(Coordination::Error, FormatStringHelperImpl<std::type_identity<String const&>::type>, String const&) @ 0x000000001276578a in /usr/bin/clickhouse
3. zkutil::ZooKeeperArgs::initFromKeeperSection(Poco::Util::AbstractConfiguration const&, String const&) @ 0x0000000013813c10 in /usr/bin/clickhouse
4. zkutil::ZooKeeperArgs::ZooKeeperArgs(Poco::Util::AbstractConfiguration const&, String const&) @ 0x000000001380f986 in /usr/bin/clickhouse
5. zkutil::ZooKeeper::ZooKeeper(Poco::Util::AbstractConfiguration const&, String const&, std::shared_ptr<DB::ZooKeeperLog>) @ 0x00000000137e48cc in /usr/bin/clickhouse
6. DB::Context::getZooKeeper() const @ 0x000000001164aa4a in /usr/bin/clickhouse
7. DB::DDLWorker::getAndSetZooKeeper() @ 0x00000000116cc32d in /usr/bin/clickhouse
8. DB::DDLWorker::initializeMainThread() @ 0x00000000116dca3b in /usr/bin/clickhouse
9. DB::DDLWorker::runMainThread() @ 0x00000000116c73c0 in /usr/bin/clickhouse
10. void std::__function::__policy_invoker<void ()>::__call_impl<std::__function::__default_alloc_func<ThreadFromGlobalPoolImpl<true>::ThreadFromGlobalPoolImpl<void (DB::DDLWorker::*)(), DB::DDLWorker*>(void (DB::DDLWorker::*&&)(), DB::DDLWorker*&&)::'lambda'(), void ()>>(std::__function::__policy_storage const*) @ 0x00000000116ddb4c in /usr/bin/clickhouse
11. void* std::__thread_proxy[abi:v15000]<std::tuple<std::unique_ptr<std::__thread_struct, std::default_delete<std::__thread_struct>>, void ThreadPoolImpl<std::thread>::scheduleImpl<void>(std::function<void ()>, Priority, std::optional<unsigned long>, bool)::'lambda0'()>>(void*) @ 0x000000000c706104 in /usr/bin/clickhouse
12. ? @ 0x00007d5a69da9609 in ?
13. ? @ 0x00007d5a69cce353 in ?
 (version 23.8.16.16 (official build)). Failed to start DDLWorker.
2026.03.18 20:34:41.542829 [ 284 ] {} <Error> virtual bool DB::DDLWorker::initializeMainThread(): Code: 999. Coordination::Exception: Unknown key host in config file. (KEEPER_EXCEPTION), Stack trace (when copying this message, always include the lines below):

0. DB::Exception::Exception(DB::Exception::MessageMasked&&, int, bool) @ 0x000000000c6251d7 in /usr/bin/clickhouse
1. DB::Exception::Exception<String const&>(int, FormatStringHelperImpl<std::type_identity<String const&>::type>, String const&) @ 0x00000000074ae38d in /usr/bin/clickhouse
2. Coordination::Exception::Exception<String const&>(Coordination::Error, FormatStringHelperImpl<std::type_identity<String const&>::type>, String const&) @ 0x000000001276578a in /usr/bin/clickhouse
3. zkutil::ZooKeeperArgs::initFromKeeperSection(Poco::Util::AbstractConfiguration const&, String const&) @ 0x0000000013813c10 in /usr/bin/clickhouse
4. zkutil::ZooKeeperArgs::ZooKeeperArgs(Poco::Util::AbstractConfiguration const&, String const&) @ 0x000000001380f986 in /usr/bin/clickhouse
5. zkutil::ZooKeeper::ZooKeeper(Poco::Util::AbstractConfiguration const&, String const&, std::shared_ptr<DB::ZooKeeperLog>) @ 0x00000000137e48cc in /usr/bin/clickhouse
6. DB::Context::getZooKeeper() const @ 0x000000001164aa4a in /usr/bin/clickhouse
7. DB::DDLWorker::getAndSetZooKeeper() @ 0x00000000116cc32d in /usr/bin/clickhouse
8. DB::DDLWorker::initializeMainThread() @ 0x00000000116dca3b in /usr/bin/clickhouse
9. DB::DDLWorker::runMainThread() @ 0x00000000116c73c0 in /usr/bin/clickhouse
10. void std::__function::__policy_invoker<void ()>::__call_impl<std::__function::__default_alloc_func<ThreadFromGlobalPoolImpl<true>::ThreadFromGlobalPoolImpl<void (DB::DDLWorker::*)(), DB::DDLWorker*>(void (DB::DDLWorker::*&&)(), DB::DDLWorker*&&)::'lambda'(), void ()>>(std::__function::__policy_storage const*) @ 0x00000000116ddb4c in /usr/bin/clickhouse
11. void* std::__thread_proxy[abi:v15000]<std::tuple<std::unique_ptr<std::__thread_struct, std::default_delete<std::__thread_struct>>, void ThreadPoolImpl<std::thread>::scheduleImpl<void>(std::function<void ()>, Priority, std::optional<unsigned long>, bool)::'lambda0'()>>(void*) @ 0x000000000c706104 in /usr/bin/clickhouse
12. ? @ 0x00007d5a69da9609 in ?
13. ? @ 0x00007d5a69cce353 in ?
 (version 23.8.16.16 (official build))
2026.03.18 20:34:46.545008 [ 284 ] {} <Error> DDLWorker: ZooKeeper error: Code: 999. Coordination::Exception: Unknown key host in config file. (KEEPER_EXCEPTION), Stack trace (when copying this message, always include the lines below):

0. DB::Exception::Exception(DB::Exception::MessageMasked&&, int, bool) @ 0x000000000c6251d7 in /usr/bin/clickhouse
1. DB::Exception::Exception<String const&>(int, FormatStringHelperImpl<std::type_identity<String const&>::type>, String const&) @ 0x00000000074ae38d in /usr/bin/clickhouse
2. Coordination::Exception::Exception<String const&>(Coordination::Error, FormatStringHelperImpl<std::type_identity<String const&>::type>, String const&) @ 0x000000001276578a in /usr/bin/clickhouse
3. zkutil::ZooKeeperArgs::initFromKeeperSection(Poco::Util::AbstractConfiguration const&, String const&) @ 0x0000000013813c10 in /usr/bin/clickhouse
4. zkutil::ZooKeeperArgs::ZooKeeperArgs(Poco::Util::AbstractConfiguration const&, String const&) @ 0x000000001380f986 in /usr/bin/clickhouse
5. zkutil::ZooKeeper::ZooKeeper(Poco::Util::AbstractConfiguration const&, String const&, std::shared_ptr<DB::ZooKeeperLog>) @ 0x00000000137e48cc in /usr/bin/clickhouse
6. DB::Context::getZooKeeper() const @ 0x000000001164aa4a in /usr/bin/clickhouse
7. DB::DDLWorker::getAndSetZooKeeper() @ 0x00000000116cc32d in /usr/bin/clickhouse
8. DB::DDLWorker::initializeMainThread() @ 0x00000000116dca3b in /usr/bin/clickhouse
9. DB::DDLWorker::runMainThread() @ 0x00000000116c73c0 in /usr/bin/clickhouse
10. void std::__function::__policy_invoker<void ()>::__call_impl<std::__function::__default_alloc_func<ThreadFromGlobalPoolImpl<true>::ThreadFromGlobalPoolImpl<void (DB::DDLWorker::*)(), DB::DDLWorker*>(void (DB::DDLWorker::*&&)(), DB::DDLWorker*&&)::'lambda'(), void ()>>(std::__function::__policy_storage const*) @ 0x00000000116ddb4c in /usr/bin/clickhouse
11. void* std::__thread_proxy[abi:v15000]<std::tuple<std::unique_ptr<std::__thread_struct, std::default_delete<std::__thread_struct>>, void ThreadPoolImpl<std::thread>::scheduleImpl<void>(std::function<void ()>, Priority, std::optional<unsigned long>, bool)::'lambda0'()>>(void*) @ 0x000000000c706104 in /usr/bin/clickhouse
12. ? @ 0x00007d5a69da9609 in ?
13. ? @ 0x00007d5a69cce353 in ?
 (version 23.8.16.16 (official build)). Failed to start DDLWorker.
2026.03.18 20:34:46.545072 [ 284 ] {} <Error> virtual bool DB::DDLWorker::initializeMainThread(): Code: 999. Coordination::Exception: Unknown key host in config file. (KEEPER_EXCEPTION), Stack trace (when copying this message, always include the lines below):

0. DB::Exception::Exception(DB::Exception::MessageMasked&&, int, bool) @ 0x000000000c6251d7 in /usr/bin/clickhouse
1. DB::Exception::Exception<String const&>(int, FormatStringHelperImpl<std::type_identity<String const&>::type>, String const&) @ 0x00000000074ae38d in /usr/bin/clickhouse
2. Coordination::Exception::Exception<String const&>(Coordination::Error, FormatStringHelperImpl<std::type_identity<String const&>::type>, String const&) @ 0x000000001276578a in /usr/bin/clickhouse
3. zkutil::ZooKeeperArgs::initFromKeeperSection(Poco::Util::AbstractConfiguration const&, String const&) @ 0x0000000013813c10 in /usr/bin/clickhouse
4. zkutil::ZooKeeperArgs::ZooKeeperArgs(Poco::Util::AbstractConfiguration const&, String const&) @ 0x000000001380f986 in /usr/bin/clickhouse
5. zkutil::ZooKeeper::ZooKeeper(Poco::Util::AbstractConfiguration const&, String const&, std::shared_ptr<DB::ZooKeeperLog>) @ 0x00000000137e48cc in /usr/bin/clickhouse
6. DB::Context::getZooKeeper() const @ 0x000000001164aa4a in /usr/bin/clickhouse
7. DB::DDLWorker::getAndSetZooKeeper() @ 0x00000000116cc32d in /usr/bin/clickhouse
8. DB::DDLWorker::initializeMainThread() @ 0x00000000116dca3b in /usr/bin/clickhouse
9. DB::DDLWorker::runMainThread() @ 0x00000000116c73c0 in /usr/bin/clickhouse
10. void std::__function::__policy_invoker<void ()>::__call_impl<std::__function::__default_alloc_func<ThreadFromGlobalPoolImpl<true>::ThreadFromGlobalPoolImpl<void (DB::DDLWorker::*)(), DB::DDLWorker*>(void (DB::DDLWorker::*&&)(), DB::DDLWorker*&&)::'lambda'(), void ()>>(std::__function::__policy_storage const*) @ 0x00000000116ddb4c in /usr/bin/clickhouse
11. void* std::__thread_proxy[abi:v15000]<std::tuple<std::unique_ptr<std::__thread_struct, std::default_delete<std::__thread_struct>>, void ThreadPoolImpl<std::thread>::scheduleImpl<void>(std::function<void ()>, Priority, std::optional<unsigned long>, bool)::'lambda0'()>>(void*) @ 0x000000000c706104 in /usr/bin/clickhouse
12. ? @ 0x00007d5a69da9609 in ?
13. ? @ 0x00007d5a69cce353 in ?
 (version 23.8.16.16 (official build))
2026.03.18 20:34:51.546018 [ 284 ] {} <Error> DDLWorker: ZooKeeper error: Code: 999. Coordination::Exception: Unknown key host in config file. (KEEPER_EXCEPTION), Stack trace (when copying this message, always include the lines below):

0. DB::Exception::Exception(DB::Exception::MessageMasked&&, int, bool) @ 0x000000000c6251d7 in /usr/bin/clickhouse
1. DB::Exception::Exception<String const&>(int, FormatStringHelperImpl<std::type_identity<String const&>::type>, String const&) @ 0x00000000074ae38d in /usr/bin/clickhouse
2. Coordination::Exception::Exception<String const&>(Coordination::Error, FormatStringHelperImpl<std::type_identity<String const&>::type>, String const&) @ 0x000000001276578a in /usr/bin/clickhouse
3. zkutil::ZooKeeperArgs::initFromKeeperSection(Poco::Util::AbstractConfiguration const&, String const&) @ 0x0000000013813c10 in /usr/bin/clickhouse
4. zkutil::ZooKeeperArgs::ZooKeeperArgs(Poco::Util::AbstractConfiguration const&, String const&) @ 0x000000001380f986 in /usr/bin/clickhouse
5. zkutil::ZooKeeper::ZooKeeper(Poco::Util::AbstractConfiguration const&, String const&, std::shared_ptr<DB::ZooKeeperLog>) @ 0x00000000137e48cc in /usr/bin/clickhouse
6. DB::Context::getZooKeeper() const @ 0x000000001164aa4a in /usr/bin/clickhouse
7. DB::DDLWorker::getAndSetZooKeeper() @ 0x00000000116cc32d in /usr/bin/clickhouse
8. DB::DDLWorker::initializeMainThread() @ 0x00000000116dca3b in /usr/bin/clickhouse
9. DB::DDLWorker::runMainThread() @ 0x00000000116c73c0 in /usr/bin/clickhouse
10. void std::__function::__policy_invoker<void ()>::__call_impl<std::__function::__default_alloc_func<ThreadFromGlobalPoolImpl<true>::ThreadFromGlobalPoolImpl<void (DB::DDLWorker::*)(), DB::DDLWorker*>(void (DB::DDLWorker::*&&)(), DB::DDLWorker*&&)::'lambda'(), void ()>>(std::__function::__policy_storage const*) @ 0x00000000116ddb4c in /usr/bin/clickhouse
11. void* std::__thread_proxy[abi:v15000]<std::tuple<std::unique_ptr<std::__thread_struct, std::default_delete<std::__thread_struct>>, void ThreadPoolImpl<std::thread>::scheduleImpl<void>(std::function<void ()>, Priority, std::optional<unsigned long>, bool)::'lambda0'()>>(void*) @ 0x000000000c706104 in /usr/bin/clickhouse
12. ? @ 0x00007d5a69da9609 in ?
13. ? @ 0x00007d5a69cce353 in ?
 (version 23.8.16.16 (official build)). Failed to start DDLWorker.
2026.03.18 20:34:51.546089 [ 284 ] {} <Error> virtual bool DB::DDLWorker::initializeMainThread(): Code: 999. Coordination::Exception: Unknown key host in config file. (KEEPER_EXCEPTION), Stack trace (when copying this message, always include the lines below):

0. DB::Exception::Exception(DB::Exception::MessageMasked&&, int, bool) @ 0x000000000c6251d7 in /usr/bin/clickhouse
1. DB::Exception::Exception<String const&>(int, FormatStringHelperImpl<std::type_identity<String const&>::type>, String const&) @ 0x00000000074ae38d in /usr/bin/clickhouse
2. Coordination::Exception::Exception<String const&>(Coordination::Error, FormatStringHelperImpl<std::type_identity<String const&>::type>, String const&) @ 0x000000001276578a in /usr/bin/clickhouse
3. zkutil::ZooKeeperArgs::initFromKeeperSection(Poco::Util::AbstractConfiguration const&, String const&) @ 0x0000000013813c10 in /usr/bin/clickhouse
4. zkutil::ZooKeeperArgs::ZooKeeperArgs(Poco::Util::AbstractConfiguration const&, String const&) @ 0x000000001380f986 in /usr/bin/clickhouse
5. zkutil::ZooKeeper::ZooKeeper(Poco::Util::AbstractConfiguration const&, String const&, std::shared_ptr<DB::ZooKeeperLog>) @ 0x00000000137e48cc in /usr/bin/clickhouse
6. DB::Context::getZooKeeper() const @ 0x000000001164aa4a in /usr/bin/clickhouse
7. DB::DDLWorker::getAndSetZooKeeper() @ 0x00000000116cc32d in /usr/bin/clickhouse
8. DB::DDLWorker::initializeMainThread() @ 0x00000000116dca3b in /usr/bin/clickhouse
9. DB::DDLWorker::runMainThread() @ 0x00000000116c73c0 in /usr/bin/clickhouse
10. void std::__function::__policy_invoker<void ()>::__call_impl<std::__function::__default_alloc_func<ThreadFromGlobalPoolImpl<true>::ThreadFromGlobalPoolImpl<void (DB::DDLWorker::*)(), DB::DDLWorker*>(void (DB::DDLWorker::*&&)(), DB::DDLWorker*&&)::'lambda'(), void ()>>(std::__function::__policy_storage const*) @ 0x00000000116ddb4c in /usr/bin/clickhouse
11. void* std::__thread_proxy[abi:v15000]<std::tuple<std::unique_ptr<std::__thread_struct, std::default_delete<std::__thread_struct>>, void ThreadPoolImpl<std::thread>::scheduleImpl<void>(std::function<void ()>, Priority, std::optional<unsigned long>, bool)::'lambda0'()>>(void*) @ 0x000000000c706104 in /usr/bin/clickhouse
12. ? @ 0x00007d5a69da9609 in ?
13. ? @ 0x00007d5a69cce353 in ?
 (version 23.8.16.16 (official build))
2026.03.18 20:35:31.678369 [ 1 ] {} <Warning> Application: Listen [::]:9009 failed: Poco::Exception. Code: 1000, e.code() = 0, DNS error: EAI: Address family for hostname not supported (version 23.8.16.16 (official build)). If it is an IPv6 or IPv4 address and your host has disabled IPv6 or IPv4, then consider to specify not disabled IPv4 or IPv6 address to listen in <listen_host> element of configuration file. Example for disabled IPv6: <listen_host>0.0.0.0</listen_host> . Example for disabled IPv4: <listen_host>::</listen_host>
2026.03.18 20:35:31.727267 [ 1 ] {} <Warning> Application: Listen [::]:8123 failed: Poco::Exception. Code: 1000, e.code() = 0, DNS error: EAI: Address family for hostname not supported (version 23.8.16.16 (official build)). If it is an IPv6 or IPv4 address and your host has disabled IPv6 or IPv4, then consider to specify not disabled IPv4 or IPv6 address to listen in <listen_host> element of configuration file. Example for disabled IPv6: <listen_host>0.0.0.0</listen_host> . Example for disabled IPv4: <listen_host>::</listen_host>
2026.03.18 20:35:31.727391 [ 1 ] {} <Warning> Application: Listen [::]:9000 failed: Poco::Exception. Code: 1000, e.code() = 0, DNS error: EAI: Address family for hostname not supported (version 23.8.16.16 (official build)). If it is an IPv6 or IPv4 address and your host has disabled IPv6 or IPv4, then consider to specify not disabled IPv4 or IPv6 address to listen in <listen_host> element of configuration file. Example for disabled IPv6: <listen_host>0.0.0.0</listen_host> . Example for disabled IPv4: <listen_host>::</listen_host>
2026.03.18 20:35:31.734184 [ 287 ] {} <Error> virtual bool DB::DDLWorker::initializeMainThread(): Code: 999. Coordination::Exception: All connection tries failed while connecting to ZooKeeper. nodes: 172.18.0.3:2181, 172.18.0.2:2181, 172.18.0.4:2181
Poco::Exception. Code: 1000, e.code() = 111, Connection refused (version 23.8.16.16 (official build)), 172.18.0.3:2181
Poco::Exception. Code: 1000, e.code() = 111, Connection refused (version 23.8.16.16 (official build)), 172.18.0.2:2181
Poco::Exception. Code: 1000, e.code() = 111, Connection refused (version 23.8.16.16 (official build)), 172.18.0.4:2181
Poco::Exception. Code: 1000, e.code() = 111, Connection refused (version 23.8.16.16 (official build)), 172.18.0.3:2181
Poco::Exception. Code: 1000, e.code() = 111, Connection refused (version 23.8.16.16 (official build)), 172.18.0.2:2181
Poco::Exception. Code: 1000, e.code() = 111, Connection refused (version 23.8.16.16 (official build)), 172.18.0.4:2181
Poco::Exception. Code: 1000, e.code() = 111, Connection refused (version 23.8.16.16 (official build)), 172.18.0.3:2181
Poco::Exception. Code: 1000, e.code() = 111, Connection refused (version 23.8.16.16 (official build)), 172.18.0.2:2181
Poco::Exception. Code: 1000, e.code() = 111, Connection refused (version 23.8.16.16 (official build)), 172.18.0.4:2181
. (KEEPER_EXCEPTION), Stack trace (when copying this message, always include the lines below):

0. DB::Exception::Exception(DB::Exception::MessageMasked&&, int, bool) @ 0x000000000c6251d7 in /usr/bin/clickhouse
1. DB::Exception::Exception<String&>(int, FormatStringHelperImpl<std::type_identity<String&>::type>, String&) @ 0x00000000074ade4d in /usr/bin/clickhouse
2. Coordination::Exception::Exception<String&>(Coordination::Error, FormatStringHelperImpl<std::type_identity<String&>::type>, String&) @ 0x00000000126d156a in /usr/bin/clickhouse
3. Coordination::ZooKeeper::ZooKeeper(std::vector<Coordination::ZooKeeper::Node, std::allocator<Coordination::ZooKeeper::Node>> const&, zkutil::ZooKeeperArgs const&, std::shared_ptr<DB::ZooKeeperLog>, std::optional<std::function<void (unsigned long, Coordination::ZooKeeper::Node const&)>>&&) @ 0x000000001383014d in /usr/bin/clickhouse
4. zkutil::ZooKeeper::init(zkutil::ZooKeeperArgs) @ 0x00000000137e13b3 in /usr/bin/clickhouse
5. zkutil::ZooKeeper::ZooKeeper(Poco::Util::AbstractConfiguration const&, String const&, std::shared_ptr<DB::ZooKeeperLog>) @ 0x00000000137e48d9 in /usr/bin/clickhouse
6. DB::Context::getZooKeeper() const @ 0x000000001164aa4a in /usr/bin/clickhouse
7. DB::DDLWorker::getAndSetZooKeeper() @ 0x00000000116cc32d in /usr/bin/clickhouse
8. DB::DDLWorker::initializeMainThread() @ 0x00000000116dca3b in /usr/bin/clickhouse
9. DB::DDLWorker::runMainThread() @ 0x00000000116c73c0 in /usr/bin/clickhouse
10. void std::__function::__policy_invoker<void ()>::__call_impl<std::__function::__default_alloc_func<ThreadFromGlobalPoolImpl<true>::ThreadFromGlobalPoolImpl<void (DB::DDLWorker::*)(), DB::DDLWorker*>(void (DB::DDLWorker::*&&)(), DB::DDLWorker*&&)::'lambda'(), void ()>>(std::__function::__policy_storage const*) @ 0x00000000116ddb4c in /usr/bin/clickhouse
11. void* std::__thread_proxy[abi:v15000]<std::tuple<std::unique_ptr<std::__thread_struct, std::default_delete<std::__thread_struct>>, void ThreadPoolImpl<std::thread>::scheduleImpl<void>(std::function<void ()>, Priority, std::optional<unsigned long>, bool)::'lambda0'()>>(void*) @ 0x000000000c706104 in /usr/bin/clickhouse
12. ? @ 0x0000764baa2ae609 in ?
13. ? @ 0x0000764baa1d3353 in ?
 (version 23.8.16.16 (official build))
2026.03.18 20:36:34.415220 [ 287 ] {481f4f06-2347-48fb-ad1c-81553560cac9} <Error> executeQuery: Code: 81. DB::Exception: Database test does not exist. (UNKNOWN_DATABASE) (version 23.8.16.16 (official build)) (from 0.0.0.0:0) (in query: /* ddl_entry=query-0000000000 */ DROP DATABASE test), Stack trace (when copying this message, always include the lines below):

0. DB::Exception::Exception(DB::Exception::MessageMasked&&, int, bool) @ 0x000000000c6251d7 in /usr/bin/clickhouse
1. DB::Exception::Exception<String>(int, FormatStringHelperImpl<std::type_identity<String>::type>, String&&) @ 0x0000000007133ded in /usr/bin/clickhouse
2. DB::DatabaseCatalog::getDatabase(String const&) const @ 0x00000000116ec0d5 in /usr/bin/clickhouse
3. DB::InterpreterDropQuery::execute() @ 0x0000000011da873d in /usr/bin/clickhouse
4. DB::executeQueryImpl(char const*, char const*, std::shared_ptr<DB::Context>, bool, DB::QueryProcessingStage::Enum, DB::ReadBuffer*) @ 0x00000000122c98a8 in /usr/bin/clickhouse
5. DB::executeQuery(DB::ReadBuffer&, DB::WriteBuffer&, bool, std::shared_ptr<DB::Context>, std::function<void (DB::QueryResultDetails const&)>, std::optional<DB::FormatSettings> const&, std::function<void (DB::IOutputFormat&)>) @ 0x00000000122cc635 in /usr/bin/clickhouse
6. DB::DDLWorker::tryExecuteQuery(DB::DDLTaskBase&, std::shared_ptr<zkutil::ZooKeeper> const&) @ 0x00000000116d4a31 in /usr/bin/clickhouse
7. DB::DDLWorker::processTask(DB::DDLTaskBase&, std::shared_ptr<zkutil::ZooKeeper> const&) @ 0x00000000116d3246 in /usr/bin/clickhouse
8. DB::DDLWorker::scheduleTasks(bool) @ 0x00000000116d0b20 in /usr/bin/clickhouse
9. DB::DDLWorker::runMainThread() @ 0x00000000116c76fe in /usr/bin/clickhouse
10. void std::__function::__policy_invoker<void ()>::__call_impl<std::__function::__default_alloc_func<ThreadFromGlobalPoolImpl<true>::ThreadFromGlobalPoolImpl<void (DB::DDLWorker::*)(), DB::DDLWorker*>(void (DB::DDLWorker::*&&)(), DB::DDLWorker*&&)::'lambda'(), void ()>>(std::__function::__policy_storage const*) @ 0x00000000116ddb4c in /usr/bin/clickhouse
11. void* std::__thread_proxy[abi:v15000]<std::tuple<std::unique_ptr<std::__thread_struct, std::default_delete<std::__thread_struct>>, void ThreadPoolImpl<std::thread>::scheduleImpl<void>(std::function<void ()>, Priority, std::optional<unsigned long>, bool)::'lambda0'()>>(void*) @ 0x000000000c706104 in /usr/bin/clickhouse
12. ? @ 0x0000764baa2ae609 in ?
13. ? @ 0x0000764baa1d3353 in ?

2026.03.18 20:36:34.415323 [ 287 ] {481f4f06-2347-48fb-ad1c-81553560cac9} <Error> DDLWorker: Query /* ddl_entry=query-0000000000 */ DROP DATABASE test wasn't finished successfully: Code: 81. DB::Exception: Database test does not exist. (UNKNOWN_DATABASE), Stack trace (when copying this message, always include the lines below):

0. DB::Exception::Exception(DB::Exception::MessageMasked&&, int, bool) @ 0x000000000c6251d7 in /usr/bin/clickhouse
1. DB::Exception::Exception<String>(int, FormatStringHelperImpl<std::type_identity<String>::type>, String&&) @ 0x0000000007133ded in /usr/bin/clickhouse
2. DB::DatabaseCatalog::getDatabase(String const&) const @ 0x00000000116ec0d5 in /usr/bin/clickhouse
3. DB::InterpreterDropQuery::execute() @ 0x0000000011da873d in /usr/bin/clickhouse
4. DB::executeQueryImpl(char const*, char const*, std::shared_ptr<DB::Context>, bool, DB::QueryProcessingStage::Enum, DB::ReadBuffer*) @ 0x00000000122c98a8 in /usr/bin/clickhouse
5. DB::executeQuery(DB::ReadBuffer&, DB::WriteBuffer&, bool, std::shared_ptr<DB::Context>, std::function<void (DB::QueryResultDetails const&)>, std::optional<DB::FormatSettings> const&, std::function<void (DB::IOutputFormat&)>) @ 0x00000000122cc635 in /usr/bin/clickhouse
6. DB::DDLWorker::tryExecuteQuery(DB::DDLTaskBase&, std::shared_ptr<zkutil::ZooKeeper> const&) @ 0x00000000116d4a31 in /usr/bin/clickhouse
7. DB::DDLWorker::processTask(DB::DDLTaskBase&, std::shared_ptr<zkutil::ZooKeeper> const&) @ 0x00000000116d3246 in /usr/bin/clickhouse
8. DB::DDLWorker::scheduleTasks(bool) @ 0x00000000116d0b20 in /usr/bin/clickhouse
9. DB::DDLWorker::runMainThread() @ 0x00000000116c76fe in /usr/bin/clickhouse
10. void std::__function::__policy_invoker<void ()>::__call_impl<std::__function::__default_alloc_func<ThreadFromGlobalPoolImpl<true>::ThreadFromGlobalPoolImpl<void (DB::DDLWorker::*)(), DB::DDLWorker*>(void (DB::DDLWorker::*&&)(), DB::DDLWorker*&&)::'lambda'(), void ()>>(std::__function::__policy_storage const*) @ 0x00000000116ddb4c in /usr/bin/clickhouse
11. void* std::__thread_proxy[abi:v15000]<std::tuple<std::unique_ptr<std::__thread_struct, std::default_delete<std::__thread_struct>>, void ThreadPoolImpl<std::thread>::scheduleImpl<void>(std::function<void ()>, Priority, std::optional<unsigned long>, bool)::'lambda0'()>>(void*) @ 0x000000000c706104 in /usr/bin/clickhouse
12. ? @ 0x0000764baa2ae609 in ?
13. ? @ 0x0000764baa1d3353 in ?
 (version 23.8.16.16 (official build))
2026.03.18 22:27:19.220833 [ 307 ] {} <Error> ServerErrorHandler: Code: 81. DB::Exception: Database university does not exist. (UNKNOWN_DATABASE), Stack trace (when copying this message, always include the lines below):

0. DB::Exception::Exception(DB::Exception::MessageMasked&&, int, bool) @ 0x000000000c6251d7 in /usr/bin/clickhouse
1. DB::Exception::Exception<String>(int, FormatStringHelperImpl<std::type_identity<String>::type>, String&&) @ 0x0000000007133ded in /usr/bin/clickhouse
2. DB::DatabaseCatalog::assertDatabaseExists(String const&) const @ 0x00000000116e954f in /usr/bin/clickhouse
3. DB::Context::setCurrentDatabase(String const&) @ 0x0000000011637842 in /usr/bin/clickhouse
4. DB::TCPHandler::runImpl() @ 0x0000000013145c69 in /usr/bin/clickhouse
5. DB::TCPHandler::run() @ 0x00000000131533d9 in /usr/bin/clickhouse
6. Poco::Net::TCPServerConnection::start() @ 0x0000000015b4dc74 in /usr/bin/clickhouse
7. Poco::Net::TCPServerDispatcher::run() @ 0x0000000015b4ee71 in /usr/bin/clickhouse
8. Poco::PooledThread::run() @ 0x0000000015c85aa7 in /usr/bin/clickhouse
9. Poco::ThreadImpl::runnableEntry(void*) @ 0x0000000015c83d7c in /usr/bin/clickhouse
10. ? @ 0x0000764baa2ae609 in ?
11. ? @ 0x0000764baa1d3353 in ?
 (version 23.8.16.16 (official build))
2026.03.18 22:30:54.366051 [ 1 ] {} <Warning> Application: Closed all listening sockets. Waiting for 1 outstanding connections.
