2026.03.18 20:29:35.304841 [ 1 ] {} <Information> SentryWriter: Sending crash reports is disabled
2026.03.18 20:29:35.304978 [ 1 ] {} <Trace> Pipe: Pipe capacity is 1.00 MiB
2026.03.18 20:29:35.355691 [ 1 ] {} <Information> Application: Starting ClickHouse 23.8.16.16 (revision: 54477, git hash: b80cac57eadd2bdad0ea44f54a262f5bd79e70b8, build id: 7D8F3AE700A95C8301ADF246CAD61375591B4B2E), PID 1
2026.03.18 20:29:35.355771 [ 1 ] {} <Information> Application: starting up
2026.03.18 20:29:35.355785 [ 1 ] {} <Information> Application: OS name: Linux, version: 6.17.0-14-generic, architecture: x86_64
2026.03.18 20:29:35.358188 [ 1 ] {} <Information> Application: Available RAM: 15.62 GiB; physical cores: 4; logical cores: 4.
2026.03.18 20:29:35.360080 [ 1 ] {} <Trace> AsynchronousMetrics: Scanning /sys/class/thermal
2026.03.18 20:29:35.360112 [ 1 ] {} <Trace> AsynchronousMetrics: Scanning /sys/block
2026.03.18 20:29:35.360242 [ 1 ] {} <Trace> AsynchronousMetrics: Scanning /sys/devices/system/edac
2026.03.18 20:29:35.360276 [ 1 ] {} <Trace> AsynchronousMetrics: Scanning /sys/class/hwmon
2026.03.18 20:29:35.584297 [ 1 ] {} <Information> Application: Integrity check of the executable successfully passed (checksum: DADF777B514BD5BBFF1D30DA842D5DCF)
2026.03.18 20:29:35.588868 [ 1 ] {} <Debug> Application: Set max number of file descriptors to 524288 (was 1024).
2026.03.18 20:29:35.588883 [ 1 ] {} <Debug> Application: rlimit on number of threads is 63649
2026.03.18 20:29:35.588889 [ 1 ] {} <Debug> Application: Initializing DateLUT.
2026.03.18 20:29:35.588893 [ 1 ] {} <Trace> Application: Initialized DateLUT with time zone 'Europe/Moscow'.
2026.03.18 20:29:35.588911 [ 1 ] {} <Debug> Context: Setting up /var/lib/clickhouse/tmp/ to store temporary data in it
2026.03.18 20:29:35.589381 [ 1 ] {} <Debug> Application: Configuration parameter 'interserver_http_host' doesn't exist or exists and empty. Will use 'clickhouse-node2' as replica host.
2026.03.18 20:29:35.589391 [ 1 ] {} <Debug> Application: Initializing interserver credentials.
2026.03.18 20:29:35.589418 [ 1 ] {} <Trace> NamedCollectionsUtils: Loaded 0 collections from config
2026.03.18 20:29:35.589480 [ 1 ] {} <Trace> NamedCollectionsUtils: Loaded 0 collections from SQL
2026.03.18 20:29:35.590222 [ 1 ] {} <Debug> ConfigReloader: Loading config '/etc/clickhouse-server/config.xml'
2026.03.18 20:29:35.590983 [ 1 ] {} <Debug> ConfigReloader: Loaded config '/etc/clickhouse-server/config.xml', performing update on configuration
2026.03.18 20:29:35.591420 [ 1 ] {} <Information> Application: Setting max_server_memory_usage was set to 14.06 GiB (15.62 GiB available * 0.90 max_server_memory_usage_to_ram_ratio)
2026.03.18 20:29:35.591426 [ 1 ] {} <Information> Application: Setting merges_mutations_memory_usage_soft_limit was set to 7.81 GiB (15.62 GiB available * 0.50 merges_mutations_memory_usage_to_ram_ratio)
2026.03.18 20:29:35.591429 [ 1 ] {} <Information> Application: Merges and mutations memory limit is set to 7.81 GiB
2026.03.18 20:29:35.592647 [ 1 ] {} <Information> BackgroundSchedulePool/BgBufSchPool: Create BackgroundSchedulePool with 16 threads
2026.03.18 20:29:35.598624 [ 1 ] {} <Information> BackgroundSchedulePool/BgSchPool: Create BackgroundSchedulePool with 128 threads
2026.03.18 20:29:35.622102 [ 1 ] {} <Information> BackgroundSchedulePool/BgMBSchPool: Create BackgroundSchedulePool with 16 threads
2026.03.18 20:29:35.626470 [ 1 ] {} <Information> BackgroundSchedulePool/BgDistSchPool: Create BackgroundSchedulePool with 16 threads
2026.03.18 20:29:35.628457 [ 1 ] {} <Information> CertificateReloader: One of paths is empty. Cannot apply new configuration for certificates. Fill all paths and try again.
2026.03.18 20:29:35.628471 [ 1 ] {} <Debug> ConfigReloader: Loaded config '/etc/clickhouse-server/config.xml', performed update on configuration
2026.03.18 20:29:35.628941 [ 1 ] {} <Warning> Application: Listen [::]:9009 failed: Poco::Exception. Code: 1000, e.code() = 0, DNS error: EAI: Address family for hostname not supported (version 23.8.16.16 (official build)). If it is an IPv6 or IPv4 address and your host has disabled IPv6 or IPv4, then consider to specify not disabled IPv4 or IPv6 address to listen in <listen_host> element of configuration file. Example for disabled IPv6: <listen_host>0.0.0.0</listen_host> . Example for disabled IPv4: <listen_host>::</listen_host>
2026.03.18 20:29:35.629956 [ 1 ] {} <Information> Application: Listening for replica communication (interserver): http://0.0.0.0:9009
2026.03.18 20:29:35.633966 [ 1 ] {} <Debug> ConfigReloader: Loading config '/etc/clickhouse-server/users.xml'
2026.03.18 20:29:35.646306 [ 1 ] {} <Debug> ConfigReloader: Loaded config '/etc/clickhouse-server/users.xml', performing update on configuration
2026.03.18 20:29:35.646885 [ 1 ] {} <Debug> ConfigReloader: Loaded config '/etc/clickhouse-server/users.xml', performed update on configuration
2026.03.18 20:29:35.647374 [ 1 ] {} <Debug> Access(user directories): Added users_xml access storage 'users_xml', path: /etc/clickhouse-server/users.xml
2026.03.18 20:29:35.649781 [ 1 ] {} <Information> Context: Initialized background executor for merges and mutations with num_threads=16, num_tasks=32, scheduling_policy=round_robin
2026.03.18 20:29:35.650541 [ 1 ] {} <Information> Context: Initialized background executor for move operations with num_threads=8, num_tasks=8
2026.03.18 20:29:35.651337 [ 1 ] {} <Information> Context: Initialized background executor for fetches with num_threads=8, num_tasks=8
2026.03.18 20:29:35.652107 [ 1 ] {} <Information> Context: Initialized background executor for common operations (e.g. clearing old parts) with num_threads=8, num_tasks=8
2026.03.18 20:29:35.654256 [ 1 ] {} <Information> DNSCacheUpdater: Update period 15 seconds
2026.03.18 20:29:35.654270 [ 1 ] {} <Information> Application: Loading metadata from /var/lib/clickhouse/
2026.03.18 20:29:35.654983 [ 100 ] {} <Debug> DNSResolver: Updating DNS cache
2026.03.18 20:29:35.655494 [ 100 ] {} <Debug> DNSResolver: Updated DNS cache
2026.03.18 20:29:35.665671 [ 1 ] {} <Information> DatabaseAtomic (system): Metadata processed, database system has 0 tables and 0 dictionaries in total.
2026.03.18 20:29:35.665683 [ 1 ] {} <Information> TablesLoader: Parsed metadata of 0 tables in 1 databases in 6.5713e-05 sec
2026.03.18 20:29:35.665687 [ 1 ] {} <Trace> ReferentialDeps: No tables
2026.03.18 20:29:35.665690 [ 1 ] {} <Trace> LoadingDeps: No tables
2026.03.18 20:29:35.665712 [ 1 ] {} <Information> DatabaseAtomic (system): Starting up tables.
2026.03.18 20:29:35.665723 [ 1 ] {} <Debug> SystemLog: Not creating system.query_log since corresponding section 'query_log' is missing from config
2026.03.18 20:29:35.665727 [ 1 ] {} <Debug> SystemLog: Not creating system.query_thread_log since corresponding section 'query_thread_log' is missing from config
2026.03.18 20:29:35.665731 [ 1 ] {} <Debug> SystemLog: Not creating system.part_log since corresponding section 'part_log' is missing from config
2026.03.18 20:29:35.665735 [ 1 ] {} <Debug> SystemLog: Not creating system.trace_log since corresponding section 'trace_log' is missing from config
2026.03.18 20:29:35.665739 [ 1 ] {} <Debug> SystemLog: Not creating system.crash_log since corresponding section 'crash_log' is missing from config
2026.03.18 20:29:35.665743 [ 1 ] {} <Debug> SystemLog: Not creating system.text_log since corresponding section 'text_log' is missing from config
2026.03.18 20:29:35.665747 [ 1 ] {} <Debug> SystemLog: Not creating system.metric_log since corresponding section 'metric_log' is missing from config
2026.03.18 20:29:35.665751 [ 1 ] {} <Debug> SystemLog: Not creating system.filesystem_cache_log since corresponding section 'filesystem_cache_log' is missing from config
2026.03.18 20:29:35.665756 [ 1 ] {} <Debug> SystemLog: Not creating system.filesystem_read_prefetches_log since corresponding section 'filesystem_read_prefetches_log' is missing from config
2026.03.18 20:29:35.665761 [ 1 ] {} <Debug> SystemLog: Not creating system.asynchronous_metric_log since corresponding section 'asynchronous_metric_log' is missing from config
2026.03.18 20:29:35.665765 [ 1 ] {} <Debug> SystemLog: Not creating system.opentelemetry_span_log since corresponding section 'opentelemetry_span_log' is missing from config
2026.03.18 20:29:35.665774 [ 1 ] {} <Debug> SystemLog: Not creating system.query_views_log since corresponding section 'query_views_log' is missing from config
2026.03.18 20:29:35.665779 [ 1 ] {} <Debug> SystemLog: Not creating system.zookeeper_log since corresponding section 'zookeeper_log' is missing from config
2026.03.18 20:29:35.665784 [ 1 ] {} <Debug> SystemLog: Not creating system.session_log since corresponding section 'session_log' is missing from config
2026.03.18 20:29:35.665788 [ 1 ] {} <Debug> SystemLog: Not creating system.transactions_info_log since corresponding section 'transactions_info_log' is missing from config
2026.03.18 20:29:35.665792 [ 1 ] {} <Debug> SystemLog: Not creating system.processors_profile_log since corresponding section 'processors_profile_log' is missing from config
2026.03.18 20:29:35.665796 [ 1 ] {} <Debug> SystemLog: Not creating system.asynchronous_insert_log since corresponding section 'asynchronous_insert_log' is missing from config
2026.03.18 20:29:35.696323 [ 1 ] {} <Information> DatabaseCatalog: Found 0 partially dropped tables. Will load them and retry removal.
2026.03.18 20:29:35.699972 [ 1 ] {} <Information> DatabaseAtomic (default): Metadata processed, database default has 0 tables and 0 dictionaries in total.
2026.03.18 20:29:35.699983 [ 1 ] {} <Information> TablesLoader: Parsed metadata of 0 tables in 1 databases in 3.8011e-05 sec
2026.03.18 20:29:35.699986 [ 1 ] {} <Trace> ReferentialDeps: No tables
2026.03.18 20:29:35.699989 [ 1 ] {} <Trace> LoadingDeps: No tables
2026.03.18 20:29:35.700000 [ 1 ] {} <Information> DatabaseAtomic (default): Starting up tables.
2026.03.18 20:29:35.700142 [ 1 ] {} <Information> UserDefinedSQLObjectsLoaderFromDisk: Loading user defined objects from /var/lib/clickhouse/user_defined/
2026.03.18 20:29:35.700181 [ 1 ] {} <Debug> UserDefinedSQLObjectsLoaderFromDisk: User defined objects loaded
2026.03.18 20:29:35.700185 [ 1 ] {} <Debug> Application: Loaded metadata.
2026.03.18 20:29:35.700220 [ 1 ] {} <Information> Application: Tasks stats provider: procfs
2026.03.18 20:29:35.700223 [ 1 ] {} <Information> Application: It looks like the process has no CAP_SYS_NICE capability, the setting 'os_thread_priority' will have no effect. It could happen due to incorrect ClickHouse package installation. You could resolve the problem manually with 'sudo setcap cap_sys_nice=+ep /usr/bin/clickhouse'. Note that it will not work on 'nosuid' mounted filesystems.
2026.03.18 20:29:35.700438 [ 1 ] {} <Warning> Application: Listen [::]:8123 failed: Poco::Exception. Code: 1000, e.code() = 0, DNS error: EAI: Address family for hostname not supported (version 23.8.16.16 (official build)). If it is an IPv6 or IPv4 address and your host has disabled IPv6 or IPv4, then consider to specify not disabled IPv4 or IPv6 address to listen in <listen_host> element of configuration file. Example for disabled IPv6: <listen_host>0.0.0.0</listen_host> . Example for disabled IPv4: <listen_host>::</listen_host>
2026.03.18 20:29:35.700560 [ 1 ] {} <Warning> Application: Listen [::]:9000 failed: Poco::Exception. Code: 1000, e.code() = 0, DNS error: EAI: Address family for hostname not supported (version 23.8.16.16 (official build)). If it is an IPv6 or IPv4 address and your host has disabled IPv6 or IPv4, then consider to specify not disabled IPv4 or IPv6 address to listen in <listen_host> element of configuration file. Example for disabled IPv6: <listen_host>0.0.0.0</listen_host> . Example for disabled IPv4: <listen_host>::</listen_host>
2026.03.18 20:29:35.700626 [ 1 ] {} <Information> CertificateReloader: One of paths is empty. Cannot apply new configuration for certificates. Fill all paths and try again.
2026.03.18 20:29:35.700903 [ 1 ] {} <Trace> AsynchronousMetrics: MemoryTracking: was 13.67 MiB, peak 13.67 MiB, free memory in arenas 9.70 MiB, will set to 389.27 MiB (RSS), difference: 375.59 MiB
2026.03.18 20:29:35.701481 [ 1 ] {} <Trace> AsynchronousMetrics: Update heavy metrics. Update period 1 sec. Update heavy metrics period 120 sec. Heavy metrics calculation elapsed: 9.026e-06 sec.
2026.03.18 20:29:35.702704 [ 1 ] {} <Information> Application: Listening for http://0.0.0.0:8123
2026.03.18 20:29:35.703612 [ 1 ] {} <Information> Application: Listening for native protocol (tcp): 0.0.0.0:9000
2026.03.18 20:29:35.703622 [ 1 ] {} <Information> Application: Ready for connections.
2026.03.18 20:29:35.703790 [ 284 ] {} <Debug> DDLWorker: Starting DDLWorker thread
2026.03.18 20:29:35.703953 [ 284 ] {} <Debug> DDLWorker: Initializing DDLWorker thread
2026.03.18 20:29:35.704389 [ 286 ] {} <Debug> DDLWorker: Started DDLWorker cleanup thread
2026.03.18 20:29:35.704796 [ 284 ] {} <Error> DDLWorker: ZooKeeper error: Code: 999. Coordination::Exception: Unknown key host in config file. (KEEPER_EXCEPTION), Stack trace (when copying this message, always include the lines below):

0. DB::Exception::Exception(DB::Exception::MessageMasked&&, int, bool) @ 0x000000000c6251d7 in /usr/bin/clickhouse
1. DB::Exception::Exception<String const&>(int, FormatStringHelperImpl<std::type_identity<String const&>::type>, String const&) @ 0x00000000074ae38d in /usr/bin/clickhouse
2. Coordination::Exception::Exception<String const&>(Coordination::Error, FormatStringHelperImpl<std::type_identity<String const&>::type>, String const&) @ 0x000000001276578a in /usr/bin/clickhouse
3. zkutil::ZooKeeperArgs::initFromKeeperSection(Poco::Util::AbstractConfiguration const&, String const&) @ 0x0000000013813c10 in /usr/bin/clickhouse
4. zkutil::ZooKeeperArgs::ZooKeeperArgs(Poco::Util::AbstractConfiguration const&, String const&) @ 0x000000001380f986 in /usr/bin/clickhouse
5. zkutil::ZooKeeper::ZooKeeper(Poco::Util::AbstractConfiguration const&, String const&, std::shared_ptr<DB::ZooKeeperLog>) @ 0x00000000137e48cc in /usr/bin/clickhouse
6. DB::Context::getZooKeeper() const @ 0x000000001164aa4a in /usr/bin/clickhouse
7. DB::DDLWorker::getAndSetZooKeeper() @ 0x00000000116cc32d in /usr/bin/clickhouse
8. DB::DDLWorker::initializeMainThread() @ 0x00000000116dca3b in /usr/bin/clickhouse
9. DB::DDLWorker::runMainThread() @ 0x00000000116c73c0 in /usr/bin/clickhouse
10. void std::__function::__policy_invoker<void ()>::__call_impl<std::__function::__default_alloc_func<ThreadFromGlobalPoolImpl<true>::ThreadFromGlobalPoolImpl<void (DB::DDLWorker::*)(), DB::DDLWorker*>(void (DB::DDLWorker::*&&)(), DB::DDLWorker*&&)::'lambda'(), void ()>>(std::__function::__policy_storage const*) @ 0x00000000116ddb4c in /usr/bin/clickhouse
11. void* std::__thread_proxy[abi:v15000]<std::tuple<std::unique_ptr<std::__thread_struct, std::default_delete<std::__thread_struct>>, void ThreadPoolImpl<std::thread>::scheduleImpl<void>(std::function<void ()>, Priority, std::optional<unsigned long>, bool)::'lambda0'()>>(void*) @ 0x000000000c706104 in /usr/bin/clickhouse
12. ? @ 0x00007d5a69da9609 in ?
13. ? @ 0x00007d5a69cce353 in ?
 (version 23.8.16.16 (official build)). Failed to start DDLWorker.
2026.03.18 20:29:35.704834 [ 284 ] {} <Error> virtual bool DB::DDLWorker::initializeMainThread(): Code: 999. Coordination::Exception: Unknown key host in config file. (KEEPER_EXCEPTION), Stack trace (when copying this message, always include the lines below):

0. DB::Exception::Exception(DB::Exception::MessageMasked&&, int, bool) @ 0x000000000c6251d7 in /usr/bin/clickhouse
1. DB::Exception::Exception<String const&>(int, FormatStringHelperImpl<std::type_identity<String const&>::type>, String const&) @ 0x00000000074ae38d in /usr/bin/clickhouse
2. Coordination::Exception::Exception<String const&>(Coordination::Error, FormatStringHelperImpl<std::type_identity<String const&>::type>, String const&) @ 0x000000001276578a in /usr/bin/clickhouse
3. zkutil::ZooKeeperArgs::initFromKeeperSection(Poco::Util::AbstractConfiguration const&, String const&) @ 0x0000000013813c10 in /usr/bin/clickhouse
4. zkutil::ZooKeeperArgs::ZooKeeperArgs(Poco::Util::AbstractConfiguration const&, String const&) @ 0x000000001380f986 in /usr/bin/clickhouse
5. zkutil::ZooKeeper::ZooKeeper(Poco::Util::AbstractConfiguration const&, String const&, std::shared_ptr<DB::ZooKeeperLog>) @ 0x00000000137e48cc in /usr/bin/clickhouse
6. DB::Context::getZooKeeper() const @ 0x000000001164aa4a in /usr/bin/clickhouse
7. DB::DDLWorker::getAndSetZooKeeper() @ 0x00000000116cc32d in /usr/bin/clickhouse
8. DB::DDLWorker::initializeMainThread() @ 0x00000000116dca3b in /usr/bin/clickhouse
9. DB::DDLWorker::runMainThread() @ 0x00000000116c73c0 in /usr/bin/clickhouse
10. void std::__function::__policy_invoker<void ()>::__call_impl<std::__function::__default_alloc_func<ThreadFromGlobalPoolImpl<true>::ThreadFromGlobalPoolImpl<void (DB::DDLWorker::*)(), DB::DDLWorker*>(void (DB::DDLWorker::*&&)(), DB::DDLWorker*&&)::'lambda'(), void ()>>(std::__function::__policy_storage const*) @ 0x00000000116ddb4c in /usr/bin/clickhouse
11. void* std::__thread_proxy[abi:v15000]<std::tuple<std::unique_ptr<std::__thread_struct, std::default_delete<std::__thread_struct>>, void ThreadPoolImpl<std::thread>::scheduleImpl<void>(std::function<void ()>, Priority, std::optional<unsigned long>, bool)::'lambda0'()>>(void*) @ 0x000000000c706104 in /usr/bin/clickhouse
12. ? @ 0x00007d5a69da9609 in ?
13. ? @ 0x00007d5a69cce353 in ?
 (version 23.8.16.16 (official build))
2026.03.18 20:29:36.005570 [ 285 ] {} <Trace> AsynchronousMetrics: MemoryTracking: was 389.29 MiB, peak 389.29 MiB, free memory in arenas 9.61 MiB, will set to 391.71 MiB (RSS), difference: 2.43 MiB
2026.03.18 20:29:40.708221 [ 284 ] {} <Error> DDLWorker: ZooKeeper error: Code: 999. Coordination::Exception: Unknown key host in config file. (KEEPER_EXCEPTION), Stack trace (when copying this message, always include the lines below):

0. DB::Exception::Exception(DB::Exception::MessageMasked&&, int, bool) @ 0x000000000c6251d7 in /usr/bin/clickhouse
1. DB::Exception::Exception<String const&>(int, FormatStringHelperImpl<std::type_identity<String const&>::type>, String const&) @ 0x00000000074ae38d in /usr/bin/clickhouse
2. Coordination::Exception::Exception<String const&>(Coordination::Error, FormatStringHelperImpl<std::type_identity<String const&>::type>, String const&) @ 0x000000001276578a in /usr/bin/clickhouse
3. zkutil::ZooKeeperArgs::initFromKeeperSection(Poco::Util::AbstractConfiguration const&, String const&) @ 0x0000000013813c10 in /usr/bin/clickhouse
4. zkutil::ZooKeeperArgs::ZooKeeperArgs(Poco::Util::AbstractConfiguration const&, String const&) @ 0x000000001380f986 in /usr/bin/clickhouse
5. zkutil::ZooKeeper::ZooKeeper(Poco::Util::AbstractConfiguration const&, String const&, std::shared_ptr<DB::ZooKeeperLog>) @ 0x00000000137e48cc in /usr/bin/clickhouse
6. DB::Context::getZooKeeper() const @ 0x000000001164aa4a in /usr/bin/clickhouse
7. DB::DDLWorker::getAndSetZooKeeper() @ 0x00000000116cc32d in /usr/bin/clickhouse
8. DB::DDLWorker::initializeMainThread() @ 0x00000000116dca3b in /usr/bin/clickhouse
9. DB::DDLWorker::runMainThread() @ 0x00000000116c73c0 in /usr/bin/clickhouse
10. void std::__function::__policy_invoker<void ()>::__call_impl<std::__function::__default_alloc_func<ThreadFromGlobalPoolImpl<true>::ThreadFromGlobalPoolImpl<void (DB::DDLWorker::*)(), DB::DDLWorker*>(void (DB::DDLWorker::*&&)(), DB::DDLWorker*&&)::'lambda'(), void ()>>(std::__function::__policy_storage const*) @ 0x00000000116ddb4c in /usr/bin/clickhouse
11. void* std::__thread_proxy[abi:v15000]<std::tuple<std::unique_ptr<std::__thread_struct, std::default_delete<std::__thread_struct>>, void ThreadPoolImpl<std::thread>::scheduleImpl<void>(std::function<void ()>, Priority, std::optional<unsigned long>, bool)::'lambda0'()>>(void*) @ 0x000000000c706104 in /usr/bin/clickhouse
12. ? @ 0x00007d5a69da9609 in ?
13. ? @ 0x00007d5a69cce353 in ?
 (version 23.8.16.16 (official build)). Failed to start DDLWorker.
2026.03.18 20:29:40.708292 [ 284 ] {} <Error> virtual bool DB::DDLWorker::initializeMainThread(): Code: 999. Coordination::Exception: Unknown key host in config file. (KEEPER_EXCEPTION), Stack trace (when copying this message, always include the lines below):

0. DB::Exception::Exception(DB::Exception::MessageMasked&&, int, bool) @ 0x000000000c6251d7 in /usr/bin/clickhouse
1. DB::Exception::Exception<String const&>(int, FormatStringHelperImpl<std::type_identity<String const&>::type>, String const&) @ 0x00000000074ae38d in /usr/bin/clickhouse
2. Coordination::Exception::Exception<String const&>(Coordination::Error, FormatStringHelperImpl<std::type_identity<String const&>::type>, String const&) @ 0x000000001276578a in /usr/bin/clickhouse
3. zkutil::ZooKeeperArgs::initFromKeeperSection(Poco::Util::AbstractConfiguration const&, String const&) @ 0x0000000013813c10 in /usr/bin/clickhouse
4. zkutil::ZooKeeperArgs::ZooKeeperArgs(Poco::Util::AbstractConfiguration const&, String const&) @ 0x000000001380f986 in /usr/bin/clickhouse
5. zkutil::ZooKeeper::ZooKeeper(Poco::Util::AbstractConfiguration const&, String const&, std::shared_ptr<DB::ZooKeeperLog>) @ 0x00000000137e48cc in /usr/bin/clickhouse
6. DB::Context::getZooKeeper() const @ 0x000000001164aa4a in /usr/bin/clickhouse
7. DB::DDLWorker::getAndSetZooKeeper() @ 0x00000000116cc32d in /usr/bin/clickhouse
8. DB::DDLWorker::initializeMainThread() @ 0x00000000116dca3b in /usr/bin/clickhouse
9. DB::DDLWorker::runMainThread() @ 0x00000000116c73c0 in /usr/bin/clickhouse
10. void std::__function::__policy_invoker<void ()>::__call_impl<std::__function::__default_alloc_func<ThreadFromGlobalPoolImpl<true>::ThreadFromGlobalPoolImpl<void (DB::DDLWorker::*)(), DB::DDLWorker*>(void (DB::DDLWorker::*&&)(), DB::DDLWorker*&&)::'lambda'(), void ()>>(std::__function::__policy_storage const*) @ 0x00000000116ddb4c in /usr/bin/clickhouse
11. void* std::__thread_proxy[abi:v15000]<std::tuple<std::unique_ptr<std::__thread_struct, std::default_delete<std::__thread_struct>>, void ThreadPoolImpl<std::thread>::scheduleImpl<void>(std::function<void ()>, Priority, std::optional<unsigned long>, bool)::'lambda0'()>>(void*) @ 0x000000000c706104 in /usr/bin/clickhouse
12. ? @ 0x00007d5a69da9609 in ?
13. ? @ 0x00007d5a69cce353 in ?
 (version 23.8.16.16 (official build))
2026.03.18 20:29:45.720044 [ 284 ] {} <Error> DDLWorker: ZooKeeper error: Code: 999. Coordination::Exception: Unknown key host in config file. (KEEPER_EXCEPTION), Stack trace (when copying this message, always include the lines below):

0. DB::Exception::Exception(DB::Exception::MessageMasked&&, int, bool) @ 0x000000000c6251d7 in /usr/bin/clickhouse
1. DB::Exception::Exception<String const&>(int, FormatStringHelperImpl<std::type_identity<String const&>::type>, String const&) @ 0x00000000074ae38d in /usr/bin/clickhouse
2. Coordination::Exception::Exception<String const&>(Coordination::Error, FormatStringHelperImpl<std::type_identity<String const&>::type>, String const&) @ 0x000000001276578a in /usr/bin/clickhouse
3. zkutil::ZooKeeperArgs::initFromKeeperSection(Poco::Util::AbstractConfiguration const&, String const&) @ 0x0000000013813c10 in /usr/bin/clickhouse
4. zkutil::ZooKeeperArgs::ZooKeeperArgs(Poco::Util::AbstractConfiguration const&, String const&) @ 0x000000001380f986 in /usr/bin/clickhouse
5. zkutil::ZooKeeper::ZooKeeper(Poco::Util::AbstractConfiguration const&, String const&, std::shared_ptr<DB::ZooKeeperLog>) @ 0x00000000137e48cc in /usr/bin/clickhouse
6. DB::Context::getZooKeeper() const @ 0x000000001164aa4a in /usr/bin/clickhouse
7. DB::DDLWorker::getAndSetZooKeeper() @ 0x00000000116cc32d in /usr/bin/clickhouse
8. DB::DDLWorker::initializeMainThread() @ 0x00000000116dca3b in /usr/bin/clickhouse
9. DB::DDLWorker::runMainThread() @ 0x00000000116c73c0 in /usr/bin/clickhouse
10. void std::__function::__policy_invoker<void ()>::__call_impl<std::__function::__default_alloc_func<ThreadFromGlobalPoolImpl<true>::ThreadFromGlobalPoolImpl<void (DB::DDLWorker::*)(), DB::DDLWorker*>(void (DB::DDLWorker::*&&)(), DB::DDLWorker*&&)::'lambda'(), void ()>>(std::__function::__policy_storage const*) @ 0x00000000116ddb4c in /usr/bin/clickhouse
11. void* std::__thread_proxy[abi:v15000]<std::tuple<std::unique_ptr<std::__thread_struct, std::default_delete<std::__thread_struct>>, void ThreadPoolImpl<std::thread>::scheduleImpl<void>(std::function<void ()>, Priority, std::optional<unsigned long>, bool)::'lambda0'()>>(void*) @ 0x000000000c706104 in /usr/bin/clickhouse
12. ? @ 0x00007d5a69da9609 in ?
13. ? @ 0x00007d5a69cce353 in ?
 (version 23.8.16.16 (official build)). Failed to start DDLWorker.
2026.03.18 20:29:45.720120 [ 284 ] {} <Error> virtual bool DB::DDLWorker::initializeMainThread(): Code: 999. Coordination::Exception: Unknown key host in config file. (KEEPER_EXCEPTION), Stack trace (when copying this message, always include the lines below):

0. DB::Exception::Exception(DB::Exception::MessageMasked&&, int, bool) @ 0x000000000c6251d7 in /usr/bin/clickhouse
1. DB::Exception::Exception<String const&>(int, FormatStringHelperImpl<std::type_identity<String const&>::type>, String const&) @ 0x00000000074ae38d in /usr/bin/clickhouse
2. Coordination::Exception::Exception<String const&>(Coordination::Error, FormatStringHelperImpl<std::type_identity<String const&>::type>, String const&) @ 0x000000001276578a in /usr/bin/clickhouse
3. zkutil::ZooKeeperArgs::initFromKeeperSection(Poco::Util::AbstractConfiguration const&, String const&) @ 0x0000000013813c10 in /usr/bin/clickhouse
4. zkutil::ZooKeeperArgs::ZooKeeperArgs(Poco::Util::AbstractConfiguration const&, String const&) @ 0x000000001380f986 in /usr/bin/clickhouse
5. zkutil::ZooKeeper::ZooKeeper(Poco::Util::AbstractConfiguration const&, String const&, std::shared_ptr<DB::ZooKeeperLog>) @ 0x00000000137e48cc in /usr/bin/clickhouse
6. DB::Context::getZooKeeper() const @ 0x000000001164aa4a in /usr/bin/clickhouse
7. DB::DDLWorker::getAndSetZooKeeper() @ 0x00000000116cc32d in /usr/bin/clickhouse
8. DB::DDLWorker::initializeMainThread() @ 0x00000000116dca3b in /usr/bin/clickhouse
9. DB::DDLWorker::runMainThread() @ 0x00000000116c73c0 in /usr/bin/clickhouse
10. void std::__function::__policy_invoker<void ()>::__call_impl<std::__function::__default_alloc_func<ThreadFromGlobalPoolImpl<true>::ThreadFromGlobalPoolImpl<void (DB::DDLWorker::*)(), DB::DDLWorker*>(void (DB::DDLWorker::*&&)(), DB::DDLWorker*&&)::'lambda'(), void ()>>(std::__function::__policy_storage const*) @ 0x00000000116ddb4c in /usr/bin/clickhouse
11. void* std::__thread_proxy[abi:v15000]<std::tuple<std::unique_ptr<std::__thread_struct, std::default_delete<std::__thread_struct>>, void ThreadPoolImpl<std::thread>::scheduleImpl<void>(std::function<void ()>, Priority, std::optional<unsigned long>, bool)::'lambda0'()>>(void*) @ 0x000000000c706104 in /usr/bin/clickhouse
12. ? @ 0x00007d5a69da9609 in ?
13. ? @ 0x00007d5a69cce353 in ?
 (version 23.8.16.16 (official build))
2026.03.18 20:29:50.660707 [ 77 ] {} <Debug> DNSResolver: Updating DNS cache
2026.03.18 20:29:50.662068 [ 77 ] {} <Debug> DNSResolver: Updated DNS cache
2026.03.18 20:29:50.720352 [ 284 ] {} <Error> DDLWorker: ZooKeeper error: Code: 999. Coordination::Exception: Unknown key host in config file. (KEEPER_EXCEPTION), Stack trace (when copying this message, always include the lines below):

0. DB::Exception::Exception(DB::Exception::MessageMasked&&, int, bool) @ 0x000000000c6251d7 in /usr/bin/clickhouse
1. DB::Exception::Exception<String const&>(int, FormatStringHelperImpl<std::type_identity<String const&>::type>, String const&) @ 0x00000000074ae38d in /usr/bin/clickhouse
2. Coordination::Exception::Exception<String const&>(Coordination::Error, FormatStringHelperImpl<std::type_identity<String const&>::type>, String const&) @ 0x000000001276578a in /usr/bin/clickhouse
3. zkutil::ZooKeeperArgs::initFromKeeperSection(Poco::Util::AbstractConfiguration const&, String const&) @ 0x0000000013813c10 in /usr/bin/clickhouse
4. zkutil::ZooKeeperArgs::ZooKeeperArgs(Poco::Util::AbstractConfiguration const&, String const&) @ 0x000000001380f986 in /usr/bin/clickhouse
5. zkutil::ZooKeeper::ZooKeeper(Poco::Util::AbstractConfiguration const&, String const&, std::shared_ptr<DB::ZooKeeperLog>) @ 0x00000000137e48cc in /usr/bin/clickhouse
6. DB::Context::getZooKeeper() const @ 0x000000001164aa4a in /usr/bin/clickhouse
7. DB::DDLWorker::getAndSetZooKeeper() @ 0x00000000116cc32d in /usr/bin/clickhouse
8. DB::DDLWorker::initializeMainThread() @ 0x00000000116dca3b in /usr/bin/clickhouse
9. DB::DDLWorker::runMainThread() @ 0x00000000116c73c0 in /usr/bin/clickhouse
10. void std::__function::__policy_invoker<void ()>::__call_impl<std::__function::__default_alloc_func<ThreadFromGlobalPoolImpl<true>::ThreadFromGlobalPoolImpl<void (DB::DDLWorker::*)(), DB::DDLWorker*>(void (DB::DDLWorker::*&&)(), DB::DDLWorker*&&)::'lambda'(), void ()>>(std::__function::__policy_storage const*) @ 0x00000000116ddb4c in /usr/bin/clickhouse
11. void* std::__thread_proxy[abi:v15000]<std::tuple<std::unique_ptr<std::__thread_struct, std::default_delete<std::__thread_struct>>, void ThreadPoolImpl<std::thread>::scheduleImpl<void>(std::function<void ()>, Priority, std::optional<unsigned long>, bool)::'lambda0'()>>(void*) @ 0x000000000c706104 in /usr/bin/clickhouse
12. ? @ 0x00007d5a69da9609 in ?
13. ? @ 0x00007d5a69cce353 in ?
 (version 23.8.16.16 (official build)). Failed to start DDLWorker.
2026.03.18 20:29:50.720422 [ 284 ] {} <Error> virtual bool DB::DDLWorker::initializeMainThread(): Code: 999. Coordination::Exception: Unknown key host in config file. (KEEPER_EXCEPTION), Stack trace (when copying this message, always include the lines below):

0. DB::Exception::Exception(DB::Exception::MessageMasked&&, int, bool) @ 0x000000000c6251d7 in /usr/bin/clickhouse
1. DB::Exception::Exception<String const&>(int, FormatStringHelperImpl<std::type_identity<String const&>::type>, String const&) @ 0x00000000074ae38d in /usr/bin/clickhouse
2. Coordination::Exception::Exception<String const&>(Coordination::Error, FormatStringHelperImpl<std::type_identity<String const&>::type>, String const&) @ 0x000000001276578a in /usr/bin/clickhouse
3. zkutil::ZooKeeperArgs::initFromKeeperSection(Poco::Util::AbstractConfiguration const&, String const&) @ 0x0000000013813c10 in /usr/bin/clickhouse
4. zkutil::ZooKeeperArgs::ZooKeeperArgs(Poco::Util::AbstractConfiguration const&, String const&) @ 0x000000001380f986 in /usr/bin/clickhouse
5. zkutil::ZooKeeper::ZooKeeper(Poco::Util::AbstractConfiguration const&, String const&, std::shared_ptr<DB::ZooKeeperLog>) @ 0x00000000137e48cc in /usr/bin/clickhouse
6. DB::Context::getZooKeeper() const @ 0x000000001164aa4a in /usr/bin/clickhouse
7. DB::DDLWorker::getAndSetZooKeeper() @ 0x00000000116cc32d in /usr/bin/clickhouse
8. DB::DDLWorker::initializeMainThread() @ 0x00000000116dca3b in /usr/bin/clickhouse
9. DB::DDLWorker::runMainThread() @ 0x00000000116c73c0 in /usr/bin/clickhouse
10. void std::__function::__policy_invoker<void ()>::__call_impl<std::__function::__default_alloc_func<ThreadFromGlobalPoolImpl<true>::ThreadFromGlobalPoolImpl<void (DB::DDLWorker::*)(), DB::DDLWorker*>(void (DB::DDLWorker::*&&)(), DB::DDLWorker*&&)::'lambda'(), void ()>>(std::__function::__policy_storage const*) @ 0x00000000116ddb4c in /usr/bin/clickhouse
11. void* std::__thread_proxy[abi:v15000]<std::tuple<std::unique_ptr<std::__thread_struct, std::default_delete<std::__thread_struct>>, void ThreadPoolImpl<std::thread>::scheduleImpl<void>(std::function<void ()>, Priority, std::optional<unsigned long>, bool)::'lambda0'()>>(void*) @ 0x000000000c706104 in /usr/bin/clickhouse
12. ? @ 0x00007d5a69da9609 in ?
13. ? @ 0x00007d5a69cce353 in ?
 (version 23.8.16.16 (official build))
2026.03.18 20:29:55.722092 [ 284 ] {} <Error> DDLWorker: ZooKeeper error: Code: 999. Coordination::Exception: Unknown key host in config file. (KEEPER_EXCEPTION), Stack trace (when copying this message, always include the lines below):

0. DB::Exception::Exception(DB::Exception::MessageMasked&&, int, bool) @ 0x000000000c6251d7 in /usr/bin/clickhouse
1. DB::Exception::Exception<String const&>(int, FormatStringHelperImpl<std::type_identity<String const&>::type>, String const&) @ 0x00000000074ae38d in /usr/bin/clickhouse
2. Coordination::Exception::Exception<String const&>(Coordination::Error, FormatStringHelperImpl<std::type_identity<String const&>::type>, String const&) @ 0x000000001276578a in /usr/bin/clickhouse
3. zkutil::ZooKeeperArgs::initFromKeeperSection(Poco::Util::AbstractConfiguration const&, String const&) @ 0x0000000013813c10 in /usr/bin/clickhouse
4. zkutil::ZooKeeperArgs::ZooKeeperArgs(Poco::Util::AbstractConfiguration const&, String const&) @ 0x000000001380f986 in /usr/bin/clickhouse
5. zkutil::ZooKeeper::ZooKeeper(Poco::Util::AbstractConfiguration const&, String const&, std::shared_ptr<DB::ZooKeeperLog>) @ 0x00000000137e48cc in /usr/bin/clickhouse
6. DB::Context::getZooKeeper() const @ 0x000000001164aa4a in /usr/bin/clickhouse
7. DB::DDLWorker::getAndSetZooKeeper() @ 0x00000000116cc32d in /usr/bin/clickhouse
8. DB::DDLWorker::initializeMainThread() @ 0x00000000116dca3b in /usr/bin/clickhouse
9. DB::DDLWorker::runMainThread() @ 0x00000000116c73c0 in /usr/bin/clickhouse
10. void std::__function::__policy_invoker<void ()>::__call_impl<std::__function::__default_alloc_func<ThreadFromGlobalPoolImpl<true>::ThreadFromGlobalPoolImpl<void (DB::DDLWorker::*)(), DB::DDLWorker*>(void (DB::DDLWorker::*&&)(), DB::DDLWorker*&&)::'lambda'(), void ()>>(std::__function::__policy_storage const*) @ 0x00000000116ddb4c in /usr/bin/clickhouse
11. void* std::__thread_proxy[abi:v15000]<std::tuple<std::unique_ptr<std::__thread_struct, std::default_delete<std::__thread_struct>>, void ThreadPoolImpl<std::thread>::scheduleImpl<void>(std::function<void ()>, Priority, std::optional<unsigned long>, bool)::'lambda0'()>>(void*) @ 0x000000000c706104 in /usr/bin/clickhouse
12. ? @ 0x00007d5a69da9609 in ?
13. ? @ 0x00007d5a69cce353 in ?
 (version 23.8.16.16 (official build)). Failed to start DDLWorker.
2026.03.18 20:29:55.722250 [ 284 ] {} <Error> virtual bool DB::DDLWorker::initializeMainThread(): Code: 999. Coordination::Exception: Unknown key host in config file. (KEEPER_EXCEPTION), Stack trace (when copying this message, always include the lines below):

0. DB::Exception::Exception(DB::Exception::MessageMasked&&, int, bool) @ 0x000000000c6251d7 in /usr/bin/clickhouse
1. DB::Exception::Exception<String const&>(int, FormatStringHelperImpl<std::type_identity<String const&>::type>, String const&) @ 0x00000000074ae38d in /usr/bin/clickhouse
2. Coordination::Exception::Exception<String const&>(Coordination::Error, FormatStringHelperImpl<std::type_identity<String const&>::type>, String const&) @ 0x000000001276578a in /usr/bin/clickhouse
3. zkutil::ZooKeeperArgs::initFromKeeperSection(Poco::Util::AbstractConfiguration const&, String const&) @ 0x0000000013813c10 in /usr/bin/clickhouse
4. zkutil::ZooKeeperArgs::ZooKeeperArgs(Poco::Util::AbstractConfiguration const&, String const&) @ 0x000000001380f986 in /usr/bin/clickhouse
5. zkutil::ZooKeeper::ZooKeeper(Poco::Util::AbstractConfiguration const&, String const&, std::shared_ptr<DB::ZooKeeperLog>) @ 0x00000000137e48cc in /usr/bin/clickhouse
6. DB::Context::getZooKeeper() const @ 0x000000001164aa4a in /usr/bin/clickhouse
7. DB::DDLWorker::getAndSetZooKeeper() @ 0x00000000116cc32d in /usr/bin/clickhouse
8. DB::DDLWorker::initializeMainThread() @ 0x00000000116dca3b in /usr/bin/clickhouse
9. DB::DDLWorker::runMainThread() @ 0x00000000116c73c0 in /usr/bin/clickhouse
10. void std::__function::__policy_invoker<void ()>::__call_impl<std::__function::__default_alloc_func<ThreadFromGlobalPoolImpl<true>::ThreadFromGlobalPoolImpl<void (DB::DDLWorker::*)(), DB::DDLWorker*>(void (DB::DDLWorker::*&&)(), DB::DDLWorker*&&)::'lambda'(), void ()>>(std::__function::__policy_storage const*) @ 0x00000000116ddb4c in /usr/bin/clickhouse
11. void* std::__thread_proxy[abi:v15000]<std::tuple<std::unique_ptr<std::__thread_struct, std::default_delete<std::__thread_struct>>, void ThreadPoolImpl<std::thread>::scheduleImpl<void>(std::function<void ()>, Priority, std::optional<unsigned long>, bool)::'lambda0'()>>(void*) @ 0x000000000c706104 in /usr/bin/clickhouse
12. ? @ 0x00007d5a69da9609 in ?
13. ? @ 0x00007d5a69cce353 in ?
 (version 23.8.16.16 (official build))
2026.03.18 20:30:00.723245 [ 284 ] {} <Error> DDLWorker: ZooKeeper error: Code: 999. Coordination::Exception: Unknown key host in config file. (KEEPER_EXCEPTION), Stack trace (when copying this message, always include the lines below):

0. DB::Exception::Exception(DB::Exception::MessageMasked&&, int, bool) @ 0x000000000c6251d7 in /usr/bin/clickhouse
1. DB::Exception::Exception<String const&>(int, FormatStringHelperImpl<std::type_identity<String const&>::type>, String const&) @ 0x00000000074ae38d in /usr/bin/clickhouse
2. Coordination::Exception::Exception<String const&>(Coordination::Error, FormatStringHelperImpl<std::type_identity<String const&>::type>, String const&) @ 0x000000001276578a in /usr/bin/clickhouse
3. zkutil::ZooKeeperArgs::initFromKeeperSection(Poco::Util::AbstractConfiguration const&, String const&) @ 0x0000000013813c10 in /usr/bin/clickhouse
4. zkutil::ZooKeeperArgs::ZooKeeperArgs(Poco::Util::AbstractConfiguration const&, String const&) @ 0x000000001380f986 in /usr/bin/clickhouse
5. zkutil::ZooKeeper::ZooKeeper(Poco::Util::AbstractConfiguration const&, String const&, std::shared_ptr<DB::ZooKeeperLog>) @ 0x00000000137e48cc in /usr/bin/clickhouse
6. DB::Context::getZooKeeper() const @ 0x000000001164aa4a in /usr/bin/clickhouse
7. DB::DDLWorker::getAndSetZooKeeper() @ 0x00000000116cc32d in /usr/bin/clickhouse
8. DB::DDLWorker::initializeMainThread() @ 0x00000000116dca3b in /usr/bin/clickhouse
9. DB::DDLWorker::runMainThread() @ 0x00000000116c73c0 in /usr/bin/clickhouse
10. void std::__function::__policy_invoker<void ()>::__call_impl<std::__function::__default_alloc_func<ThreadFromGlobalPoolImpl<true>::ThreadFromGlobalPoolImpl<void (DB::DDLWorker::*)(), DB::DDLWorker*>(void (DB::DDLWorker::*&&)(), DB::DDLWorker*&&)::'lambda'(), void ()>>(std::__function::__policy_storage const*) @ 0x00000000116ddb4c in /usr/bin/clickhouse
11. void* std::__thread_proxy[abi:v15000]<std::tuple<std::unique_ptr<std::__thread_struct, std::default_delete<std::__thread_struct>>, void ThreadPoolImpl<std::thread>::scheduleImpl<void>(std::function<void ()>, Priority, std::optional<unsigned long>, bool)::'lambda0'()>>(void*) @ 0x000000000c706104 in /usr/bin/clickhouse
12. ? @ 0x00007d5a69da9609 in ?
13. ? @ 0x00007d5a69cce353 in ?
 (version 23.8.16.16 (official build)). Failed to start DDLWorker.
2026.03.18 20:30:00.723320 [ 284 ] {} <Error> virtual bool DB::DDLWorker::initializeMainThread(): Code: 999. Coordination::Exception: Unknown key host in config file. (KEEPER_EXCEPTION), Stack trace (when copying this message, always include the lines below):

0. DB::Exception::Exception(DB::Exception::MessageMasked&&, int, bool) @ 0x000000000c6251d7 in /usr/bin/clickhouse
1. DB::Exception::Exception<String const&>(int, FormatStringHelperImpl<std::type_identity<String const&>::type>, String const&) @ 0x00000000074ae38d in /usr/bin/clickhouse
2. Coordination::Exception::Exception<String const&>(Coordination::Error, FormatStringHelperImpl<std::type_identity<String const&>::type>, String const&) @ 0x000000001276578a in /usr/bin/clickhouse
3. zkutil::ZooKeeperArgs::initFromKeeperSection(Poco::Util::AbstractConfiguration const&, String const&) @ 0x0000000013813c10 in /usr/bin/clickhouse
4. zkutil::ZooKeeperArgs::ZooKeeperArgs(Poco::Util::AbstractConfiguration const&, String const&) @ 0x000000001380f986 in /usr/bin/clickhouse
5. zkutil::ZooKeeper::ZooKeeper(Poco::Util::AbstractConfiguration const&, String const&, std::shared_ptr<DB::ZooKeeperLog>) @ 0x00000000137e48cc in /usr/bin/clickhouse
6. DB::Context::getZooKeeper() const @ 0x000000001164aa4a in /usr/bin/clickhouse
7. DB::DDLWorker::getAndSetZooKeeper() @ 0x00000000116cc32d in /usr/bin/clickhouse
8. DB::DDLWorker::initializeMainThread() @ 0x00000000116dca3b in /usr/bin/clickhouse
9. DB::DDLWorker::runMainThread() @ 0x00000000116c73c0 in /usr/bin/clickhouse
10. void std::__function::__policy_invoker<void ()>::__call_impl<std::__function::__default_alloc_func<ThreadFromGlobalPoolImpl<true>::ThreadFromGlobalPoolImpl<void (DB::DDLWorker::*)(), DB::DDLWorker*>(void (DB::DDLWorker::*&&)(), DB::DDLWorker*&&)::'lambda'(), void ()>>(std::__function::__policy_storage const*) @ 0x00000000116ddb4c in /usr/bin/clickhouse
11. void* std::__thread_proxy[abi:v15000]<std::tuple<std::unique_ptr<std::__thread_struct, std::default_delete<std::__thread_struct>>, void ThreadPoolImpl<std::thread>::scheduleImpl<void>(std::function<void ()>, Priority, std::optional<unsigned long>, bool)::'lambda0'()>>(void*) @ 0x000000000c706104 in /usr/bin/clickhouse
12. ? @ 0x00007d5a69da9609 in ?
13. ? @ 0x00007d5a69cce353 in ?
 (version 23.8.16.16 (official build))
2026.03.18 20:30:02.028704 [ 285 ] {} <Trace> AsynchronousMetrics: MemoryTracking: was 391.91 MiB, peak 391.91 MiB, free memory in arenas 4.70 MiB, will set to 386.91 MiB (RSS), difference: -5.00 MiB
2026.03.18 20:30:05.898502 [ 106 ] {} <Debug> DNSResolver: Updating DNS cache
2026.03.18 20:30:05.900200 [ 106 ] {} <Debug> DNSResolver: Updated DNS cache
2026.03.18 20:30:06.387846 [ 284 ] {} <Error> DDLWorker: ZooKeeper error: Code: 999. Coordination::Exception: Unknown key host in config file. (KEEPER_EXCEPTION), Stack trace (when copying this message, always include the lines below):

0. DB::Exception::Exception(DB::Exception::MessageMasked&&, int, bool) @ 0x000000000c6251d7 in /usr/bin/clickhouse
1. DB::Exception::Exception<String const&>(int, FormatStringHelperImpl<std::type_identity<String const&>::type>, String const&) @ 0x00000000074ae38d in /usr/bin/clickhouse
2. Coordination::Exception::Exception<String const&>(Coordination::Error, FormatStringHelperImpl<std::type_identity<String const&>::type>, String const&) @ 0x000000001276578a in /usr/bin/clickhouse
3. zkutil::ZooKeeperArgs::initFromKeeperSection(Poco::Util::AbstractConfiguration const&, String const&) @ 0x0000000013813c10 in /usr/bin/clickhouse
4. zkutil::ZooKeeperArgs::ZooKeeperArgs(Poco::Util::AbstractConfiguration const&, String const&) @ 0x000000001380f986 in /usr/bin/clickhouse
5. zkutil::ZooKeeper::ZooKeeper(Poco::Util::AbstractConfiguration const&, String const&, std::shared_ptr<DB::ZooKeeperLog>) @ 0x00000000137e48cc in /usr/bin/clickhouse
6. DB::Context::getZooKeeper() const @ 0x000000001164aa4a in /usr/bin/clickhouse
7. DB::DDLWorker::getAndSetZooKeeper() @ 0x00000000116cc32d in /usr/bin/clickhouse
8. DB::DDLWorker::initializeMainThread() @ 0x00000000116dca3b in /usr/bin/clickhouse
9. DB::DDLWorker::runMainThread() @ 0x00000000116c73c0 in /usr/bin/clickhouse
10. void std::__function::__policy_invoker<void ()>::__call_impl<std::__function::__default_alloc_func<ThreadFromGlobalPoolImpl<true>::ThreadFromGlobalPoolImpl<void (DB::DDLWorker::*)(), DB::DDLWorker*>(void (DB::DDLWorker::*&&)(), DB::DDLWorker*&&)::'lambda'(), void ()>>(std::__function::__policy_storage const*) @ 0x00000000116ddb4c in /usr/bin/clickhouse
11. void* std::__thread_proxy[abi:v15000]<std::tuple<std::unique_ptr<std::__thread_struct, std::default_delete<std::__thread_struct>>, void ThreadPoolImpl<std::thread>::scheduleImpl<void>(std::function<void ()>, Priority, std::optional<unsigned long>, bool)::'lambda0'()>>(void*) @ 0x000000000c706104 in /usr/bin/clickhouse
12. ? @ 0x00007d5a69da9609 in ?
13. ? @ 0x00007d5a69cce353 in ?
 (version 23.8.16.16 (official build)). Failed to start DDLWorker.
2026.03.18 20:30:06.387889 [ 284 ] {} <Error> virtual bool DB::DDLWorker::initializeMainThread(): Code: 999. Coordination::Exception: Unknown key host in config file. (KEEPER_EXCEPTION), Stack trace (when copying this message, always include the lines below):

0. DB::Exception::Exception(DB::Exception::MessageMasked&&, int, bool) @ 0x000000000c6251d7 in /usr/bin/clickhouse
1. DB::Exception::Exception<String const&>(int, FormatStringHelperImpl<std::type_identity<String const&>::type>, String const&) @ 0x00000000074ae38d in /usr/bin/clickhouse
2. Coordination::Exception::Exception<String const&>(Coordination::Error, FormatStringHelperImpl<std::type_identity<String const&>::type>, String const&) @ 0x000000001276578a in /usr/bin/clickhouse
3. zkutil::ZooKeeperArgs::initFromKeeperSection(Poco::Util::AbstractConfiguration const&, String const&) @ 0x0000000013813c10 in /usr/bin/clickhouse
4. zkutil::ZooKeeperArgs::ZooKeeperArgs(Poco::Util::AbstractConfiguration const&, String const&) @ 0x000000001380f986 in /usr/bin/clickhouse
5. zkutil::ZooKeeper::ZooKeeper(Poco::Util::AbstractConfiguration const&, String const&, std::shared_ptr<DB::ZooKeeperLog>) @ 0x00000000137e48cc in /usr/bin/clickhouse
6. DB::Context::getZooKeeper() const @ 0x000000001164aa4a in /usr/bin/clickhouse
7. DB::DDLWorker::getAndSetZooKeeper() @ 0x00000000116cc32d in /usr/bin/clickhouse
8. DB::DDLWorker::initializeMainThread() @ 0x00000000116dca3b in /usr/bin/clickhouse
9. DB::DDLWorker::runMainThread() @ 0x00000000116c73c0 in /usr/bin/clickhouse
10. void std::__function::__policy_invoker<void ()>::__call_impl<std::__function::__default_alloc_func<ThreadFromGlobalPoolImpl<true>::ThreadFromGlobalPoolImpl<void (DB::DDLWorker::*)(), DB::DDLWorker*>(void (DB::DDLWorker::*&&)(), DB::DDLWorker*&&)::'lambda'(), void ()>>(std::__function::__policy_storage const*) @ 0x00000000116ddb4c in /usr/bin/clickhouse
11. void* std::__thread_proxy[abi:v15000]<std::tuple<std::unique_ptr<std::__thread_struct, std::default_delete<std::__thread_struct>>, void ThreadPoolImpl<std::thread>::scheduleImpl<void>(std::function<void ()>, Priority, std::optional<unsigned long>, bool)::'lambda0'()>>(void*) @ 0x000000000c706104 in /usr/bin/clickhouse
12. ? @ 0x00007d5a69da9609 in ?
13. ? @ 0x00007d5a69cce353 in ?
 (version 23.8.16.16 (official build))
2026.03.18 20:30:11.389468 [ 284 ] {} <Error> DDLWorker: ZooKeeper error: Code: 999. Coordination::Exception: Unknown key host in config file. (KEEPER_EXCEPTION), Stack trace (when copying this message, always include the lines below):

0. DB::Exception::Exception(DB::Exception::MessageMasked&&, int, bool) @ 0x000000000c6251d7 in /usr/bin/clickhouse
1. DB::Exception::Exception<String const&>(int, FormatStringHelperImpl<std::type_identity<String const&>::type>, String const&) @ 0x00000000074ae38d in /usr/bin/clickhouse
2. Coordination::Exception::Exception<String const&>(Coordination::Error, FormatStringHelperImpl<std::type_identity<String const&>::type>, String const&) @ 0x000000001276578a in /usr/bin/clickhouse
3. zkutil::ZooKeeperArgs::initFromKeeperSection(Poco::Util::AbstractConfiguration const&, String const&) @ 0x0000000013813c10 in /usr/bin/clickhouse
4. zkutil::ZooKeeperArgs::ZooKeeperArgs(Poco::Util::AbstractConfiguration const&, String const&) @ 0x000000001380f986 in /usr/bin/clickhouse
5. zkutil::ZooKeeper::ZooKeeper(Poco::Util::AbstractConfiguration const&, String const&, std::shared_ptr<DB::ZooKeeperLog>) @ 0x00000000137e48cc in /usr/bin/clickhouse
6. DB::Context::getZooKeeper() const @ 0x000000001164aa4a in /usr/bin/clickhouse
7. DB::DDLWorker::getAndSetZooKeeper() @ 0x00000000116cc32d in /usr/bin/clickhouse
8. DB::DDLWorker::initializeMainThread() @ 0x00000000116dca3b in /usr/bin/clickhouse
9. DB::DDLWorker::runMainThread() @ 0x00000000116c73c0 in /usr/bin/clickhouse
10. void std::__function::__policy_invoker<void ()>::__call_impl<std::__function::__default_alloc_func<ThreadFromGlobalPoolImpl<true>::ThreadFromGlobalPoolImpl<void (DB::DDLWorker::*)(), DB::DDLWorker*>(void (DB::DDLWorker::*&&)(), DB::DDLWorker*&&)::'lambda'(), void ()>>(std::__function::__policy_storage const*) @ 0x00000000116ddb4c in /usr/bin/clickhouse
11. void* std::__thread_proxy[abi:v15000]<std::tuple<std::unique_ptr<std::__thread_struct, std::default_delete<std::__thread_struct>>, void ThreadPoolImpl<std::thread>::scheduleImpl<void>(std::function<void ()>, Priority, std::optional<unsigned long>, bool)::'lambda0'()>>(void*) @ 0x000000000c706104 in /usr/bin/clickhouse
12. ? @ 0x00007d5a69da9609 in ?
13. ? @ 0x00007d5a69cce353 in ?
 (version 23.8.16.16 (official build)). Failed to start DDLWorker.
2026.03.18 20:30:11.389522 [ 284 ] {} <Error> virtual bool DB::DDLWorker::initializeMainThread(): Code: 999. Coordination::Exception: Unknown key host in config file. (KEEPER_EXCEPTION), Stack trace (when copying this message, always include the lines below):

0. DB::Exception::Exception(DB::Exception::MessageMasked&&, int, bool) @ 0x000000000c6251d7 in /usr/bin/clickhouse
1. DB::Exception::Exception<String const&>(int, FormatStringHelperImpl<std::type_identity<String const&>::type>, String const&) @ 0x00000000074ae38d in /usr/bin/clickhouse
2. Coordination::Exception::Exception<String const&>(Coordination::Error, FormatStringHelperImpl<std::type_identity<String const&>::type>, String const&) @ 0x000000001276578a in /usr/bin/clickhouse
3. zkutil::ZooKeeperArgs::initFromKeeperSection(Poco::Util::AbstractConfiguration const&, String const&) @ 0x0000000013813c10 in /usr/bin/clickhouse
4. zkutil::ZooKeeperArgs::ZooKeeperArgs(Poco::Util::AbstractConfiguration const&, String const&) @ 0x000000001380f986 in /usr/bin/clickhouse
5. zkutil::ZooKeeper::ZooKeeper(Poco::Util::AbstractConfiguration const&, String const&, std::shared_ptr<DB::ZooKeeperLog>) @ 0x00000000137e48cc in /usr/bin/clickhouse
6. DB::Context::getZooKeeper() const @ 0x000000001164aa4a in /usr/bin/clickhouse
7. DB::DDLWorker::getAndSetZooKeeper() @ 0x00000000116cc32d in /usr/bin/clickhouse
8. DB::DDLWorker::initializeMainThread() @ 0x00000000116dca3b in /usr/bin/clickhouse
9. DB::DDLWorker::runMainThread() @ 0x00000000116c73c0 in /usr/bin/clickhouse
10. void std::__function::__policy_invoker<void ()>::__call_impl<std::__function::__default_alloc_func<ThreadFromGlobalPoolImpl<true>::ThreadFromGlobalPoolImpl<void (DB::DDLWorker::*)(), DB::DDLWorker*>(void (DB::DDLWorker::*&&)(), DB::DDLWorker*&&)::'lambda'(), void ()>>(std::__function::__policy_storage const*) @ 0x00000000116ddb4c in /usr/bin/clickhouse
11. void* std::__thread_proxy[abi:v15000]<std::tuple<std::unique_ptr<std::__thread_struct, std::default_delete<std::__thread_struct>>, void ThreadPoolImpl<std::thread>::scheduleImpl<void>(std::function<void ()>, Priority, std::optional<unsigned long>, bool)::'lambda0'()>>(void*) @ 0x000000000c706104 in /usr/bin/clickhouse
12. ? @ 0x00007d5a69da9609 in ?
13. ? @ 0x00007d5a69cce353 in ?
 (version 23.8.16.16 (official build))
2026.03.18 20:30:16.392383 [ 284 ] {} <Error> DDLWorker: ZooKeeper error: Code: 999. Coordination::Exception: Unknown key host in config file. (KEEPER_EXCEPTION), Stack trace (when copying this message, always include the lines below):

0. DB::Exception::Exception(DB::Exception::MessageMasked&&, int, bool) @ 0x000000000c6251d7 in /usr/bin/clickhouse
1. DB::Exception::Exception<String const&>(int, FormatStringHelperImpl<std::type_identity<String const&>::type>, String const&) @ 0x00000000074ae38d in /usr/bin/clickhouse
2. Coordination::Exception::Exception<String const&>(Coordination::Error, FormatStringHelperImpl<std::type_identity<String const&>::type>, String const&) @ 0x000000001276578a in /usr/bin/clickhouse
3. zkutil::ZooKeeperArgs::initFromKeeperSection(Poco::Util::AbstractConfiguration const&, String const&) @ 0x0000000013813c10 in /usr/bin/clickhouse
4. zkutil::ZooKeeperArgs::ZooKeeperArgs(Poco::Util::AbstractConfiguration const&, String const&) @ 0x000000001380f986 in /usr/bin/clickhouse
5. zkutil::ZooKeeper::ZooKeeper(Poco::Util::AbstractConfiguration const&, String const&, std::shared_ptr<DB::ZooKeeperLog>) @ 0x00000000137e48cc in /usr/bin/clickhouse
6. DB::Context::getZooKeeper() const @ 0x000000001164aa4a in /usr/bin/clickhouse
7. DB::DDLWorker::getAndSetZooKeeper() @ 0x00000000116cc32d in /usr/bin/clickhouse
8. DB::DDLWorker::initializeMainThread() @ 0x00000000116dca3b in /usr/bin/clickhouse
9. DB::DDLWorker::runMainThread() @ 0x00000000116c73c0 in /usr/bin/clickhouse
10. void std::__function::__policy_invoker<void ()>::__call_impl<std::__function::__default_alloc_func<ThreadFromGlobalPoolImpl<true>::ThreadFromGlobalPoolImpl<void (DB::DDLWorker::*)(), DB::DDLWorker*>(void (DB::DDLWorker::*&&)(), DB::DDLWorker*&&)::'lambda'(), void ()>>(std::__function::__policy_storage const*) @ 0x00000000116ddb4c in /usr/bin/clickhouse
11. void* std::__thread_proxy[abi:v15000]<std::tuple<std::unique_ptr<std::__thread_struct, std::default_delete<std::__thread_struct>>, void ThreadPoolImpl<std::thread>::scheduleImpl<void>(std::function<void ()>, Priority, std::optional<unsigned long>, bool)::'lambda0'()>>(void*) @ 0x000000000c706104 in /usr/bin/clickhouse
12. ? @ 0x00007d5a69da9609 in ?
13. ? @ 0x00007d5a69cce353 in ?
 (version 23.8.16.16 (official build)). Failed to start DDLWorker.
2026.03.18 20:30:16.392528 [ 284 ] {} <Error> virtual bool DB::DDLWorker::initializeMainThread(): Code: 999. Coordination::Exception: Unknown key host in config file. (KEEPER_EXCEPTION), Stack trace (when copying this message, always include the lines below):

0. DB::Exception::Exception(DB::Exception::MessageMasked&&, int, bool) @ 0x000000000c6251d7 in /usr/bin/clickhouse
1. DB::Exception::Exception<String const&>(int, FormatStringHelperImpl<std::type_identity<String const&>::type>, String const&) @ 0x00000000074ae38d in /usr/bin/clickhouse
2. Coordination::Exception::Exception<String const&>(Coordination::Error, FormatStringHelperImpl<std::type_identity<String const&>::type>, String const&) @ 0x000000001276578a in /usr/bin/clickhouse
3. zkutil::ZooKeeperArgs::initFromKeeperSection(Poco::Util::AbstractConfiguration const&, String const&) @ 0x0000000013813c10 in /usr/bin/clickhouse
4. zkutil::ZooKeeperArgs::ZooKeeperArgs(Poco::Util::AbstractConfiguration const&, String const&) @ 0x000000001380f986 in /usr/bin/clickhouse
5. zkutil::ZooKeeper::ZooKeeper(Poco::Util::AbstractConfiguration const&, String const&, std::shared_ptr<DB::ZooKeeperLog>) @ 0x00000000137e48cc in /usr/bin/clickhouse
6. DB::Context::getZooKeeper() const @ 0x000000001164aa4a in /usr/bin/clickhouse
7. DB::DDLWorker::getAndSetZooKeeper() @ 0x00000000116cc32d in /usr/bin/clickhouse
8. DB::DDLWorker::initializeMainThread() @ 0x00000000116dca3b in /usr/bin/clickhouse
9. DB::DDLWorker::runMainThread() @ 0x00000000116c73c0 in /usr/bin/clickhouse
10. void std::__function::__policy_invoker<void ()>::__call_impl<std::__function::__default_alloc_func<ThreadFromGlobalPoolImpl<true>::ThreadFromGlobalPoolImpl<void (DB::DDLWorker::*)(), DB::DDLWorker*>(void (DB::DDLWorker::*&&)(), DB::DDLWorker*&&)::'lambda'(), void ()>>(std::__function::__policy_storage const*) @ 0x00000000116ddb4c in /usr/bin/clickhouse
11. void* std::__thread_proxy[abi:v15000]<std::tuple<std::unique_ptr<std::__thread_struct, std::default_delete<std::__thread_struct>>, void ThreadPoolImpl<std::thread>::scheduleImpl<void>(std::function<void ()>, Priority, std::optional<unsigned long>, bool)::'lambda0'()>>(void*) @ 0x000000000c706104 in /usr/bin/clickhouse
12. ? @ 0x00007d5a69da9609 in ?
13. ? @ 0x00007d5a69cce353 in ?
 (version 23.8.16.16 (official build))
2026.03.18 20:30:20.900877 [ 80 ] {} <Debug> DNSResolver: Updating DNS cache
2026.03.18 20:30:20.902990 [ 80 ] {} <Debug> DNSResolver: Updated DNS cache
2026.03.18 20:30:21.393662 [ 284 ] {} <Error> DDLWorker: ZooKeeper error: Code: 999. Coordination::Exception: Unknown key host in config file. (KEEPER_EXCEPTION), Stack trace (when copying this message, always include the lines below):

0. DB::Exception::Exception(DB::Exception::MessageMasked&&, int, bool) @ 0x000000000c6251d7 in /usr/bin/clickhouse
1. DB::Exception::Exception<String const&>(int, FormatStringHelperImpl<std::type_identity<String const&>::type>, String const&) @ 0x00000000074ae38d in /usr/bin/clickhouse
2. Coordination::Exception::Exception<String const&>(Coordination::Error, FormatStringHelperImpl<std::type_identity<String const&>::type>, String const&) @ 0x000000001276578a in /usr/bin/clickhouse
3. zkutil::ZooKeeperArgs::initFromKeeperSection(Poco::Util::AbstractConfiguration const&, String const&) @ 0x0000000013813c10 in /usr/bin/clickhouse
4. zkutil::ZooKeeperArgs::ZooKeeperArgs(Poco::Util::AbstractConfiguration const&, String const&) @ 0x000000001380f986 in /usr/bin/clickhouse
5. zkutil::ZooKeeper::ZooKeeper(Poco::Util::AbstractConfiguration const&, String const&, std::shared_ptr<DB::ZooKeeperLog>) @ 0x00000000137e48cc in /usr/bin/clickhouse
6. DB::Context::getZooKeeper() const @ 0x000000001164aa4a in /usr/bin/clickhouse
7. DB::DDLWorker::getAndSetZooKeeper() @ 0x00000000116cc32d in /usr/bin/clickhouse
8. DB::DDLWorker::initializeMainThread() @ 0x00000000116dca3b in /usr/bin/clickhouse
9. DB::DDLWorker::runMainThread() @ 0x00000000116c73c0 in /usr/bin/clickhouse
10. void std::__function::__policy_invoker<void ()>::__call_impl<std::__function::__default_alloc_func<ThreadFromGlobalPoolImpl<true>::ThreadFromGlobalPoolImpl<void (DB::DDLWorker::*)(), DB::DDLWorker*>(void (DB::DDLWorker::*&&)(), DB::DDLWorker*&&)::'lambda'(), void ()>>(std::__function::__policy_storage const*) @ 0x00000000116ddb4c in /usr/bin/clickhouse
11. void* std::__thread_proxy[abi:v15000]<std::tuple<std::unique_ptr<std::__thread_struct, std::default_delete<std::__thread_struct>>, void ThreadPoolImpl<std::thread>::scheduleImpl<void>(std::function<void ()>, Priority, std::optional<unsigned long>, bool)::'lambda0'()>>(void*) @ 0x000000000c706104 in /usr/bin/clickhouse
12. ? @ 0x00007d5a69da9609 in ?
13. ? @ 0x00007d5a69cce353 in ?
 (version 23.8.16.16 (official build)). Failed to start DDLWorker.
2026.03.18 20:30:21.393735 [ 284 ] {} <Error> virtual bool DB::DDLWorker::initializeMainThread(): Code: 999. Coordination::Exception: Unknown key host in config file. (KEEPER_EXCEPTION), Stack trace (when copying this message, always include the lines below):

0. DB::Exception::Exception(DB::Exception::MessageMasked&&, int, bool) @ 0x000000000c6251d7 in /usr/bin/clickhouse
1. DB::Exception::Exception<String const&>(int, FormatStringHelperImpl<std::type_identity<String const&>::type>, String const&) @ 0x00000000074ae38d in /usr/bin/clickhouse
2. Coordination::Exception::Exception<String const&>(Coordination::Error, FormatStringHelperImpl<std::type_identity<String const&>::type>, String const&) @ 0x000000001276578a in /usr/bin/clickhouse
3. zkutil::ZooKeeperArgs::initFromKeeperSection(Poco::Util::AbstractConfiguration const&, String const&) @ 0x0000000013813c10 in /usr/bin/clickhouse
4. zkutil::ZooKeeperArgs::ZooKeeperArgs(Poco::Util::AbstractConfiguration const&, String const&) @ 0x000000001380f986 in /usr/bin/clickhouse
5. zkutil::ZooKeeper::ZooKeeper(Poco::Util::AbstractConfiguration const&, String const&, std::shared_ptr<DB::ZooKeeperLog>) @ 0x00000000137e48cc in /usr/bin/clickhouse
6. DB::Context::getZooKeeper() const @ 0x000000001164aa4a in /usr/bin/clickhouse
7. DB::DDLWorker::getAndSetZooKeeper() @ 0x00000000116cc32d in /usr/bin/clickhouse
8. DB::DDLWorker::initializeMainThread() @ 0x00000000116dca3b in /usr/bin/clickhouse
9. DB::DDLWorker::runMainThread() @ 0x00000000116c73c0 in /usr/bin/clickhouse
10. void std::__function::__policy_invoker<void ()>::__call_impl<std::__function::__default_alloc_func<ThreadFromGlobalPoolImpl<true>::ThreadFromGlobalPoolImpl<void (DB::DDLWorker::*)(), DB::DDLWorker*>(void (DB::DDLWorker::*&&)(), DB::DDLWorker*&&)::'lambda'(), void ()>>(std::__function::__policy_storage const*) @ 0x00000000116ddb4c in /usr/bin/clickhouse
11. void* std::__thread_proxy[abi:v15000]<std::tuple<std::unique_ptr<std::__thread_struct, std::default_delete<std::__thread_struct>>, void ThreadPoolImpl<std::thread>::scheduleImpl<void>(std::function<void ()>, Priority, std::optional<unsigned long>, bool)::'lambda0'()>>(void*) @ 0x000000000c706104 in /usr/bin/clickhouse
12. ? @ 0x00007d5a69da9609 in ?
13. ? @ 0x00007d5a69cce353 in ?
 (version 23.8.16.16 (official build))
2026.03.18 20:30:26.394380 [ 284 ] {} <Error> DDLWorker: ZooKeeper error: Code: 999. Coordination::Exception: Unknown key host in config file. (KEEPER_EXCEPTION), Stack trace (when copying this message, always include the lines below):

0. DB::Exception::Exception(DB::Exception::MessageMasked&&, int, bool) @ 0x000000000c6251d7 in /usr/bin/clickhouse
1. DB::Exception::Exception<String const&>(int, FormatStringHelperImpl<std::type_identity<String const&>::type>, String const&) @ 0x00000000074ae38d in /usr/bin/clickhouse
2. Coordination::Exception::Exception<String const&>(Coordination::Error, FormatStringHelperImpl<std::type_identity<String const&>::type>, String const&) @ 0x000000001276578a in /usr/bin/clickhouse
3. zkutil::ZooKeeperArgs::initFromKeeperSection(Poco::Util::AbstractConfiguration const&, String const&) @ 0x0000000013813c10 in /usr/bin/clickhouse
4. zkutil::ZooKeeperArgs::ZooKeeperArgs(Poco::Util::AbstractConfiguration const&, String const&) @ 0x000000001380f986 in /usr/bin/clickhouse
5. zkutil::ZooKeeper::ZooKeeper(Poco::Util::AbstractConfiguration const&, String const&, std::shared_ptr<DB::ZooKeeperLog>) @ 0x00000000137e48cc in /usr/bin/clickhouse
6. DB::Context::getZooKeeper() const @ 0x000000001164aa4a in /usr/bin/clickhouse
7. DB::DDLWorker::getAndSetZooKeeper() @ 0x00000000116cc32d in /usr/bin/clickhouse
8. DB::DDLWorker::initializeMainThread() @ 0x00000000116dca3b in /usr/bin/clickhouse
9. DB::DDLWorker::runMainThread() @ 0x00000000116c73c0 in /usr/bin/clickhouse
10. void std::__function::__policy_invoker<void ()>::__call_impl<std::__function::__default_alloc_func<ThreadFromGlobalPoolImpl<true>::ThreadFromGlobalPoolImpl<void (DB::DDLWorker::*)(), DB::DDLWorker*>(void (DB::DDLWorker::*&&)(), DB::DDLWorker*&&)::'lambda'(), void ()>>(std::__function::__policy_storage const*) @ 0x00000000116ddb4c in /usr/bin/clickhouse
11. void* std::__thread_proxy[abi:v15000]<std::tuple<std::unique_ptr<std::__thread_struct, std::default_delete<std::__thread_struct>>, void ThreadPoolImpl<std::thread>::scheduleImpl<void>(std::function<void ()>, Priority, std::optional<unsigned long>, bool)::'lambda0'()>>(void*) @ 0x000000000c706104 in /usr/bin/clickhouse
12. ? @ 0x00007d5a69da9609 in ?
13. ? @ 0x00007d5a69cce353 in ?
 (version 23.8.16.16 (official build)). Failed to start DDLWorker.
2026.03.18 20:30:26.394450 [ 284 ] {} <Error> virtual bool DB::DDLWorker::initializeMainThread(): Code: 999. Coordination::Exception: Unknown key host in config file. (KEEPER_EXCEPTION), Stack trace (when copying this message, always include the lines below):

0. DB::Exception::Exception(DB::Exception::MessageMasked&&, int, bool) @ 0x000000000c6251d7 in /usr/bin/clickhouse
1. DB::Exception::Exception<String const&>(int, FormatStringHelperImpl<std::type_identity<String const&>::type>, String const&) @ 0x00000000074ae38d in /usr/bin/clickhouse
2. Coordination::Exception::Exception<String const&>(Coordination::Error, FormatStringHelperImpl<std::type_identity<String const&>::type>, String const&) @ 0x000000001276578a in /usr/bin/clickhouse
3. zkutil::ZooKeeperArgs::initFromKeeperSection(Poco::Util::AbstractConfiguration const&, String const&) @ 0x0000000013813c10 in /usr/bin/clickhouse
4. zkutil::ZooKeeperArgs::ZooKeeperArgs(Poco::Util::AbstractConfiguration const&, String const&) @ 0x000000001380f986 in /usr/bin/clickhouse
5. zkutil::ZooKeeper::ZooKeeper(Poco::Util::AbstractConfiguration const&, String const&, std::shared_ptr<DB::ZooKeeperLog>) @ 0x00000000137e48cc in /usr/bin/clickhouse
6. DB::Context::getZooKeeper() const @ 0x000000001164aa4a in /usr/bin/clickhouse
7. DB::DDLWorker::getAndSetZooKeeper() @ 0x00000000116cc32d in /usr/bin/clickhouse
8. DB::DDLWorker::initializeMainThread() @ 0x00000000116dca3b in /usr/bin/clickhouse
9. DB::DDLWorker::runMainThread() @ 0x00000000116c73c0 in /usr/bin/clickhouse
10. void std::__function::__policy_invoker<void ()>::__call_impl<std::__function::__default_alloc_func<ThreadFromGlobalPoolImpl<true>::ThreadFromGlobalPoolImpl<void (DB::DDLWorker::*)(), DB::DDLWorker*>(void (DB::DDLWorker::*&&)(), DB::DDLWorker*&&)::'lambda'(), void ()>>(std::__function::__policy_storage const*) @ 0x00000000116ddb4c in /usr/bin/clickhouse
11. void* std::__thread_proxy[abi:v15000]<std::tuple<std::unique_ptr<std::__thread_struct, std::default_delete<std::__thread_struct>>, void ThreadPoolImpl<std::thread>::scheduleImpl<void>(std::function<void ()>, Priority, std::optional<unsigned long>, bool)::'lambda0'()>>(void*) @ 0x000000000c706104 in /usr/bin/clickhouse
12. ? @ 0x00007d5a69da9609 in ?
13. ? @ 0x00007d5a69cce353 in ?
 (version 23.8.16.16 (official build))
2026.03.18 20:30:31.394681 [ 284 ] {} <Error> DDLWorker: ZooKeeper error: Code: 999. Coordination::Exception: Unknown key host in config file. (KEEPER_EXCEPTION), Stack trace (when copying this message, always include the lines below):

0. DB::Exception::Exception(DB::Exception::MessageMasked&&, int, bool) @ 0x000000000c6251d7 in /usr/bin/clickhouse
1. DB::Exception::Exception<String const&>(int, FormatStringHelperImpl<std::type_identity<String const&>::type>, String const&) @ 0x00000000074ae38d in /usr/bin/clickhouse
2. Coordination::Exception::Exception<String const&>(Coordination::Error, FormatStringHelperImpl<std::type_identity<String const&>::type>, String const&) @ 0x000000001276578a in /usr/bin/clickhouse
3. zkutil::ZooKeeperArgs::initFromKeeperSection(Poco::Util::AbstractConfiguration const&, String const&) @ 0x0000000013813c10 in /usr/bin/clickhouse
4. zkutil::ZooKeeperArgs::ZooKeeperArgs(Poco::Util::AbstractConfiguration const&, String const&) @ 0x000000001380f986 in /usr/bin/clickhouse
5. zkutil::ZooKeeper::ZooKeeper(Poco::Util::AbstractConfiguration const&, String const&, std::shared_ptr<DB::ZooKeeperLog>) @ 0x00000000137e48cc in /usr/bin/clickhouse
6. DB::Context::getZooKeeper() const @ 0x000000001164aa4a in /usr/bin/clickhouse
7. DB::DDLWorker::getAndSetZooKeeper() @ 0x00000000116cc32d in /usr/bin/clickhouse
8. DB::DDLWorker::initializeMainThread() @ 0x00000000116dca3b in /usr/bin/clickhouse
9. DB::DDLWorker::runMainThread() @ 0x00000000116c73c0 in /usr/bin/clickhouse
10. void std::__function::__policy_invoker<void ()>::__call_impl<std::__function::__default_alloc_func<ThreadFromGlobalPoolImpl<true>::ThreadFromGlobalPoolImpl<void (DB::DDLWorker::*)(), DB::DDLWorker*>(void (DB::DDLWorker::*&&)(), DB::DDLWorker*&&)::'lambda'(), void ()>>(std::__function::__policy_storage const*) @ 0x00000000116ddb4c in /usr/bin/clickhouse
11. void* std::__thread_proxy[abi:v15000]<std::tuple<std::unique_ptr<std::__thread_struct, std::default_delete<std::__thread_struct>>, void ThreadPoolImpl<std::thread>::scheduleImpl<void>(std::function<void ()>, Priority, std::optional<unsigned long>, bool)::'lambda0'()>>(void*) @ 0x000000000c706104 in /usr/bin/clickhouse
12. ? @ 0x00007d5a69da9609 in ?
13. ? @ 0x00007d5a69cce353 in ?
 (version 23.8.16.16 (official build)). Failed to start DDLWorker.
2026.03.18 20:30:31.394754 [ 284 ] {} <Error> virtual bool DB::DDLWorker::initializeMainThread(): Code: 999. Coordination::Exception: Unknown key host in config file. (KEEPER_EXCEPTION), Stack trace (when copying this message, always include the lines below):

0. DB::Exception::Exception(DB::Exception::MessageMasked&&, int, bool) @ 0x000000000c6251d7 in /usr/bin/clickhouse
1. DB::Exception::Exception<String const&>(int, FormatStringHelperImpl<std::type_identity<String const&>::type>, String const&) @ 0x00000000074ae38d in /usr/bin/clickhouse
2. Coordination::Exception::Exception<String const&>(Coordination::Error, FormatStringHelperImpl<std::type_identity<String const&>::type>, String const&) @ 0x000000001276578a in /usr/bin/clickhouse
3. zkutil::ZooKeeperArgs::initFromKeeperSection(Poco::Util::AbstractConfiguration const&, String const&) @ 0x0000000013813c10 in /usr/bin/clickhouse
4. zkutil::ZooKeeperArgs::ZooKeeperArgs(Poco::Util::AbstractConfiguration const&, String const&) @ 0x000000001380f986 in /usr/bin/clickhouse
5. zkutil::ZooKeeper::ZooKeeper(Poco::Util::AbstractConfiguration const&, String const&, std::shared_ptr<DB::ZooKeeperLog>) @ 0x00000000137e48cc in /usr/bin/clickhouse
6. DB::Context::getZooKeeper() const @ 0x000000001164aa4a in /usr/bin/clickhouse
7. DB::DDLWorker::getAndSetZooKeeper() @ 0x00000000116cc32d in /usr/bin/clickhouse
8. DB::DDLWorker::initializeMainThread() @ 0x00000000116dca3b in /usr/bin/clickhouse
9. DB::DDLWorker::runMainThread() @ 0x00000000116c73c0 in /usr/bin/clickhouse
10. void std::__function::__policy_invoker<void ()>::__call_impl<std::__function::__default_alloc_func<ThreadFromGlobalPoolImpl<true>::ThreadFromGlobalPoolImpl<void (DB::DDLWorker::*)(), DB::DDLWorker*>(void (DB::DDLWorker::*&&)(), DB::DDLWorker*&&)::'lambda'(), void ()>>(std::__function::__policy_storage const*) @ 0x00000000116ddb4c in /usr/bin/clickhouse
11. void* std::__thread_proxy[abi:v15000]<std::tuple<std::unique_ptr<std::__thread_struct, std::default_delete<std::__thread_struct>>, void ThreadPoolImpl<std::thread>::scheduleImpl<void>(std::function<void ()>, Priority, std::optional<unsigned long>, bool)::'lambda0'()>>(void*) @ 0x000000000c706104 in /usr/bin/clickhouse
12. ? @ 0x00007d5a69da9609 in ?
13. ? @ 0x00007d5a69cce353 in ?
 (version 23.8.16.16 (official build))
2026.03.18 20:30:35.903637 [ 81 ] {} <Debug> DNSResolver: Updating DNS cache
2026.03.18 20:30:35.905081 [ 81 ] {} <Debug> DNSResolver: Updated DNS cache
2026.03.18 20:30:36.395279 [ 284 ] {} <Error> DDLWorker: ZooKeeper error: Code: 999. Coordination::Exception: Unknown key host in config file. (KEEPER_EXCEPTION), Stack trace (when copying this message, always include the lines below):

0. DB::Exception::Exception(DB::Exception::MessageMasked&&, int, bool) @ 0x000000000c6251d7 in /usr/bin/clickhouse
1. DB::Exception::Exception<String const&>(int, FormatStringHelperImpl<std::type_identity<String const&>::type>, String const&) @ 0x00000000074ae38d in /usr/bin/clickhouse
2. Coordination::Exception::Exception<String const&>(Coordination::Error, FormatStringHelperImpl<std::type_identity<String const&>::type>, String const&) @ 0x000000001276578a in /usr/bin/clickhouse
3. zkutil::ZooKeeperArgs::initFromKeeperSection(Poco::Util::AbstractConfiguration const&, String const&) @ 0x0000000013813c10 in /usr/bin/clickhouse
4. zkutil::ZooKeeperArgs::ZooKeeperArgs(Poco::Util::AbstractConfiguration const&, String const&) @ 0x000000001380f986 in /usr/bin/clickhouse
5. zkutil::ZooKeeper::ZooKeeper(Poco::Util::AbstractConfiguration const&, String const&, std::shared_ptr<DB::ZooKeeperLog>) @ 0x00000000137e48cc in /usr/bin/clickhouse
6. DB::Context::getZooKeeper() const @ 0x000000001164aa4a in /usr/bin/clickhouse
7. DB::DDLWorker::getAndSetZooKeeper() @ 0x00000000116cc32d in /usr/bin/clickhouse
8. DB::DDLWorker::initializeMainThread() @ 0x00000000116dca3b in /usr/bin/clickhouse
9. DB::DDLWorker::runMainThread() @ 0x00000000116c73c0 in /usr/bin/clickhouse
10. void std::__function::__policy_invoker<void ()>::__call_impl<std::__function::__default_alloc_func<ThreadFromGlobalPoolImpl<true>::ThreadFromGlobalPoolImpl<void (DB::DDLWorker::*)(), DB::DDLWorker*>(void (DB::DDLWorker::*&&)(), DB::DDLWorker*&&)::'lambda'(), void ()>>(std::__function::__policy_storage const*) @ 0x00000000116ddb4c in /usr/bin/clickhouse
11. void* std::__thread_proxy[abi:v15000]<std::tuple<std::unique_ptr<std::__thread_struct, std::default_delete<std::__thread_struct>>, void ThreadPoolImpl<std::thread>::scheduleImpl<void>(std::function<void ()>, Priority, std::optional<unsigned long>, bool)::'lambda0'()>>(void*) @ 0x000000000c706104 in /usr/bin/clickhouse
12. ? @ 0x00007d5a69da9609 in ?
13. ? @ 0x00007d5a69cce353 in ?
 (version 23.8.16.16 (official build)). Failed to start DDLWorker.
2026.03.18 20:30:36.395346 [ 284 ] {} <Error> virtual bool DB::DDLWorker::initializeMainThread(): Code: 999. Coordination::Exception: Unknown key host in config file. (KEEPER_EXCEPTION), Stack trace (when copying this message, always include the lines below):

0. DB::Exception::Exception(DB::Exception::MessageMasked&&, int, bool) @ 0x000000000c6251d7 in /usr/bin/clickhouse
1. DB::Exception::Exception<String const&>(int, FormatStringHelperImpl<std::type_identity<String const&>::type>, String const&) @ 0x00000000074ae38d in /usr/bin/clickhouse
2. Coordination::Exception::Exception<String const&>(Coordination::Error, FormatStringHelperImpl<std::type_identity<String const&>::type>, String const&) @ 0x000000001276578a in /usr/bin/clickhouse
3. zkutil::ZooKeeperArgs::initFromKeeperSection(Poco::Util::AbstractConfiguration const&, String const&) @ 0x0000000013813c10 in /usr/bin/clickhouse
4. zkutil::ZooKeeperArgs::ZooKeeperArgs(Poco::Util::AbstractConfiguration const&, String const&) @ 0x000000001380f986 in /usr/bin/clickhouse
5. zkutil::ZooKeeper::ZooKeeper(Poco::Util::AbstractConfiguration const&, String const&, std::shared_ptr<DB::ZooKeeperLog>) @ 0x00000000137e48cc in /usr/bin/clickhouse
6. DB::Context::getZooKeeper() const @ 0x000000001164aa4a in /usr/bin/clickhouse
7. DB::DDLWorker::getAndSetZooKeeper() @ 0x00000000116cc32d in /usr/bin/clickhouse
8. DB::DDLWorker::initializeMainThread() @ 0x00000000116dca3b in /usr/bin/clickhouse
9. DB::DDLWorker::runMainThread() @ 0x00000000116c73c0 in /usr/bin/clickhouse
10. void std::__function::__policy_invoker<void ()>::__call_impl<std::__function::__default_alloc_func<ThreadFromGlobalPoolImpl<true>::ThreadFromGlobalPoolImpl<void (DB::DDLWorker::*)(), DB::DDLWorker*>(void (DB::DDLWorker::*&&)(), DB::DDLWorker*&&)::'lambda'(), void ()>>(std::__function::__policy_storage const*) @ 0x00000000116ddb4c in /usr/bin/clickhouse
11. void* std::__thread_proxy[abi:v15000]<std::tuple<std::unique_ptr<std::__thread_struct, std::default_delete<std::__thread_struct>>, void ThreadPoolImpl<std::thread>::scheduleImpl<void>(std::function<void ()>, Priority, std::optional<unsigned long>, bool)::'lambda0'()>>(void*) @ 0x000000000c706104 in /usr/bin/clickhouse
12. ? @ 0x00007d5a69da9609 in ?
13. ? @ 0x00007d5a69cce353 in ?
 (version 23.8.16.16 (official build))
2026.03.18 20:30:41.397185 [ 284 ] {} <Error> DDLWorker: ZooKeeper error: Code: 999. Coordination::Exception: Unknown key host in config file. (KEEPER_EXCEPTION), Stack trace (when copying this message, always include the lines below):

0. DB::Exception::Exception(DB::Exception::MessageMasked&&, int, bool) @ 0x000000000c6251d7 in /usr/bin/clickhouse
1. DB::Exception::Exception<String const&>(int, FormatStringHelperImpl<std::type_identity<String const&>::type>, String const&) @ 0x00000000074ae38d in /usr/bin/clickhouse
2. Coordination::Exception::Exception<String const&>(Coordination::Error, FormatStringHelperImpl<std::type_identity<String const&>::type>, String const&) @ 0x000000001276578a in /usr/bin/clickhouse
3. zkutil::ZooKeeperArgs::initFromKeeperSection(Poco::Util::AbstractConfiguration const&, String const&) @ 0x0000000013813c10 in /usr/bin/clickhouse
4. zkutil::ZooKeeperArgs::ZooKeeperArgs(Poco::Util::AbstractConfiguration const&, String const&) @ 0x000000001380f986 in /usr/bin/clickhouse
5. zkutil::ZooKeeper::ZooKeeper(Poco::Util::AbstractConfiguration const&, String const&, std::shared_ptr<DB::ZooKeeperLog>) @ 0x00000000137e48cc in /usr/bin/clickhouse
6. DB::Context::getZooKeeper() const @ 0x000000001164aa4a in /usr/bin/clickhouse
7. DB::DDLWorker::getAndSetZooKeeper() @ 0x00000000116cc32d in /usr/bin/clickhouse
8. DB::DDLWorker::initializeMainThread() @ 0x00000000116dca3b in /usr/bin/clickhouse
9. DB::DDLWorker::runMainThread() @ 0x00000000116c73c0 in /usr/bin/clickhouse
10. void std::__function::__policy_invoker<void ()>::__call_impl<std::__function::__default_alloc_func<ThreadFromGlobalPoolImpl<true>::ThreadFromGlobalPoolImpl<void (DB::DDLWorker::*)(), DB::DDLWorker*>(void (DB::DDLWorker::*&&)(), DB::DDLWorker*&&)::'lambda'(), void ()>>(std::__function::__policy_storage const*) @ 0x00000000116ddb4c in /usr/bin/clickhouse
11. void* std::__thread_proxy[abi:v15000]<std::tuple<std::unique_ptr<std::__thread_struct, std::default_delete<std::__thread_struct>>, void ThreadPoolImpl<std::thread>::scheduleImpl<void>(std::function<void ()>, Priority, std::optional<unsigned long>, bool)::'lambda0'()>>(void*) @ 0x000000000c706104 in /usr/bin/clickhouse
12. ? @ 0x00007d5a69da9609 in ?
13. ? @ 0x00007d5a69cce353 in ?
 (version 23.8.16.16 (official build)). Failed to start DDLWorker.
2026.03.18 20:30:41.397276 [ 284 ] {} <Error> virtual bool DB::DDLWorker::initializeMainThread(): Code: 999. Coordination::Exception: Unknown key host in config file. (KEEPER_EXCEPTION), Stack trace (when copying this message, always include the lines below):

0. DB::Exception::Exception(DB::Exception::MessageMasked&&, int, bool) @ 0x000000000c6251d7 in /usr/bin/clickhouse
1. DB::Exception::Exception<String const&>(int, FormatStringHelperImpl<std::type_identity<String const&>::type>, String const&) @ 0x00000000074ae38d in /usr/bin/clickhouse
2. Coordination::Exception::Exception<String const&>(Coordination::Error, FormatStringHelperImpl<std::type_identity<String const&>::type>, String const&) @ 0x000000001276578a in /usr/bin/clickhouse
3. zkutil::ZooKeeperArgs::initFromKeeperSection(Poco::Util::AbstractConfiguration const&, String const&) @ 0x0000000013813c10 in /usr/bin/clickhouse
4. zkutil::ZooKeeperArgs::ZooKeeperArgs(Poco::Util::AbstractConfiguration const&, String const&) @ 0x000000001380f986 in /usr/bin/clickhouse
5. zkutil::ZooKeeper::ZooKeeper(Poco::Util::AbstractConfiguration const&, String const&, std::shared_ptr<DB::ZooKeeperLog>) @ 0x00000000137e48cc in /usr/bin/clickhouse
6. DB::Context::getZooKeeper() const @ 0x000000001164aa4a in /usr/bin/clickhouse
7. DB::DDLWorker::getAndSetZooKeeper() @ 0x00000000116cc32d in /usr/bin/clickhouse
8. DB::DDLWorker::initializeMainThread() @ 0x00000000116dca3b in /usr/bin/clickhouse
9. DB::DDLWorker::runMainThread() @ 0x00000000116c73c0 in /usr/bin/clickhouse
10. void std::__function::__policy_invoker<void ()>::__call_impl<std::__function::__default_alloc_func<ThreadFromGlobalPoolImpl<true>::ThreadFromGlobalPoolImpl<void (DB::DDLWorker::*)(), DB::DDLWorker*>(void (DB::DDLWorker::*&&)(), DB::DDLWorker*&&)::'lambda'(), void ()>>(std::__function::__policy_storage const*) @ 0x00000000116ddb4c in /usr/bin/clickhouse
11. void* std::__thread_proxy[abi:v15000]<std::tuple<std::unique_ptr<std::__thread_struct, std::default_delete<std::__thread_struct>>, void ThreadPoolImpl<std::thread>::scheduleImpl<void>(std::function<void ()>, Priority, std::optional<unsigned long>, bool)::'lambda0'()>>(void*) @ 0x000000000c706104 in /usr/bin/clickhouse
12. ? @ 0x00007d5a69da9609 in ?
13. ? @ 0x00007d5a69cce353 in ?
 (version 23.8.16.16 (official build))
2026.03.18 20:30:46.397780 [ 284 ] {} <Error> DDLWorker: ZooKeeper error: Code: 999. Coordination::Exception: Unknown key host in config file. (KEEPER_EXCEPTION), Stack trace (when copying this message, always include the lines below):

0. DB::Exception::Exception(DB::Exception::MessageMasked&&, int, bool) @ 0x000000000c6251d7 in /usr/bin/clickhouse
1. DB::Exception::Exception<String const&>(int, FormatStringHelperImpl<std::type_identity<String const&>::type>, String const&) @ 0x00000000074ae38d in /usr/bin/clickhouse
2. Coordination::Exception::Exception<String const&>(Coordination::Error, FormatStringHelperImpl<std::type_identity<String const&>::type>, String const&) @ 0x000000001276578a in /usr/bin/clickhouse
3. zkutil::ZooKeeperArgs::initFromKeeperSection(Poco::Util::AbstractConfiguration const&, String const&) @ 0x0000000013813c10 in /usr/bin/clickhouse
4. zkutil::ZooKeeperArgs::ZooKeeperArgs(Poco::Util::AbstractConfiguration const&, String const&) @ 0x000000001380f986 in /usr/bin/clickhouse
5. zkutil::ZooKeeper::ZooKeeper(Poco::Util::AbstractConfiguration const&, String const&, std::shared_ptr<DB::ZooKeeperLog>) @ 0x00000000137e48cc in /usr/bin/clickhouse
6. DB::Context::getZooKeeper() const @ 0x000000001164aa4a in /usr/bin/clickhouse
7. DB::DDLWorker::getAndSetZooKeeper() @ 0x00000000116cc32d in /usr/bin/clickhouse
8. DB::DDLWorker::initializeMainThread() @ 0x00000000116dca3b in /usr/bin/clickhouse
9. DB::DDLWorker::runMainThread() @ 0x00000000116c73c0 in /usr/bin/clickhouse
10. void std::__function::__policy_invoker<void ()>::__call_impl<std::__function::__default_alloc_func<ThreadFromGlobalPoolImpl<true>::ThreadFromGlobalPoolImpl<void (DB::DDLWorker::*)(), DB::DDLWorker*>(void (DB::DDLWorker::*&&)(), DB::DDLWorker*&&)::'lambda'(), void ()>>(std::__function::__policy_storage const*) @ 0x00000000116ddb4c in /usr/bin/clickhouse
11. void* std::__thread_proxy[abi:v15000]<std::tuple<std::unique_ptr<std::__thread_struct, std::default_delete<std::__thread_struct>>, void ThreadPoolImpl<std::thread>::scheduleImpl<void>(std::function<void ()>, Priority, std::optional<unsigned long>, bool)::'lambda0'()>>(void*) @ 0x000000000c706104 in /usr/bin/clickhouse
12. ? @ 0x00007d5a69da9609 in ?
13. ? @ 0x00007d5a69cce353 in ?
 (version 23.8.16.16 (official build)). Failed to start DDLWorker.
2026.03.18 20:30:46.397842 [ 284 ] {} <Error> virtual bool DB::DDLWorker::initializeMainThread(): Code: 999. Coordination::Exception: Unknown key host in config file. (KEEPER_EXCEPTION), Stack trace (when copying this message, always include the lines below):

0. DB::Exception::Exception(DB::Exception::MessageMasked&&, int, bool) @ 0x000000000c6251d7 in /usr/bin/clickhouse
1. DB::Exception::Exception<String const&>(int, FormatStringHelperImpl<std::type_identity<String const&>::type>, String const&) @ 0x00000000074ae38d in /usr/bin/clickhouse
2. Coordination::Exception::Exception<String const&>(Coordination::Error, FormatStringHelperImpl<std::type_identity<String const&>::type>, String const&) @ 0x000000001276578a in /usr/bin/clickhouse
3. zkutil::ZooKeeperArgs::initFromKeeperSection(Poco::Util::AbstractConfiguration const&, String const&) @ 0x0000000013813c10 in /usr/bin/clickhouse
4. zkutil::ZooKeeperArgs::ZooKeeperArgs(Poco::Util::AbstractConfiguration const&, String const&) @ 0x000000001380f986 in /usr/bin/clickhouse
5. zkutil::ZooKeeper::ZooKeeper(Poco::Util::AbstractConfiguration const&, String const&, std::shared_ptr<DB::ZooKeeperLog>) @ 0x00000000137e48cc in /usr/bin/clickhouse
6. DB::Context::getZooKeeper() const @ 0x000000001164aa4a in /usr/bin/clickhouse
7. DB::DDLWorker::getAndSetZooKeeper() @ 0x00000000116cc32d in /usr/bin/clickhouse
8. DB::DDLWorker::initializeMainThread() @ 0x00000000116dca3b in /usr/bin/clickhouse
9. DB::DDLWorker::runMainThread() @ 0x00000000116c73c0 in /usr/bin/clickhouse
10. void std::__function::__policy_invoker<void ()>::__call_impl<std::__function::__default_alloc_func<ThreadFromGlobalPoolImpl<true>::ThreadFromGlobalPoolImpl<void (DB::DDLWorker::*)(), DB::DDLWorker*>(void (DB::DDLWorker::*&&)(), DB::DDLWorker*&&)::'lambda'(), void ()>>(std::__function::__policy_storage const*) @ 0x00000000116ddb4c in /usr/bin/clickhouse
11. void* std::__thread_proxy[abi:v15000]<std::tuple<std::unique_ptr<std::__thread_struct, std::default_delete<std::__thread_struct>>, void ThreadPoolImpl<std::thread>::scheduleImpl<void>(std::function<void ()>, Priority, std::optional<unsigned long>, bool)::'lambda0'()>>(void*) @ 0x000000000c706104 in /usr/bin/clickhouse
12. ? @ 0x00007d5a69da9609 in ?
13. ? @ 0x00007d5a69cce353 in ?
 (version 23.8.16.16 (official build))
2026.03.18 20:30:50.923311 [ 82 ] {} <Debug> DNSResolver: Updating DNS cache
2026.03.18 20:30:50.924738 [ 82 ] {} <Debug> DNSResolver: Updated DNS cache
2026.03.18 20:30:51.400498 [ 284 ] {} <Error> DDLWorker: ZooKeeper error: Code: 999. Coordination::Exception: Unknown key host in config file. (KEEPER_EXCEPTION), Stack trace (when copying this message, always include the lines below):

0. DB::Exception::Exception(DB::Exception::MessageMasked&&, int, bool) @ 0x000000000c6251d7 in /usr/bin/clickhouse
1. DB::Exception::Exception<String const&>(int, FormatStringHelperImpl<std::type_identity<String const&>::type>, String const&) @ 0x00000000074ae38d in /usr/bin/clickhouse
2. Coordination::Exception::Exception<String const&>(Coordination::Error, FormatStringHelperImpl<std::type_identity<String const&>::type>, String const&) @ 0x000000001276578a in /usr/bin/clickhouse
3. zkutil::ZooKeeperArgs::initFromKeeperSection(Poco::Util::AbstractConfiguration const&, String const&) @ 0x0000000013813c10 in /usr/bin/clickhouse
4. zkutil::ZooKeeperArgs::ZooKeeperArgs(Poco::Util::AbstractConfiguration const&, String const&) @ 0x000000001380f986 in /usr/bin/clickhouse
5. zkutil::ZooKeeper::ZooKeeper(Poco::Util::AbstractConfiguration const&, String const&, std::shared_ptr<DB::ZooKeeperLog>) @ 0x00000000137e48cc in /usr/bin/clickhouse
6. DB::Context::getZooKeeper() const @ 0x000000001164aa4a in /usr/bin/clickhouse
7. DB::DDLWorker::getAndSetZooKeeper() @ 0x00000000116cc32d in /usr/bin/clickhouse
8. DB::DDLWorker::initializeMainThread() @ 0x00000000116dca3b in /usr/bin/clickhouse
9. DB::DDLWorker::runMainThread() @ 0x00000000116c73c0 in /usr/bin/clickhouse
10. void std::__function::__policy_invoker<void ()>::__call_impl<std::__function::__default_alloc_func<ThreadFromGlobalPoolImpl<true>::ThreadFromGlobalPoolImpl<void (DB::DDLWorker::*)(), DB::DDLWorker*>(void (DB::DDLWorker::*&&)(), DB::DDLWorker*&&)::'lambda'(), void ()>>(std::__function::__policy_storage const*) @ 0x00000000116ddb4c in /usr/bin/clickhouse
11. void* std::__thread_proxy[abi:v15000]<std::tuple<std::unique_ptr<std::__thread_struct, std::default_delete<std::__thread_struct>>, void ThreadPoolImpl<std::thread>::scheduleImpl<void>(std::function<void ()>, Priority, std::optional<unsigned long>, bool)::'lambda0'()>>(void*) @ 0x000000000c706104 in /usr/bin/clickhouse
12. ? @ 0x00007d5a69da9609 in ?
13. ? @ 0x00007d5a69cce353 in ?
 (version 23.8.16.16 (official build)). Failed to start DDLWorker.
2026.03.18 20:30:51.400575 [ 284 ] {} <Error> virtual bool DB::DDLWorker::initializeMainThread(): Code: 999. Coordination::Exception: Unknown key host in config file. (KEEPER_EXCEPTION), Stack trace (when copying this message, always include the lines below):

0. DB::Exception::Exception(DB::Exception::MessageMasked&&, int, bool) @ 0x000000000c6251d7 in /usr/bin/clickhouse
1. DB::Exception::Exception<String const&>(int, FormatStringHelperImpl<std::type_identity<String const&>::type>, String const&) @ 0x00000000074ae38d in /usr/bin/clickhouse
2. Coordination::Exception::Exception<String const&>(Coordination::Error, FormatStringHelperImpl<std::type_identity<String const&>::type>, String const&) @ 0x000000001276578a in /usr/bin/clickhouse
3. zkutil::ZooKeeperArgs::initFromKeeperSection(Poco::Util::AbstractConfiguration const&, String const&) @ 0x0000000013813c10 in /usr/bin/clickhouse
4. zkutil::ZooKeeperArgs::ZooKeeperArgs(Poco::Util::AbstractConfiguration const&, String const&) @ 0x000000001380f986 in /usr/bin/clickhouse
5. zkutil::ZooKeeper::ZooKeeper(Poco::Util::AbstractConfiguration const&, String const&, std::shared_ptr<DB::ZooKeeperLog>) @ 0x00000000137e48cc in /usr/bin/clickhouse
6. DB::Context::getZooKeeper() const @ 0x000000001164aa4a in /usr/bin/clickhouse
7. DB::DDLWorker::getAndSetZooKeeper() @ 0x00000000116cc32d in /usr/bin/clickhouse
8. DB::DDLWorker::initializeMainThread() @ 0x00000000116dca3b in /usr/bin/clickhouse
9. DB::DDLWorker::runMainThread() @ 0x00000000116c73c0 in /usr/bin/clickhouse
10. void std::__function::__policy_invoker<void ()>::__call_impl<std::__function::__default_alloc_func<ThreadFromGlobalPoolImpl<true>::ThreadFromGlobalPoolImpl<void (DB::DDLWorker::*)(), DB::DDLWorker*>(void (DB::DDLWorker::*&&)(), DB::DDLWorker*&&)::'lambda'(), void ()>>(std::__function::__policy_storage const*) @ 0x00000000116ddb4c in /usr/bin/clickhouse
11. void* std::__thread_proxy[abi:v15000]<std::tuple<std::unique_ptr<std::__thread_struct, std::default_delete<std::__thread_struct>>, void ThreadPoolImpl<std::thread>::scheduleImpl<void>(std::function<void ()>, Priority, std::optional<unsigned long>, bool)::'lambda0'()>>(void*) @ 0x000000000c706104 in /usr/bin/clickhouse
12. ? @ 0x00007d5a69da9609 in ?
13. ? @ 0x00007d5a69cce353 in ?
 (version 23.8.16.16 (official build))
2026.03.18 20:30:56.401254 [ 284 ] {} <Error> DDLWorker: ZooKeeper error: Code: 999. Coordination::Exception: Unknown key host in config file. (KEEPER_EXCEPTION), Stack trace (when copying this message, always include the lines below):

0. DB::Exception::Exception(DB::Exception::MessageMasked&&, int, bool) @ 0x000000000c6251d7 in /usr/bin/clickhouse
1. DB::Exception::Exception<String const&>(int, FormatStringHelperImpl<std::type_identity<String const&>::type>, String const&) @ 0x00000000074ae38d in /usr/bin/clickhouse
2. Coordination::Exception::Exception<String const&>(Coordination::Error, FormatStringHelperImpl<std::type_identity<String const&>::type>, String const&) @ 0x000000001276578a in /usr/bin/clickhouse
3. zkutil::ZooKeeperArgs::initFromKeeperSection(Poco::Util::AbstractConfiguration const&, String const&) @ 0x0000000013813c10 in /usr/bin/clickhouse
4. zkutil::ZooKeeperArgs::ZooKeeperArgs(Poco::Util::AbstractConfiguration const&, String const&) @ 0x000000001380f986 in /usr/bin/clickhouse
5. zkutil::ZooKeeper::ZooKeeper(Poco::Util::AbstractConfiguration const&, String const&, std::shared_ptr<DB::ZooKeeperLog>) @ 0x00000000137e48cc in /usr/bin/clickhouse
6. DB::Context::getZooKeeper() const @ 0x000000001164aa4a in /usr/bin/clickhouse
7. DB::DDLWorker::getAndSetZooKeeper() @ 0x00000000116cc32d in /usr/bin/clickhouse
8. DB::DDLWorker::initializeMainThread() @ 0x00000000116dca3b in /usr/bin/clickhouse
9. DB::DDLWorker::runMainThread() @ 0x00000000116c73c0 in /usr/bin/clickhouse
10. void std::__function::__policy_invoker<void ()>::__call_impl<std::__function::__default_alloc_func<ThreadFromGlobalPoolImpl<true>::ThreadFromGlobalPoolImpl<void (DB::DDLWorker::*)(), DB::DDLWorker*>(void (DB::DDLWorker::*&&)(), DB::DDLWorker*&&)::'lambda'(), void ()>>(std::__function::__policy_storage const*) @ 0x00000000116ddb4c in /usr/bin/clickhouse
11. void* std::__thread_proxy[abi:v15000]<std::tuple<std::unique_ptr<std::__thread_struct, std::default_delete<std::__thread_struct>>, void ThreadPoolImpl<std::thread>::scheduleImpl<void>(std::function<void ()>, Priority, std::optional<unsigned long>, bool)::'lambda0'()>>(void*) @ 0x000000000c706104 in /usr/bin/clickhouse
12. ? @ 0x00007d5a69da9609 in ?
13. ? @ 0x00007d5a69cce353 in ?
 (version 23.8.16.16 (official build)). Failed to start DDLWorker.
2026.03.18 20:30:56.401338 [ 284 ] {} <Error> virtual bool DB::DDLWorker::initializeMainThread(): Code: 999. Coordination::Exception: Unknown key host in config file. (KEEPER_EXCEPTION), Stack trace (when copying this message, always include the lines below):

0. DB::Exception::Exception(DB::Exception::MessageMasked&&, int, bool) @ 0x000000000c6251d7 in /usr/bin/clickhouse
1. DB::Exception::Exception<String const&>(int, FormatStringHelperImpl<std::type_identity<String const&>::type>, String const&) @ 0x00000000074ae38d in /usr/bin/clickhouse
2. Coordination::Exception::Exception<String const&>(Coordination::Error, FormatStringHelperImpl<std::type_identity<String const&>::type>, String const&) @ 0x000000001276578a in /usr/bin/clickhouse
3. zkutil::ZooKeeperArgs::initFromKeeperSection(Poco::Util::AbstractConfiguration const&, String const&) @ 0x0000000013813c10 in /usr/bin/clickhouse
4. zkutil::ZooKeeperArgs::ZooKeeperArgs(Poco::Util::AbstractConfiguration const&, String const&) @ 0x000000001380f986 in /usr/bin/clickhouse
5. zkutil::ZooKeeper::ZooKeeper(Poco::Util::AbstractConfiguration const&, String const&, std::shared_ptr<DB::ZooKeeperLog>) @ 0x00000000137e48cc in /usr/bin/clickhouse
6. DB::Context::getZooKeeper() const @ 0x000000001164aa4a in /usr/bin/clickhouse
7. DB::DDLWorker::getAndSetZooKeeper() @ 0x00000000116cc32d in /usr/bin/clickhouse
8. DB::DDLWorker::initializeMainThread() @ 0x00000000116dca3b in /usr/bin/clickhouse
9. DB::DDLWorker::runMainThread() @ 0x00000000116c73c0 in /usr/bin/clickhouse
10. void std::__function::__policy_invoker<void ()>::__call_impl<std::__function::__default_alloc_func<ThreadFromGlobalPoolImpl<true>::ThreadFromGlobalPoolImpl<void (DB::DDLWorker::*)(), DB::DDLWorker*>(void (DB::DDLWorker::*&&)(), DB::DDLWorker*&&)::'lambda'(), void ()>>(std::__function::__policy_storage const*) @ 0x00000000116ddb4c in /usr/bin/clickhouse
11. void* std::__thread_proxy[abi:v15000]<std::tuple<std::unique_ptr<std::__thread_struct, std::default_delete<std::__thread_struct>>, void ThreadPoolImpl<std::thread>::scheduleImpl<void>(std::function<void ()>, Priority, std::optional<unsigned long>, bool)::'lambda0'()>>(void*) @ 0x000000000c706104 in /usr/bin/clickhouse
12. ? @ 0x00007d5a69da9609 in ?
13. ? @ 0x00007d5a69cce353 in ?
 (version 23.8.16.16 (official build))
2026.03.18 20:31:01.401969 [ 284 ] {} <Error> DDLWorker: ZooKeeper error: Code: 999. Coordination::Exception: Unknown key host in config file. (KEEPER_EXCEPTION), Stack trace (when copying this message, always include the lines below):

0. DB::Exception::Exception(DB::Exception::MessageMasked&&, int, bool) @ 0x000000000c6251d7 in /usr/bin/clickhouse
1. DB::Exception::Exception<String const&>(int, FormatStringHelperImpl<std::type_identity<String const&>::type>, String const&) @ 0x00000000074ae38d in /usr/bin/clickhouse
2. Coordination::Exception::Exception<String const&>(Coordination::Error, FormatStringHelperImpl<std::type_identity<String const&>::type>, String const&) @ 0x000000001276578a in /usr/bin/clickhouse
3. zkutil::ZooKeeperArgs::initFromKeeperSection(Poco::Util::AbstractConfiguration const&, String const&) @ 0x0000000013813c10 in /usr/bin/clickhouse
4. zkutil::ZooKeeperArgs::ZooKeeperArgs(Poco::Util::AbstractConfiguration const&, String const&) @ 0x000000001380f986 in /usr/bin/clickhouse
5. zkutil::ZooKeeper::ZooKeeper(Poco::Util::AbstractConfiguration const&, String const&, std::shared_ptr<DB::ZooKeeperLog>) @ 0x00000000137e48cc in /usr/bin/clickhouse
6. DB::Context::getZooKeeper() const @ 0x000000001164aa4a in /usr/bin/clickhouse
7. DB::DDLWorker::getAndSetZooKeeper() @ 0x00000000116cc32d in /usr/bin/clickhouse
8. DB::DDLWorker::initializeMainThread() @ 0x00000000116dca3b in /usr/bin/clickhouse
9. DB::DDLWorker::runMainThread() @ 0x00000000116c73c0 in /usr/bin/clickhouse
10. void std::__function::__policy_invoker<void ()>::__call_impl<std::__function::__default_alloc_func<ThreadFromGlobalPoolImpl<true>::ThreadFromGlobalPoolImpl<void (DB::DDLWorker::*)(), DB::DDLWorker*>(void (DB::DDLWorker::*&&)(), DB::DDLWorker*&&)::'lambda'(), void ()>>(std::__function::__policy_storage const*) @ 0x00000000116ddb4c in /usr/bin/clickhouse
11. void* std::__thread_proxy[abi:v15000]<std::tuple<std::unique_ptr<std::__thread_struct, std::default_delete<std::__thread_struct>>, void ThreadPoolImpl<std::thread>::scheduleImpl<void>(std::function<void ()>, Priority, std::optional<unsigned long>, bool)::'lambda0'()>>(void*) @ 0x000000000c706104 in /usr/bin/clickhouse
12. ? @ 0x00007d5a69da9609 in ?
13. ? @ 0x00007d5a69cce353 in ?
 (version 23.8.16.16 (official build)). Failed to start DDLWorker.
2026.03.18 20:31:01.402040 [ 284 ] {} <Error> virtual bool DB::DDLWorker::initializeMainThread(): Code: 999. Coordination::Exception: Unknown key host in config file. (KEEPER_EXCEPTION), Stack trace (when copying this message, always include the lines below):

0. DB::Exception::Exception(DB::Exception::MessageMasked&&, int, bool) @ 0x000000000c6251d7 in /usr/bin/clickhouse
1. DB::Exception::Exception<String const&>(int, FormatStringHelperImpl<std::type_identity<String const&>::type>, String const&) @ 0x00000000074ae38d in /usr/bin/clickhouse
2. Coordination::Exception::Exception<String const&>(Coordination::Error, FormatStringHelperImpl<std::type_identity<String const&>::type>, String const&) @ 0x000000001276578a in /usr/bin/clickhouse
3. zkutil::ZooKeeperArgs::initFromKeeperSection(Poco::Util::AbstractConfiguration const&, String const&) @ 0x0000000013813c10 in /usr/bin/clickhouse
4. zkutil::ZooKeeperArgs::ZooKeeperArgs(Poco::Util::AbstractConfiguration const&, String const&) @ 0x000000001380f986 in /usr/bin/clickhouse
5. zkutil::ZooKeeper::ZooKeeper(Poco::Util::AbstractConfiguration const&, String const&, std::shared_ptr<DB::ZooKeeperLog>) @ 0x00000000137e48cc in /usr/bin/clickhouse
6. DB::Context::getZooKeeper() const @ 0x000000001164aa4a in /usr/bin/clickhouse
7. DB::DDLWorker::getAndSetZooKeeper() @ 0x00000000116cc32d in /usr/bin/clickhouse
8. DB::DDLWorker::initializeMainThread() @ 0x00000000116dca3b in /usr/bin/clickhouse
9. DB::DDLWorker::runMainThread() @ 0x00000000116c73c0 in /usr/bin/clickhouse
10. void std::__function::__policy_invoker<void ()>::__call_impl<std::__function::__default_alloc_func<ThreadFromGlobalPoolImpl<true>::ThreadFromGlobalPoolImpl<void (DB::DDLWorker::*)(), DB::DDLWorker*>(void (DB::DDLWorker::*&&)(), DB::DDLWorker*&&)::'lambda'(), void ()>>(std::__function::__policy_storage const*) @ 0x00000000116ddb4c in /usr/bin/clickhouse
11. void* std::__thread_proxy[abi:v15000]<std::tuple<std::unique_ptr<std::__thread_struct, std::default_delete<std::__thread_struct>>, void ThreadPoolImpl<std::thread>::scheduleImpl<void>(std::function<void ()>, Priority, std::optional<unsigned long>, bool)::'lambda0'()>>(void*) @ 0x000000000c706104 in /usr/bin/clickhouse
12. ? @ 0x00007d5a69da9609 in ?
13. ? @ 0x00007d5a69cce353 in ?
 (version 23.8.16.16 (official build))
2026.03.18 20:31:05.932035 [ 83 ] {} <Debug> DNSResolver: Updating DNS cache
2026.03.18 20:31:05.933392 [ 83 ] {} <Debug> DNSResolver: Updated DNS cache
2026.03.18 20:31:06.403338 [ 284 ] {} <Error> DDLWorker: ZooKeeper error: Code: 999. Coordination::Exception: Unknown key host in config file. (KEEPER_EXCEPTION), Stack trace (when copying this message, always include the lines below):

0. DB::Exception::Exception(DB::Exception::MessageMasked&&, int, bool) @ 0x000000000c6251d7 in /usr/bin/clickhouse
1. DB::Exception::Exception<String const&>(int, FormatStringHelperImpl<std::type_identity<String const&>::type>, String const&) @ 0x00000000074ae38d in /usr/bin/clickhouse
2. Coordination::Exception::Exception<String const&>(Coordination::Error, FormatStringHelperImpl<std::type_identity<String const&>::type>, String const&) @ 0x000000001276578a in /usr/bin/clickhouse
3. zkutil::ZooKeeperArgs::initFromKeeperSection(Poco::Util::AbstractConfiguration const&, String const&) @ 0x0000000013813c10 in /usr/bin/clickhouse
4. zkutil::ZooKeeperArgs::ZooKeeperArgs(Poco::Util::AbstractConfiguration const&, String const&) @ 0x000000001380f986 in /usr/bin/clickhouse
5. zkutil::ZooKeeper::ZooKeeper(Poco::Util::AbstractConfiguration const&, String const&, std::shared_ptr<DB::ZooKeeperLog>) @ 0x00000000137e48cc in /usr/bin/clickhouse
6. DB::Context::getZooKeeper() const @ 0x000000001164aa4a in /usr/bin/clickhouse
7. DB::DDLWorker::getAndSetZooKeeper() @ 0x00000000116cc32d in /usr/bin/clickhouse
8. DB::DDLWorker::initializeMainThread() @ 0x00000000116dca3b in /usr/bin/clickhouse
9. DB::DDLWorker::runMainThread() @ 0x00000000116c73c0 in /usr/bin/clickhouse
10. void std::__function::__policy_invoker<void ()>::__call_impl<std::__function::__default_alloc_func<ThreadFromGlobalPoolImpl<true>::ThreadFromGlobalPoolImpl<void (DB::DDLWorker::*)(), DB::DDLWorker*>(void (DB::DDLWorker::*&&)(), DB::DDLWorker*&&)::'lambda'(), void ()>>(std::__function::__policy_storage const*) @ 0x00000000116ddb4c in /usr/bin/clickhouse
11. void* std::__thread_proxy[abi:v15000]<std::tuple<std::unique_ptr<std::__thread_struct, std::default_delete<std::__thread_struct>>, void ThreadPoolImpl<std::thread>::scheduleImpl<void>(std::function<void ()>, Priority, std::optional<unsigned long>, bool)::'lambda0'()>>(void*) @ 0x000000000c706104 in /usr/bin/clickhouse
12. ? @ 0x00007d5a69da9609 in ?
13. ? @ 0x00007d5a69cce353 in ?
 (version 23.8.16.16 (official build)). Failed to start DDLWorker.
2026.03.18 20:31:06.403437 [ 284 ] {} <Error> virtual bool DB::DDLWorker::initializeMainThread(): Code: 999. Coordination::Exception: Unknown key host in config file. (KEEPER_EXCEPTION), Stack trace (when copying this message, always include the lines below):

0. DB::Exception::Exception(DB::Exception::MessageMasked&&, int, bool) @ 0x000000000c6251d7 in /usr/bin/clickhouse
1. DB::Exception::Exception<String const&>(int, FormatStringHelperImpl<std::type_identity<String const&>::type>, String const&) @ 0x00000000074ae38d in /usr/bin/clickhouse
2. Coordination::Exception::Exception<String const&>(Coordination::Error, FormatStringHelperImpl<std::type_identity<String const&>::type>, String const&) @ 0x000000001276578a in /usr/bin/clickhouse
3. zkutil::ZooKeeperArgs::initFromKeeperSection(Poco::Util::AbstractConfiguration const&, String const&) @ 0x0000000013813c10 in /usr/bin/clickhouse
4. zkutil::ZooKeeperArgs::ZooKeeperArgs(Poco::Util::AbstractConfiguration const&, String const&) @ 0x000000001380f986 in /usr/bin/clickhouse
5. zkutil::ZooKeeper::ZooKeeper(Poco::Util::AbstractConfiguration const&, String const&, std::shared_ptr<DB::ZooKeeperLog>) @ 0x00000000137e48cc in /usr/bin/clickhouse
6. DB::Context::getZooKeeper() const @ 0x000000001164aa4a in /usr/bin/clickhouse
7. DB::DDLWorker::getAndSetZooKeeper() @ 0x00000000116cc32d in /usr/bin/clickhouse
8. DB::DDLWorker::initializeMainThread() @ 0x00000000116dca3b in /usr/bin/clickhouse
9. DB::DDLWorker::runMainThread() @ 0x00000000116c73c0 in /usr/bin/clickhouse
10. void std::__function::__policy_invoker<void ()>::__call_impl<std::__function::__default_alloc_func<ThreadFromGlobalPoolImpl<true>::ThreadFromGlobalPoolImpl<void (DB::DDLWorker::*)(), DB::DDLWorker*>(void (DB::DDLWorker::*&&)(), DB::DDLWorker*&&)::'lambda'(), void ()>>(std::__function::__policy_storage const*) @ 0x00000000116ddb4c in /usr/bin/clickhouse
11. void* std::__thread_proxy[abi:v15000]<std::tuple<std::unique_ptr<std::__thread_struct, std::default_delete<std::__thread_struct>>, void ThreadPoolImpl<std::thread>::scheduleImpl<void>(std::function<void ()>, Priority, std::optional<unsigned long>, bool)::'lambda0'()>>(void*) @ 0x000000000c706104 in /usr/bin/clickhouse
12. ? @ 0x00007d5a69da9609 in ?
13. ? @ 0x00007d5a69cce353 in ?
 (version 23.8.16.16 (official build))
2026.03.18 20:31:11.405320 [ 284 ] {} <Error> DDLWorker: ZooKeeper error: Code: 999. Coordination::Exception: Unknown key host in config file. (KEEPER_EXCEPTION), Stack trace (when copying this message, always include the lines below):

0. DB::Exception::Exception(DB::Exception::MessageMasked&&, int, bool) @ 0x000000000c6251d7 in /usr/bin/clickhouse
1. DB::Exception::Exception<String const&>(int, FormatStringHelperImpl<std::type_identity<String const&>::type>, String const&) @ 0x00000000074ae38d in /usr/bin/clickhouse
2. Coordination::Exception::Exception<String const&>(Coordination::Error, FormatStringHelperImpl<std::type_identity<String const&>::type>, String const&) @ 0x000000001276578a in /usr/bin/clickhouse
3. zkutil::ZooKeeperArgs::initFromKeeperSection(Poco::Util::AbstractConfiguration const&, String const&) @ 0x0000000013813c10 in /usr/bin/clickhouse
4. zkutil::ZooKeeperArgs::ZooKeeperArgs(Poco::Util::AbstractConfiguration const&, String const&) @ 0x000000001380f986 in /usr/bin/clickhouse
5. zkutil::ZooKeeper::ZooKeeper(Poco::Util::AbstractConfiguration const&, String const&, std::shared_ptr<DB::ZooKeeperLog>) @ 0x00000000137e48cc in /usr/bin/clickhouse
6. DB::Context::getZooKeeper() const @ 0x000000001164aa4a in /usr/bin/clickhouse
7. DB::DDLWorker::getAndSetZooKeeper() @ 0x00000000116cc32d in /usr/bin/clickhouse
8. DB::DDLWorker::initializeMainThread() @ 0x00000000116dca3b in /usr/bin/clickhouse
9. DB::DDLWorker::runMainThread() @ 0x00000000116c73c0 in /usr/bin/clickhouse
10. void std::__function::__policy_invoker<void ()>::__call_impl<std::__function::__default_alloc_func<ThreadFromGlobalPoolImpl<true>::ThreadFromGlobalPoolImpl<void (DB::DDLWorker::*)(), DB::DDLWorker*>(void (DB::DDLWorker::*&&)(), DB::DDLWorker*&&)::'lambda'(), void ()>>(std::__function::__policy_storage const*) @ 0x00000000116ddb4c in /usr/bin/clickhouse
11. void* std::__thread_proxy[abi:v15000]<std::tuple<std::unique_ptr<std::__thread_struct, std::default_delete<std::__thread_struct>>, void ThreadPoolImpl<std::thread>::scheduleImpl<void>(std::function<void ()>, Priority, std::optional<unsigned long>, bool)::'lambda0'()>>(void*) @ 0x000000000c706104 in /usr/bin/clickhouse
12. ? @ 0x00007d5a69da9609 in ?
13. ? @ 0x00007d5a69cce353 in ?
 (version 23.8.16.16 (official build)). Failed to start DDLWorker.
2026.03.18 20:31:11.405389 [ 284 ] {} <Error> virtual bool DB::DDLWorker::initializeMainThread(): Code: 999. Coordination::Exception: Unknown key host in config file. (KEEPER_EXCEPTION), Stack trace (when copying this message, always include the lines below):

0. DB::Exception::Exception(DB::Exception::MessageMasked&&, int, bool) @ 0x000000000c6251d7 in /usr/bin/clickhouse
1. DB::Exception::Exception<String const&>(int, FormatStringHelperImpl<std::type_identity<String const&>::type>, String const&) @ 0x00000000074ae38d in /usr/bin/clickhouse
2. Coordination::Exception::Exception<String const&>(Coordination::Error, FormatStringHelperImpl<std::type_identity<String const&>::type>, String const&) @ 0x000000001276578a in /usr/bin/clickhouse
3. zkutil::ZooKeeperArgs::initFromKeeperSection(Poco::Util::AbstractConfiguration const&, String const&) @ 0x0000000013813c10 in /usr/bin/clickhouse
4. zkutil::ZooKeeperArgs::ZooKeeperArgs(Poco::Util::AbstractConfiguration const&, String const&) @ 0x000000001380f986 in /usr/bin/clickhouse
5. zkutil::ZooKeeper::ZooKeeper(Poco::Util::AbstractConfiguration const&, String const&, std::shared_ptr<DB::ZooKeeperLog>) @ 0x00000000137e48cc in /usr/bin/clickhouse
6. DB::Context::getZooKeeper() const @ 0x000000001164aa4a in /usr/bin/clickhouse
7. DB::DDLWorker::getAndSetZooKeeper() @ 0x00000000116cc32d in /usr/bin/clickhouse
8. DB::DDLWorker::initializeMainThread() @ 0x00000000116dca3b in /usr/bin/clickhouse
9. DB::DDLWorker::runMainThread() @ 0x00000000116c73c0 in /usr/bin/clickhouse
10. void std::__function::__policy_invoker<void ()>::__call_impl<std::__function::__default_alloc_func<ThreadFromGlobalPoolImpl<true>::ThreadFromGlobalPoolImpl<void (DB::DDLWorker::*)(), DB::DDLWorker*>(void (DB::DDLWorker::*&&)(), DB::DDLWorker*&&)::'lambda'(), void ()>>(std::__function::__policy_storage const*) @ 0x00000000116ddb4c in /usr/bin/clickhouse
11. void* std::__thread_proxy[abi:v15000]<std::tuple<std::unique_ptr<std::__thread_struct, std::default_delete<std::__thread_struct>>, void ThreadPoolImpl<std::thread>::scheduleImpl<void>(std::function<void ()>, Priority, std::optional<unsigned long>, bool)::'lambda0'()>>(void*) @ 0x000000000c706104 in /usr/bin/clickhouse
12. ? @ 0x00007d5a69da9609 in ?
13. ? @ 0x00007d5a69cce353 in ?
 (version 23.8.16.16 (official build))
2026.03.18 20:31:16.406317 [ 284 ] {} <Error> DDLWorker: ZooKeeper error: Code: 999. Coordination::Exception: Unknown key host in config file. (KEEPER_EXCEPTION), Stack trace (when copying this message, always include the lines below):

0. DB::Exception::Exception(DB::Exception::MessageMasked&&, int, bool) @ 0x000000000c6251d7 in /usr/bin/clickhouse
1. DB::Exception::Exception<String const&>(int, FormatStringHelperImpl<std::type_identity<String const&>::type>, String const&) @ 0x00000000074ae38d in /usr/bin/clickhouse
2. Coordination::Exception::Exception<String const&>(Coordination::Error, FormatStringHelperImpl<std::type_identity<String const&>::type>, String const&) @ 0x000000001276578a in /usr/bin/clickhouse
3. zkutil::ZooKeeperArgs::initFromKeeperSection(Poco::Util::AbstractConfiguration const&, String const&) @ 0x0000000013813c10 in /usr/bin/clickhouse
4. zkutil::ZooKeeperArgs::ZooKeeperArgs(Poco::Util::AbstractConfiguration const&, String const&) @ 0x000000001380f986 in /usr/bin/clickhouse
5. zkutil::ZooKeeper::ZooKeeper(Poco::Util::AbstractConfiguration const&, String const&, std::shared_ptr<DB::ZooKeeperLog>) @ 0x00000000137e48cc in /usr/bin/clickhouse
6. DB::Context::getZooKeeper() const @ 0x000000001164aa4a in /usr/bin/clickhouse
7. DB::DDLWorker::getAndSetZooKeeper() @ 0x00000000116cc32d in /usr/bin/clickhouse
8. DB::DDLWorker::initializeMainThread() @ 0x00000000116dca3b in /usr/bin/clickhouse
9. DB::DDLWorker::runMainThread() @ 0x00000000116c73c0 in /usr/bin/clickhouse
10. void std::__function::__policy_invoker<void ()>::__call_impl<std::__function::__default_alloc_func<ThreadFromGlobalPoolImpl<true>::ThreadFromGlobalPoolImpl<void (DB::DDLWorker::*)(), DB::DDLWorker*>(void (DB::DDLWorker::*&&)(), DB::DDLWorker*&&)::'lambda'(), void ()>>(std::__function::__policy_storage const*) @ 0x00000000116ddb4c in /usr/bin/clickhouse
11. void* std::__thread_proxy[abi:v15000]<std::tuple<std::unique_ptr<std::__thread_struct, std::default_delete<std::__thread_struct>>, void ThreadPoolImpl<std::thread>::scheduleImpl<void>(std::function<void ()>, Priority, std::optional<unsigned long>, bool)::'lambda0'()>>(void*) @ 0x000000000c706104 in /usr/bin/clickhouse
12. ? @ 0x00007d5a69da9609 in ?
13. ? @ 0x00007d5a69cce353 in ?
 (version 23.8.16.16 (official build)). Failed to start DDLWorker.
2026.03.18 20:31:16.406447 [ 284 ] {} <Error> virtual bool DB::DDLWorker::initializeMainThread(): Code: 999. Coordination::Exception: Unknown key host in config file. (KEEPER_EXCEPTION), Stack trace (when copying this message, always include the lines below):

0. DB::Exception::Exception(DB::Exception::MessageMasked&&, int, bool) @ 0x000000000c6251d7 in /usr/bin/clickhouse
1. DB::Exception::Exception<String const&>(int, FormatStringHelperImpl<std::type_identity<String const&>::type>, String const&) @ 0x00000000074ae38d in /usr/bin/clickhouse
2. Coordination::Exception::Exception<String const&>(Coordination::Error, FormatStringHelperImpl<std::type_identity<String const&>::type>, String const&) @ 0x000000001276578a in /usr/bin/clickhouse
3. zkutil::ZooKeeperArgs::initFromKeeperSection(Poco::Util::AbstractConfiguration const&, String const&) @ 0x0000000013813c10 in /usr/bin/clickhouse
4. zkutil::ZooKeeperArgs::ZooKeeperArgs(Poco::Util::AbstractConfiguration const&, String const&) @ 0x000000001380f986 in /usr/bin/clickhouse
5. zkutil::ZooKeeper::ZooKeeper(Poco::Util::AbstractConfiguration const&, String const&, std::shared_ptr<DB::ZooKeeperLog>) @ 0x00000000137e48cc in /usr/bin/clickhouse
6. DB::Context::getZooKeeper() const @ 0x000000001164aa4a in /usr/bin/clickhouse
7. DB::DDLWorker::getAndSetZooKeeper() @ 0x00000000116cc32d in /usr/bin/clickhouse
8. DB::DDLWorker::initializeMainThread() @ 0x00000000116dca3b in /usr/bin/clickhouse
9. DB::DDLWorker::runMainThread() @ 0x00000000116c73c0 in /usr/bin/clickhouse
10. void std::__function::__policy_invoker<void ()>::__call_impl<std::__function::__default_alloc_func<ThreadFromGlobalPoolImpl<true>::ThreadFromGlobalPoolImpl<void (DB::DDLWorker::*)(), DB::DDLWorker*>(void (DB::DDLWorker::*&&)(), DB::DDLWorker*&&)::'lambda'(), void ()>>(std::__function::__policy_storage const*) @ 0x00000000116ddb4c in /usr/bin/clickhouse
11. void* std::__thread_proxy[abi:v15000]<std::tuple<std::unique_ptr<std::__thread_struct, std::default_delete<std::__thread_struct>>, void ThreadPoolImpl<std::thread>::scheduleImpl<void>(std::function<void ()>, Priority, std::optional<unsigned long>, bool)::'lambda0'()>>(void*) @ 0x000000000c706104 in /usr/bin/clickhouse
12. ? @ 0x00007d5a69da9609 in ?
13. ? @ 0x00007d5a69cce353 in ?
 (version 23.8.16.16 (official build))
2026.03.18 20:31:20.942029 [ 84 ] {} <Debug> DNSResolver: Updating DNS cache
2026.03.18 20:31:20.944171 [ 84 ] {} <Debug> DNSResolver: Updated DNS cache
2026.03.18 20:31:21.408020 [ 284 ] {} <Error> DDLWorker: ZooKeeper error: Code: 999. Coordination::Exception: Unknown key host in config file. (KEEPER_EXCEPTION), Stack trace (when copying this message, always include the lines below):

0. DB::Exception::Exception(DB::Exception::MessageMasked&&, int, bool) @ 0x000000000c6251d7 in /usr/bin/clickhouse
1. DB::Exception::Exception<String const&>(int, FormatStringHelperImpl<std::type_identity<String const&>::type>, String const&) @ 0x00000000074ae38d in /usr/bin/clickhouse
2. Coordination::Exception::Exception<String const&>(Coordination::Error, FormatStringHelperImpl<std::type_identity<String const&>::type>, String const&) @ 0x000000001276578a in /usr/bin/clickhouse
3. zkutil::ZooKeeperArgs::initFromKeeperSection(Poco::Util::AbstractConfiguration const&, String const&) @ 0x0000000013813c10 in /usr/bin/clickhouse
4. zkutil::ZooKeeperArgs::ZooKeeperArgs(Poco::Util::AbstractConfiguration const&, String const&) @ 0x000000001380f986 in /usr/bin/clickhouse
5. zkutil::ZooKeeper::ZooKeeper(Poco::Util::AbstractConfiguration const&, String const&, std::shared_ptr<DB::ZooKeeperLog>) @ 0x00000000137e48cc in /usr/bin/clickhouse
6. DB::Context::getZooKeeper() const @ 0x000000001164aa4a in /usr/bin/clickhouse
7. DB::DDLWorker::getAndSetZooKeeper() @ 0x00000000116cc32d in /usr/bin/clickhouse
8. DB::DDLWorker::initializeMainThread() @ 0x00000000116dca3b in /usr/bin/clickhouse
9. DB::DDLWorker::runMainThread() @ 0x00000000116c73c0 in /usr/bin/clickhouse
10. void std::__function::__policy_invoker<void ()>::__call_impl<std::__function::__default_alloc_func<ThreadFromGlobalPoolImpl<true>::ThreadFromGlobalPoolImpl<void (DB::DDLWorker::*)(), DB::DDLWorker*>(void (DB::DDLWorker::*&&)(), DB::DDLWorker*&&)::'lambda'(), void ()>>(std::__function::__policy_storage const*) @ 0x00000000116ddb4c in /usr/bin/clickhouse
11. void* std::__thread_proxy[abi:v15000]<std::tuple<std::unique_ptr<std::__thread_struct, std::default_delete<std::__thread_struct>>, void ThreadPoolImpl<std::thread>::scheduleImpl<void>(std::function<void ()>, Priority, std::optional<unsigned long>, bool)::'lambda0'()>>(void*) @ 0x000000000c706104 in /usr/bin/clickhouse
12. ? @ 0x00007d5a69da9609 in ?
13. ? @ 0x00007d5a69cce353 in ?
 (version 23.8.16.16 (official build)). Failed to start DDLWorker.
2026.03.18 20:31:21.408073 [ 284 ] {} <Error> virtual bool DB::DDLWorker::initializeMainThread(): Code: 999. Coordination::Exception: Unknown key host in config file. (KEEPER_EXCEPTION), Stack trace (when copying this message, always include the lines below):

0. DB::Exception::Exception(DB::Exception::MessageMasked&&, int, bool) @ 0x000000000c6251d7 in /usr/bin/clickhouse
1. DB::Exception::Exception<String const&>(int, FormatStringHelperImpl<std::type_identity<String const&>::type>, String const&) @ 0x00000000074ae38d in /usr/bin/clickhouse
2. Coordination::Exception::Exception<String const&>(Coordination::Error, FormatStringHelperImpl<std::type_identity<String const&>::type>, String const&) @ 0x000000001276578a in /usr/bin/clickhouse
3. zkutil::ZooKeeperArgs::initFromKeeperSection(Poco::Util::AbstractConfiguration const&, String const&) @ 0x0000000013813c10 in /usr/bin/clickhouse
4. zkutil::ZooKeeperArgs::ZooKeeperArgs(Poco::Util::AbstractConfiguration const&, String const&) @ 0x000000001380f986 in /usr/bin/clickhouse
5. zkutil::ZooKeeper::ZooKeeper(Poco::Util::AbstractConfiguration const&, String const&, std::shared_ptr<DB::ZooKeeperLog>) @ 0x00000000137e48cc in /usr/bin/clickhouse
6. DB::Context::getZooKeeper() const @ 0x000000001164aa4a in /usr/bin/clickhouse
7. DB::DDLWorker::getAndSetZooKeeper() @ 0x00000000116cc32d in /usr/bin/clickhouse
8. DB::DDLWorker::initializeMainThread() @ 0x00000000116dca3b in /usr/bin/clickhouse
9. DB::DDLWorker::runMainThread() @ 0x00000000116c73c0 in /usr/bin/clickhouse
10. void std::__function::__policy_invoker<void ()>::__call_impl<std::__function::__default_alloc_func<ThreadFromGlobalPoolImpl<true>::ThreadFromGlobalPoolImpl<void (DB::DDLWorker::*)(), DB::DDLWorker*>(void (DB::DDLWorker::*&&)(), DB::DDLWorker*&&)::'lambda'(), void ()>>(std::__function::__policy_storage const*) @ 0x00000000116ddb4c in /usr/bin/clickhouse
11. void* std::__thread_proxy[abi:v15000]<std::tuple<std::unique_ptr<std::__thread_struct, std::default_delete<std::__thread_struct>>, void ThreadPoolImpl<std::thread>::scheduleImpl<void>(std::function<void ()>, Priority, std::optional<unsigned long>, bool)::'lambda0'()>>(void*) @ 0x000000000c706104 in /usr/bin/clickhouse
12. ? @ 0x00007d5a69da9609 in ?
13. ? @ 0x00007d5a69cce353 in ?
 (version 23.8.16.16 (official build))
2026.03.18 20:31:26.408769 [ 284 ] {} <Error> DDLWorker: ZooKeeper error: Code: 999. Coordination::Exception: Unknown key host in config file. (KEEPER_EXCEPTION), Stack trace (when copying this message, always include the lines below):

0. DB::Exception::Exception(DB::Exception::MessageMasked&&, int, bool) @ 0x000000000c6251d7 in /usr/bin/clickhouse
1. DB::Exception::Exception<String const&>(int, FormatStringHelperImpl<std::type_identity<String const&>::type>, String const&) @ 0x00000000074ae38d in /usr/bin/clickhouse
2. Coordination::Exception::Exception<String const&>(Coordination::Error, FormatStringHelperImpl<std::type_identity<String const&>::type>, String const&) @ 0x000000001276578a in /usr/bin/clickhouse
3. zkutil::ZooKeeperArgs::initFromKeeperSection(Poco::Util::AbstractConfiguration const&, String const&) @ 0x0000000013813c10 in /usr/bin/clickhouse
4. zkutil::ZooKeeperArgs::ZooKeeperArgs(Poco::Util::AbstractConfiguration const&, String const&) @ 0x000000001380f986 in /usr/bin/clickhouse
5. zkutil::ZooKeeper::ZooKeeper(Poco::Util::AbstractConfiguration const&, String const&, std::shared_ptr<DB::ZooKeeperLog>) @ 0x00000000137e48cc in /usr/bin/clickhouse
6. DB::Context::getZooKeeper() const @ 0x000000001164aa4a in /usr/bin/clickhouse
7. DB::DDLWorker::getAndSetZooKeeper() @ 0x00000000116cc32d in /usr/bin/clickhouse
8. DB::DDLWorker::initializeMainThread() @ 0x00000000116dca3b in /usr/bin/clickhouse
9. DB::DDLWorker::runMainThread() @ 0x00000000116c73c0 in /usr/bin/clickhouse
10. void std::__function::__policy_invoker<void ()>::__call_impl<std::__function::__default_alloc_func<ThreadFromGlobalPoolImpl<true>::ThreadFromGlobalPoolImpl<void (DB::DDLWorker::*)(), DB::DDLWorker*>(void (DB::DDLWorker::*&&)(), DB::DDLWorker*&&)::'lambda'(), void ()>>(std::__function::__policy_storage const*) @ 0x00000000116ddb4c in /usr/bin/clickhouse
11. void* std::__thread_proxy[abi:v15000]<std::tuple<std::unique_ptr<std::__thread_struct, std::default_delete<std::__thread_struct>>, void ThreadPoolImpl<std::thread>::scheduleImpl<void>(std::function<void ()>, Priority, std::optional<unsigned long>, bool)::'lambda0'()>>(void*) @ 0x000000000c706104 in /usr/bin/clickhouse
12. ? @ 0x00007d5a69da9609 in ?
13. ? @ 0x00007d5a69cce353 in ?
 (version 23.8.16.16 (official build)). Failed to start DDLWorker.
2026.03.18 20:31:26.408842 [ 284 ] {} <Error> virtual bool DB::DDLWorker::initializeMainThread(): Code: 999. Coordination::Exception: Unknown key host in config file. (KEEPER_EXCEPTION), Stack trace (when copying this message, always include the lines below):

0. DB::Exception::Exception(DB::Exception::MessageMasked&&, int, bool) @ 0x000000000c6251d7 in /usr/bin/clickhouse
1. DB::Exception::Exception<String const&>(int, FormatStringHelperImpl<std::type_identity<String const&>::type>, String const&) @ 0x00000000074ae38d in /usr/bin/clickhouse
2. Coordination::Exception::Exception<String const&>(Coordination::Error, FormatStringHelperImpl<std::type_identity<String const&>::type>, String const&) @ 0x000000001276578a in /usr/bin/clickhouse
3. zkutil::ZooKeeperArgs::initFromKeeperSection(Poco::Util::AbstractConfiguration const&, String const&) @ 0x0000000013813c10 in /usr/bin/clickhouse
4. zkutil::ZooKeeperArgs::ZooKeeperArgs(Poco::Util::AbstractConfiguration const&, String const&) @ 0x000000001380f986 in /usr/bin/clickhouse
5. zkutil::ZooKeeper::ZooKeeper(Poco::Util::AbstractConfiguration const&, String const&, std::shared_ptr<DB::ZooKeeperLog>) @ 0x00000000137e48cc in /usr/bin/clickhouse
6. DB::Context::getZooKeeper() const @ 0x000000001164aa4a in /usr/bin/clickhouse
7. DB::DDLWorker::getAndSetZooKeeper() @ 0x00000000116cc32d in /usr/bin/clickhouse
8. DB::DDLWorker::initializeMainThread() @ 0x00000000116dca3b in /usr/bin/clickhouse
9. DB::DDLWorker::runMainThread() @ 0x00000000116c73c0 in /usr/bin/clickhouse
10. void std::__function::__policy_invoker<void ()>::__call_impl<std::__function::__default_alloc_func<ThreadFromGlobalPoolImpl<true>::ThreadFromGlobalPoolImpl<void (DB::DDLWorker::*)(), DB::DDLWorker*>(void (DB::DDLWorker::*&&)(), DB::DDLWorker*&&)::'lambda'(), void ()>>(std::__function::__policy_storage const*) @ 0x00000000116ddb4c in /usr/bin/clickhouse
11. void* std::__thread_proxy[abi:v15000]<std::tuple<std::unique_ptr<std::__thread_struct, std::default_delete<std::__thread_struct>>, void ThreadPoolImpl<std::thread>::scheduleImpl<void>(std::function<void ()>, Priority, std::optional<unsigned long>, bool)::'lambda0'()>>(void*) @ 0x000000000c706104 in /usr/bin/clickhouse
12. ? @ 0x00007d5a69da9609 in ?
13. ? @ 0x00007d5a69cce353 in ?
 (version 23.8.16.16 (official build))
2026.03.18 20:31:31.409322 [ 284 ] {} <Error> DDLWorker: ZooKeeper error: Code: 999. Coordination::Exception: Unknown key host in config file. (KEEPER_EXCEPTION), Stack trace (when copying this message, always include the lines below):

0. DB::Exception::Exception(DB::Exception::MessageMasked&&, int, bool) @ 0x000000000c6251d7 in /usr/bin/clickhouse
1. DB::Exception::Exception<String const&>(int, FormatStringHelperImpl<std::type_identity<String const&>::type>, String const&) @ 0x00000000074ae38d in /usr/bin/clickhouse
2. Coordination::Exception::Exception<String const&>(Coordination::Error, FormatStringHelperImpl<std::type_identity<String const&>::type>, String const&) @ 0x000000001276578a in /usr/bin/clickhouse
3. zkutil::ZooKeeperArgs::initFromKeeperSection(Poco::Util::AbstractConfiguration const&, String const&) @ 0x0000000013813c10 in /usr/bin/clickhouse
4. zkutil::ZooKeeperArgs::ZooKeeperArgs(Poco::Util::AbstractConfiguration const&, String const&) @ 0x000000001380f986 in /usr/bin/clickhouse
5. zkutil::ZooKeeper::ZooKeeper(Poco::Util::AbstractConfiguration const&, String const&, std::shared_ptr<DB::ZooKeeperLog>) @ 0x00000000137e48cc in /usr/bin/clickhouse
6. DB::Context::getZooKeeper() const @ 0x000000001164aa4a in /usr/bin/clickhouse
7. DB::DDLWorker::getAndSetZooKeeper() @ 0x00000000116cc32d in /usr/bin/clickhouse
8. DB::DDLWorker::initializeMainThread() @ 0x00000000116dca3b in /usr/bin/clickhouse
9. DB::DDLWorker::runMainThread() @ 0x00000000116c73c0 in /usr/bin/clickhouse
10. void std::__function::__policy_invoker<void ()>::__call_impl<std::__function::__default_alloc_func<ThreadFromGlobalPoolImpl<true>::ThreadFromGlobalPoolImpl<void (DB::DDLWorker::*)(), DB::DDLWorker*>(void (DB::DDLWorker::*&&)(), DB::DDLWorker*&&)::'lambda'(), void ()>>(std::__function::__policy_storage const*) @ 0x00000000116ddb4c in /usr/bin/clickhouse
11. void* std::__thread_proxy[abi:v15000]<std::tuple<std::unique_ptr<std::__thread_struct, std::default_delete<std::__thread_struct>>, void ThreadPoolImpl<std::thread>::scheduleImpl<void>(std::function<void ()>, Priority, std::optional<unsigned long>, bool)::'lambda0'()>>(void*) @ 0x000000000c706104 in /usr/bin/clickhouse
12. ? @ 0x00007d5a69da9609 in ?
13. ? @ 0x00007d5a69cce353 in ?
 (version 23.8.16.16 (official build)). Failed to start DDLWorker.
2026.03.18 20:31:31.409405 [ 284 ] {} <Error> virtual bool DB::DDLWorker::initializeMainThread(): Code: 999. Coordination::Exception: Unknown key host in config file. (KEEPER_EXCEPTION), Stack trace (when copying this message, always include the lines below):

0. DB::Exception::Exception(DB::Exception::MessageMasked&&, int, bool) @ 0x000000000c6251d7 in /usr/bin/clickhouse
1. DB::Exception::Exception<String const&>(int, FormatStringHelperImpl<std::type_identity<String const&>::type>, String const&) @ 0x00000000074ae38d in /usr/bin/clickhouse
2. Coordination::Exception::Exception<String const&>(Coordination::Error, FormatStringHelperImpl<std::type_identity<String const&>::type>, String const&) @ 0x000000001276578a in /usr/bin/clickhouse
3. zkutil::ZooKeeperArgs::initFromKeeperSection(Poco::Util::AbstractConfiguration const&, String const&) @ 0x0000000013813c10 in /usr/bin/clickhouse
4. zkutil::ZooKeeperArgs::ZooKeeperArgs(Poco::Util::AbstractConfiguration const&, String const&) @ 0x000000001380f986 in /usr/bin/clickhouse
5. zkutil::ZooKeeper::ZooKeeper(Poco::Util::AbstractConfiguration const&, String const&, std::shared_ptr<DB::ZooKeeperLog>) @ 0x00000000137e48cc in /usr/bin/clickhouse
6. DB::Context::getZooKeeper() const @ 0x000000001164aa4a in /usr/bin/clickhouse
7. DB::DDLWorker::getAndSetZooKeeper() @ 0x00000000116cc32d in /usr/bin/clickhouse
8. DB::DDLWorker::initializeMainThread() @ 0x00000000116dca3b in /usr/bin/clickhouse
9. DB::DDLWorker::runMainThread() @ 0x00000000116c73c0 in /usr/bin/clickhouse
10. void std::__function::__policy_invoker<void ()>::__call_impl<std::__function::__default_alloc_func<ThreadFromGlobalPoolImpl<true>::ThreadFromGlobalPoolImpl<void (DB::DDLWorker::*)(), DB::DDLWorker*>(void (DB::DDLWorker::*&&)(), DB::DDLWorker*&&)::'lambda'(), void ()>>(std::__function::__policy_storage const*) @ 0x00000000116ddb4c in /usr/bin/clickhouse
11. void* std::__thread_proxy[abi:v15000]<std::tuple<std::unique_ptr<std::__thread_struct, std::default_delete<std::__thread_struct>>, void ThreadPoolImpl<std::thread>::scheduleImpl<void>(std::function<void ()>, Priority, std::optional<unsigned long>, bool)::'lambda0'()>>(void*) @ 0x000000000c706104 in /usr/bin/clickhouse
12. ? @ 0x00007d5a69da9609 in ?
13. ? @ 0x00007d5a69cce353 in ?
 (version 23.8.16.16 (official build))
2026.03.18 20:31:35.951492 [ 61 ] {} <Debug> DNSResolver: Updating DNS cache
2026.03.18 20:31:35.952787 [ 61 ] {} <Debug> DNSResolver: Updated DNS cache
2026.03.18 20:31:36.001405 [ 285 ] {} <Trace> AsynchronousMetrics: Update heavy metrics. Update period 1 sec. Update heavy metrics period 120 sec. Heavy metrics calculation elapsed: 1.2674e-05 sec.
2026.03.18 20:31:36.410300 [ 284 ] {} <Error> DDLWorker: ZooKeeper error: Code: 999. Coordination::Exception: Unknown key host in config file. (KEEPER_EXCEPTION), Stack trace (when copying this message, always include the lines below):

0. DB::Exception::Exception(DB::Exception::MessageMasked&&, int, bool) @ 0x000000000c6251d7 in /usr/bin/clickhouse
1. DB::Exception::Exception<String const&>(int, FormatStringHelperImpl<std::type_identity<String const&>::type>, String const&) @ 0x00000000074ae38d in /usr/bin/clickhouse
2. Coordination::Exception::Exception<String const&>(Coordination::Error, FormatStringHelperImpl<std::type_identity<String const&>::type>, String const&) @ 0x000000001276578a in /usr/bin/clickhouse
3. zkutil::ZooKeeperArgs::initFromKeeperSection(Poco::Util::AbstractConfiguration const&, String const&) @ 0x0000000013813c10 in /usr/bin/clickhouse
4. zkutil::ZooKeeperArgs::ZooKeeperArgs(Poco::Util::AbstractConfiguration const&, String const&) @ 0x000000001380f986 in /usr/bin/clickhouse
5. zkutil::ZooKeeper::ZooKeeper(Poco::Util::AbstractConfiguration const&, String const&, std::shared_ptr<DB::ZooKeeperLog>) @ 0x00000000137e48cc in /usr/bin/clickhouse
6. DB::Context::getZooKeeper() const @ 0x000000001164aa4a in /usr/bin/clickhouse
7. DB::DDLWorker::getAndSetZooKeeper() @ 0x00000000116cc32d in /usr/bin/clickhouse
8. DB::DDLWorker::initializeMainThread() @ 0x00000000116dca3b in /usr/bin/clickhouse
9. DB::DDLWorker::runMainThread() @ 0x00000000116c73c0 in /usr/bin/clickhouse
10. void std::__function::__policy_invoker<void ()>::__call_impl<std::__function::__default_alloc_func<ThreadFromGlobalPoolImpl<true>::ThreadFromGlobalPoolImpl<void (DB::DDLWorker::*)(), DB::DDLWorker*>(void (DB::DDLWorker::*&&)(), DB::DDLWorker*&&)::'lambda'(), void ()>>(std::__function::__policy_storage const*) @ 0x00000000116ddb4c in /usr/bin/clickhouse
11. void* std::__thread_proxy[abi:v15000]<std::tuple<std::unique_ptr<std::__thread_struct, std::default_delete<std::__thread_struct>>, void ThreadPoolImpl<std::thread>::scheduleImpl<void>(std::function<void ()>, Priority, std::optional<unsigned long>, bool)::'lambda0'()>>(void*) @ 0x000000000c706104 in /usr/bin/clickhouse
12. ? @ 0x00007d5a69da9609 in ?
13. ? @ 0x00007d5a69cce353 in ?
 (version 23.8.16.16 (official build)). Failed to start DDLWorker.
2026.03.18 20:31:36.410370 [ 284 ] {} <Error> virtual bool DB::DDLWorker::initializeMainThread(): Code: 999. Coordination::Exception: Unknown key host in config file. (KEEPER_EXCEPTION), Stack trace (when copying this message, always include the lines below):

0. DB::Exception::Exception(DB::Exception::MessageMasked&&, int, bool) @ 0x000000000c6251d7 in /usr/bin/clickhouse
1. DB::Exception::Exception<String const&>(int, FormatStringHelperImpl<std::type_identity<String const&>::type>, String const&) @ 0x00000000074ae38d in /usr/bin/clickhouse
2. Coordination::Exception::Exception<String const&>(Coordination::Error, FormatStringHelperImpl<std::type_identity<String const&>::type>, String const&) @ 0x000000001276578a in /usr/bin/clickhouse
3. zkutil::ZooKeeperArgs::initFromKeeperSection(Poco::Util::AbstractConfiguration const&, String const&) @ 0x0000000013813c10 in /usr/bin/clickhouse
4. zkutil::ZooKeeperArgs::ZooKeeperArgs(Poco::Util::AbstractConfiguration const&, String const&) @ 0x000000001380f986 in /usr/bin/clickhouse
5. zkutil::ZooKeeper::ZooKeeper(Poco::Util::AbstractConfiguration const&, String const&, std::shared_ptr<DB::ZooKeeperLog>) @ 0x00000000137e48cc in /usr/bin/clickhouse
6. DB::Context::getZooKeeper() const @ 0x000000001164aa4a in /usr/bin/clickhouse
7. DB::DDLWorker::getAndSetZooKeeper() @ 0x00000000116cc32d in /usr/bin/clickhouse
8. DB::DDLWorker::initializeMainThread() @ 0x00000000116dca3b in /usr/bin/clickhouse
9. DB::DDLWorker::runMainThread() @ 0x00000000116c73c0 in /usr/bin/clickhouse
10. void std::__function::__policy_invoker<void ()>::__call_impl<std::__function::__default_alloc_func<ThreadFromGlobalPoolImpl<true>::ThreadFromGlobalPoolImpl<void (DB::DDLWorker::*)(), DB::DDLWorker*>(void (DB::DDLWorker::*&&)(), DB::DDLWorker*&&)::'lambda'(), void ()>>(std::__function::__policy_storage const*) @ 0x00000000116ddb4c in /usr/bin/clickhouse
11. void* std::__thread_proxy[abi:v15000]<std::tuple<std::unique_ptr<std::__thread_struct, std::default_delete<std::__thread_struct>>, void ThreadPoolImpl<std::thread>::scheduleImpl<void>(std::function<void ()>, Priority, std::optional<unsigned long>, bool)::'lambda0'()>>(void*) @ 0x000000000c706104 in /usr/bin/clickhouse
12. ? @ 0x00007d5a69da9609 in ?
13. ? @ 0x00007d5a69cce353 in ?
 (version 23.8.16.16 (official build))
2026.03.18 20:31:41.411279 [ 284 ] {} <Error> DDLWorker: ZooKeeper error: Code: 999. Coordination::Exception: Unknown key host in config file. (KEEPER_EXCEPTION), Stack trace (when copying this message, always include the lines below):

0. DB::Exception::Exception(DB::Exception::MessageMasked&&, int, bool) @ 0x000000000c6251d7 in /usr/bin/clickhouse
1. DB::Exception::Exception<String const&>(int, FormatStringHelperImpl<std::type_identity<String const&>::type>, String const&) @ 0x00000000074ae38d in /usr/bin/clickhouse
2. Coordination::Exception::Exception<String const&>(Coordination::Error, FormatStringHelperImpl<std::type_identity<String const&>::type>, String const&) @ 0x000000001276578a in /usr/bin/clickhouse
3. zkutil::ZooKeeperArgs::initFromKeeperSection(Poco::Util::AbstractConfiguration const&, String const&) @ 0x0000000013813c10 in /usr/bin/clickhouse
4. zkutil::ZooKeeperArgs::ZooKeeperArgs(Poco::Util::AbstractConfiguration const&, String const&) @ 0x000000001380f986 in /usr/bin/clickhouse
5. zkutil::ZooKeeper::ZooKeeper(Poco::Util::AbstractConfiguration const&, String const&, std::shared_ptr<DB::ZooKeeperLog>) @ 0x00000000137e48cc in /usr/bin/clickhouse
6. DB::Context::getZooKeeper() const @ 0x000000001164aa4a in /usr/bin/clickhouse
7. DB::DDLWorker::getAndSetZooKeeper() @ 0x00000000116cc32d in /usr/bin/clickhouse
8. DB::DDLWorker::initializeMainThread() @ 0x00000000116dca3b in /usr/bin/clickhouse
9. DB::DDLWorker::runMainThread() @ 0x00000000116c73c0 in /usr/bin/clickhouse
10. void std::__function::__policy_invoker<void ()>::__call_impl<std::__function::__default_alloc_func<ThreadFromGlobalPoolImpl<true>::ThreadFromGlobalPoolImpl<void (DB::DDLWorker::*)(), DB::DDLWorker*>(void (DB::DDLWorker::*&&)(), DB::DDLWorker*&&)::'lambda'(), void ()>>(std::__function::__policy_storage const*) @ 0x00000000116ddb4c in /usr/bin/clickhouse
11. void* std::__thread_proxy[abi:v15000]<std::tuple<std::unique_ptr<std::__thread_struct, std::default_delete<std::__thread_struct>>, void ThreadPoolImpl<std::thread>::scheduleImpl<void>(std::function<void ()>, Priority, std::optional<unsigned long>, bool)::'lambda0'()>>(void*) @ 0x000000000c706104 in /usr/bin/clickhouse
12. ? @ 0x00007d5a69da9609 in ?
13. ? @ 0x00007d5a69cce353 in ?
 (version 23.8.16.16 (official build)). Failed to start DDLWorker.
2026.03.18 20:31:41.411351 [ 284 ] {} <Error> virtual bool DB::DDLWorker::initializeMainThread(): Code: 999. Coordination::Exception: Unknown key host in config file. (KEEPER_EXCEPTION), Stack trace (when copying this message, always include the lines below):

0. DB::Exception::Exception(DB::Exception::MessageMasked&&, int, bool) @ 0x000000000c6251d7 in /usr/bin/clickhouse
1. DB::Exception::Exception<String const&>(int, FormatStringHelperImpl<std::type_identity<String const&>::type>, String const&) @ 0x00000000074ae38d in /usr/bin/clickhouse
2. Coordination::Exception::Exception<String const&>(Coordination::Error, FormatStringHelperImpl<std::type_identity<String const&>::type>, String const&) @ 0x000000001276578a in /usr/bin/clickhouse
3. zkutil::ZooKeeperArgs::initFromKeeperSection(Poco::Util::AbstractConfiguration const&, String const&) @ 0x0000000013813c10 in /usr/bin/clickhouse
4. zkutil::ZooKeeperArgs::ZooKeeperArgs(Poco::Util::AbstractConfiguration const&, String const&) @ 0x000000001380f986 in /usr/bin/clickhouse
5. zkutil::ZooKeeper::ZooKeeper(Poco::Util::AbstractConfiguration const&, String const&, std::shared_ptr<DB::ZooKeeperLog>) @ 0x00000000137e48cc in /usr/bin/clickhouse
6. DB::Context::getZooKeeper() const @ 0x000000001164aa4a in /usr/bin/clickhouse
7. DB::DDLWorker::getAndSetZooKeeper() @ 0x00000000116cc32d in /usr/bin/clickhouse
8. DB::DDLWorker::initializeMainThread() @ 0x00000000116dca3b in /usr/bin/clickhouse
9. DB::DDLWorker::runMainThread() @ 0x00000000116c73c0 in /usr/bin/clickhouse
10. void std::__function::__policy_invoker<void ()>::__call_impl<std::__function::__default_alloc_func<ThreadFromGlobalPoolImpl<true>::ThreadFromGlobalPoolImpl<void (DB::DDLWorker::*)(), DB::DDLWorker*>(void (DB::DDLWorker::*&&)(), DB::DDLWorker*&&)::'lambda'(), void ()>>(std::__function::__policy_storage const*) @ 0x00000000116ddb4c in /usr/bin/clickhouse
11. void* std::__thread_proxy[abi:v15000]<std::tuple<std::unique_ptr<std::__thread_struct, std::default_delete<std::__thread_struct>>, void ThreadPoolImpl<std::thread>::scheduleImpl<void>(std::function<void ()>, Priority, std::optional<unsigned long>, bool)::'lambda0'()>>(void*) @ 0x000000000c706104 in /usr/bin/clickhouse
12. ? @ 0x00007d5a69da9609 in ?
13. ? @ 0x00007d5a69cce353 in ?
 (version 23.8.16.16 (official build))
2026.03.18 20:31:46.412285 [ 284 ] {} <Error> DDLWorker: ZooKeeper error: Code: 999. Coordination::Exception: Unknown key host in config file. (KEEPER_EXCEPTION), Stack trace (when copying this message, always include the lines below):

0. DB::Exception::Exception(DB::Exception::MessageMasked&&, int, bool) @ 0x000000000c6251d7 in /usr/bin/clickhouse
1. DB::Exception::Exception<String const&>(int, FormatStringHelperImpl<std::type_identity<String const&>::type>, String const&) @ 0x00000000074ae38d in /usr/bin/clickhouse
2. Coordination::Exception::Exception<String const&>(Coordination::Error, FormatStringHelperImpl<std::type_identity<String const&>::type>, String const&) @ 0x000000001276578a in /usr/bin/clickhouse
3. zkutil::ZooKeeperArgs::initFromKeeperSection(Poco::Util::AbstractConfiguration const&, String const&) @ 0x0000000013813c10 in /usr/bin/clickhouse
4. zkutil::ZooKeeperArgs::ZooKeeperArgs(Poco::Util::AbstractConfiguration const&, String const&) @ 0x000000001380f986 in /usr/bin/clickhouse
5. zkutil::ZooKeeper::ZooKeeper(Poco::Util::AbstractConfiguration const&, String const&, std::shared_ptr<DB::ZooKeeperLog>) @ 0x00000000137e48cc in /usr/bin/clickhouse
6. DB::Context::getZooKeeper() const @ 0x000000001164aa4a in /usr/bin/clickhouse
7. DB::DDLWorker::getAndSetZooKeeper() @ 0x00000000116cc32d in /usr/bin/clickhouse
8. DB::DDLWorker::initializeMainThread() @ 0x00000000116dca3b in /usr/bin/clickhouse
9. DB::DDLWorker::runMainThread() @ 0x00000000116c73c0 in /usr/bin/clickhouse
10. void std::__function::__policy_invoker<void ()>::__call_impl<std::__function::__default_alloc_func<ThreadFromGlobalPoolImpl<true>::ThreadFromGlobalPoolImpl<void (DB::DDLWorker::*)(), DB::DDLWorker*>(void (DB::DDLWorker::*&&)(), DB::DDLWorker*&&)::'lambda'(), void ()>>(std::__function::__policy_storage const*) @ 0x00000000116ddb4c in /usr/bin/clickhouse
11. void* std::__thread_proxy[abi:v15000]<std::tuple<std::unique_ptr<std::__thread_struct, std::default_delete<std::__thread_struct>>, void ThreadPoolImpl<std::thread>::scheduleImpl<void>(std::function<void ()>, Priority, std::optional<unsigned long>, bool)::'lambda0'()>>(void*) @ 0x000000000c706104 in /usr/bin/clickhouse
12. ? @ 0x00007d5a69da9609 in ?
13. ? @ 0x00007d5a69cce353 in ?
 (version 23.8.16.16 (official build)). Failed to start DDLWorker.
2026.03.18 20:31:46.412368 [ 284 ] {} <Error> virtual bool DB::DDLWorker::initializeMainThread(): Code: 999. Coordination::Exception: Unknown key host in config file. (KEEPER_EXCEPTION), Stack trace (when copying this message, always include the lines below):

0. DB::Exception::Exception(DB::Exception::MessageMasked&&, int, bool) @ 0x000000000c6251d7 in /usr/bin/clickhouse
1. DB::Exception::Exception<String const&>(int, FormatStringHelperImpl<std::type_identity<String const&>::type>, String const&) @ 0x00000000074ae38d in /usr/bin/clickhouse
2. Coordination::Exception::Exception<String const&>(Coordination::Error, FormatStringHelperImpl<std::type_identity<String const&>::type>, String const&) @ 0x000000001276578a in /usr/bin/clickhouse
3. zkutil::ZooKeeperArgs::initFromKeeperSection(Poco::Util::AbstractConfiguration const&, String const&) @ 0x0000000013813c10 in /usr/bin/clickhouse
4. zkutil::ZooKeeperArgs::ZooKeeperArgs(Poco::Util::AbstractConfiguration const&, String const&) @ 0x000000001380f986 in /usr/bin/clickhouse
5. zkutil::ZooKeeper::ZooKeeper(Poco::Util::AbstractConfiguration const&, String const&, std::shared_ptr<DB::ZooKeeperLog>) @ 0x00000000137e48cc in /usr/bin/clickhouse
6. DB::Context::getZooKeeper() const @ 0x000000001164aa4a in /usr/bin/clickhouse
7. DB::DDLWorker::getAndSetZooKeeper() @ 0x00000000116cc32d in /usr/bin/clickhouse
8. DB::DDLWorker::initializeMainThread() @ 0x00000000116dca3b in /usr/bin/clickhouse
9. DB::DDLWorker::runMainThread() @ 0x00000000116c73c0 in /usr/bin/clickhouse
10. void std::__function::__policy_invoker<void ()>::__call_impl<std::__function::__default_alloc_func<ThreadFromGlobalPoolImpl<true>::ThreadFromGlobalPoolImpl<void (DB::DDLWorker::*)(), DB::DDLWorker*>(void (DB::DDLWorker::*&&)(), DB::DDLWorker*&&)::'lambda'(), void ()>>(std::__function::__policy_storage const*) @ 0x00000000116ddb4c in /usr/bin/clickhouse
11. void* std::__thread_proxy[abi:v15000]<std::tuple<std::unique_ptr<std::__thread_struct, std::default_delete<std::__thread_struct>>, void ThreadPoolImpl<std::thread>::scheduleImpl<void>(std::function<void ()>, Priority, std::optional<unsigned long>, bool)::'lambda0'()>>(void*) @ 0x000000000c706104 in /usr/bin/clickhouse
12. ? @ 0x00007d5a69da9609 in ?
13. ? @ 0x00007d5a69cce353 in ?
 (version 23.8.16.16 (official build))
2026.03.18 20:31:50.954998 [ 111 ] {} <Debug> DNSResolver: Updating DNS cache
2026.03.18 20:31:50.956295 [ 111 ] {} <Debug> DNSResolver: Updated DNS cache
2026.03.18 20:31:51.414773 [ 284 ] {} <Error> DDLWorker: ZooKeeper error: Code: 999. Coordination::Exception: Unknown key host in config file. (KEEPER_EXCEPTION), Stack trace (when copying this message, always include the lines below):

0. DB::Exception::Exception(DB::Exception::MessageMasked&&, int, bool) @ 0x000000000c6251d7 in /usr/bin/clickhouse
1. DB::Exception::Exception<String const&>(int, FormatStringHelperImpl<std::type_identity<String const&>::type>, String const&) @ 0x00000000074ae38d in /usr/bin/clickhouse
2. Coordination::Exception::Exception<String const&>(Coordination::Error, FormatStringHelperImpl<std::type_identity<String const&>::type>, String const&) @ 0x000000001276578a in /usr/bin/clickhouse
3. zkutil::ZooKeeperArgs::initFromKeeperSection(Poco::Util::AbstractConfiguration const&, String const&) @ 0x0000000013813c10 in /usr/bin/clickhouse
4. zkutil::ZooKeeperArgs::ZooKeeperArgs(Poco::Util::AbstractConfiguration const&, String const&) @ 0x000000001380f986 in /usr/bin/clickhouse
5. zkutil::ZooKeeper::ZooKeeper(Poco::Util::AbstractConfiguration const&, String const&, std::shared_ptr<DB::ZooKeeperLog>) @ 0x00000000137e48cc in /usr/bin/clickhouse
6. DB::Context::getZooKeeper() const @ 0x000000001164aa4a in /usr/bin/clickhouse
7. DB::DDLWorker::getAndSetZooKeeper() @ 0x00000000116cc32d in /usr/bin/clickhouse
8. DB::DDLWorker::initializeMainThread() @ 0x00000000116dca3b in /usr/bin/clickhouse
9. DB::DDLWorker::runMainThread() @ 0x00000000116c73c0 in /usr/bin/clickhouse
10. void std::__function::__policy_invoker<void ()>::__call_impl<std::__function::__default_alloc_func<ThreadFromGlobalPoolImpl<true>::ThreadFromGlobalPoolImpl<void (DB::DDLWorker::*)(), DB::DDLWorker*>(void (DB::DDLWorker::*&&)(), DB::DDLWorker*&&)::'lambda'(), void ()>>(std::__function::__policy_storage const*) @ 0x00000000116ddb4c in /usr/bin/clickhouse
11. void* std::__thread_proxy[abi:v15000]<std::tuple<std::unique_ptr<std::__thread_struct, std::default_delete<std::__thread_struct>>, void ThreadPoolImpl<std::thread>::scheduleImpl<void>(std::function<void ()>, Priority, std::optional<unsigned long>, bool)::'lambda0'()>>(void*) @ 0x000000000c706104 in /usr/bin/clickhouse
12. ? @ 0x00007d5a69da9609 in ?
13. ? @ 0x00007d5a69cce353 in ?
 (version 23.8.16.16 (official build)). Failed to start DDLWorker.
2026.03.18 20:31:51.414855 [ 284 ] {} <Error> virtual bool DB::DDLWorker::initializeMainThread(): Code: 999. Coordination::Exception: Unknown key host in config file. (KEEPER_EXCEPTION), Stack trace (when copying this message, always include the lines below):

0. DB::Exception::Exception(DB::Exception::MessageMasked&&, int, bool) @ 0x000000000c6251d7 in /usr/bin/clickhouse
1. DB::Exception::Exception<String const&>(int, FormatStringHelperImpl<std::type_identity<String const&>::type>, String const&) @ 0x00000000074ae38d in /usr/bin/clickhouse
2. Coordination::Exception::Exception<String const&>(Coordination::Error, FormatStringHelperImpl<std::type_identity<String const&>::type>, String const&) @ 0x000000001276578a in /usr/bin/clickhouse
3. zkutil::ZooKeeperArgs::initFromKeeperSection(Poco::Util::AbstractConfiguration const&, String const&) @ 0x0000000013813c10 in /usr/bin/clickhouse
4. zkutil::ZooKeeperArgs::ZooKeeperArgs(Poco::Util::AbstractConfiguration const&, String const&) @ 0x000000001380f986 in /usr/bin/clickhouse
5. zkutil::ZooKeeper::ZooKeeper(Poco::Util::AbstractConfiguration const&, String const&, std::shared_ptr<DB::ZooKeeperLog>) @ 0x00000000137e48cc in /usr/bin/clickhouse
6. DB::Context::getZooKeeper() const @ 0x000000001164aa4a in /usr/bin/clickhouse
7. DB::DDLWorker::getAndSetZooKeeper() @ 0x00000000116cc32d in /usr/bin/clickhouse
8. DB::DDLWorker::initializeMainThread() @ 0x00000000116dca3b in /usr/bin/clickhouse
9. DB::DDLWorker::runMainThread() @ 0x00000000116c73c0 in /usr/bin/clickhouse
10. void std::__function::__policy_invoker<void ()>::__call_impl<std::__function::__default_alloc_func<ThreadFromGlobalPoolImpl<true>::ThreadFromGlobalPoolImpl<void (DB::DDLWorker::*)(), DB::DDLWorker*>(void (DB::DDLWorker::*&&)(), DB::DDLWorker*&&)::'lambda'(), void ()>>(std::__function::__policy_storage const*) @ 0x00000000116ddb4c in /usr/bin/clickhouse
11. void* std::__thread_proxy[abi:v15000]<std::tuple<std::unique_ptr<std::__thread_struct, std::default_delete<std::__thread_struct>>, void ThreadPoolImpl<std::thread>::scheduleImpl<void>(std::function<void ()>, Priority, std::optional<unsigned long>, bool)::'lambda0'()>>(void*) @ 0x000000000c706104 in /usr/bin/clickhouse
12. ? @ 0x00007d5a69da9609 in ?
13. ? @ 0x00007d5a69cce353 in ?
 (version 23.8.16.16 (official build))
2026.03.18 20:31:56.415409 [ 284 ] {} <Error> DDLWorker: ZooKeeper error: Code: 999. Coordination::Exception: Unknown key host in config file. (KEEPER_EXCEPTION), Stack trace (when copying this message, always include the lines below):

0. DB::Exception::Exception(DB::Exception::MessageMasked&&, int, bool) @ 0x000000000c6251d7 in /usr/bin/clickhouse
1. DB::Exception::Exception<String const&>(int, FormatStringHelperImpl<std::type_identity<String const&>::type>, String const&) @ 0x00000000074ae38d in /usr/bin/clickhouse
2. Coordination::Exception::Exception<String const&>(Coordination::Error, FormatStringHelperImpl<std::type_identity<String const&>::type>, String const&) @ 0x000000001276578a in /usr/bin/clickhouse
3. zkutil::ZooKeeperArgs::initFromKeeperSection(Poco::Util::AbstractConfiguration const&, String const&) @ 0x0000000013813c10 in /usr/bin/clickhouse
4. zkutil::ZooKeeperArgs::ZooKeeperArgs(Poco::Util::AbstractConfiguration const&, String const&) @ 0x000000001380f986 in /usr/bin/clickhouse
5. zkutil::ZooKeeper::ZooKeeper(Poco::Util::AbstractConfiguration const&, String const&, std::shared_ptr<DB::ZooKeeperLog>) @ 0x00000000137e48cc in /usr/bin/clickhouse
6. DB::Context::getZooKeeper() const @ 0x000000001164aa4a in /usr/bin/clickhouse
7. DB::DDLWorker::getAndSetZooKeeper() @ 0x00000000116cc32d in /usr/bin/clickhouse
8. DB::DDLWorker::initializeMainThread() @ 0x00000000116dca3b in /usr/bin/clickhouse
9. DB::DDLWorker::runMainThread() @ 0x00000000116c73c0 in /usr/bin/clickhouse
10. void std::__function::__policy_invoker<void ()>::__call_impl<std::__function::__default_alloc_func<ThreadFromGlobalPoolImpl<true>::ThreadFromGlobalPoolImpl<void (DB::DDLWorker::*)(), DB::DDLWorker*>(void (DB::DDLWorker::*&&)(), DB::DDLWorker*&&)::'lambda'(), void ()>>(std::__function::__policy_storage const*) @ 0x00000000116ddb4c in /usr/bin/clickhouse
11. void* std::__thread_proxy[abi:v15000]<std::tuple<std::unique_ptr<std::__thread_struct, std::default_delete<std::__thread_struct>>, void ThreadPoolImpl<std::thread>::scheduleImpl<void>(std::function<void ()>, Priority, std::optional<unsigned long>, bool)::'lambda0'()>>(void*) @ 0x000000000c706104 in /usr/bin/clickhouse
12. ? @ 0x00007d5a69da9609 in ?
13. ? @ 0x00007d5a69cce353 in ?
 (version 23.8.16.16 (official build)). Failed to start DDLWorker.
2026.03.18 20:31:56.415460 [ 284 ] {} <Error> virtual bool DB::DDLWorker::initializeMainThread(): Code: 999. Coordination::Exception: Unknown key host in config file. (KEEPER_EXCEPTION), Stack trace (when copying this message, always include the lines below):

0. DB::Exception::Exception(DB::Exception::MessageMasked&&, int, bool) @ 0x000000000c6251d7 in /usr/bin/clickhouse
1. DB::Exception::Exception<String const&>(int, FormatStringHelperImpl<std::type_identity<String const&>::type>, String const&) @ 0x00000000074ae38d in /usr/bin/clickhouse
2. Coordination::Exception::Exception<String const&>(Coordination::Error, FormatStringHelperImpl<std::type_identity<String const&>::type>, String const&) @ 0x000000001276578a in /usr/bin/clickhouse
3. zkutil::ZooKeeperArgs::initFromKeeperSection(Poco::Util::AbstractConfiguration const&, String const&) @ 0x0000000013813c10 in /usr/bin/clickhouse
4. zkutil::ZooKeeperArgs::ZooKeeperArgs(Poco::Util::AbstractConfiguration const&, String const&) @ 0x000000001380f986 in /usr/bin/clickhouse
5. zkutil::ZooKeeper::ZooKeeper(Poco::Util::AbstractConfiguration const&, String const&, std::shared_ptr<DB::ZooKeeperLog>) @ 0x00000000137e48cc in /usr/bin/clickhouse
6. DB::Context::getZooKeeper() const @ 0x000000001164aa4a in /usr/bin/clickhouse
7. DB::DDLWorker::getAndSetZooKeeper() @ 0x00000000116cc32d in /usr/bin/clickhouse
8. DB::DDLWorker::initializeMainThread() @ 0x00000000116dca3b in /usr/bin/clickhouse
9. DB::DDLWorker::runMainThread() @ 0x00000000116c73c0 in /usr/bin/clickhouse
10. void std::__function::__policy_invoker<void ()>::__call_impl<std::__function::__default_alloc_func<ThreadFromGlobalPoolImpl<true>::ThreadFromGlobalPoolImpl<void (DB::DDLWorker::*)(), DB::DDLWorker*>(void (DB::DDLWorker::*&&)(), DB::DDLWorker*&&)::'lambda'(), void ()>>(std::__function::__policy_storage const*) @ 0x00000000116ddb4c in /usr/bin/clickhouse
11. void* std::__thread_proxy[abi:v15000]<std::tuple<std::unique_ptr<std::__thread_struct, std::default_delete<std::__thread_struct>>, void ThreadPoolImpl<std::thread>::scheduleImpl<void>(std::function<void ()>, Priority, std::optional<unsigned long>, bool)::'lambda0'()>>(void*) @ 0x000000000c706104 in /usr/bin/clickhouse
12. ? @ 0x00007d5a69da9609 in ?
13. ? @ 0x00007d5a69cce353 in ?
 (version 23.8.16.16 (official build))
2026.03.18 20:32:01.421346 [ 284 ] {} <Error> DDLWorker: ZooKeeper error: Code: 999. Coordination::Exception: Unknown key host in config file. (KEEPER_EXCEPTION), Stack trace (when copying this message, always include the lines below):

0. DB::Exception::Exception(DB::Exception::MessageMasked&&, int, bool) @ 0x000000000c6251d7 in /usr/bin/clickhouse
1. DB::Exception::Exception<String const&>(int, FormatStringHelperImpl<std::type_identity<String const&>::type>, String const&) @ 0x00000000074ae38d in /usr/bin/clickhouse
2. Coordination::Exception::Exception<String const&>(Coordination::Error, FormatStringHelperImpl<std::type_identity<String const&>::type>, String const&) @ 0x000000001276578a in /usr/bin/clickhouse
3. zkutil::ZooKeeperArgs::initFromKeeperSection(Poco::Util::AbstractConfiguration const&, String const&) @ 0x0000000013813c10 in /usr/bin/clickhouse
4. zkutil::ZooKeeperArgs::ZooKeeperArgs(Poco::Util::AbstractConfiguration const&, String const&) @ 0x000000001380f986 in /usr/bin/clickhouse
5. zkutil::ZooKeeper::ZooKeeper(Poco::Util::AbstractConfiguration const&, String const&, std::shared_ptr<DB::ZooKeeperLog>) @ 0x00000000137e48cc in /usr/bin/clickhouse
6. DB::Context::getZooKeeper() const @ 0x000000001164aa4a in /usr/bin/clickhouse
7. DB::DDLWorker::getAndSetZooKeeper() @ 0x00000000116cc32d in /usr/bin/clickhouse
8. DB::DDLWorker::initializeMainThread() @ 0x00000000116dca3b in /usr/bin/clickhouse
9. DB::DDLWorker::runMainThread() @ 0x00000000116c73c0 in /usr/bin/clickhouse
10. void std::__function::__policy_invoker<void ()>::__call_impl<std::__function::__default_alloc_func<ThreadFromGlobalPoolImpl<true>::ThreadFromGlobalPoolImpl<void (DB::DDLWorker::*)(), DB::DDLWorker*>(void (DB::DDLWorker::*&&)(), DB::DDLWorker*&&)::'lambda'(), void ()>>(std::__function::__policy_storage const*) @ 0x00000000116ddb4c in /usr/bin/clickhouse
11. void* std::__thread_proxy[abi:v15000]<std::tuple<std::unique_ptr<std::__thread_struct, std::default_delete<std::__thread_struct>>, void ThreadPoolImpl<std::thread>::scheduleImpl<void>(std::function<void ()>, Priority, std::optional<unsigned long>, bool)::'lambda0'()>>(void*) @ 0x000000000c706104 in /usr/bin/clickhouse
12. ? @ 0x00007d5a69da9609 in ?
13. ? @ 0x00007d5a69cce353 in ?
 (version 23.8.16.16 (official build)). Failed to start DDLWorker.
2026.03.18 20:32:01.421444 [ 284 ] {} <Error> virtual bool DB::DDLWorker::initializeMainThread(): Code: 999. Coordination::Exception: Unknown key host in config file. (KEEPER_EXCEPTION), Stack trace (when copying this message, always include the lines below):

0. DB::Exception::Exception(DB::Exception::MessageMasked&&, int, bool) @ 0x000000000c6251d7 in /usr/bin/clickhouse
1. DB::Exception::Exception<String const&>(int, FormatStringHelperImpl<std::type_identity<String const&>::type>, String const&) @ 0x00000000074ae38d in /usr/bin/clickhouse
2. Coordination::Exception::Exception<String const&>(Coordination::Error, FormatStringHelperImpl<std::type_identity<String const&>::type>, String const&) @ 0x000000001276578a in /usr/bin/clickhouse
3. zkutil::ZooKeeperArgs::initFromKeeperSection(Poco::Util::AbstractConfiguration const&, String const&) @ 0x0000000013813c10 in /usr/bin/clickhouse
4. zkutil::ZooKeeperArgs::ZooKeeperArgs(Poco::Util::AbstractConfiguration const&, String const&) @ 0x000000001380f986 in /usr/bin/clickhouse
5. zkutil::ZooKeeper::ZooKeeper(Poco::Util::AbstractConfiguration const&, String const&, std::shared_ptr<DB::ZooKeeperLog>) @ 0x00000000137e48cc in /usr/bin/clickhouse
6. DB::Context::getZooKeeper() const @ 0x000000001164aa4a in /usr/bin/clickhouse
7. DB::DDLWorker::getAndSetZooKeeper() @ 0x00000000116cc32d in /usr/bin/clickhouse
8. DB::DDLWorker::initializeMainThread() @ 0x00000000116dca3b in /usr/bin/clickhouse
9. DB::DDLWorker::runMainThread() @ 0x00000000116c73c0 in /usr/bin/clickhouse
10. void std::__function::__policy_invoker<void ()>::__call_impl<std::__function::__default_alloc_func<ThreadFromGlobalPoolImpl<true>::ThreadFromGlobalPoolImpl<void (DB::DDLWorker::*)(), DB::DDLWorker*>(void (DB::DDLWorker::*&&)(), DB::DDLWorker*&&)::'lambda'(), void ()>>(std::__function::__policy_storage const*) @ 0x00000000116ddb4c in /usr/bin/clickhouse
11. void* std::__thread_proxy[abi:v15000]<std::tuple<std::unique_ptr<std::__thread_struct, std::default_delete<std::__thread_struct>>, void ThreadPoolImpl<std::thread>::scheduleImpl<void>(std::function<void ()>, Priority, std::optional<unsigned long>, bool)::'lambda0'()>>(void*) @ 0x000000000c706104 in /usr/bin/clickhouse
12. ? @ 0x00007d5a69da9609 in ?
13. ? @ 0x00007d5a69cce353 in ?
 (version 23.8.16.16 (official build))
2026.03.18 20:32:05.959759 [ 118 ] {} <Debug> DNSResolver: Updating DNS cache
2026.03.18 20:32:05.961306 [ 118 ] {} <Debug> DNSResolver: Updated DNS cache
2026.03.18 20:32:06.421775 [ 284 ] {} <Error> DDLWorker: ZooKeeper error: Code: 999. Coordination::Exception: Unknown key host in config file. (KEEPER_EXCEPTION), Stack trace (when copying this message, always include the lines below):

0. DB::Exception::Exception(DB::Exception::MessageMasked&&, int, bool) @ 0x000000000c6251d7 in /usr/bin/clickhouse
1. DB::Exception::Exception<String const&>(int, FormatStringHelperImpl<std::type_identity<String const&>::type>, String const&) @ 0x00000000074ae38d in /usr/bin/clickhouse
2. Coordination::Exception::Exception<String const&>(Coordination::Error, FormatStringHelperImpl<std::type_identity<String const&>::type>, String const&) @ 0x000000001276578a in /usr/bin/clickhouse
3. zkutil::ZooKeeperArgs::initFromKeeperSection(Poco::Util::AbstractConfiguration const&, String const&) @ 0x0000000013813c10 in /usr/bin/clickhouse
4. zkutil::ZooKeeperArgs::ZooKeeperArgs(Poco::Util::AbstractConfiguration const&, String const&) @ 0x000000001380f986 in /usr/bin/clickhouse
5. zkutil::ZooKeeper::ZooKeeper(Poco::Util::AbstractConfiguration const&, String const&, std::shared_ptr<DB::ZooKeeperLog>) @ 0x00000000137e48cc in /usr/bin/clickhouse
6. DB::Context::getZooKeeper() const @ 0x000000001164aa4a in /usr/bin/clickhouse
7. DB::DDLWorker::getAndSetZooKeeper() @ 0x00000000116cc32d in /usr/bin/clickhouse
8. DB::DDLWorker::initializeMainThread() @ 0x00000000116dca3b in /usr/bin/clickhouse
9. DB::DDLWorker::runMainThread() @ 0x00000000116c73c0 in /usr/bin/clickhouse
10. void std::__function::__policy_invoker<void ()>::__call_impl<std::__function::__default_alloc_func<ThreadFromGlobalPoolImpl<true>::ThreadFromGlobalPoolImpl<void (DB::DDLWorker::*)(), DB::DDLWorker*>(void (DB::DDLWorker::*&&)(), DB::DDLWorker*&&)::'lambda'(), void ()>>(std::__function::__policy_storage const*) @ 0x00000000116ddb4c in /usr/bin/clickhouse
11. void* std::__thread_proxy[abi:v15000]<std::tuple<std::unique_ptr<std::__thread_struct, std::default_delete<std::__thread_struct>>, void ThreadPoolImpl<std::thread>::scheduleImpl<void>(std::function<void ()>, Priority, std::optional<unsigned long>, bool)::'lambda0'()>>(void*) @ 0x000000000c706104 in /usr/bin/clickhouse
12. ? @ 0x00007d5a69da9609 in ?
13. ? @ 0x00007d5a69cce353 in ?
 (version 23.8.16.16 (official build)). Failed to start DDLWorker.
2026.03.18 20:32:06.422150 [ 284 ] {} <Error> virtual bool DB::DDLWorker::initializeMainThread(): Code: 999. Coordination::Exception: Unknown key host in config file. (KEEPER_EXCEPTION), Stack trace (when copying this message, always include the lines below):

0. DB::Exception::Exception(DB::Exception::MessageMasked&&, int, bool) @ 0x000000000c6251d7 in /usr/bin/clickhouse
1. DB::Exception::Exception<String const&>(int, FormatStringHelperImpl<std::type_identity<String const&>::type>, String const&) @ 0x00000000074ae38d in /usr/bin/clickhouse
2. Coordination::Exception::Exception<String const&>(Coordination::Error, FormatStringHelperImpl<std::type_identity<String const&>::type>, String const&) @ 0x000000001276578a in /usr/bin/clickhouse
3. zkutil::ZooKeeperArgs::initFromKeeperSection(Poco::Util::AbstractConfiguration const&, String const&) @ 0x0000000013813c10 in /usr/bin/clickhouse
4. zkutil::ZooKeeperArgs::ZooKeeperArgs(Poco::Util::AbstractConfiguration const&, String const&) @ 0x000000001380f986 in /usr/bin/clickhouse
5. zkutil::ZooKeeper::ZooKeeper(Poco::Util::AbstractConfiguration const&, String const&, std::shared_ptr<DB::ZooKeeperLog>) @ 0x00000000137e48cc in /usr/bin/clickhouse
6. DB::Context::getZooKeeper() const @ 0x000000001164aa4a in /usr/bin/clickhouse
7. DB::DDLWorker::getAndSetZooKeeper() @ 0x00000000116cc32d in /usr/bin/clickhouse
8. DB::DDLWorker::initializeMainThread() @ 0x00000000116dca3b in /usr/bin/clickhouse
9. DB::DDLWorker::runMainThread() @ 0x00000000116c73c0 in /usr/bin/clickhouse
10. void std::__function::__policy_invoker<void ()>::__call_impl<std::__function::__default_alloc_func<ThreadFromGlobalPoolImpl<true>::ThreadFromGlobalPoolImpl<void (DB::DDLWorker::*)(), DB::DDLWorker*>(void (DB::DDLWorker::*&&)(), DB::DDLWorker*&&)::'lambda'(), void ()>>(std::__function::__policy_storage const*) @ 0x00000000116ddb4c in /usr/bin/clickhouse
11. void* std::__thread_proxy[abi:v15000]<std::tuple<std::unique_ptr<std::__thread_struct, std::default_delete<std::__thread_struct>>, void ThreadPoolImpl<std::thread>::scheduleImpl<void>(std::function<void ()>, Priority, std::optional<unsigned long>, bool)::'lambda0'()>>(void*) @ 0x000000000c706104 in /usr/bin/clickhouse
12. ? @ 0x00007d5a69da9609 in ?
13. ? @ 0x00007d5a69cce353 in ?
 (version 23.8.16.16 (official build))
2026.03.18 20:32:11.422769 [ 284 ] {} <Error> DDLWorker: ZooKeeper error: Code: 999. Coordination::Exception: Unknown key host in config file. (KEEPER_EXCEPTION), Stack trace (when copying this message, always include the lines below):

0. DB::Exception::Exception(DB::Exception::MessageMasked&&, int, bool) @ 0x000000000c6251d7 in /usr/bin/clickhouse
1. DB::Exception::Exception<String const&>(int, FormatStringHelperImpl<std::type_identity<String const&>::type>, String const&) @ 0x00000000074ae38d in /usr/bin/clickhouse
2. Coordination::Exception::Exception<String const&>(Coordination::Error, FormatStringHelperImpl<std::type_identity<String const&>::type>, String const&) @ 0x000000001276578a in /usr/bin/clickhouse
3. zkutil::ZooKeeperArgs::initFromKeeperSection(Poco::Util::AbstractConfiguration const&, String const&) @ 0x0000000013813c10 in /usr/bin/clickhouse
4. zkutil::ZooKeeperArgs::ZooKeeperArgs(Poco::Util::AbstractConfiguration const&, String const&) @ 0x000000001380f986 in /usr/bin/clickhouse
5. zkutil::ZooKeeper::ZooKeeper(Poco::Util::AbstractConfiguration const&, String const&, std::shared_ptr<DB::ZooKeeperLog>) @ 0x00000000137e48cc in /usr/bin/clickhouse
6. DB::Context::getZooKeeper() const @ 0x000000001164aa4a in /usr/bin/clickhouse
7. DB::DDLWorker::getAndSetZooKeeper() @ 0x00000000116cc32d in /usr/bin/clickhouse
8. DB::DDLWorker::initializeMainThread() @ 0x00000000116dca3b in /usr/bin/clickhouse
9. DB::DDLWorker::runMainThread() @ 0x00000000116c73c0 in /usr/bin/clickhouse
10. void std::__function::__policy_invoker<void ()>::__call_impl<std::__function::__default_alloc_func<ThreadFromGlobalPoolImpl<true>::ThreadFromGlobalPoolImpl<void (DB::DDLWorker::*)(), DB::DDLWorker*>(void (DB::DDLWorker::*&&)(), DB::DDLWorker*&&)::'lambda'(), void ()>>(std::__function::__policy_storage const*) @ 0x00000000116ddb4c in /usr/bin/clickhouse
11. void* std::__thread_proxy[abi:v15000]<std::tuple<std::unique_ptr<std::__thread_struct, std::default_delete<std::__thread_struct>>, void ThreadPoolImpl<std::thread>::scheduleImpl<void>(std::function<void ()>, Priority, std::optional<unsigned long>, bool)::'lambda0'()>>(void*) @ 0x000000000c706104 in /usr/bin/clickhouse
12. ? @ 0x00007d5a69da9609 in ?
13. ? @ 0x00007d5a69cce353 in ?
 (version 23.8.16.16 (official build)). Failed to start DDLWorker.
2026.03.18 20:32:11.422852 [ 284 ] {} <Error> virtual bool DB::DDLWorker::initializeMainThread(): Code: 999. Coordination::Exception: Unknown key host in config file. (KEEPER_EXCEPTION), Stack trace (when copying this message, always include the lines below):

0. DB::Exception::Exception(DB::Exception::MessageMasked&&, int, bool) @ 0x000000000c6251d7 in /usr/bin/clickhouse
1. DB::Exception::Exception<String const&>(int, FormatStringHelperImpl<std::type_identity<String const&>::type>, String const&) @ 0x00000000074ae38d in /usr/bin/clickhouse
2. Coordination::Exception::Exception<String const&>(Coordination::Error, FormatStringHelperImpl<std::type_identity<String const&>::type>, String const&) @ 0x000000001276578a in /usr/bin/clickhouse
3. zkutil::ZooKeeperArgs::initFromKeeperSection(Poco::Util::AbstractConfiguration const&, String const&) @ 0x0000000013813c10 in /usr/bin/clickhouse
4. zkutil::ZooKeeperArgs::ZooKeeperArgs(Poco::Util::AbstractConfiguration const&, String const&) @ 0x000000001380f986 in /usr/bin/clickhouse
5. zkutil::ZooKeeper::ZooKeeper(Poco::Util::AbstractConfiguration const&, String const&, std::shared_ptr<DB::ZooKeeperLog>) @ 0x00000000137e48cc in /usr/bin/clickhouse
6. DB::Context::getZooKeeper() const @ 0x000000001164aa4a in /usr/bin/clickhouse
7. DB::DDLWorker::getAndSetZooKeeper() @ 0x00000000116cc32d in /usr/bin/clickhouse
8. DB::DDLWorker::initializeMainThread() @ 0x00000000116dca3b in /usr/bin/clickhouse
9. DB::DDLWorker::runMainThread() @ 0x00000000116c73c0 in /usr/bin/clickhouse
10. void std::__function::__policy_invoker<void ()>::__call_impl<std::__function::__default_alloc_func<ThreadFromGlobalPoolImpl<true>::ThreadFromGlobalPoolImpl<void (DB::DDLWorker::*)(), DB::DDLWorker*>(void (DB::DDLWorker::*&&)(), DB::DDLWorker*&&)::'lambda'(), void ()>>(std::__function::__policy_storage const*) @ 0x00000000116ddb4c in /usr/bin/clickhouse
11. void* std::__thread_proxy[abi:v15000]<std::tuple<std::unique_ptr<std::__thread_struct, std::default_delete<std::__thread_struct>>, void ThreadPoolImpl<std::thread>::scheduleImpl<void>(std::function<void ()>, Priority, std::optional<unsigned long>, bool)::'lambda0'()>>(void*) @ 0x000000000c706104 in /usr/bin/clickhouse
12. ? @ 0x00007d5a69da9609 in ?
13. ? @ 0x00007d5a69cce353 in ?
 (version 23.8.16.16 (official build))
2026.03.18 20:32:16.423929 [ 284 ] {} <Error> DDLWorker: ZooKeeper error: Code: 999. Coordination::Exception: Unknown key host in config file. (KEEPER_EXCEPTION), Stack trace (when copying this message, always include the lines below):

0. DB::Exception::Exception(DB::Exception::MessageMasked&&, int, bool) @ 0x000000000c6251d7 in /usr/bin/clickhouse
1. DB::Exception::Exception<String const&>(int, FormatStringHelperImpl<std::type_identity<String const&>::type>, String const&) @ 0x00000000074ae38d in /usr/bin/clickhouse
2. Coordination::Exception::Exception<String const&>(Coordination::Error, FormatStringHelperImpl<std::type_identity<String const&>::type>, String const&) @ 0x000000001276578a in /usr/bin/clickhouse
3. zkutil::ZooKeeperArgs::initFromKeeperSection(Poco::Util::AbstractConfiguration const&, String const&) @ 0x0000000013813c10 in /usr/bin/clickhouse
4. zkutil::ZooKeeperArgs::ZooKeeperArgs(Poco::Util::AbstractConfiguration const&, String const&) @ 0x000000001380f986 in /usr/bin/clickhouse
5. zkutil::ZooKeeper::ZooKeeper(Poco::Util::AbstractConfiguration const&, String const&, std::shared_ptr<DB::ZooKeeperLog>) @ 0x00000000137e48cc in /usr/bin/clickhouse
6. DB::Context::getZooKeeper() const @ 0x000000001164aa4a in /usr/bin/clickhouse
7. DB::DDLWorker::getAndSetZooKeeper() @ 0x00000000116cc32d in /usr/bin/clickhouse
8. DB::DDLWorker::initializeMainThread() @ 0x00000000116dca3b in /usr/bin/clickhouse
9. DB::DDLWorker::runMainThread() @ 0x00000000116c73c0 in /usr/bin/clickhouse
10. void std::__function::__policy_invoker<void ()>::__call_impl<std::__function::__default_alloc_func<ThreadFromGlobalPoolImpl<true>::ThreadFromGlobalPoolImpl<void (DB::DDLWorker::*)(), DB::DDLWorker*>(void (DB::DDLWorker::*&&)(), DB::DDLWorker*&&)::'lambda'(), void ()>>(std::__function::__policy_storage const*) @ 0x00000000116ddb4c in /usr/bin/clickhouse
11. void* std::__thread_proxy[abi:v15000]<std::tuple<std::unique_ptr<std::__thread_struct, std::default_delete<std::__thread_struct>>, void ThreadPoolImpl<std::thread>::scheduleImpl<void>(std::function<void ()>, Priority, std::optional<unsigned long>, bool)::'lambda0'()>>(void*) @ 0x000000000c706104 in /usr/bin/clickhouse
12. ? @ 0x00007d5a69da9609 in ?
13. ? @ 0x00007d5a69cce353 in ?
 (version 23.8.16.16 (official build)). Failed to start DDLWorker.
2026.03.18 20:32:16.424013 [ 284 ] {} <Error> virtual bool DB::DDLWorker::initializeMainThread(): Code: 999. Coordination::Exception: Unknown key host in config file. (KEEPER_EXCEPTION), Stack trace (when copying this message, always include the lines below):

0. DB::Exception::Exception(DB::Exception::MessageMasked&&, int, bool) @ 0x000000000c6251d7 in /usr/bin/clickhouse
1. DB::Exception::Exception<String const&>(int, FormatStringHelperImpl<std::type_identity<String const&>::type>, String const&) @ 0x00000000074ae38d in /usr/bin/clickhouse
2. Coordination::Exception::Exception<String const&>(Coordination::Error, FormatStringHelperImpl<std::type_identity<String const&>::type>, String const&) @ 0x000000001276578a in /usr/bin/clickhouse
3. zkutil::ZooKeeperArgs::initFromKeeperSection(Poco::Util::AbstractConfiguration const&, String const&) @ 0x0000000013813c10 in /usr/bin/clickhouse
4. zkutil::ZooKeeperArgs::ZooKeeperArgs(Poco::Util::AbstractConfiguration const&, String const&) @ 0x000000001380f986 in /usr/bin/clickhouse
5. zkutil::ZooKeeper::ZooKeeper(Poco::Util::AbstractConfiguration const&, String const&, std::shared_ptr<DB::ZooKeeperLog>) @ 0x00000000137e48cc in /usr/bin/clickhouse
6. DB::Context::getZooKeeper() const @ 0x000000001164aa4a in /usr/bin/clickhouse
7. DB::DDLWorker::getAndSetZooKeeper() @ 0x00000000116cc32d in /usr/bin/clickhouse
8. DB::DDLWorker::initializeMainThread() @ 0x00000000116dca3b in /usr/bin/clickhouse
9. DB::DDLWorker::runMainThread() @ 0x00000000116c73c0 in /usr/bin/clickhouse
10. void std::__function::__policy_invoker<void ()>::__call_impl<std::__function::__default_alloc_func<ThreadFromGlobalPoolImpl<true>::ThreadFromGlobalPoolImpl<void (DB::DDLWorker::*)(), DB::DDLWorker*>(void (DB::DDLWorker::*&&)(), DB::DDLWorker*&&)::'lambda'(), void ()>>(std::__function::__policy_storage const*) @ 0x00000000116ddb4c in /usr/bin/clickhouse
11. void* std::__thread_proxy[abi:v15000]<std::tuple<std::unique_ptr<std::__thread_struct, std::default_delete<std::__thread_struct>>, void ThreadPoolImpl<std::thread>::scheduleImpl<void>(std::function<void ()>, Priority, std::optional<unsigned long>, bool)::'lambda0'()>>(void*) @ 0x000000000c706104 in /usr/bin/clickhouse
12. ? @ 0x00007d5a69da9609 in ?
13. ? @ 0x00007d5a69cce353 in ?
 (version 23.8.16.16 (official build))
2026.03.18 20:32:20.962568 [ 91 ] {} <Debug> DNSResolver: Updating DNS cache
2026.03.18 20:32:20.963915 [ 91 ] {} <Debug> DNSResolver: Updated DNS cache
2026.03.18 20:32:21.424353 [ 284 ] {} <Error> DDLWorker: ZooKeeper error: Code: 999. Coordination::Exception: Unknown key host in config file. (KEEPER_EXCEPTION), Stack trace (when copying this message, always include the lines below):

0. DB::Exception::Exception(DB::Exception::MessageMasked&&, int, bool) @ 0x000000000c6251d7 in /usr/bin/clickhouse
1. DB::Exception::Exception<String const&>(int, FormatStringHelperImpl<std::type_identity<String const&>::type>, String const&) @ 0x00000000074ae38d in /usr/bin/clickhouse
2. Coordination::Exception::Exception<String const&>(Coordination::Error, FormatStringHelperImpl<std::type_identity<String const&>::type>, String const&) @ 0x000000001276578a in /usr/bin/clickhouse
3. zkutil::ZooKeeperArgs::initFromKeeperSection(Poco::Util::AbstractConfiguration const&, String const&) @ 0x0000000013813c10 in /usr/bin/clickhouse
4. zkutil::ZooKeeperArgs::ZooKeeperArgs(Poco::Util::AbstractConfiguration const&, String const&) @ 0x000000001380f986 in /usr/bin/clickhouse
5. zkutil::ZooKeeper::ZooKeeper(Poco::Util::AbstractConfiguration const&, String const&, std::shared_ptr<DB::ZooKeeperLog>) @ 0x00000000137e48cc in /usr/bin/clickhouse
6. DB::Context::getZooKeeper() const @ 0x000000001164aa4a in /usr/bin/clickhouse
7. DB::DDLWorker::getAndSetZooKeeper() @ 0x00000000116cc32d in /usr/bin/clickhouse
8. DB::DDLWorker::initializeMainThread() @ 0x00000000116dca3b in /usr/bin/clickhouse
9. DB::DDLWorker::runMainThread() @ 0x00000000116c73c0 in /usr/bin/clickhouse
10. void std::__function::__policy_invoker<void ()>::__call_impl<std::__function::__default_alloc_func<ThreadFromGlobalPoolImpl<true>::ThreadFromGlobalPoolImpl<void (DB::DDLWorker::*)(), DB::DDLWorker*>(void (DB::DDLWorker::*&&)(), DB::DDLWorker*&&)::'lambda'(), void ()>>(std::__function::__policy_storage const*) @ 0x00000000116ddb4c in /usr/bin/clickhouse
11. void* std::__thread_proxy[abi:v15000]<std::tuple<std::unique_ptr<std::__thread_struct, std::default_delete<std::__thread_struct>>, void ThreadPoolImpl<std::thread>::scheduleImpl<void>(std::function<void ()>, Priority, std::optional<unsigned long>, bool)::'lambda0'()>>(void*) @ 0x000000000c706104 in /usr/bin/clickhouse
12. ? @ 0x00007d5a69da9609 in ?
13. ? @ 0x00007d5a69cce353 in ?
 (version 23.8.16.16 (official build)). Failed to start DDLWorker.
2026.03.18 20:32:21.424420 [ 284 ] {} <Error> virtual bool DB::DDLWorker::initializeMainThread(): Code: 999. Coordination::Exception: Unknown key host in config file. (KEEPER_EXCEPTION), Stack trace (when copying this message, always include the lines below):

0. DB::Exception::Exception(DB::Exception::MessageMasked&&, int, bool) @ 0x000000000c6251d7 in /usr/bin/clickhouse
1. DB::Exception::Exception<String const&>(int, FormatStringHelperImpl<std::type_identity<String const&>::type>, String const&) @ 0x00000000074ae38d in /usr/bin/clickhouse
2. Coordination::Exception::Exception<String const&>(Coordination::Error, FormatStringHelperImpl<std::type_identity<String const&>::type>, String const&) @ 0x000000001276578a in /usr/bin/clickhouse
3. zkutil::ZooKeeperArgs::initFromKeeperSection(Poco::Util::AbstractConfiguration const&, String const&) @ 0x0000000013813c10 in /usr/bin/clickhouse
4. zkutil::ZooKeeperArgs::ZooKeeperArgs(Poco::Util::AbstractConfiguration const&, String const&) @ 0x000000001380f986 in /usr/bin/clickhouse
5. zkutil::ZooKeeper::ZooKeeper(Poco::Util::AbstractConfiguration const&, String const&, std::shared_ptr<DB::ZooKeeperLog>) @ 0x00000000137e48cc in /usr/bin/clickhouse
6. DB::Context::getZooKeeper() const @ 0x000000001164aa4a in /usr/bin/clickhouse
7. DB::DDLWorker::getAndSetZooKeeper() @ 0x00000000116cc32d in /usr/bin/clickhouse
8. DB::DDLWorker::initializeMainThread() @ 0x00000000116dca3b in /usr/bin/clickhouse
9. DB::DDLWorker::runMainThread() @ 0x00000000116c73c0 in /usr/bin/clickhouse
10. void std::__function::__policy_invoker<void ()>::__call_impl<std::__function::__default_alloc_func<ThreadFromGlobalPoolImpl<true>::ThreadFromGlobalPoolImpl<void (DB::DDLWorker::*)(), DB::DDLWorker*>(void (DB::DDLWorker::*&&)(), DB::DDLWorker*&&)::'lambda'(), void ()>>(std::__function::__policy_storage const*) @ 0x00000000116ddb4c in /usr/bin/clickhouse
11. void* std::__thread_proxy[abi:v15000]<std::tuple<std::unique_ptr<std::__thread_struct, std::default_delete<std::__thread_struct>>, void ThreadPoolImpl<std::thread>::scheduleImpl<void>(std::function<void ()>, Priority, std::optional<unsigned long>, bool)::'lambda0'()>>(void*) @ 0x000000000c706104 in /usr/bin/clickhouse
12. ? @ 0x00007d5a69da9609 in ?
13. ? @ 0x00007d5a69cce353 in ?
 (version 23.8.16.16 (official build))
2026.03.18 20:32:26.425353 [ 284 ] {} <Error> DDLWorker: ZooKeeper error: Code: 999. Coordination::Exception: Unknown key host in config file. (KEEPER_EXCEPTION), Stack trace (when copying this message, always include the lines below):

0. DB::Exception::Exception(DB::Exception::MessageMasked&&, int, bool) @ 0x000000000c6251d7 in /usr/bin/clickhouse
1. DB::Exception::Exception<String const&>(int, FormatStringHelperImpl<std::type_identity<String const&>::type>, String const&) @ 0x00000000074ae38d in /usr/bin/clickhouse
2. Coordination::Exception::Exception<String const&>(Coordination::Error, FormatStringHelperImpl<std::type_identity<String const&>::type>, String const&) @ 0x000000001276578a in /usr/bin/clickhouse
3. zkutil::ZooKeeperArgs::initFromKeeperSection(Poco::Util::AbstractConfiguration const&, String const&) @ 0x0000000013813c10 in /usr/bin/clickhouse
4. zkutil::ZooKeeperArgs::ZooKeeperArgs(Poco::Util::AbstractConfiguration const&, String const&) @ 0x000000001380f986 in /usr/bin/clickhouse
5. zkutil::ZooKeeper::ZooKeeper(Poco::Util::AbstractConfiguration const&, String const&, std::shared_ptr<DB::ZooKeeperLog>) @ 0x00000000137e48cc in /usr/bin/clickhouse
6. DB::Context::getZooKeeper() const @ 0x000000001164aa4a in /usr/bin/clickhouse
7. DB::DDLWorker::getAndSetZooKeeper() @ 0x00000000116cc32d in /usr/bin/clickhouse
8. DB::DDLWorker::initializeMainThread() @ 0x00000000116dca3b in /usr/bin/clickhouse
9. DB::DDLWorker::runMainThread() @ 0x00000000116c73c0 in /usr/bin/clickhouse
10. void std::__function::__policy_invoker<void ()>::__call_impl<std::__function::__default_alloc_func<ThreadFromGlobalPoolImpl<true>::ThreadFromGlobalPoolImpl<void (DB::DDLWorker::*)(), DB::DDLWorker*>(void (DB::DDLWorker::*&&)(), DB::DDLWorker*&&)::'lambda'(), void ()>>(std::__function::__policy_storage const*) @ 0x00000000116ddb4c in /usr/bin/clickhouse
11. void* std::__thread_proxy[abi:v15000]<std::tuple<std::unique_ptr<std::__thread_struct, std::default_delete<std::__thread_struct>>, void ThreadPoolImpl<std::thread>::scheduleImpl<void>(std::function<void ()>, Priority, std::optional<unsigned long>, bool)::'lambda0'()>>(void*) @ 0x000000000c706104 in /usr/bin/clickhouse
12. ? @ 0x00007d5a69da9609 in ?
13. ? @ 0x00007d5a69cce353 in ?
 (version 23.8.16.16 (official build)). Failed to start DDLWorker.
2026.03.18 20:32:26.425435 [ 284 ] {} <Error> virtual bool DB::DDLWorker::initializeMainThread(): Code: 999. Coordination::Exception: Unknown key host in config file. (KEEPER_EXCEPTION), Stack trace (when copying this message, always include the lines below):

0. DB::Exception::Exception(DB::Exception::MessageMasked&&, int, bool) @ 0x000000000c6251d7 in /usr/bin/clickhouse
1. DB::Exception::Exception<String const&>(int, FormatStringHelperImpl<std::type_identity<String const&>::type>, String const&) @ 0x00000000074ae38d in /usr/bin/clickhouse
2. Coordination::Exception::Exception<String const&>(Coordination::Error, FormatStringHelperImpl<std::type_identity<String const&>::type>, String const&) @ 0x000000001276578a in /usr/bin/clickhouse
3. zkutil::ZooKeeperArgs::initFromKeeperSection(Poco::Util::AbstractConfiguration const&, String const&) @ 0x0000000013813c10 in /usr/bin/clickhouse
4. zkutil::ZooKeeperArgs::ZooKeeperArgs(Poco::Util::AbstractConfiguration const&, String const&) @ 0x000000001380f986 in /usr/bin/clickhouse
5. zkutil::ZooKeeper::ZooKeeper(Poco::Util::AbstractConfiguration const&, String const&, std::shared_ptr<DB::ZooKeeperLog>) @ 0x00000000137e48cc in /usr/bin/clickhouse
6. DB::Context::getZooKeeper() const @ 0x000000001164aa4a in /usr/bin/clickhouse
7. DB::DDLWorker::getAndSetZooKeeper() @ 0x00000000116cc32d in /usr/bin/clickhouse
8. DB::DDLWorker::initializeMainThread() @ 0x00000000116dca3b in /usr/bin/clickhouse
9. DB::DDLWorker::runMainThread() @ 0x00000000116c73c0 in /usr/bin/clickhouse
10. void std::__function::__policy_invoker<void ()>::__call_impl<std::__function::__default_alloc_func<ThreadFromGlobalPoolImpl<true>::ThreadFromGlobalPoolImpl<void (DB::DDLWorker::*)(), DB::DDLWorker*>(void (DB::DDLWorker::*&&)(), DB::DDLWorker*&&)::'lambda'(), void ()>>(std::__function::__policy_storage const*) @ 0x00000000116ddb4c in /usr/bin/clickhouse
11. void* std::__thread_proxy[abi:v15000]<std::tuple<std::unique_ptr<std::__thread_struct, std::default_delete<std::__thread_struct>>, void ThreadPoolImpl<std::thread>::scheduleImpl<void>(std::function<void ()>, Priority, std::optional<unsigned long>, bool)::'lambda0'()>>(void*) @ 0x000000000c706104 in /usr/bin/clickhouse
12. ? @ 0x00007d5a69da9609 in ?
13. ? @ 0x00007d5a69cce353 in ?
 (version 23.8.16.16 (official build))
2026.03.18 20:32:31.426821 [ 284 ] {} <Error> DDLWorker: ZooKeeper error: Code: 999. Coordination::Exception: Unknown key host in config file. (KEEPER_EXCEPTION), Stack trace (when copying this message, always include the lines below):

0. DB::Exception::Exception(DB::Exception::MessageMasked&&, int, bool) @ 0x000000000c6251d7 in /usr/bin/clickhouse
1. DB::Exception::Exception<String const&>(int, FormatStringHelperImpl<std::type_identity<String const&>::type>, String const&) @ 0x00000000074ae38d in /usr/bin/clickhouse
2. Coordination::Exception::Exception<String const&>(Coordination::Error, FormatStringHelperImpl<std::type_identity<String const&>::type>, String const&) @ 0x000000001276578a in /usr/bin/clickhouse
3. zkutil::ZooKeeperArgs::initFromKeeperSection(Poco::Util::AbstractConfiguration const&, String const&) @ 0x0000000013813c10 in /usr/bin/clickhouse
4. zkutil::ZooKeeperArgs::ZooKeeperArgs(Poco::Util::AbstractConfiguration const&, String const&) @ 0x000000001380f986 in /usr/bin/clickhouse
5. zkutil::ZooKeeper::ZooKeeper(Poco::Util::AbstractConfiguration const&, String const&, std::shared_ptr<DB::ZooKeeperLog>) @ 0x00000000137e48cc in /usr/bin/clickhouse
6. DB::Context::getZooKeeper() const @ 0x000000001164aa4a in /usr/bin/clickhouse
7. DB::DDLWorker::getAndSetZooKeeper() @ 0x00000000116cc32d in /usr/bin/clickhouse
8. DB::DDLWorker::initializeMainThread() @ 0x00000000116dca3b in /usr/bin/clickhouse
9. DB::DDLWorker::runMainThread() @ 0x00000000116c73c0 in /usr/bin/clickhouse
10. void std::__function::__policy_invoker<void ()>::__call_impl<std::__function::__default_alloc_func<ThreadFromGlobalPoolImpl<true>::ThreadFromGlobalPoolImpl<void (DB::DDLWorker::*)(), DB::DDLWorker*>(void (DB::DDLWorker::*&&)(), DB::DDLWorker*&&)::'lambda'(), void ()>>(std::__function::__policy_storage const*) @ 0x00000000116ddb4c in /usr/bin/clickhouse
11. void* std::__thread_proxy[abi:v15000]<std::tuple<std::unique_ptr<std::__thread_struct, std::default_delete<std::__thread_struct>>, void ThreadPoolImpl<std::thread>::scheduleImpl<void>(std::function<void ()>, Priority, std::optional<unsigned long>, bool)::'lambda0'()>>(void*) @ 0x000000000c706104 in /usr/bin/clickhouse
12. ? @ 0x00007d5a69da9609 in ?
13. ? @ 0x00007d5a69cce353 in ?
 (version 23.8.16.16 (official build)). Failed to start DDLWorker.
2026.03.18 20:32:31.426874 [ 284 ] {} <Error> virtual bool DB::DDLWorker::initializeMainThread(): Code: 999. Coordination::Exception: Unknown key host in config file. (KEEPER_EXCEPTION), Stack trace (when copying this message, always include the lines below):

0. DB::Exception::Exception(DB::Exception::MessageMasked&&, int, bool) @ 0x000000000c6251d7 in /usr/bin/clickhouse
1. DB::Exception::Exception<String const&>(int, FormatStringHelperImpl<std::type_identity<String const&>::type>, String const&) @ 0x00000000074ae38d in /usr/bin/clickhouse
2. Coordination::Exception::Exception<String const&>(Coordination::Error, FormatStringHelperImpl<std::type_identity<String const&>::type>, String const&) @ 0x000000001276578a in /usr/bin/clickhouse
3. zkutil::ZooKeeperArgs::initFromKeeperSection(Poco::Util::AbstractConfiguration const&, String const&) @ 0x0000000013813c10 in /usr/bin/clickhouse
4. zkutil::ZooKeeperArgs::ZooKeeperArgs(Poco::Util::AbstractConfiguration const&, String const&) @ 0x000000001380f986 in /usr/bin/clickhouse
5. zkutil::ZooKeeper::ZooKeeper(Poco::Util::AbstractConfiguration const&, String const&, std::shared_ptr<DB::ZooKeeperLog>) @ 0x00000000137e48cc in /usr/bin/clickhouse
6. DB::Context::getZooKeeper() const @ 0x000000001164aa4a in /usr/bin/clickhouse
7. DB::DDLWorker::getAndSetZooKeeper() @ 0x00000000116cc32d in /usr/bin/clickhouse
8. DB::DDLWorker::initializeMainThread() @ 0x00000000116dca3b in /usr/bin/clickhouse
9. DB::DDLWorker::runMainThread() @ 0x00000000116c73c0 in /usr/bin/clickhouse
10. void std::__function::__policy_invoker<void ()>::__call_impl<std::__function::__default_alloc_func<ThreadFromGlobalPoolImpl<true>::ThreadFromGlobalPoolImpl<void (DB::DDLWorker::*)(), DB::DDLWorker*>(void (DB::DDLWorker::*&&)(), DB::DDLWorker*&&)::'lambda'(), void ()>>(std::__function::__policy_storage const*) @ 0x00000000116ddb4c in /usr/bin/clickhouse
11. void* std::__thread_proxy[abi:v15000]<std::tuple<std::unique_ptr<std::__thread_struct, std::default_delete<std::__thread_struct>>, void ThreadPoolImpl<std::thread>::scheduleImpl<void>(std::function<void ()>, Priority, std::optional<unsigned long>, bool)::'lambda0'()>>(void*) @ 0x000000000c706104 in /usr/bin/clickhouse
12. ? @ 0x00007d5a69da9609 in ?
13. ? @ 0x00007d5a69cce353 in ?
 (version 23.8.16.16 (official build))
2026.03.18 20:32:35.964266 [ 90 ] {} <Debug> DNSResolver: Updating DNS cache
2026.03.18 20:32:35.966046 [ 90 ] {} <Debug> DNSResolver: Updated DNS cache
2026.03.18 20:32:36.428310 [ 284 ] {} <Error> DDLWorker: ZooKeeper error: Code: 999. Coordination::Exception: Unknown key host in config file. (KEEPER_EXCEPTION), Stack trace (when copying this message, always include the lines below):

0. DB::Exception::Exception(DB::Exception::MessageMasked&&, int, bool) @ 0x000000000c6251d7 in /usr/bin/clickhouse
1. DB::Exception::Exception<String const&>(int, FormatStringHelperImpl<std::type_identity<String const&>::type>, String const&) @ 0x00000000074ae38d in /usr/bin/clickhouse
2. Coordination::Exception::Exception<String const&>(Coordination::Error, FormatStringHelperImpl<std::type_identity<String const&>::type>, String const&) @ 0x000000001276578a in /usr/bin/clickhouse
3. zkutil::ZooKeeperArgs::initFromKeeperSection(Poco::Util::AbstractConfiguration const&, String const&) @ 0x0000000013813c10 in /usr/bin/clickhouse
4. zkutil::ZooKeeperArgs::ZooKeeperArgs(Poco::Util::AbstractConfiguration const&, String const&) @ 0x000000001380f986 in /usr/bin/clickhouse
5. zkutil::ZooKeeper::ZooKeeper(Poco::Util::AbstractConfiguration const&, String const&, std::shared_ptr<DB::ZooKeeperLog>) @ 0x00000000137e48cc in /usr/bin/clickhouse
6. DB::Context::getZooKeeper() const @ 0x000000001164aa4a in /usr/bin/clickhouse
7. DB::DDLWorker::getAndSetZooKeeper() @ 0x00000000116cc32d in /usr/bin/clickhouse
8. DB::DDLWorker::initializeMainThread() @ 0x00000000116dca3b in /usr/bin/clickhouse
9. DB::DDLWorker::runMainThread() @ 0x00000000116c73c0 in /usr/bin/clickhouse
10. void std::__function::__policy_invoker<void ()>::__call_impl<std::__function::__default_alloc_func<ThreadFromGlobalPoolImpl<true>::ThreadFromGlobalPoolImpl<void (DB::DDLWorker::*)(), DB::DDLWorker*>(void (DB::DDLWorker::*&&)(), DB::DDLWorker*&&)::'lambda'(), void ()>>(std::__function::__policy_storage const*) @ 0x00000000116ddb4c in /usr/bin/clickhouse
11. void* std::__thread_proxy[abi:v15000]<std::tuple<std::unique_ptr<std::__thread_struct, std::default_delete<std::__thread_struct>>, void ThreadPoolImpl<std::thread>::scheduleImpl<void>(std::function<void ()>, Priority, std::optional<unsigned long>, bool)::'lambda0'()>>(void*) @ 0x000000000c706104 in /usr/bin/clickhouse
12. ? @ 0x00007d5a69da9609 in ?
13. ? @ 0x00007d5a69cce353 in ?
 (version 23.8.16.16 (official build)). Failed to start DDLWorker.
2026.03.18 20:32:36.428379 [ 284 ] {} <Error> virtual bool DB::DDLWorker::initializeMainThread(): Code: 999. Coordination::Exception: Unknown key host in config file. (KEEPER_EXCEPTION), Stack trace (when copying this message, always include the lines below):

0. DB::Exception::Exception(DB::Exception::MessageMasked&&, int, bool) @ 0x000000000c6251d7 in /usr/bin/clickhouse
1. DB::Exception::Exception<String const&>(int, FormatStringHelperImpl<std::type_identity<String const&>::type>, String const&) @ 0x00000000074ae38d in /usr/bin/clickhouse
2. Coordination::Exception::Exception<String const&>(Coordination::Error, FormatStringHelperImpl<std::type_identity<String const&>::type>, String const&) @ 0x000000001276578a in /usr/bin/clickhouse
3. zkutil::ZooKeeperArgs::initFromKeeperSection(Poco::Util::AbstractConfiguration const&, String const&) @ 0x0000000013813c10 in /usr/bin/clickhouse
4. zkutil::ZooKeeperArgs::ZooKeeperArgs(Poco::Util::AbstractConfiguration const&, String const&) @ 0x000000001380f986 in /usr/bin/clickhouse
5. zkutil::ZooKeeper::ZooKeeper(Poco::Util::AbstractConfiguration const&, String const&, std::shared_ptr<DB::ZooKeeperLog>) @ 0x00000000137e48cc in /usr/bin/clickhouse
6. DB::Context::getZooKeeper() const @ 0x000000001164aa4a in /usr/bin/clickhouse
7. DB::DDLWorker::getAndSetZooKeeper() @ 0x00000000116cc32d in /usr/bin/clickhouse
8. DB::DDLWorker::initializeMainThread() @ 0x00000000116dca3b in /usr/bin/clickhouse
9. DB::DDLWorker::runMainThread() @ 0x00000000116c73c0 in /usr/bin/clickhouse
10. void std::__function::__policy_invoker<void ()>::__call_impl<std::__function::__default_alloc_func<ThreadFromGlobalPoolImpl<true>::ThreadFromGlobalPoolImpl<void (DB::DDLWorker::*)(), DB::DDLWorker*>(void (DB::DDLWorker::*&&)(), DB::DDLWorker*&&)::'lambda'(), void ()>>(std::__function::__policy_storage const*) @ 0x00000000116ddb4c in /usr/bin/clickhouse
11. void* std::__thread_proxy[abi:v15000]<std::tuple<std::unique_ptr<std::__thread_struct, std::default_delete<std::__thread_struct>>, void ThreadPoolImpl<std::thread>::scheduleImpl<void>(std::function<void ()>, Priority, std::optional<unsigned long>, bool)::'lambda0'()>>(void*) @ 0x000000000c706104 in /usr/bin/clickhouse
12. ? @ 0x00007d5a69da9609 in ?
13. ? @ 0x00007d5a69cce353 in ?
 (version 23.8.16.16 (official build))
2026.03.18 20:32:41.428738 [ 284 ] {} <Error> DDLWorker: ZooKeeper error: Code: 999. Coordination::Exception: Unknown key host in config file. (KEEPER_EXCEPTION), Stack trace (when copying this message, always include the lines below):

0. DB::Exception::Exception(DB::Exception::MessageMasked&&, int, bool) @ 0x000000000c6251d7 in /usr/bin/clickhouse
1. DB::Exception::Exception<String const&>(int, FormatStringHelperImpl<std::type_identity<String const&>::type>, String const&) @ 0x00000000074ae38d in /usr/bin/clickhouse
2. Coordination::Exception::Exception<String const&>(Coordination::Error, FormatStringHelperImpl<std::type_identity<String const&>::type>, String const&) @ 0x000000001276578a in /usr/bin/clickhouse
3. zkutil::ZooKeeperArgs::initFromKeeperSection(Poco::Util::AbstractConfiguration const&, String const&) @ 0x0000000013813c10 in /usr/bin/clickhouse
4. zkutil::ZooKeeperArgs::ZooKeeperArgs(Poco::Util::AbstractConfiguration const&, String const&) @ 0x000000001380f986 in /usr/bin/clickhouse
5. zkutil::ZooKeeper::ZooKeeper(Poco::Util::AbstractConfiguration const&, String const&, std::shared_ptr<DB::ZooKeeperLog>) @ 0x00000000137e48cc in /usr/bin/clickhouse
6. DB::Context::getZooKeeper() const @ 0x000000001164aa4a in /usr/bin/clickhouse
7. DB::DDLWorker::getAndSetZooKeeper() @ 0x00000000116cc32d in /usr/bin/clickhouse
8. DB::DDLWorker::initializeMainThread() @ 0x00000000116dca3b in /usr/bin/clickhouse
9. DB::DDLWorker::runMainThread() @ 0x00000000116c73c0 in /usr/bin/clickhouse
10. void std::__function::__policy_invoker<void ()>::__call_impl<std::__function::__default_alloc_func<ThreadFromGlobalPoolImpl<true>::ThreadFromGlobalPoolImpl<void (DB::DDLWorker::*)(), DB::DDLWorker*>(void (DB::DDLWorker::*&&)(), DB::DDLWorker*&&)::'lambda'(), void ()>>(std::__function::__policy_storage const*) @ 0x00000000116ddb4c in /usr/bin/clickhouse
11. void* std::__thread_proxy[abi:v15000]<std::tuple<std::unique_ptr<std::__thread_struct, std::default_delete<std::__thread_struct>>, void ThreadPoolImpl<std::thread>::scheduleImpl<void>(std::function<void ()>, Priority, std::optional<unsigned long>, bool)::'lambda0'()>>(void*) @ 0x000000000c706104 in /usr/bin/clickhouse
12. ? @ 0x00007d5a69da9609 in ?
13. ? @ 0x00007d5a69cce353 in ?
 (version 23.8.16.16 (official build)). Failed to start DDLWorker.
2026.03.18 20:32:41.428931 [ 284 ] {} <Error> virtual bool DB::DDLWorker::initializeMainThread(): Code: 999. Coordination::Exception: Unknown key host in config file. (KEEPER_EXCEPTION), Stack trace (when copying this message, always include the lines below):

0. DB::Exception::Exception(DB::Exception::MessageMasked&&, int, bool) @ 0x000000000c6251d7 in /usr/bin/clickhouse
1. DB::Exception::Exception<String const&>(int, FormatStringHelperImpl<std::type_identity<String const&>::type>, String const&) @ 0x00000000074ae38d in /usr/bin/clickhouse
2. Coordination::Exception::Exception<String const&>(Coordination::Error, FormatStringHelperImpl<std::type_identity<String const&>::type>, String const&) @ 0x000000001276578a in /usr/bin/clickhouse
3. zkutil::ZooKeeperArgs::initFromKeeperSection(Poco::Util::AbstractConfiguration const&, String const&) @ 0x0000000013813c10 in /usr/bin/clickhouse
4. zkutil::ZooKeeperArgs::ZooKeeperArgs(Poco::Util::AbstractConfiguration const&, String const&) @ 0x000000001380f986 in /usr/bin/clickhouse
5. zkutil::ZooKeeper::ZooKeeper(Poco::Util::AbstractConfiguration const&, String const&, std::shared_ptr<DB::ZooKeeperLog>) @ 0x00000000137e48cc in /usr/bin/clickhouse
6. DB::Context::getZooKeeper() const @ 0x000000001164aa4a in /usr/bin/clickhouse
7. DB::DDLWorker::getAndSetZooKeeper() @ 0x00000000116cc32d in /usr/bin/clickhouse
8. DB::DDLWorker::initializeMainThread() @ 0x00000000116dca3b in /usr/bin/clickhouse
9. DB::DDLWorker::runMainThread() @ 0x00000000116c73c0 in /usr/bin/clickhouse
10. void std::__function::__policy_invoker<void ()>::__call_impl<std::__function::__default_alloc_func<ThreadFromGlobalPoolImpl<true>::ThreadFromGlobalPoolImpl<void (DB::DDLWorker::*)(), DB::DDLWorker*>(void (DB::DDLWorker::*&&)(), DB::DDLWorker*&&)::'lambda'(), void ()>>(std::__function::__policy_storage const*) @ 0x00000000116ddb4c in /usr/bin/clickhouse
11. void* std::__thread_proxy[abi:v15000]<std::tuple<std::unique_ptr<std::__thread_struct, std::default_delete<std::__thread_struct>>, void ThreadPoolImpl<std::thread>::scheduleImpl<void>(std::function<void ()>, Priority, std::optional<unsigned long>, bool)::'lambda0'()>>(void*) @ 0x000000000c706104 in /usr/bin/clickhouse
12. ? @ 0x00007d5a69da9609 in ?
13. ? @ 0x00007d5a69cce353 in ?
 (version 23.8.16.16 (official build))
2026.03.18 20:32:46.430200 [ 284 ] {} <Error> DDLWorker: ZooKeeper error: Code: 999. Coordination::Exception: Unknown key host in config file. (KEEPER_EXCEPTION), Stack trace (when copying this message, always include the lines below):

0. DB::Exception::Exception(DB::Exception::MessageMasked&&, int, bool) @ 0x000000000c6251d7 in /usr/bin/clickhouse
1. DB::Exception::Exception<String const&>(int, FormatStringHelperImpl<std::type_identity<String const&>::type>, String const&) @ 0x00000000074ae38d in /usr/bin/clickhouse
2. Coordination::Exception::Exception<String const&>(Coordination::Error, FormatStringHelperImpl<std::type_identity<String const&>::type>, String const&) @ 0x000000001276578a in /usr/bin/clickhouse
3. zkutil::ZooKeeperArgs::initFromKeeperSection(Poco::Util::AbstractConfiguration const&, String const&) @ 0x0000000013813c10 in /usr/bin/clickhouse
4. zkutil::ZooKeeperArgs::ZooKeeperArgs(Poco::Util::AbstractConfiguration const&, String const&) @ 0x000000001380f986 in /usr/bin/clickhouse
5. zkutil::ZooKeeper::ZooKeeper(Poco::Util::AbstractConfiguration const&, String const&, std::shared_ptr<DB::ZooKeeperLog>) @ 0x00000000137e48cc in /usr/bin/clickhouse
6. DB::Context::getZooKeeper() const @ 0x000000001164aa4a in /usr/bin/clickhouse
7. DB::DDLWorker::getAndSetZooKeeper() @ 0x00000000116cc32d in /usr/bin/clickhouse
8. DB::DDLWorker::initializeMainThread() @ 0x00000000116dca3b in /usr/bin/clickhouse
9. DB::DDLWorker::runMainThread() @ 0x00000000116c73c0 in /usr/bin/clickhouse
10. void std::__function::__policy_invoker<void ()>::__call_impl<std::__function::__default_alloc_func<ThreadFromGlobalPoolImpl<true>::ThreadFromGlobalPoolImpl<void (DB::DDLWorker::*)(), DB::DDLWorker*>(void (DB::DDLWorker::*&&)(), DB::DDLWorker*&&)::'lambda'(), void ()>>(std::__function::__policy_storage const*) @ 0x00000000116ddb4c in /usr/bin/clickhouse
11. void* std::__thread_proxy[abi:v15000]<std::tuple<std::unique_ptr<std::__thread_struct, std::default_delete<std::__thread_struct>>, void ThreadPoolImpl<std::thread>::scheduleImpl<void>(std::function<void ()>, Priority, std::optional<unsigned long>, bool)::'lambda0'()>>(void*) @ 0x000000000c706104 in /usr/bin/clickhouse
12. ? @ 0x00007d5a69da9609 in ?
13. ? @ 0x00007d5a69cce353 in ?
 (version 23.8.16.16 (official build)). Failed to start DDLWorker.
2026.03.18 20:32:46.430273 [ 284 ] {} <Error> virtual bool DB::DDLWorker::initializeMainThread(): Code: 999. Coordination::Exception: Unknown key host in config file. (KEEPER_EXCEPTION), Stack trace (when copying this message, always include the lines below):

0. DB::Exception::Exception(DB::Exception::MessageMasked&&, int, bool) @ 0x000000000c6251d7 in /usr/bin/clickhouse
1. DB::Exception::Exception<String const&>(int, FormatStringHelperImpl<std::type_identity<String const&>::type>, String const&) @ 0x00000000074ae38d in /usr/bin/clickhouse
2. Coordination::Exception::Exception<String const&>(Coordination::Error, FormatStringHelperImpl<std::type_identity<String const&>::type>, String const&) @ 0x000000001276578a in /usr/bin/clickhouse
3. zkutil::ZooKeeperArgs::initFromKeeperSection(Poco::Util::AbstractConfiguration const&, String const&) @ 0x0000000013813c10 in /usr/bin/clickhouse
4. zkutil::ZooKeeperArgs::ZooKeeperArgs(Poco::Util::AbstractConfiguration const&, String const&) @ 0x000000001380f986 in /usr/bin/clickhouse
5. zkutil::ZooKeeper::ZooKeeper(Poco::Util::AbstractConfiguration const&, String const&, std::shared_ptr<DB::ZooKeeperLog>) @ 0x00000000137e48cc in /usr/bin/clickhouse
6. DB::Context::getZooKeeper() const @ 0x000000001164aa4a in /usr/bin/clickhouse
7. DB::DDLWorker::getAndSetZooKeeper() @ 0x00000000116cc32d in /usr/bin/clickhouse
8. DB::DDLWorker::initializeMainThread() @ 0x00000000116dca3b in /usr/bin/clickhouse
9. DB::DDLWorker::runMainThread() @ 0x00000000116c73c0 in /usr/bin/clickhouse
10. void std::__function::__policy_invoker<void ()>::__call_impl<std::__function::__default_alloc_func<ThreadFromGlobalPoolImpl<true>::ThreadFromGlobalPoolImpl<void (DB::DDLWorker::*)(), DB::DDLWorker*>(void (DB::DDLWorker::*&&)(), DB::DDLWorker*&&)::'lambda'(), void ()>>(std::__function::__policy_storage const*) @ 0x00000000116ddb4c in /usr/bin/clickhouse
11. void* std::__thread_proxy[abi:v15000]<std::tuple<std::unique_ptr<std::__thread_struct, std::default_delete<std::__thread_struct>>, void ThreadPoolImpl<std::thread>::scheduleImpl<void>(std::function<void ()>, Priority, std::optional<unsigned long>, bool)::'lambda0'()>>(void*) @ 0x000000000c706104 in /usr/bin/clickhouse
12. ? @ 0x00007d5a69da9609 in ?
13. ? @ 0x00007d5a69cce353 in ?
 (version 23.8.16.16 (official build))
2026.03.18 20:32:50.996679 [ 92 ] {} <Debug> DNSResolver: Updating DNS cache
2026.03.18 20:32:50.997996 [ 92 ] {} <Debug> DNSResolver: Updated DNS cache
2026.03.18 20:32:51.432499 [ 284 ] {} <Error> DDLWorker: ZooKeeper error: Code: 999. Coordination::Exception: Unknown key host in config file. (KEEPER_EXCEPTION), Stack trace (when copying this message, always include the lines below):

0. DB::Exception::Exception(DB::Exception::MessageMasked&&, int, bool) @ 0x000000000c6251d7 in /usr/bin/clickhouse
1. DB::Exception::Exception<String const&>(int, FormatStringHelperImpl<std::type_identity<String const&>::type>, String const&) @ 0x00000000074ae38d in /usr/bin/clickhouse
2. Coordination::Exception::Exception<String const&>(Coordination::Error, FormatStringHelperImpl<std::type_identity<String const&>::type>, String const&) @ 0x000000001276578a in /usr/bin/clickhouse
3. zkutil::ZooKeeperArgs::initFromKeeperSection(Poco::Util::AbstractConfiguration const&, String const&) @ 0x0000000013813c10 in /usr/bin/clickhouse
4. zkutil::ZooKeeperArgs::ZooKeeperArgs(Poco::Util::AbstractConfiguration const&, String const&) @ 0x000000001380f986 in /usr/bin/clickhouse
5. zkutil::ZooKeeper::ZooKeeper(Poco::Util::AbstractConfiguration const&, String const&, std::shared_ptr<DB::ZooKeeperLog>) @ 0x00000000137e48cc in /usr/bin/clickhouse
6. DB::Context::getZooKeeper() const @ 0x000000001164aa4a in /usr/bin/clickhouse
7. DB::DDLWorker::getAndSetZooKeeper() @ 0x00000000116cc32d in /usr/bin/clickhouse
8. DB::DDLWorker::initializeMainThread() @ 0x00000000116dca3b in /usr/bin/clickhouse
9. DB::DDLWorker::runMainThread() @ 0x00000000116c73c0 in /usr/bin/clickhouse
10. void std::__function::__policy_invoker<void ()>::__call_impl<std::__function::__default_alloc_func<ThreadFromGlobalPoolImpl<true>::ThreadFromGlobalPoolImpl<void (DB::DDLWorker::*)(), DB::DDLWorker*>(void (DB::DDLWorker::*&&)(), DB::DDLWorker*&&)::'lambda'(), void ()>>(std::__function::__policy_storage const*) @ 0x00000000116ddb4c in /usr/bin/clickhouse
11. void* std::__thread_proxy[abi:v15000]<std::tuple<std::unique_ptr<std::__thread_struct, std::default_delete<std::__thread_struct>>, void ThreadPoolImpl<std::thread>::scheduleImpl<void>(std::function<void ()>, Priority, std::optional<unsigned long>, bool)::'lambda0'()>>(void*) @ 0x000000000c706104 in /usr/bin/clickhouse
12. ? @ 0x00007d5a69da9609 in ?
13. ? @ 0x00007d5a69cce353 in ?
 (version 23.8.16.16 (official build)). Failed to start DDLWorker.
2026.03.18 20:32:51.432581 [ 284 ] {} <Error> virtual bool DB::DDLWorker::initializeMainThread(): Code: 999. Coordination::Exception: Unknown key host in config file. (KEEPER_EXCEPTION), Stack trace (when copying this message, always include the lines below):

0. DB::Exception::Exception(DB::Exception::MessageMasked&&, int, bool) @ 0x000000000c6251d7 in /usr/bin/clickhouse
1. DB::Exception::Exception<String const&>(int, FormatStringHelperImpl<std::type_identity<String const&>::type>, String const&) @ 0x00000000074ae38d in /usr/bin/clickhouse
2. Coordination::Exception::Exception<String const&>(Coordination::Error, FormatStringHelperImpl<std::type_identity<String const&>::type>, String const&) @ 0x000000001276578a in /usr/bin/clickhouse
3. zkutil::ZooKeeperArgs::initFromKeeperSection(Poco::Util::AbstractConfiguration const&, String const&) @ 0x0000000013813c10 in /usr/bin/clickhouse
4. zkutil::ZooKeeperArgs::ZooKeeperArgs(Poco::Util::AbstractConfiguration const&, String const&) @ 0x000000001380f986 in /usr/bin/clickhouse
5. zkutil::ZooKeeper::ZooKeeper(Poco::Util::AbstractConfiguration const&, String const&, std::shared_ptr<DB::ZooKeeperLog>) @ 0x00000000137e48cc in /usr/bin/clickhouse
6. DB::Context::getZooKeeper() const @ 0x000000001164aa4a in /usr/bin/clickhouse
7. DB::DDLWorker::getAndSetZooKeeper() @ 0x00000000116cc32d in /usr/bin/clickhouse
8. DB::DDLWorker::initializeMainThread() @ 0x00000000116dca3b in /usr/bin/clickhouse
9. DB::DDLWorker::runMainThread() @ 0x00000000116c73c0 in /usr/bin/clickhouse
10. void std::__function::__policy_invoker<void ()>::__call_impl<std::__function::__default_alloc_func<ThreadFromGlobalPoolImpl<true>::ThreadFromGlobalPoolImpl<void (DB::DDLWorker::*)(), DB::DDLWorker*>(void (DB::DDLWorker::*&&)(), DB::DDLWorker*&&)::'lambda'(), void ()>>(std::__function::__policy_storage const*) @ 0x00000000116ddb4c in /usr/bin/clickhouse
11. void* std::__thread_proxy[abi:v15000]<std::tuple<std::unique_ptr<std::__thread_struct, std::default_delete<std::__thread_struct>>, void ThreadPoolImpl<std::thread>::scheduleImpl<void>(std::function<void ()>, Priority, std::optional<unsigned long>, bool)::'lambda0'()>>(void*) @ 0x000000000c706104 in /usr/bin/clickhouse
12. ? @ 0x00007d5a69da9609 in ?
13. ? @ 0x00007d5a69cce353 in ?
 (version 23.8.16.16 (official build))
2026.03.18 20:32:56.433561 [ 284 ] {} <Error> DDLWorker: ZooKeeper error: Code: 999. Coordination::Exception: Unknown key host in config file. (KEEPER_EXCEPTION), Stack trace (when copying this message, always include the lines below):

0. DB::Exception::Exception(DB::Exception::MessageMasked&&, int, bool) @ 0x000000000c6251d7 in /usr/bin/clickhouse
1. DB::Exception::Exception<String const&>(int, FormatStringHelperImpl<std::type_identity<String const&>::type>, String const&) @ 0x00000000074ae38d in /usr/bin/clickhouse
2. Coordination::Exception::Exception<String const&>(Coordination::Error, FormatStringHelperImpl<std::type_identity<String const&>::type>, String const&) @ 0x000000001276578a in /usr/bin/clickhouse
3. zkutil::ZooKeeperArgs::initFromKeeperSection(Poco::Util::AbstractConfiguration const&, String const&) @ 0x0000000013813c10 in /usr/bin/clickhouse
4. zkutil::ZooKeeperArgs::ZooKeeperArgs(Poco::Util::AbstractConfiguration const&, String const&) @ 0x000000001380f986 in /usr/bin/clickhouse
5. zkutil::ZooKeeper::ZooKeeper(Poco::Util::AbstractConfiguration const&, String const&, std::shared_ptr<DB::ZooKeeperLog>) @ 0x00000000137e48cc in /usr/bin/clickhouse
6. DB::Context::getZooKeeper() const @ 0x000000001164aa4a in /usr/bin/clickhouse
7. DB::DDLWorker::getAndSetZooKeeper() @ 0x00000000116cc32d in /usr/bin/clickhouse
8. DB::DDLWorker::initializeMainThread() @ 0x00000000116dca3b in /usr/bin/clickhouse
9. DB::DDLWorker::runMainThread() @ 0x00000000116c73c0 in /usr/bin/clickhouse
10. void std::__function::__policy_invoker<void ()>::__call_impl<std::__function::__default_alloc_func<ThreadFromGlobalPoolImpl<true>::ThreadFromGlobalPoolImpl<void (DB::DDLWorker::*)(), DB::DDLWorker*>(void (DB::DDLWorker::*&&)(), DB::DDLWorker*&&)::'lambda'(), void ()>>(std::__function::__policy_storage const*) @ 0x00000000116ddb4c in /usr/bin/clickhouse
11. void* std::__thread_proxy[abi:v15000]<std::tuple<std::unique_ptr<std::__thread_struct, std::default_delete<std::__thread_struct>>, void ThreadPoolImpl<std::thread>::scheduleImpl<void>(std::function<void ()>, Priority, std::optional<unsigned long>, bool)::'lambda0'()>>(void*) @ 0x000000000c706104 in /usr/bin/clickhouse
12. ? @ 0x00007d5a69da9609 in ?
13. ? @ 0x00007d5a69cce353 in ?
 (version 23.8.16.16 (official build)). Failed to start DDLWorker.
2026.03.18 20:32:56.433638 [ 284 ] {} <Error> virtual bool DB::DDLWorker::initializeMainThread(): Code: 999. Coordination::Exception: Unknown key host in config file. (KEEPER_EXCEPTION), Stack trace (when copying this message, always include the lines below):

0. DB::Exception::Exception(DB::Exception::MessageMasked&&, int, bool) @ 0x000000000c6251d7 in /usr/bin/clickhouse
1. DB::Exception::Exception<String const&>(int, FormatStringHelperImpl<std::type_identity<String const&>::type>, String const&) @ 0x00000000074ae38d in /usr/bin/clickhouse
2. Coordination::Exception::Exception<String const&>(Coordination::Error, FormatStringHelperImpl<std::type_identity<String const&>::type>, String const&) @ 0x000000001276578a in /usr/bin/clickhouse
3. zkutil::ZooKeeperArgs::initFromKeeperSection(Poco::Util::AbstractConfiguration const&, String const&) @ 0x0000000013813c10 in /usr/bin/clickhouse
4. zkutil::ZooKeeperArgs::ZooKeeperArgs(Poco::Util::AbstractConfiguration const&, String const&) @ 0x000000001380f986 in /usr/bin/clickhouse
5. zkutil::ZooKeeper::ZooKeeper(Poco::Util::AbstractConfiguration const&, String const&, std::shared_ptr<DB::ZooKeeperLog>) @ 0x00000000137e48cc in /usr/bin/clickhouse
6. DB::Context::getZooKeeper() const @ 0x000000001164aa4a in /usr/bin/clickhouse
7. DB::DDLWorker::getAndSetZooKeeper() @ 0x00000000116cc32d in /usr/bin/clickhouse
8. DB::DDLWorker::initializeMainThread() @ 0x00000000116dca3b in /usr/bin/clickhouse
9. DB::DDLWorker::runMainThread() @ 0x00000000116c73c0 in /usr/bin/clickhouse
10. void std::__function::__policy_invoker<void ()>::__call_impl<std::__function::__default_alloc_func<ThreadFromGlobalPoolImpl<true>::ThreadFromGlobalPoolImpl<void (DB::DDLWorker::*)(), DB::DDLWorker*>(void (DB::DDLWorker::*&&)(), DB::DDLWorker*&&)::'lambda'(), void ()>>(std::__function::__policy_storage const*) @ 0x00000000116ddb4c in /usr/bin/clickhouse
11. void* std::__thread_proxy[abi:v15000]<std::tuple<std::unique_ptr<std::__thread_struct, std::default_delete<std::__thread_struct>>, void ThreadPoolImpl<std::thread>::scheduleImpl<void>(std::function<void ()>, Priority, std::optional<unsigned long>, bool)::'lambda0'()>>(void*) @ 0x000000000c706104 in /usr/bin/clickhouse
12. ? @ 0x00007d5a69da9609 in ?
13. ? @ 0x00007d5a69cce353 in ?
 (version 23.8.16.16 (official build))
2026.03.18 20:33:01.434135 [ 284 ] {} <Error> DDLWorker: ZooKeeper error: Code: 999. Coordination::Exception: Unknown key host in config file. (KEEPER_EXCEPTION), Stack trace (when copying this message, always include the lines below):

0. DB::Exception::Exception(DB::Exception::MessageMasked&&, int, bool) @ 0x000000000c6251d7 in /usr/bin/clickhouse
1. DB::Exception::Exception<String const&>(int, FormatStringHelperImpl<std::type_identity<String const&>::type>, String const&) @ 0x00000000074ae38d in /usr/bin/clickhouse
2. Coordination::Exception::Exception<String const&>(Coordination::Error, FormatStringHelperImpl<std::type_identity<String const&>::type>, String const&) @ 0x000000001276578a in /usr/bin/clickhouse
3. zkutil::ZooKeeperArgs::initFromKeeperSection(Poco::Util::AbstractConfiguration const&, String const&) @ 0x0000000013813c10 in /usr/bin/clickhouse
4. zkutil::ZooKeeperArgs::ZooKeeperArgs(Poco::Util::AbstractConfiguration const&, String const&) @ 0x000000001380f986 in /usr/bin/clickhouse
5. zkutil::ZooKeeper::ZooKeeper(Poco::Util::AbstractConfiguration const&, String const&, std::shared_ptr<DB::ZooKeeperLog>) @ 0x00000000137e48cc in /usr/bin/clickhouse
6. DB::Context::getZooKeeper() const @ 0x000000001164aa4a in /usr/bin/clickhouse
7. DB::DDLWorker::getAndSetZooKeeper() @ 0x00000000116cc32d in /usr/bin/clickhouse
8. DB::DDLWorker::initializeMainThread() @ 0x00000000116dca3b in /usr/bin/clickhouse
9. DB::DDLWorker::runMainThread() @ 0x00000000116c73c0 in /usr/bin/clickhouse
10. void std::__function::__policy_invoker<void ()>::__call_impl<std::__function::__default_alloc_func<ThreadFromGlobalPoolImpl<true>::ThreadFromGlobalPoolImpl<void (DB::DDLWorker::*)(), DB::DDLWorker*>(void (DB::DDLWorker::*&&)(), DB::DDLWorker*&&)::'lambda'(), void ()>>(std::__function::__policy_storage const*) @ 0x00000000116ddb4c in /usr/bin/clickhouse
11. void* std::__thread_proxy[abi:v15000]<std::tuple<std::unique_ptr<std::__thread_struct, std::default_delete<std::__thread_struct>>, void ThreadPoolImpl<std::thread>::scheduleImpl<void>(std::function<void ()>, Priority, std::optional<unsigned long>, bool)::'lambda0'()>>(void*) @ 0x000000000c706104 in /usr/bin/clickhouse
12. ? @ 0x00007d5a69da9609 in ?
13. ? @ 0x00007d5a69cce353 in ?
 (version 23.8.16.16 (official build)). Failed to start DDLWorker.
2026.03.18 20:33:01.434196 [ 284 ] {} <Error> virtual bool DB::DDLWorker::initializeMainThread(): Code: 999. Coordination::Exception: Unknown key host in config file. (KEEPER_EXCEPTION), Stack trace (when copying this message, always include the lines below):

0. DB::Exception::Exception(DB::Exception::MessageMasked&&, int, bool) @ 0x000000000c6251d7 in /usr/bin/clickhouse
1. DB::Exception::Exception<String const&>(int, FormatStringHelperImpl<std::type_identity<String const&>::type>, String const&) @ 0x00000000074ae38d in /usr/bin/clickhouse
2. Coordination::Exception::Exception<String const&>(Coordination::Error, FormatStringHelperImpl<std::type_identity<String const&>::type>, String const&) @ 0x000000001276578a in /usr/bin/clickhouse
3. zkutil::ZooKeeperArgs::initFromKeeperSection(Poco::Util::AbstractConfiguration const&, String const&) @ 0x0000000013813c10 in /usr/bin/clickhouse
4. zkutil::ZooKeeperArgs::ZooKeeperArgs(Poco::Util::AbstractConfiguration const&, String const&) @ 0x000000001380f986 in /usr/bin/clickhouse
5. zkutil::ZooKeeper::ZooKeeper(Poco::Util::AbstractConfiguration const&, String const&, std::shared_ptr<DB::ZooKeeperLog>) @ 0x00000000137e48cc in /usr/bin/clickhouse
6. DB::Context::getZooKeeper() const @ 0x000000001164aa4a in /usr/bin/clickhouse
7. DB::DDLWorker::getAndSetZooKeeper() @ 0x00000000116cc32d in /usr/bin/clickhouse
8. DB::DDLWorker::initializeMainThread() @ 0x00000000116dca3b in /usr/bin/clickhouse
9. DB::DDLWorker::runMainThread() @ 0x00000000116c73c0 in /usr/bin/clickhouse
10. void std::__function::__policy_invoker<void ()>::__call_impl<std::__function::__default_alloc_func<ThreadFromGlobalPoolImpl<true>::ThreadFromGlobalPoolImpl<void (DB::DDLWorker::*)(), DB::DDLWorker*>(void (DB::DDLWorker::*&&)(), DB::DDLWorker*&&)::'lambda'(), void ()>>(std::__function::__policy_storage const*) @ 0x00000000116ddb4c in /usr/bin/clickhouse
11. void* std::__thread_proxy[abi:v15000]<std::tuple<std::unique_ptr<std::__thread_struct, std::default_delete<std::__thread_struct>>, void ThreadPoolImpl<std::thread>::scheduleImpl<void>(std::function<void ()>, Priority, std::optional<unsigned long>, bool)::'lambda0'()>>(void*) @ 0x000000000c706104 in /usr/bin/clickhouse
12. ? @ 0x00007d5a69da9609 in ?
13. ? @ 0x00007d5a69cce353 in ?
 (version 23.8.16.16 (official build))
2026.03.18 20:33:05.999712 [ 67 ] {} <Debug> DNSResolver: Updating DNS cache
2026.03.18 20:33:06.001486 [ 67 ] {} <Debug> DNSResolver: Updated DNS cache
2026.03.18 20:33:06.440091 [ 284 ] {} <Error> DDLWorker: ZooKeeper error: Code: 999. Coordination::Exception: Unknown key host in config file. (KEEPER_EXCEPTION), Stack trace (when copying this message, always include the lines below):

0. DB::Exception::Exception(DB::Exception::MessageMasked&&, int, bool) @ 0x000000000c6251d7 in /usr/bin/clickhouse
1. DB::Exception::Exception<String const&>(int, FormatStringHelperImpl<std::type_identity<String const&>::type>, String const&) @ 0x00000000074ae38d in /usr/bin/clickhouse
2. Coordination::Exception::Exception<String const&>(Coordination::Error, FormatStringHelperImpl<std::type_identity<String const&>::type>, String const&) @ 0x000000001276578a in /usr/bin/clickhouse
3. zkutil::ZooKeeperArgs::initFromKeeperSection(Poco::Util::AbstractConfiguration const&, String const&) @ 0x0000000013813c10 in /usr/bin/clickhouse
4. zkutil::ZooKeeperArgs::ZooKeeperArgs(Poco::Util::AbstractConfiguration const&, String const&) @ 0x000000001380f986 in /usr/bin/clickhouse
5. zkutil::ZooKeeper::ZooKeeper(Poco::Util::AbstractConfiguration const&, String const&, std::shared_ptr<DB::ZooKeeperLog>) @ 0x00000000137e48cc in /usr/bin/clickhouse
6. DB::Context::getZooKeeper() const @ 0x000000001164aa4a in /usr/bin/clickhouse
7. DB::DDLWorker::getAndSetZooKeeper() @ 0x00000000116cc32d in /usr/bin/clickhouse
8. DB::DDLWorker::initializeMainThread() @ 0x00000000116dca3b in /usr/bin/clickhouse
9. DB::DDLWorker::runMainThread() @ 0x00000000116c73c0 in /usr/bin/clickhouse
10. void std::__function::__policy_invoker<void ()>::__call_impl<std::__function::__default_alloc_func<ThreadFromGlobalPoolImpl<true>::ThreadFromGlobalPoolImpl<void (DB::DDLWorker::*)(), DB::DDLWorker*>(void (DB::DDLWorker::*&&)(), DB::DDLWorker*&&)::'lambda'(), void ()>>(std::__function::__policy_storage const*) @ 0x00000000116ddb4c in /usr/bin/clickhouse
11. void* std::__thread_proxy[abi:v15000]<std::tuple<std::unique_ptr<std::__thread_struct, std::default_delete<std::__thread_struct>>, void ThreadPoolImpl<std::thread>::scheduleImpl<void>(std::function<void ()>, Priority, std::optional<unsigned long>, bool)::'lambda0'()>>(void*) @ 0x000000000c706104 in /usr/bin/clickhouse
12. ? @ 0x00007d5a69da9609 in ?
13. ? @ 0x00007d5a69cce353 in ?
 (version 23.8.16.16 (official build)). Failed to start DDLWorker.
2026.03.18 20:33:06.440170 [ 284 ] {} <Error> virtual bool DB::DDLWorker::initializeMainThread(): Code: 999. Coordination::Exception: Unknown key host in config file. (KEEPER_EXCEPTION), Stack trace (when copying this message, always include the lines below):

0. DB::Exception::Exception(DB::Exception::MessageMasked&&, int, bool) @ 0x000000000c6251d7 in /usr/bin/clickhouse
1. DB::Exception::Exception<String const&>(int, FormatStringHelperImpl<std::type_identity<String const&>::type>, String const&) @ 0x00000000074ae38d in /usr/bin/clickhouse
2. Coordination::Exception::Exception<String const&>(Coordination::Error, FormatStringHelperImpl<std::type_identity<String const&>::type>, String const&) @ 0x000000001276578a in /usr/bin/clickhouse
3. zkutil::ZooKeeperArgs::initFromKeeperSection(Poco::Util::AbstractConfiguration const&, String const&) @ 0x0000000013813c10 in /usr/bin/clickhouse
4. zkutil::ZooKeeperArgs::ZooKeeperArgs(Poco::Util::AbstractConfiguration const&, String const&) @ 0x000000001380f986 in /usr/bin/clickhouse
5. zkutil::ZooKeeper::ZooKeeper(Poco::Util::AbstractConfiguration const&, String const&, std::shared_ptr<DB::ZooKeeperLog>) @ 0x00000000137e48cc in /usr/bin/clickhouse
6. DB::Context::getZooKeeper() const @ 0x000000001164aa4a in /usr/bin/clickhouse
7. DB::DDLWorker::getAndSetZooKeeper() @ 0x00000000116cc32d in /usr/bin/clickhouse
8. DB::DDLWorker::initializeMainThread() @ 0x00000000116dca3b in /usr/bin/clickhouse
9. DB::DDLWorker::runMainThread() @ 0x00000000116c73c0 in /usr/bin/clickhouse
10. void std::__function::__policy_invoker<void ()>::__call_impl<std::__function::__default_alloc_func<ThreadFromGlobalPoolImpl<true>::ThreadFromGlobalPoolImpl<void (DB::DDLWorker::*)(), DB::DDLWorker*>(void (DB::DDLWorker::*&&)(), DB::DDLWorker*&&)::'lambda'(), void ()>>(std::__function::__policy_storage const*) @ 0x00000000116ddb4c in /usr/bin/clickhouse
11. void* std::__thread_proxy[abi:v15000]<std::tuple<std::unique_ptr<std::__thread_struct, std::default_delete<std::__thread_struct>>, void ThreadPoolImpl<std::thread>::scheduleImpl<void>(std::function<void ()>, Priority, std::optional<unsigned long>, bool)::'lambda0'()>>(void*) @ 0x000000000c706104 in /usr/bin/clickhouse
12. ? @ 0x00007d5a69da9609 in ?
13. ? @ 0x00007d5a69cce353 in ?
 (version 23.8.16.16 (official build))
2026.03.18 20:33:08.002963 [ 285 ] {} <Trace> AsynchronousMetrics: MemoryTracking: was 387.46 MiB, peak 391.91 MiB, free memory in arenas 104.00 KiB, will set to 382.99 MiB (RSS), difference: -4.47 MiB
2026.03.18 20:33:11.440999 [ 284 ] {} <Error> DDLWorker: ZooKeeper error: Code: 999. Coordination::Exception: Unknown key host in config file. (KEEPER_EXCEPTION), Stack trace (when copying this message, always include the lines below):

0. DB::Exception::Exception(DB::Exception::MessageMasked&&, int, bool) @ 0x000000000c6251d7 in /usr/bin/clickhouse
1. DB::Exception::Exception<String const&>(int, FormatStringHelperImpl<std::type_identity<String const&>::type>, String const&) @ 0x00000000074ae38d in /usr/bin/clickhouse
2. Coordination::Exception::Exception<String const&>(Coordination::Error, FormatStringHelperImpl<std::type_identity<String const&>::type>, String const&) @ 0x000000001276578a in /usr/bin/clickhouse
3. zkutil::ZooKeeperArgs::initFromKeeperSection(Poco::Util::AbstractConfiguration const&, String const&) @ 0x0000000013813c10 in /usr/bin/clickhouse
4. zkutil::ZooKeeperArgs::ZooKeeperArgs(Poco::Util::AbstractConfiguration const&, String const&) @ 0x000000001380f986 in /usr/bin/clickhouse
5. zkutil::ZooKeeper::ZooKeeper(Poco::Util::AbstractConfiguration const&, String const&, std::shared_ptr<DB::ZooKeeperLog>) @ 0x00000000137e48cc in /usr/bin/clickhouse
6. DB::Context::getZooKeeper() const @ 0x000000001164aa4a in /usr/bin/clickhouse
7. DB::DDLWorker::getAndSetZooKeeper() @ 0x00000000116cc32d in /usr/bin/clickhouse
8. DB::DDLWorker::initializeMainThread() @ 0x00000000116dca3b in /usr/bin/clickhouse
9. DB::DDLWorker::runMainThread() @ 0x00000000116c73c0 in /usr/bin/clickhouse
10. void std::__function::__policy_invoker<void ()>::__call_impl<std::__function::__default_alloc_func<ThreadFromGlobalPoolImpl<true>::ThreadFromGlobalPoolImpl<void (DB::DDLWorker::*)(), DB::DDLWorker*>(void (DB::DDLWorker::*&&)(), DB::DDLWorker*&&)::'lambda'(), void ()>>(std::__function::__policy_storage const*) @ 0x00000000116ddb4c in /usr/bin/clickhouse
11. void* std::__thread_proxy[abi:v15000]<std::tuple<std::unique_ptr<std::__thread_struct, std::default_delete<std::__thread_struct>>, void ThreadPoolImpl<std::thread>::scheduleImpl<void>(std::function<void ()>, Priority, std::optional<unsigned long>, bool)::'lambda0'()>>(void*) @ 0x000000000c706104 in /usr/bin/clickhouse
12. ? @ 0x00007d5a69da9609 in ?
13. ? @ 0x00007d5a69cce353 in ?
 (version 23.8.16.16 (official build)). Failed to start DDLWorker.
2026.03.18 20:33:11.441088 [ 284 ] {} <Error> virtual bool DB::DDLWorker::initializeMainThread(): Code: 999. Coordination::Exception: Unknown key host in config file. (KEEPER_EXCEPTION), Stack trace (when copying this message, always include the lines below):

0. DB::Exception::Exception(DB::Exception::MessageMasked&&, int, bool) @ 0x000000000c6251d7 in /usr/bin/clickhouse
1. DB::Exception::Exception<String const&>(int, FormatStringHelperImpl<std::type_identity<String const&>::type>, String const&) @ 0x00000000074ae38d in /usr/bin/clickhouse
2. Coordination::Exception::Exception<String const&>(Coordination::Error, FormatStringHelperImpl<std::type_identity<String const&>::type>, String const&) @ 0x000000001276578a in /usr/bin/clickhouse
3. zkutil::ZooKeeperArgs::initFromKeeperSection(Poco::Util::AbstractConfiguration const&, String const&) @ 0x0000000013813c10 in /usr/bin/clickhouse
4. zkutil::ZooKeeperArgs::ZooKeeperArgs(Poco::Util::AbstractConfiguration const&, String const&) @ 0x000000001380f986 in /usr/bin/clickhouse
5. zkutil::ZooKeeper::ZooKeeper(Poco::Util::AbstractConfiguration const&, String const&, std::shared_ptr<DB::ZooKeeperLog>) @ 0x00000000137e48cc in /usr/bin/clickhouse
6. DB::Context::getZooKeeper() const @ 0x000000001164aa4a in /usr/bin/clickhouse
7. DB::DDLWorker::getAndSetZooKeeper() @ 0x00000000116cc32d in /usr/bin/clickhouse
8. DB::DDLWorker::initializeMainThread() @ 0x00000000116dca3b in /usr/bin/clickhouse
9. DB::DDLWorker::runMainThread() @ 0x00000000116c73c0 in /usr/bin/clickhouse
10. void std::__function::__policy_invoker<void ()>::__call_impl<std::__function::__default_alloc_func<ThreadFromGlobalPoolImpl<true>::ThreadFromGlobalPoolImpl<void (DB::DDLWorker::*)(), DB::DDLWorker*>(void (DB::DDLWorker::*&&)(), DB::DDLWorker*&&)::'lambda'(), void ()>>(std::__function::__policy_storage const*) @ 0x00000000116ddb4c in /usr/bin/clickhouse
11. void* std::__thread_proxy[abi:v15000]<std::tuple<std::unique_ptr<std::__thread_struct, std::default_delete<std::__thread_struct>>, void ThreadPoolImpl<std::thread>::scheduleImpl<void>(std::function<void ()>, Priority, std::optional<unsigned long>, bool)::'lambda0'()>>(void*) @ 0x000000000c706104 in /usr/bin/clickhouse
12. ? @ 0x00007d5a69da9609 in ?
13. ? @ 0x00007d5a69cce353 in ?
 (version 23.8.16.16 (official build))
2026.03.18 20:33:16.441921 [ 284 ] {} <Error> DDLWorker: ZooKeeper error: Code: 999. Coordination::Exception: Unknown key host in config file. (KEEPER_EXCEPTION), Stack trace (when copying this message, always include the lines below):

0. DB::Exception::Exception(DB::Exception::MessageMasked&&, int, bool) @ 0x000000000c6251d7 in /usr/bin/clickhouse
1. DB::Exception::Exception<String const&>(int, FormatStringHelperImpl<std::type_identity<String const&>::type>, String const&) @ 0x00000000074ae38d in /usr/bin/clickhouse
2. Coordination::Exception::Exception<String const&>(Coordination::Error, FormatStringHelperImpl<std::type_identity<String const&>::type>, String const&) @ 0x000000001276578a in /usr/bin/clickhouse
3. zkutil::ZooKeeperArgs::initFromKeeperSection(Poco::Util::AbstractConfiguration const&, String const&) @ 0x0000000013813c10 in /usr/bin/clickhouse
4. zkutil::ZooKeeperArgs::ZooKeeperArgs(Poco::Util::AbstractConfiguration const&, String const&) @ 0x000000001380f986 in /usr/bin/clickhouse
5. zkutil::ZooKeeper::ZooKeeper(Poco::Util::AbstractConfiguration const&, String const&, std::shared_ptr<DB::ZooKeeperLog>) @ 0x00000000137e48cc in /usr/bin/clickhouse
6. DB::Context::getZooKeeper() const @ 0x000000001164aa4a in /usr/bin/clickhouse
7. DB::DDLWorker::getAndSetZooKeeper() @ 0x00000000116cc32d in /usr/bin/clickhouse
8. DB::DDLWorker::initializeMainThread() @ 0x00000000116dca3b in /usr/bin/clickhouse
9. DB::DDLWorker::runMainThread() @ 0x00000000116c73c0 in /usr/bin/clickhouse
10. void std::__function::__policy_invoker<void ()>::__call_impl<std::__function::__default_alloc_func<ThreadFromGlobalPoolImpl<true>::ThreadFromGlobalPoolImpl<void (DB::DDLWorker::*)(), DB::DDLWorker*>(void (DB::DDLWorker::*&&)(), DB::DDLWorker*&&)::'lambda'(), void ()>>(std::__function::__policy_storage const*) @ 0x00000000116ddb4c in /usr/bin/clickhouse
11. void* std::__thread_proxy[abi:v15000]<std::tuple<std::unique_ptr<std::__thread_struct, std::default_delete<std::__thread_struct>>, void ThreadPoolImpl<std::thread>::scheduleImpl<void>(std::function<void ()>, Priority, std::optional<unsigned long>, bool)::'lambda0'()>>(void*) @ 0x000000000c706104 in /usr/bin/clickhouse
12. ? @ 0x00007d5a69da9609 in ?
13. ? @ 0x00007d5a69cce353 in ?
 (version 23.8.16.16 (official build)). Failed to start DDLWorker.
2026.03.18 20:33:16.441991 [ 284 ] {} <Error> virtual bool DB::DDLWorker::initializeMainThread(): Code: 999. Coordination::Exception: Unknown key host in config file. (KEEPER_EXCEPTION), Stack trace (when copying this message, always include the lines below):

0. DB::Exception::Exception(DB::Exception::MessageMasked&&, int, bool) @ 0x000000000c6251d7 in /usr/bin/clickhouse
1. DB::Exception::Exception<String const&>(int, FormatStringHelperImpl<std::type_identity<String const&>::type>, String const&) @ 0x00000000074ae38d in /usr/bin/clickhouse
2. Coordination::Exception::Exception<String const&>(Coordination::Error, FormatStringHelperImpl<std::type_identity<String const&>::type>, String const&) @ 0x000000001276578a in /usr/bin/clickhouse
3. zkutil::ZooKeeperArgs::initFromKeeperSection(Poco::Util::AbstractConfiguration const&, String const&) @ 0x0000000013813c10 in /usr/bin/clickhouse
4. zkutil::ZooKeeperArgs::ZooKeeperArgs(Poco::Util::AbstractConfiguration const&, String const&) @ 0x000000001380f986 in /usr/bin/clickhouse
5. zkutil::ZooKeeper::ZooKeeper(Poco::Util::AbstractConfiguration const&, String const&, std::shared_ptr<DB::ZooKeeperLog>) @ 0x00000000137e48cc in /usr/bin/clickhouse
6. DB::Context::getZooKeeper() const @ 0x000000001164aa4a in /usr/bin/clickhouse
7. DB::DDLWorker::getAndSetZooKeeper() @ 0x00000000116cc32d in /usr/bin/clickhouse
8. DB::DDLWorker::initializeMainThread() @ 0x00000000116dca3b in /usr/bin/clickhouse
9. DB::DDLWorker::runMainThread() @ 0x00000000116c73c0 in /usr/bin/clickhouse
10. void std::__function::__policy_invoker<void ()>::__call_impl<std::__function::__default_alloc_func<ThreadFromGlobalPoolImpl<true>::ThreadFromGlobalPoolImpl<void (DB::DDLWorker::*)(), DB::DDLWorker*>(void (DB::DDLWorker::*&&)(), DB::DDLWorker*&&)::'lambda'(), void ()>>(std::__function::__policy_storage const*) @ 0x00000000116ddb4c in /usr/bin/clickhouse
11. void* std::__thread_proxy[abi:v15000]<std::tuple<std::unique_ptr<std::__thread_struct, std::default_delete<std::__thread_struct>>, void ThreadPoolImpl<std::thread>::scheduleImpl<void>(std::function<void ()>, Priority, std::optional<unsigned long>, bool)::'lambda0'()>>(void*) @ 0x000000000c706104 in /usr/bin/clickhouse
12. ? @ 0x00007d5a69da9609 in ?
13. ? @ 0x00007d5a69cce353 in ?
 (version 23.8.16.16 (official build))
2026.03.18 20:33:21.002501 [ 89 ] {} <Debug> DNSResolver: Updating DNS cache
2026.03.18 20:33:21.003682 [ 89 ] {} <Debug> DNSResolver: Updated DNS cache
2026.03.18 20:33:21.442524 [ 284 ] {} <Error> DDLWorker: ZooKeeper error: Code: 999. Coordination::Exception: Unknown key host in config file. (KEEPER_EXCEPTION), Stack trace (when copying this message, always include the lines below):

0. DB::Exception::Exception(DB::Exception::MessageMasked&&, int, bool) @ 0x000000000c6251d7 in /usr/bin/clickhouse
1. DB::Exception::Exception<String const&>(int, FormatStringHelperImpl<std::type_identity<String const&>::type>, String const&) @ 0x00000000074ae38d in /usr/bin/clickhouse
2. Coordination::Exception::Exception<String const&>(Coordination::Error, FormatStringHelperImpl<std::type_identity<String const&>::type>, String const&) @ 0x000000001276578a in /usr/bin/clickhouse
3. zkutil::ZooKeeperArgs::initFromKeeperSection(Poco::Util::AbstractConfiguration const&, String const&) @ 0x0000000013813c10 in /usr/bin/clickhouse
4. zkutil::ZooKeeperArgs::ZooKeeperArgs(Poco::Util::AbstractConfiguration const&, String const&) @ 0x000000001380f986 in /usr/bin/clickhouse
5. zkutil::ZooKeeper::ZooKeeper(Poco::Util::AbstractConfiguration const&, String const&, std::shared_ptr<DB::ZooKeeperLog>) @ 0x00000000137e48cc in /usr/bin/clickhouse
6. DB::Context::getZooKeeper() const @ 0x000000001164aa4a in /usr/bin/clickhouse
7. DB::DDLWorker::getAndSetZooKeeper() @ 0x00000000116cc32d in /usr/bin/clickhouse
8. DB::DDLWorker::initializeMainThread() @ 0x00000000116dca3b in /usr/bin/clickhouse
9. DB::DDLWorker::runMainThread() @ 0x00000000116c73c0 in /usr/bin/clickhouse
10. void std::__function::__policy_invoker<void ()>::__call_impl<std::__function::__default_alloc_func<ThreadFromGlobalPoolImpl<true>::ThreadFromGlobalPoolImpl<void (DB::DDLWorker::*)(), DB::DDLWorker*>(void (DB::DDLWorker::*&&)(), DB::DDLWorker*&&)::'lambda'(), void ()>>(std::__function::__policy_storage const*) @ 0x00000000116ddb4c in /usr/bin/clickhouse
11. void* std::__thread_proxy[abi:v15000]<std::tuple<std::unique_ptr<std::__thread_struct, std::default_delete<std::__thread_struct>>, void ThreadPoolImpl<std::thread>::scheduleImpl<void>(std::function<void ()>, Priority, std::optional<unsigned long>, bool)::'lambda0'()>>(void*) @ 0x000000000c706104 in /usr/bin/clickhouse
12. ? @ 0x00007d5a69da9609 in ?
13. ? @ 0x00007d5a69cce353 in ?
 (version 23.8.16.16 (official build)). Failed to start DDLWorker.
2026.03.18 20:33:21.442589 [ 284 ] {} <Error> virtual bool DB::DDLWorker::initializeMainThread(): Code: 999. Coordination::Exception: Unknown key host in config file. (KEEPER_EXCEPTION), Stack trace (when copying this message, always include the lines below):

0. DB::Exception::Exception(DB::Exception::MessageMasked&&, int, bool) @ 0x000000000c6251d7 in /usr/bin/clickhouse
1. DB::Exception::Exception<String const&>(int, FormatStringHelperImpl<std::type_identity<String const&>::type>, String const&) @ 0x00000000074ae38d in /usr/bin/clickhouse
2. Coordination::Exception::Exception<String const&>(Coordination::Error, FormatStringHelperImpl<std::type_identity<String const&>::type>, String const&) @ 0x000000001276578a in /usr/bin/clickhouse
3. zkutil::ZooKeeperArgs::initFromKeeperSection(Poco::Util::AbstractConfiguration const&, String const&) @ 0x0000000013813c10 in /usr/bin/clickhouse
4. zkutil::ZooKeeperArgs::ZooKeeperArgs(Poco::Util::AbstractConfiguration const&, String const&) @ 0x000000001380f986 in /usr/bin/clickhouse
5. zkutil::ZooKeeper::ZooKeeper(Poco::Util::AbstractConfiguration const&, String const&, std::shared_ptr<DB::ZooKeeperLog>) @ 0x00000000137e48cc in /usr/bin/clickhouse
6. DB::Context::getZooKeeper() const @ 0x000000001164aa4a in /usr/bin/clickhouse
7. DB::DDLWorker::getAndSetZooKeeper() @ 0x00000000116cc32d in /usr/bin/clickhouse
8. DB::DDLWorker::initializeMainThread() @ 0x00000000116dca3b in /usr/bin/clickhouse
9. DB::DDLWorker::runMainThread() @ 0x00000000116c73c0 in /usr/bin/clickhouse
10. void std::__function::__policy_invoker<void ()>::__call_impl<std::__function::__default_alloc_func<ThreadFromGlobalPoolImpl<true>::ThreadFromGlobalPoolImpl<void (DB::DDLWorker::*)(), DB::DDLWorker*>(void (DB::DDLWorker::*&&)(), DB::DDLWorker*&&)::'lambda'(), void ()>>(std::__function::__policy_storage const*) @ 0x00000000116ddb4c in /usr/bin/clickhouse
11. void* std::__thread_proxy[abi:v15000]<std::tuple<std::unique_ptr<std::__thread_struct, std::default_delete<std::__thread_struct>>, void ThreadPoolImpl<std::thread>::scheduleImpl<void>(std::function<void ()>, Priority, std::optional<unsigned long>, bool)::'lambda0'()>>(void*) @ 0x000000000c706104 in /usr/bin/clickhouse
12. ? @ 0x00007d5a69da9609 in ?
13. ? @ 0x00007d5a69cce353 in ?
 (version 23.8.16.16 (official build))
2026.03.18 20:33:26.443866 [ 284 ] {} <Error> DDLWorker: ZooKeeper error: Code: 999. Coordination::Exception: Unknown key host in config file. (KEEPER_EXCEPTION), Stack trace (when copying this message, always include the lines below):

0. DB::Exception::Exception(DB::Exception::MessageMasked&&, int, bool) @ 0x000000000c6251d7 in /usr/bin/clickhouse
1. DB::Exception::Exception<String const&>(int, FormatStringHelperImpl<std::type_identity<String const&>::type>, String const&) @ 0x00000000074ae38d in /usr/bin/clickhouse
2. Coordination::Exception::Exception<String const&>(Coordination::Error, FormatStringHelperImpl<std::type_identity<String const&>::type>, String const&) @ 0x000000001276578a in /usr/bin/clickhouse
3. zkutil::ZooKeeperArgs::initFromKeeperSection(Poco::Util::AbstractConfiguration const&, String const&) @ 0x0000000013813c10 in /usr/bin/clickhouse
4. zkutil::ZooKeeperArgs::ZooKeeperArgs(Poco::Util::AbstractConfiguration const&, String const&) @ 0x000000001380f986 in /usr/bin/clickhouse
5. zkutil::ZooKeeper::ZooKeeper(Poco::Util::AbstractConfiguration const&, String const&, std::shared_ptr<DB::ZooKeeperLog>) @ 0x00000000137e48cc in /usr/bin/clickhouse
6. DB::Context::getZooKeeper() const @ 0x000000001164aa4a in /usr/bin/clickhouse
7. DB::DDLWorker::getAndSetZooKeeper() @ 0x00000000116cc32d in /usr/bin/clickhouse
8. DB::DDLWorker::initializeMainThread() @ 0x00000000116dca3b in /usr/bin/clickhouse
9. DB::DDLWorker::runMainThread() @ 0x00000000116c73c0 in /usr/bin/clickhouse
10. void std::__function::__policy_invoker<void ()>::__call_impl<std::__function::__default_alloc_func<ThreadFromGlobalPoolImpl<true>::ThreadFromGlobalPoolImpl<void (DB::DDLWorker::*)(), DB::DDLWorker*>(void (DB::DDLWorker::*&&)(), DB::DDLWorker*&&)::'lambda'(), void ()>>(std::__function::__policy_storage const*) @ 0x00000000116ddb4c in /usr/bin/clickhouse
11. void* std::__thread_proxy[abi:v15000]<std::tuple<std::unique_ptr<std::__thread_struct, std::default_delete<std::__thread_struct>>, void ThreadPoolImpl<std::thread>::scheduleImpl<void>(std::function<void ()>, Priority, std::optional<unsigned long>, bool)::'lambda0'()>>(void*) @ 0x000000000c706104 in /usr/bin/clickhouse
12. ? @ 0x00007d5a69da9609 in ?
13. ? @ 0x00007d5a69cce353 in ?
 (version 23.8.16.16 (official build)). Failed to start DDLWorker.
2026.03.18 20:33:26.443945 [ 284 ] {} <Error> virtual bool DB::DDLWorker::initializeMainThread(): Code: 999. Coordination::Exception: Unknown key host in config file. (KEEPER_EXCEPTION), Stack trace (when copying this message, always include the lines below):

0. DB::Exception::Exception(DB::Exception::MessageMasked&&, int, bool) @ 0x000000000c6251d7 in /usr/bin/clickhouse
1. DB::Exception::Exception<String const&>(int, FormatStringHelperImpl<std::type_identity<String const&>::type>, String const&) @ 0x00000000074ae38d in /usr/bin/clickhouse
2. Coordination::Exception::Exception<String const&>(Coordination::Error, FormatStringHelperImpl<std::type_identity<String const&>::type>, String const&) @ 0x000000001276578a in /usr/bin/clickhouse
3. zkutil::ZooKeeperArgs::initFromKeeperSection(Poco::Util::AbstractConfiguration const&, String const&) @ 0x0000000013813c10 in /usr/bin/clickhouse
4. zkutil::ZooKeeperArgs::ZooKeeperArgs(Poco::Util::AbstractConfiguration const&, String const&) @ 0x000000001380f986 in /usr/bin/clickhouse
5. zkutil::ZooKeeper::ZooKeeper(Poco::Util::AbstractConfiguration const&, String const&, std::shared_ptr<DB::ZooKeeperLog>) @ 0x00000000137e48cc in /usr/bin/clickhouse
6. DB::Context::getZooKeeper() const @ 0x000000001164aa4a in /usr/bin/clickhouse
7. DB::DDLWorker::getAndSetZooKeeper() @ 0x00000000116cc32d in /usr/bin/clickhouse
8. DB::DDLWorker::initializeMainThread() @ 0x00000000116dca3b in /usr/bin/clickhouse
9. DB::DDLWorker::runMainThread() @ 0x00000000116c73c0 in /usr/bin/clickhouse
10. void std::__function::__policy_invoker<void ()>::__call_impl<std::__function::__default_alloc_func<ThreadFromGlobalPoolImpl<true>::ThreadFromGlobalPoolImpl<void (DB::DDLWorker::*)(), DB::DDLWorker*>(void (DB::DDLWorker::*&&)(), DB::DDLWorker*&&)::'lambda'(), void ()>>(std::__function::__policy_storage const*) @ 0x00000000116ddb4c in /usr/bin/clickhouse
11. void* std::__thread_proxy[abi:v15000]<std::tuple<std::unique_ptr<std::__thread_struct, std::default_delete<std::__thread_struct>>, void ThreadPoolImpl<std::thread>::scheduleImpl<void>(std::function<void ()>, Priority, std::optional<unsigned long>, bool)::'lambda0'()>>(void*) @ 0x000000000c706104 in /usr/bin/clickhouse
12. ? @ 0x00007d5a69da9609 in ?
13. ? @ 0x00007d5a69cce353 in ?
 (version 23.8.16.16 (official build))
2026.03.18 20:33:31.444427 [ 284 ] {} <Error> DDLWorker: ZooKeeper error: Code: 999. Coordination::Exception: Unknown key host in config file. (KEEPER_EXCEPTION), Stack trace (when copying this message, always include the lines below):

0. DB::Exception::Exception(DB::Exception::MessageMasked&&, int, bool) @ 0x000000000c6251d7 in /usr/bin/clickhouse
1. DB::Exception::Exception<String const&>(int, FormatStringHelperImpl<std::type_identity<String const&>::type>, String const&) @ 0x00000000074ae38d in /usr/bin/clickhouse
2. Coordination::Exception::Exception<String const&>(Coordination::Error, FormatStringHelperImpl<std::type_identity<String const&>::type>, String const&) @ 0x000000001276578a in /usr/bin/clickhouse
3. zkutil::ZooKeeperArgs::initFromKeeperSection(Poco::Util::AbstractConfiguration const&, String const&) @ 0x0000000013813c10 in /usr/bin/clickhouse
4. zkutil::ZooKeeperArgs::ZooKeeperArgs(Poco::Util::AbstractConfiguration const&, String const&) @ 0x000000001380f986 in /usr/bin/clickhouse
5. zkutil::ZooKeeper::ZooKeeper(Poco::Util::AbstractConfiguration const&, String const&, std::shared_ptr<DB::ZooKeeperLog>) @ 0x00000000137e48cc in /usr/bin/clickhouse
6. DB::Context::getZooKeeper() const @ 0x000000001164aa4a in /usr/bin/clickhouse
7. DB::DDLWorker::getAndSetZooKeeper() @ 0x00000000116cc32d in /usr/bin/clickhouse
8. DB::DDLWorker::initializeMainThread() @ 0x00000000116dca3b in /usr/bin/clickhouse
9. DB::DDLWorker::runMainThread() @ 0x00000000116c73c0 in /usr/bin/clickhouse
10. void std::__function::__policy_invoker<void ()>::__call_impl<std::__function::__default_alloc_func<ThreadFromGlobalPoolImpl<true>::ThreadFromGlobalPoolImpl<void (DB::DDLWorker::*)(), DB::DDLWorker*>(void (DB::DDLWorker::*&&)(), DB::DDLWorker*&&)::'lambda'(), void ()>>(std::__function::__policy_storage const*) @ 0x00000000116ddb4c in /usr/bin/clickhouse
11. void* std::__thread_proxy[abi:v15000]<std::tuple<std::unique_ptr<std::__thread_struct, std::default_delete<std::__thread_struct>>, void ThreadPoolImpl<std::thread>::scheduleImpl<void>(std::function<void ()>, Priority, std::optional<unsigned long>, bool)::'lambda0'()>>(void*) @ 0x000000000c706104 in /usr/bin/clickhouse
12. ? @ 0x00007d5a69da9609 in ?
13. ? @ 0x00007d5a69cce353 in ?
 (version 23.8.16.16 (official build)). Failed to start DDLWorker.
2026.03.18 20:33:31.444499 [ 284 ] {} <Error> virtual bool DB::DDLWorker::initializeMainThread(): Code: 999. Coordination::Exception: Unknown key host in config file. (KEEPER_EXCEPTION), Stack trace (when copying this message, always include the lines below):

0. DB::Exception::Exception(DB::Exception::MessageMasked&&, int, bool) @ 0x000000000c6251d7 in /usr/bin/clickhouse
1. DB::Exception::Exception<String const&>(int, FormatStringHelperImpl<std::type_identity<String const&>::type>, String const&) @ 0x00000000074ae38d in /usr/bin/clickhouse
2. Coordination::Exception::Exception<String const&>(Coordination::Error, FormatStringHelperImpl<std::type_identity<String const&>::type>, String const&) @ 0x000000001276578a in /usr/bin/clickhouse
3. zkutil::ZooKeeperArgs::initFromKeeperSection(Poco::Util::AbstractConfiguration const&, String const&) @ 0x0000000013813c10 in /usr/bin/clickhouse
4. zkutil::ZooKeeperArgs::ZooKeeperArgs(Poco::Util::AbstractConfiguration const&, String const&) @ 0x000000001380f986 in /usr/bin/clickhouse
5. zkutil::ZooKeeper::ZooKeeper(Poco::Util::AbstractConfiguration const&, String const&, std::shared_ptr<DB::ZooKeeperLog>) @ 0x00000000137e48cc in /usr/bin/clickhouse
6. DB::Context::getZooKeeper() const @ 0x000000001164aa4a in /usr/bin/clickhouse
7. DB::DDLWorker::getAndSetZooKeeper() @ 0x00000000116cc32d in /usr/bin/clickhouse
8. DB::DDLWorker::initializeMainThread() @ 0x00000000116dca3b in /usr/bin/clickhouse
9. DB::DDLWorker::runMainThread() @ 0x00000000116c73c0 in /usr/bin/clickhouse
10. void std::__function::__policy_invoker<void ()>::__call_impl<std::__function::__default_alloc_func<ThreadFromGlobalPoolImpl<true>::ThreadFromGlobalPoolImpl<void (DB::DDLWorker::*)(), DB::DDLWorker*>(void (DB::DDLWorker::*&&)(), DB::DDLWorker*&&)::'lambda'(), void ()>>(std::__function::__policy_storage const*) @ 0x00000000116ddb4c in /usr/bin/clickhouse
11. void* std::__thread_proxy[abi:v15000]<std::tuple<std::unique_ptr<std::__thread_struct, std::default_delete<std::__thread_struct>>, void ThreadPoolImpl<std::thread>::scheduleImpl<void>(std::function<void ()>, Priority, std::optional<unsigned long>, bool)::'lambda0'()>>(void*) @ 0x000000000c706104 in /usr/bin/clickhouse
12. ? @ 0x00007d5a69da9609 in ?
13. ? @ 0x00007d5a69cce353 in ?
 (version 23.8.16.16 (official build))
2026.03.18 20:33:36.006224 [ 72 ] {} <Debug> DNSResolver: Updating DNS cache
2026.03.18 20:33:36.006654 [ 285 ] {} <Trace> AsynchronousMetrics: Update heavy metrics. Update period 1 sec. Update heavy metrics period 120 sec. Heavy metrics calculation elapsed: 9.177e-06 sec.
2026.03.18 20:33:36.007410 [ 72 ] {} <Debug> DNSResolver: Updated DNS cache
2026.03.18 20:33:36.449795 [ 284 ] {} <Error> DDLWorker: ZooKeeper error: Code: 999. Coordination::Exception: Unknown key host in config file. (KEEPER_EXCEPTION), Stack trace (when copying this message, always include the lines below):

0. DB::Exception::Exception(DB::Exception::MessageMasked&&, int, bool) @ 0x000000000c6251d7 in /usr/bin/clickhouse
1. DB::Exception::Exception<String const&>(int, FormatStringHelperImpl<std::type_identity<String const&>::type>, String const&) @ 0x00000000074ae38d in /usr/bin/clickhouse
2. Coordination::Exception::Exception<String const&>(Coordination::Error, FormatStringHelperImpl<std::type_identity<String const&>::type>, String const&) @ 0x000000001276578a in /usr/bin/clickhouse
3. zkutil::ZooKeeperArgs::initFromKeeperSection(Poco::Util::AbstractConfiguration const&, String const&) @ 0x0000000013813c10 in /usr/bin/clickhouse
4. zkutil::ZooKeeperArgs::ZooKeeperArgs(Poco::Util::AbstractConfiguration const&, String const&) @ 0x000000001380f986 in /usr/bin/clickhouse
5. zkutil::ZooKeeper::ZooKeeper(Poco::Util::AbstractConfiguration const&, String const&, std::shared_ptr<DB::ZooKeeperLog>) @ 0x00000000137e48cc in /usr/bin/clickhouse
6. DB::Context::getZooKeeper() const @ 0x000000001164aa4a in /usr/bin/clickhouse
7. DB::DDLWorker::getAndSetZooKeeper() @ 0x00000000116cc32d in /usr/bin/clickhouse
8. DB::DDLWorker::initializeMainThread() @ 0x00000000116dca3b in /usr/bin/clickhouse
9. DB::DDLWorker::runMainThread() @ 0x00000000116c73c0 in /usr/bin/clickhouse
10. void std::__function::__policy_invoker<void ()>::__call_impl<std::__function::__default_alloc_func<ThreadFromGlobalPoolImpl<true>::ThreadFromGlobalPoolImpl<void (DB::DDLWorker::*)(), DB::DDLWorker*>(void (DB::DDLWorker::*&&)(), DB::DDLWorker*&&)::'lambda'(), void ()>>(std::__function::__policy_storage const*) @ 0x00000000116ddb4c in /usr/bin/clickhouse
11. void* std::__thread_proxy[abi:v15000]<std::tuple<std::unique_ptr<std::__thread_struct, std::default_delete<std::__thread_struct>>, void ThreadPoolImpl<std::thread>::scheduleImpl<void>(std::function<void ()>, Priority, std::optional<unsigned long>, bool)::'lambda0'()>>(void*) @ 0x000000000c706104 in /usr/bin/clickhouse
12. ? @ 0x00007d5a69da9609 in ?
13. ? @ 0x00007d5a69cce353 in ?
 (version 23.8.16.16 (official build)). Failed to start DDLWorker.
2026.03.18 20:33:36.449860 [ 284 ] {} <Error> virtual bool DB::DDLWorker::initializeMainThread(): Code: 999. Coordination::Exception: Unknown key host in config file. (KEEPER_EXCEPTION), Stack trace (when copying this message, always include the lines below):

0. DB::Exception::Exception(DB::Exception::MessageMasked&&, int, bool) @ 0x000000000c6251d7 in /usr/bin/clickhouse
1. DB::Exception::Exception<String const&>(int, FormatStringHelperImpl<std::type_identity<String const&>::type>, String const&) @ 0x00000000074ae38d in /usr/bin/clickhouse
2. Coordination::Exception::Exception<String const&>(Coordination::Error, FormatStringHelperImpl<std::type_identity<String const&>::type>, String const&) @ 0x000000001276578a in /usr/bin/clickhouse
3. zkutil::ZooKeeperArgs::initFromKeeperSection(Poco::Util::AbstractConfiguration const&, String const&) @ 0x0000000013813c10 in /usr/bin/clickhouse
4. zkutil::ZooKeeperArgs::ZooKeeperArgs(Poco::Util::AbstractConfiguration const&, String const&) @ 0x000000001380f986 in /usr/bin/clickhouse
5. zkutil::ZooKeeper::ZooKeeper(Poco::Util::AbstractConfiguration const&, String const&, std::shared_ptr<DB::ZooKeeperLog>) @ 0x00000000137e48cc in /usr/bin/clickhouse
6. DB::Context::getZooKeeper() const @ 0x000000001164aa4a in /usr/bin/clickhouse
7. DB::DDLWorker::getAndSetZooKeeper() @ 0x00000000116cc32d in /usr/bin/clickhouse
8. DB::DDLWorker::initializeMainThread() @ 0x00000000116dca3b in /usr/bin/clickhouse
9. DB::DDLWorker::runMainThread() @ 0x00000000116c73c0 in /usr/bin/clickhouse
10. void std::__function::__policy_invoker<void ()>::__call_impl<std::__function::__default_alloc_func<ThreadFromGlobalPoolImpl<true>::ThreadFromGlobalPoolImpl<void (DB::DDLWorker::*)(), DB::DDLWorker*>(void (DB::DDLWorker::*&&)(), DB::DDLWorker*&&)::'lambda'(), void ()>>(std::__function::__policy_storage const*) @ 0x00000000116ddb4c in /usr/bin/clickhouse
11. void* std::__thread_proxy[abi:v15000]<std::tuple<std::unique_ptr<std::__thread_struct, std::default_delete<std::__thread_struct>>, void ThreadPoolImpl<std::thread>::scheduleImpl<void>(std::function<void ()>, Priority, std::optional<unsigned long>, bool)::'lambda0'()>>(void*) @ 0x000000000c706104 in /usr/bin/clickhouse
12. ? @ 0x00007d5a69da9609 in ?
13. ? @ 0x00007d5a69cce353 in ?
 (version 23.8.16.16 (official build))
2026.03.18 20:33:41.475529 [ 284 ] {} <Error> DDLWorker: ZooKeeper error: Code: 999. Coordination::Exception: Unknown key host in config file. (KEEPER_EXCEPTION), Stack trace (when copying this message, always include the lines below):

0. DB::Exception::Exception(DB::Exception::MessageMasked&&, int, bool) @ 0x000000000c6251d7 in /usr/bin/clickhouse
1. DB::Exception::Exception<String const&>(int, FormatStringHelperImpl<std::type_identity<String const&>::type>, String const&) @ 0x00000000074ae38d in /usr/bin/clickhouse
2. Coordination::Exception::Exception<String const&>(Coordination::Error, FormatStringHelperImpl<std::type_identity<String const&>::type>, String const&) @ 0x000000001276578a in /usr/bin/clickhouse
3. zkutil::ZooKeeperArgs::initFromKeeperSection(Poco::Util::AbstractConfiguration const&, String const&) @ 0x0000000013813c10 in /usr/bin/clickhouse
4. zkutil::ZooKeeperArgs::ZooKeeperArgs(Poco::Util::AbstractConfiguration const&, String const&) @ 0x000000001380f986 in /usr/bin/clickhouse
5. zkutil::ZooKeeper::ZooKeeper(Poco::Util::AbstractConfiguration const&, String const&, std::shared_ptr<DB::ZooKeeperLog>) @ 0x00000000137e48cc in /usr/bin/clickhouse
6. DB::Context::getZooKeeper() const @ 0x000000001164aa4a in /usr/bin/clickhouse
7. DB::DDLWorker::getAndSetZooKeeper() @ 0x00000000116cc32d in /usr/bin/clickhouse
8. DB::DDLWorker::initializeMainThread() @ 0x00000000116dca3b in /usr/bin/clickhouse
9. DB::DDLWorker::runMainThread() @ 0x00000000116c73c0 in /usr/bin/clickhouse
10. void std::__function::__policy_invoker<void ()>::__call_impl<std::__function::__default_alloc_func<ThreadFromGlobalPoolImpl<true>::ThreadFromGlobalPoolImpl<void (DB::DDLWorker::*)(), DB::DDLWorker*>(void (DB::DDLWorker::*&&)(), DB::DDLWorker*&&)::'lambda'(), void ()>>(std::__function::__policy_storage const*) @ 0x00000000116ddb4c in /usr/bin/clickhouse
11. void* std::__thread_proxy[abi:v15000]<std::tuple<std::unique_ptr<std::__thread_struct, std::default_delete<std::__thread_struct>>, void ThreadPoolImpl<std::thread>::scheduleImpl<void>(std::function<void ()>, Priority, std::optional<unsigned long>, bool)::'lambda0'()>>(void*) @ 0x000000000c706104 in /usr/bin/clickhouse
12. ? @ 0x00007d5a69da9609 in ?
13. ? @ 0x00007d5a69cce353 in ?
 (version 23.8.16.16 (official build)). Failed to start DDLWorker.
2026.03.18 20:33:41.475602 [ 284 ] {} <Error> virtual bool DB::DDLWorker::initializeMainThread(): Code: 999. Coordination::Exception: Unknown key host in config file. (KEEPER_EXCEPTION), Stack trace (when copying this message, always include the lines below):

0. DB::Exception::Exception(DB::Exception::MessageMasked&&, int, bool) @ 0x000000000c6251d7 in /usr/bin/clickhouse
1. DB::Exception::Exception<String const&>(int, FormatStringHelperImpl<std::type_identity<String const&>::type>, String const&) @ 0x00000000074ae38d in /usr/bin/clickhouse
2. Coordination::Exception::Exception<String const&>(Coordination::Error, FormatStringHelperImpl<std::type_identity<String const&>::type>, String const&) @ 0x000000001276578a in /usr/bin/clickhouse
3. zkutil::ZooKeeperArgs::initFromKeeperSection(Poco::Util::AbstractConfiguration const&, String const&) @ 0x0000000013813c10 in /usr/bin/clickhouse
4. zkutil::ZooKeeperArgs::ZooKeeperArgs(Poco::Util::AbstractConfiguration const&, String const&) @ 0x000000001380f986 in /usr/bin/clickhouse
5. zkutil::ZooKeeper::ZooKeeper(Poco::Util::AbstractConfiguration const&, String const&, std::shared_ptr<DB::ZooKeeperLog>) @ 0x00000000137e48cc in /usr/bin/clickhouse
6. DB::Context::getZooKeeper() const @ 0x000000001164aa4a in /usr/bin/clickhouse
7. DB::DDLWorker::getAndSetZooKeeper() @ 0x00000000116cc32d in /usr/bin/clickhouse
8. DB::DDLWorker::initializeMainThread() @ 0x00000000116dca3b in /usr/bin/clickhouse
9. DB::DDLWorker::runMainThread() @ 0x00000000116c73c0 in /usr/bin/clickhouse
10. void std::__function::__policy_invoker<void ()>::__call_impl<std::__function::__default_alloc_func<ThreadFromGlobalPoolImpl<true>::ThreadFromGlobalPoolImpl<void (DB::DDLWorker::*)(), DB::DDLWorker*>(void (DB::DDLWorker::*&&)(), DB::DDLWorker*&&)::'lambda'(), void ()>>(std::__function::__policy_storage const*) @ 0x00000000116ddb4c in /usr/bin/clickhouse
11. void* std::__thread_proxy[abi:v15000]<std::tuple<std::unique_ptr<std::__thread_struct, std::default_delete<std::__thread_struct>>, void ThreadPoolImpl<std::thread>::scheduleImpl<void>(std::function<void ()>, Priority, std::optional<unsigned long>, bool)::'lambda0'()>>(void*) @ 0x000000000c706104 in /usr/bin/clickhouse
12. ? @ 0x00007d5a69da9609 in ?
13. ? @ 0x00007d5a69cce353 in ?
 (version 23.8.16.16 (official build))
2026.03.18 20:33:46.484578 [ 284 ] {} <Error> DDLWorker: ZooKeeper error: Code: 999. Coordination::Exception: Unknown key host in config file. (KEEPER_EXCEPTION), Stack trace (when copying this message, always include the lines below):

0. DB::Exception::Exception(DB::Exception::MessageMasked&&, int, bool) @ 0x000000000c6251d7 in /usr/bin/clickhouse
1. DB::Exception::Exception<String const&>(int, FormatStringHelperImpl<std::type_identity<String const&>::type>, String const&) @ 0x00000000074ae38d in /usr/bin/clickhouse
2. Coordination::Exception::Exception<String const&>(Coordination::Error, FormatStringHelperImpl<std::type_identity<String const&>::type>, String const&) @ 0x000000001276578a in /usr/bin/clickhouse
3. zkutil::ZooKeeperArgs::initFromKeeperSection(Poco::Util::AbstractConfiguration const&, String const&) @ 0x0000000013813c10 in /usr/bin/clickhouse
4. zkutil::ZooKeeperArgs::ZooKeeperArgs(Poco::Util::AbstractConfiguration const&, String const&) @ 0x000000001380f986 in /usr/bin/clickhouse
5. zkutil::ZooKeeper::ZooKeeper(Poco::Util::AbstractConfiguration const&, String const&, std::shared_ptr<DB::ZooKeeperLog>) @ 0x00000000137e48cc in /usr/bin/clickhouse
6. DB::Context::getZooKeeper() const @ 0x000000001164aa4a in /usr/bin/clickhouse
7. DB::DDLWorker::getAndSetZooKeeper() @ 0x00000000116cc32d in /usr/bin/clickhouse
8. DB::DDLWorker::initializeMainThread() @ 0x00000000116dca3b in /usr/bin/clickhouse
9. DB::DDLWorker::runMainThread() @ 0x00000000116c73c0 in /usr/bin/clickhouse
10. void std::__function::__policy_invoker<void ()>::__call_impl<std::__function::__default_alloc_func<ThreadFromGlobalPoolImpl<true>::ThreadFromGlobalPoolImpl<void (DB::DDLWorker::*)(), DB::DDLWorker*>(void (DB::DDLWorker::*&&)(), DB::DDLWorker*&&)::'lambda'(), void ()>>(std::__function::__policy_storage const*) @ 0x00000000116ddb4c in /usr/bin/clickhouse
11. void* std::__thread_proxy[abi:v15000]<std::tuple<std::unique_ptr<std::__thread_struct, std::default_delete<std::__thread_struct>>, void ThreadPoolImpl<std::thread>::scheduleImpl<void>(std::function<void ()>, Priority, std::optional<unsigned long>, bool)::'lambda0'()>>(void*) @ 0x000000000c706104 in /usr/bin/clickhouse
12. ? @ 0x00007d5a69da9609 in ?
13. ? @ 0x00007d5a69cce353 in ?
 (version 23.8.16.16 (official build)). Failed to start DDLWorker.
2026.03.18 20:33:46.484651 [ 284 ] {} <Error> virtual bool DB::DDLWorker::initializeMainThread(): Code: 999. Coordination::Exception: Unknown key host in config file. (KEEPER_EXCEPTION), Stack trace (when copying this message, always include the lines below):

0. DB::Exception::Exception(DB::Exception::MessageMasked&&, int, bool) @ 0x000000000c6251d7 in /usr/bin/clickhouse
1. DB::Exception::Exception<String const&>(int, FormatStringHelperImpl<std::type_identity<String const&>::type>, String const&) @ 0x00000000074ae38d in /usr/bin/clickhouse
2. Coordination::Exception::Exception<String const&>(Coordination::Error, FormatStringHelperImpl<std::type_identity<String const&>::type>, String const&) @ 0x000000001276578a in /usr/bin/clickhouse
3. zkutil::ZooKeeperArgs::initFromKeeperSection(Poco::Util::AbstractConfiguration const&, String const&) @ 0x0000000013813c10 in /usr/bin/clickhouse
4. zkutil::ZooKeeperArgs::ZooKeeperArgs(Poco::Util::AbstractConfiguration const&, String const&) @ 0x000000001380f986 in /usr/bin/clickhouse
5. zkutil::ZooKeeper::ZooKeeper(Poco::Util::AbstractConfiguration const&, String const&, std::shared_ptr<DB::ZooKeeperLog>) @ 0x00000000137e48cc in /usr/bin/clickhouse
6. DB::Context::getZooKeeper() const @ 0x000000001164aa4a in /usr/bin/clickhouse
7. DB::DDLWorker::getAndSetZooKeeper() @ 0x00000000116cc32d in /usr/bin/clickhouse
8. DB::DDLWorker::initializeMainThread() @ 0x00000000116dca3b in /usr/bin/clickhouse
9. DB::DDLWorker::runMainThread() @ 0x00000000116c73c0 in /usr/bin/clickhouse
10. void std::__function::__policy_invoker<void ()>::__call_impl<std::__function::__default_alloc_func<ThreadFromGlobalPoolImpl<true>::ThreadFromGlobalPoolImpl<void (DB::DDLWorker::*)(), DB::DDLWorker*>(void (DB::DDLWorker::*&&)(), DB::DDLWorker*&&)::'lambda'(), void ()>>(std::__function::__policy_storage const*) @ 0x00000000116ddb4c in /usr/bin/clickhouse
11. void* std::__thread_proxy[abi:v15000]<std::tuple<std::unique_ptr<std::__thread_struct, std::default_delete<std::__thread_struct>>, void ThreadPoolImpl<std::thread>::scheduleImpl<void>(std::function<void ()>, Priority, std::optional<unsigned long>, bool)::'lambda0'()>>(void*) @ 0x000000000c706104 in /usr/bin/clickhouse
12. ? @ 0x00007d5a69da9609 in ?
13. ? @ 0x00007d5a69cce353 in ?
 (version 23.8.16.16 (official build))
2026.03.18 20:33:51.007686 [ 99 ] {} <Debug> DNSResolver: Updating DNS cache
2026.03.18 20:33:51.009309 [ 99 ] {} <Debug> DNSResolver: Updated DNS cache
2026.03.18 20:33:51.485214 [ 284 ] {} <Error> DDLWorker: ZooKeeper error: Code: 999. Coordination::Exception: Unknown key host in config file. (KEEPER_EXCEPTION), Stack trace (when copying this message, always include the lines below):

0. DB::Exception::Exception(DB::Exception::MessageMasked&&, int, bool) @ 0x000000000c6251d7 in /usr/bin/clickhouse
1. DB::Exception::Exception<String const&>(int, FormatStringHelperImpl<std::type_identity<String const&>::type>, String const&) @ 0x00000000074ae38d in /usr/bin/clickhouse
2. Coordination::Exception::Exception<String const&>(Coordination::Error, FormatStringHelperImpl<std::type_identity<String const&>::type>, String const&) @ 0x000000001276578a in /usr/bin/clickhouse
3. zkutil::ZooKeeperArgs::initFromKeeperSection(Poco::Util::AbstractConfiguration const&, String const&) @ 0x0000000013813c10 in /usr/bin/clickhouse
4. zkutil::ZooKeeperArgs::ZooKeeperArgs(Poco::Util::AbstractConfiguration const&, String const&) @ 0x000000001380f986 in /usr/bin/clickhouse
5. zkutil::ZooKeeper::ZooKeeper(Poco::Util::AbstractConfiguration const&, String const&, std::shared_ptr<DB::ZooKeeperLog>) @ 0x00000000137e48cc in /usr/bin/clickhouse
6. DB::Context::getZooKeeper() const @ 0x000000001164aa4a in /usr/bin/clickhouse
7. DB::DDLWorker::getAndSetZooKeeper() @ 0x00000000116cc32d in /usr/bin/clickhouse
8. DB::DDLWorker::initializeMainThread() @ 0x00000000116dca3b in /usr/bin/clickhouse
9. DB::DDLWorker::runMainThread() @ 0x00000000116c73c0 in /usr/bin/clickhouse
10. void std::__function::__policy_invoker<void ()>::__call_impl<std::__function::__default_alloc_func<ThreadFromGlobalPoolImpl<true>::ThreadFromGlobalPoolImpl<void (DB::DDLWorker::*)(), DB::DDLWorker*>(void (DB::DDLWorker::*&&)(), DB::DDLWorker*&&)::'lambda'(), void ()>>(std::__function::__policy_storage const*) @ 0x00000000116ddb4c in /usr/bin/clickhouse
11. void* std::__thread_proxy[abi:v15000]<std::tuple<std::unique_ptr<std::__thread_struct, std::default_delete<std::__thread_struct>>, void ThreadPoolImpl<std::thread>::scheduleImpl<void>(std::function<void ()>, Priority, std::optional<unsigned long>, bool)::'lambda0'()>>(void*) @ 0x000000000c706104 in /usr/bin/clickhouse
12. ? @ 0x00007d5a69da9609 in ?
13. ? @ 0x00007d5a69cce353 in ?
 (version 23.8.16.16 (official build)). Failed to start DDLWorker.
2026.03.18 20:33:51.485283 [ 284 ] {} <Error> virtual bool DB::DDLWorker::initializeMainThread(): Code: 999. Coordination::Exception: Unknown key host in config file. (KEEPER_EXCEPTION), Stack trace (when copying this message, always include the lines below):

0. DB::Exception::Exception(DB::Exception::MessageMasked&&, int, bool) @ 0x000000000c6251d7 in /usr/bin/clickhouse
1. DB::Exception::Exception<String const&>(int, FormatStringHelperImpl<std::type_identity<String const&>::type>, String const&) @ 0x00000000074ae38d in /usr/bin/clickhouse
2. Coordination::Exception::Exception<String const&>(Coordination::Error, FormatStringHelperImpl<std::type_identity<String const&>::type>, String const&) @ 0x000000001276578a in /usr/bin/clickhouse
3. zkutil::ZooKeeperArgs::initFromKeeperSection(Poco::Util::AbstractConfiguration const&, String const&) @ 0x0000000013813c10 in /usr/bin/clickhouse
4. zkutil::ZooKeeperArgs::ZooKeeperArgs(Poco::Util::AbstractConfiguration const&, String const&) @ 0x000000001380f986 in /usr/bin/clickhouse
5. zkutil::ZooKeeper::ZooKeeper(Poco::Util::AbstractConfiguration const&, String const&, std::shared_ptr<DB::ZooKeeperLog>) @ 0x00000000137e48cc in /usr/bin/clickhouse
6. DB::Context::getZooKeeper() const @ 0x000000001164aa4a in /usr/bin/clickhouse
7. DB::DDLWorker::getAndSetZooKeeper() @ 0x00000000116cc32d in /usr/bin/clickhouse
8. DB::DDLWorker::initializeMainThread() @ 0x00000000116dca3b in /usr/bin/clickhouse
9. DB::DDLWorker::runMainThread() @ 0x00000000116c73c0 in /usr/bin/clickhouse
10. void std::__function::__policy_invoker<void ()>::__call_impl<std::__function::__default_alloc_func<ThreadFromGlobalPoolImpl<true>::ThreadFromGlobalPoolImpl<void (DB::DDLWorker::*)(), DB::DDLWorker*>(void (DB::DDLWorker::*&&)(), DB::DDLWorker*&&)::'lambda'(), void ()>>(std::__function::__policy_storage const*) @ 0x00000000116ddb4c in /usr/bin/clickhouse
11. void* std::__thread_proxy[abi:v15000]<std::tuple<std::unique_ptr<std::__thread_struct, std::default_delete<std::__thread_struct>>, void ThreadPoolImpl<std::thread>::scheduleImpl<void>(std::function<void ()>, Priority, std::optional<unsigned long>, bool)::'lambda0'()>>(void*) @ 0x000000000c706104 in /usr/bin/clickhouse
12. ? @ 0x00007d5a69da9609 in ?
13. ? @ 0x00007d5a69cce353 in ?
 (version 23.8.16.16 (official build))
2026.03.18 20:33:56.486969 [ 284 ] {} <Error> DDLWorker: ZooKeeper error: Code: 999. Coordination::Exception: Unknown key host in config file. (KEEPER_EXCEPTION), Stack trace (when copying this message, always include the lines below):

0. DB::Exception::Exception(DB::Exception::MessageMasked&&, int, bool) @ 0x000000000c6251d7 in /usr/bin/clickhouse
1. DB::Exception::Exception<String const&>(int, FormatStringHelperImpl<std::type_identity<String const&>::type>, String const&) @ 0x00000000074ae38d in /usr/bin/clickhouse
2. Coordination::Exception::Exception<String const&>(Coordination::Error, FormatStringHelperImpl<std::type_identity<String const&>::type>, String const&) @ 0x000000001276578a in /usr/bin/clickhouse
3. zkutil::ZooKeeperArgs::initFromKeeperSection(Poco::Util::AbstractConfiguration const&, String const&) @ 0x0000000013813c10 in /usr/bin/clickhouse
4. zkutil::ZooKeeperArgs::ZooKeeperArgs(Poco::Util::AbstractConfiguration const&, String const&) @ 0x000000001380f986 in /usr/bin/clickhouse
5. zkutil::ZooKeeper::ZooKeeper(Poco::Util::AbstractConfiguration const&, String const&, std::shared_ptr<DB::ZooKeeperLog>) @ 0x00000000137e48cc in /usr/bin/clickhouse
6. DB::Context::getZooKeeper() const @ 0x000000001164aa4a in /usr/bin/clickhouse
7. DB::DDLWorker::getAndSetZooKeeper() @ 0x00000000116cc32d in /usr/bin/clickhouse
8. DB::DDLWorker::initializeMainThread() @ 0x00000000116dca3b in /usr/bin/clickhouse
9. DB::DDLWorker::runMainThread() @ 0x00000000116c73c0 in /usr/bin/clickhouse
10. void std::__function::__policy_invoker<void ()>::__call_impl<std::__function::__default_alloc_func<ThreadFromGlobalPoolImpl<true>::ThreadFromGlobalPoolImpl<void (DB::DDLWorker::*)(), DB::DDLWorker*>(void (DB::DDLWorker::*&&)(), DB::DDLWorker*&&)::'lambda'(), void ()>>(std::__function::__policy_storage const*) @ 0x00000000116ddb4c in /usr/bin/clickhouse
11. void* std::__thread_proxy[abi:v15000]<std::tuple<std::unique_ptr<std::__thread_struct, std::default_delete<std::__thread_struct>>, void ThreadPoolImpl<std::thread>::scheduleImpl<void>(std::function<void ()>, Priority, std::optional<unsigned long>, bool)::'lambda0'()>>(void*) @ 0x000000000c706104 in /usr/bin/clickhouse
12. ? @ 0x00007d5a69da9609 in ?
13. ? @ 0x00007d5a69cce353 in ?
 (version 23.8.16.16 (official build)). Failed to start DDLWorker.
2026.03.18 20:33:56.487046 [ 284 ] {} <Error> virtual bool DB::DDLWorker::initializeMainThread(): Code: 999. Coordination::Exception: Unknown key host in config file. (KEEPER_EXCEPTION), Stack trace (when copying this message, always include the lines below):

0. DB::Exception::Exception(DB::Exception::MessageMasked&&, int, bool) @ 0x000000000c6251d7 in /usr/bin/clickhouse
1. DB::Exception::Exception<String const&>(int, FormatStringHelperImpl<std::type_identity<String const&>::type>, String const&) @ 0x00000000074ae38d in /usr/bin/clickhouse
2. Coordination::Exception::Exception<String const&>(Coordination::Error, FormatStringHelperImpl<std::type_identity<String const&>::type>, String const&) @ 0x000000001276578a in /usr/bin/clickhouse
3. zkutil::ZooKeeperArgs::initFromKeeperSection(Poco::Util::AbstractConfiguration const&, String const&) @ 0x0000000013813c10 in /usr/bin/clickhouse
4. zkutil::ZooKeeperArgs::ZooKeeperArgs(Poco::Util::AbstractConfiguration const&, String const&) @ 0x000000001380f986 in /usr/bin/clickhouse
5. zkutil::ZooKeeper::ZooKeeper(Poco::Util::AbstractConfiguration const&, String const&, std::shared_ptr<DB::ZooKeeperLog>) @ 0x00000000137e48cc in /usr/bin/clickhouse
6. DB::Context::getZooKeeper() const @ 0x000000001164aa4a in /usr/bin/clickhouse
7. DB::DDLWorker::getAndSetZooKeeper() @ 0x00000000116cc32d in /usr/bin/clickhouse
8. DB::DDLWorker::initializeMainThread() @ 0x00000000116dca3b in /usr/bin/clickhouse
9. DB::DDLWorker::runMainThread() @ 0x00000000116c73c0 in /usr/bin/clickhouse
10. void std::__function::__policy_invoker<void ()>::__call_impl<std::__function::__default_alloc_func<ThreadFromGlobalPoolImpl<true>::ThreadFromGlobalPoolImpl<void (DB::DDLWorker::*)(), DB::DDLWorker*>(void (DB::DDLWorker::*&&)(), DB::DDLWorker*&&)::'lambda'(), void ()>>(std::__function::__policy_storage const*) @ 0x00000000116ddb4c in /usr/bin/clickhouse
11. void* std::__thread_proxy[abi:v15000]<std::tuple<std::unique_ptr<std::__thread_struct, std::default_delete<std::__thread_struct>>, void ThreadPoolImpl<std::thread>::scheduleImpl<void>(std::function<void ()>, Priority, std::optional<unsigned long>, bool)::'lambda0'()>>(void*) @ 0x000000000c706104 in /usr/bin/clickhouse
12. ? @ 0x00007d5a69da9609 in ?
13. ? @ 0x00007d5a69cce353 in ?
 (version 23.8.16.16 (official build))
2026.03.18 20:34:01.487389 [ 284 ] {} <Error> DDLWorker: ZooKeeper error: Code: 999. Coordination::Exception: Unknown key host in config file. (KEEPER_EXCEPTION), Stack trace (when copying this message, always include the lines below):

0. DB::Exception::Exception(DB::Exception::MessageMasked&&, int, bool) @ 0x000000000c6251d7 in /usr/bin/clickhouse
1. DB::Exception::Exception<String const&>(int, FormatStringHelperImpl<std::type_identity<String const&>::type>, String const&) @ 0x00000000074ae38d in /usr/bin/clickhouse
2. Coordination::Exception::Exception<String const&>(Coordination::Error, FormatStringHelperImpl<std::type_identity<String const&>::type>, String const&) @ 0x000000001276578a in /usr/bin/clickhouse
3. zkutil::ZooKeeperArgs::initFromKeeperSection(Poco::Util::AbstractConfiguration const&, String const&) @ 0x0000000013813c10 in /usr/bin/clickhouse
4. zkutil::ZooKeeperArgs::ZooKeeperArgs(Poco::Util::AbstractConfiguration const&, String const&) @ 0x000000001380f986 in /usr/bin/clickhouse
5. zkutil::ZooKeeper::ZooKeeper(Poco::Util::AbstractConfiguration const&, String const&, std::shared_ptr<DB::ZooKeeperLog>) @ 0x00000000137e48cc in /usr/bin/clickhouse
6. DB::Context::getZooKeeper() const @ 0x000000001164aa4a in /usr/bin/clickhouse
7. DB::DDLWorker::getAndSetZooKeeper() @ 0x00000000116cc32d in /usr/bin/clickhouse
8. DB::DDLWorker::initializeMainThread() @ 0x00000000116dca3b in /usr/bin/clickhouse
9. DB::DDLWorker::runMainThread() @ 0x00000000116c73c0 in /usr/bin/clickhouse
10. void std::__function::__policy_invoker<void ()>::__call_impl<std::__function::__default_alloc_func<ThreadFromGlobalPoolImpl<true>::ThreadFromGlobalPoolImpl<void (DB::DDLWorker::*)(), DB::DDLWorker*>(void (DB::DDLWorker::*&&)(), DB::DDLWorker*&&)::'lambda'(), void ()>>(std::__function::__policy_storage const*) @ 0x00000000116ddb4c in /usr/bin/clickhouse
11. void* std::__thread_proxy[abi:v15000]<std::tuple<std::unique_ptr<std::__thread_struct, std::default_delete<std::__thread_struct>>, void ThreadPoolImpl<std::thread>::scheduleImpl<void>(std::function<void ()>, Priority, std::optional<unsigned long>, bool)::'lambda0'()>>(void*) @ 0x000000000c706104 in /usr/bin/clickhouse
12. ? @ 0x00007d5a69da9609 in ?
13. ? @ 0x00007d5a69cce353 in ?
 (version 23.8.16.16 (official build)). Failed to start DDLWorker.
2026.03.18 20:34:01.487447 [ 284 ] {} <Error> virtual bool DB::DDLWorker::initializeMainThread(): Code: 999. Coordination::Exception: Unknown key host in config file. (KEEPER_EXCEPTION), Stack trace (when copying this message, always include the lines below):

0. DB::Exception::Exception(DB::Exception::MessageMasked&&, int, bool) @ 0x000000000c6251d7 in /usr/bin/clickhouse
1. DB::Exception::Exception<String const&>(int, FormatStringHelperImpl<std::type_identity<String const&>::type>, String const&) @ 0x00000000074ae38d in /usr/bin/clickhouse
2. Coordination::Exception::Exception<String const&>(Coordination::Error, FormatStringHelperImpl<std::type_identity<String const&>::type>, String const&) @ 0x000000001276578a in /usr/bin/clickhouse
3. zkutil::ZooKeeperArgs::initFromKeeperSection(Poco::Util::AbstractConfiguration const&, String const&) @ 0x0000000013813c10 in /usr/bin/clickhouse
4. zkutil::ZooKeeperArgs::ZooKeeperArgs(Poco::Util::AbstractConfiguration const&, String const&) @ 0x000000001380f986 in /usr/bin/clickhouse
5. zkutil::ZooKeeper::ZooKeeper(Poco::Util::AbstractConfiguration const&, String const&, std::shared_ptr<DB::ZooKeeperLog>) @ 0x00000000137e48cc in /usr/bin/clickhouse
6. DB::Context::getZooKeeper() const @ 0x000000001164aa4a in /usr/bin/clickhouse
7. DB::DDLWorker::getAndSetZooKeeper() @ 0x00000000116cc32d in /usr/bin/clickhouse
8. DB::DDLWorker::initializeMainThread() @ 0x00000000116dca3b in /usr/bin/clickhouse
9. DB::DDLWorker::runMainThread() @ 0x00000000116c73c0 in /usr/bin/clickhouse
10. void std::__function::__policy_invoker<void ()>::__call_impl<std::__function::__default_alloc_func<ThreadFromGlobalPoolImpl<true>::ThreadFromGlobalPoolImpl<void (DB::DDLWorker::*)(), DB::DDLWorker*>(void (DB::DDLWorker::*&&)(), DB::DDLWorker*&&)::'lambda'(), void ()>>(std::__function::__policy_storage const*) @ 0x00000000116ddb4c in /usr/bin/clickhouse
11. void* std::__thread_proxy[abi:v15000]<std::tuple<std::unique_ptr<std::__thread_struct, std::default_delete<std::__thread_struct>>, void ThreadPoolImpl<std::thread>::scheduleImpl<void>(std::function<void ()>, Priority, std::optional<unsigned long>, bool)::'lambda0'()>>(void*) @ 0x000000000c706104 in /usr/bin/clickhouse
12. ? @ 0x00007d5a69da9609 in ?
13. ? @ 0x00007d5a69cce353 in ?
 (version 23.8.16.16 (official build))
2026.03.18 20:34:06.021710 [ 68 ] {} <Debug> DNSResolver: Updating DNS cache
2026.03.18 20:34:06.023132 [ 68 ] {} <Debug> DNSResolver: Updated DNS cache
2026.03.18 20:34:06.522085 [ 284 ] {} <Error> DDLWorker: ZooKeeper error: Code: 999. Coordination::Exception: Unknown key host in config file. (KEEPER_EXCEPTION), Stack trace (when copying this message, always include the lines below):

0. DB::Exception::Exception(DB::Exception::MessageMasked&&, int, bool) @ 0x000000000c6251d7 in /usr/bin/clickhouse
1. DB::Exception::Exception<String const&>(int, FormatStringHelperImpl<std::type_identity<String const&>::type>, String const&) @ 0x00000000074ae38d in /usr/bin/clickhouse
2. Coordination::Exception::Exception<String const&>(Coordination::Error, FormatStringHelperImpl<std::type_identity<String const&>::type>, String const&) @ 0x000000001276578a in /usr/bin/clickhouse
3. zkutil::ZooKeeperArgs::initFromKeeperSection(Poco::Util::AbstractConfiguration const&, String const&) @ 0x0000000013813c10 in /usr/bin/clickhouse
4. zkutil::ZooKeeperArgs::ZooKeeperArgs(Poco::Util::AbstractConfiguration const&, String const&) @ 0x000000001380f986 in /usr/bin/clickhouse
5. zkutil::ZooKeeper::ZooKeeper(Poco::Util::AbstractConfiguration const&, String const&, std::shared_ptr<DB::ZooKeeperLog>) @ 0x00000000137e48cc in /usr/bin/clickhouse
6. DB::Context::getZooKeeper() const @ 0x000000001164aa4a in /usr/bin/clickhouse
7. DB::DDLWorker::getAndSetZooKeeper() @ 0x00000000116cc32d in /usr/bin/clickhouse
8. DB::DDLWorker::initializeMainThread() @ 0x00000000116dca3b in /usr/bin/clickhouse
9. DB::DDLWorker::runMainThread() @ 0x00000000116c73c0 in /usr/bin/clickhouse
10. void std::__function::__policy_invoker<void ()>::__call_impl<std::__function::__default_alloc_func<ThreadFromGlobalPoolImpl<true>::ThreadFromGlobalPoolImpl<void (DB::DDLWorker::*)(), DB::DDLWorker*>(void (DB::DDLWorker::*&&)(), DB::DDLWorker*&&)::'lambda'(), void ()>>(std::__function::__policy_storage const*) @ 0x00000000116ddb4c in /usr/bin/clickhouse
11. void* std::__thread_proxy[abi:v15000]<std::tuple<std::unique_ptr<std::__thread_struct, std::default_delete<std::__thread_struct>>, void ThreadPoolImpl<std::thread>::scheduleImpl<void>(std::function<void ()>, Priority, std::optional<unsigned long>, bool)::'lambda0'()>>(void*) @ 0x000000000c706104 in /usr/bin/clickhouse
12. ? @ 0x00007d5a69da9609 in ?
13. ? @ 0x00007d5a69cce353 in ?
 (version 23.8.16.16 (official build)). Failed to start DDLWorker.
2026.03.18 20:34:06.522162 [ 284 ] {} <Error> virtual bool DB::DDLWorker::initializeMainThread(): Code: 999. Coordination::Exception: Unknown key host in config file. (KEEPER_EXCEPTION), Stack trace (when copying this message, always include the lines below):

0. DB::Exception::Exception(DB::Exception::MessageMasked&&, int, bool) @ 0x000000000c6251d7 in /usr/bin/clickhouse
1. DB::Exception::Exception<String const&>(int, FormatStringHelperImpl<std::type_identity<String const&>::type>, String const&) @ 0x00000000074ae38d in /usr/bin/clickhouse
2. Coordination::Exception::Exception<String const&>(Coordination::Error, FormatStringHelperImpl<std::type_identity<String const&>::type>, String const&) @ 0x000000001276578a in /usr/bin/clickhouse
3. zkutil::ZooKeeperArgs::initFromKeeperSection(Poco::Util::AbstractConfiguration const&, String const&) @ 0x0000000013813c10 in /usr/bin/clickhouse
4. zkutil::ZooKeeperArgs::ZooKeeperArgs(Poco::Util::AbstractConfiguration const&, String const&) @ 0x000000001380f986 in /usr/bin/clickhouse
5. zkutil::ZooKeeper::ZooKeeper(Poco::Util::AbstractConfiguration const&, String const&, std::shared_ptr<DB::ZooKeeperLog>) @ 0x00000000137e48cc in /usr/bin/clickhouse
6. DB::Context::getZooKeeper() const @ 0x000000001164aa4a in /usr/bin/clickhouse
7. DB::DDLWorker::getAndSetZooKeeper() @ 0x00000000116cc32d in /usr/bin/clickhouse
8. DB::DDLWorker::initializeMainThread() @ 0x00000000116dca3b in /usr/bin/clickhouse
9. DB::DDLWorker::runMainThread() @ 0x00000000116c73c0 in /usr/bin/clickhouse
10. void std::__function::__policy_invoker<void ()>::__call_impl<std::__function::__default_alloc_func<ThreadFromGlobalPoolImpl<true>::ThreadFromGlobalPoolImpl<void (DB::DDLWorker::*)(), DB::DDLWorker*>(void (DB::DDLWorker::*&&)(), DB::DDLWorker*&&)::'lambda'(), void ()>>(std::__function::__policy_storage const*) @ 0x00000000116ddb4c in /usr/bin/clickhouse
11. void* std::__thread_proxy[abi:v15000]<std::tuple<std::unique_ptr<std::__thread_struct, std::default_delete<std::__thread_struct>>, void ThreadPoolImpl<std::thread>::scheduleImpl<void>(std::function<void ()>, Priority, std::optional<unsigned long>, bool)::'lambda0'()>>(void*) @ 0x000000000c706104 in /usr/bin/clickhouse
12. ? @ 0x00007d5a69da9609 in ?
13. ? @ 0x00007d5a69cce353 in ?
 (version 23.8.16.16 (official build))
2026.03.18 20:34:11.526518 [ 284 ] {} <Error> DDLWorker: ZooKeeper error: Code: 999. Coordination::Exception: Unknown key host in config file. (KEEPER_EXCEPTION), Stack trace (when copying this message, always include the lines below):

0. DB::Exception::Exception(DB::Exception::MessageMasked&&, int, bool) @ 0x000000000c6251d7 in /usr/bin/clickhouse
1. DB::Exception::Exception<String const&>(int, FormatStringHelperImpl<std::type_identity<String const&>::type>, String const&) @ 0x00000000074ae38d in /usr/bin/clickhouse
2. Coordination::Exception::Exception<String const&>(Coordination::Error, FormatStringHelperImpl<std::type_identity<String const&>::type>, String const&) @ 0x000000001276578a in /usr/bin/clickhouse
3. zkutil::ZooKeeperArgs::initFromKeeperSection(Poco::Util::AbstractConfiguration const&, String const&) @ 0x0000000013813c10 in /usr/bin/clickhouse
4. zkutil::ZooKeeperArgs::ZooKeeperArgs(Poco::Util::AbstractConfiguration const&, String const&) @ 0x000000001380f986 in /usr/bin/clickhouse
5. zkutil::ZooKeeper::ZooKeeper(Poco::Util::AbstractConfiguration const&, String const&, std::shared_ptr<DB::ZooKeeperLog>) @ 0x00000000137e48cc in /usr/bin/clickhouse
6. DB::Context::getZooKeeper() const @ 0x000000001164aa4a in /usr/bin/clickhouse
7. DB::DDLWorker::getAndSetZooKeeper() @ 0x00000000116cc32d in /usr/bin/clickhouse
8. DB::DDLWorker::initializeMainThread() @ 0x00000000116dca3b in /usr/bin/clickhouse
9. DB::DDLWorker::runMainThread() @ 0x00000000116c73c0 in /usr/bin/clickhouse
10. void std::__function::__policy_invoker<void ()>::__call_impl<std::__function::__default_alloc_func<ThreadFromGlobalPoolImpl<true>::ThreadFromGlobalPoolImpl<void (DB::DDLWorker::*)(), DB::DDLWorker*>(void (DB::DDLWorker::*&&)(), DB::DDLWorker*&&)::'lambda'(), void ()>>(std::__function::__policy_storage const*) @ 0x00000000116ddb4c in /usr/bin/clickhouse
11. void* std::__thread_proxy[abi:v15000]<std::tuple<std::unique_ptr<std::__thread_struct, std::default_delete<std::__thread_struct>>, void ThreadPoolImpl<std::thread>::scheduleImpl<void>(std::function<void ()>, Priority, std::optional<unsigned long>, bool)::'lambda0'()>>(void*) @ 0x000000000c706104 in /usr/bin/clickhouse
12. ? @ 0x00007d5a69da9609 in ?
13. ? @ 0x00007d5a69cce353 in ?
 (version 23.8.16.16 (official build)). Failed to start DDLWorker.
2026.03.18 20:34:11.526594 [ 284 ] {} <Error> virtual bool DB::DDLWorker::initializeMainThread(): Code: 999. Coordination::Exception: Unknown key host in config file. (KEEPER_EXCEPTION), Stack trace (when copying this message, always include the lines below):

0. DB::Exception::Exception(DB::Exception::MessageMasked&&, int, bool) @ 0x000000000c6251d7 in /usr/bin/clickhouse
1. DB::Exception::Exception<String const&>(int, FormatStringHelperImpl<std::type_identity<String const&>::type>, String const&) @ 0x00000000074ae38d in /usr/bin/clickhouse
2. Coordination::Exception::Exception<String const&>(Coordination::Error, FormatStringHelperImpl<std::type_identity<String const&>::type>, String const&) @ 0x000000001276578a in /usr/bin/clickhouse
3. zkutil::ZooKeeperArgs::initFromKeeperSection(Poco::Util::AbstractConfiguration const&, String const&) @ 0x0000000013813c10 in /usr/bin/clickhouse
4. zkutil::ZooKeeperArgs::ZooKeeperArgs(Poco::Util::AbstractConfiguration const&, String const&) @ 0x000000001380f986 in /usr/bin/clickhouse
5. zkutil::ZooKeeper::ZooKeeper(Poco::Util::AbstractConfiguration const&, String const&, std::shared_ptr<DB::ZooKeeperLog>) @ 0x00000000137e48cc in /usr/bin/clickhouse
6. DB::Context::getZooKeeper() const @ 0x000000001164aa4a in /usr/bin/clickhouse
7. DB::DDLWorker::getAndSetZooKeeper() @ 0x00000000116cc32d in /usr/bin/clickhouse
8. DB::DDLWorker::initializeMainThread() @ 0x00000000116dca3b in /usr/bin/clickhouse
9. DB::DDLWorker::runMainThread() @ 0x00000000116c73c0 in /usr/bin/clickhouse
10. void std::__function::__policy_invoker<void ()>::__call_impl<std::__function::__default_alloc_func<ThreadFromGlobalPoolImpl<true>::ThreadFromGlobalPoolImpl<void (DB::DDLWorker::*)(), DB::DDLWorker*>(void (DB::DDLWorker::*&&)(), DB::DDLWorker*&&)::'lambda'(), void ()>>(std::__function::__policy_storage const*) @ 0x00000000116ddb4c in /usr/bin/clickhouse
11. void* std::__thread_proxy[abi:v15000]<std::tuple<std::unique_ptr<std::__thread_struct, std::default_delete<std::__thread_struct>>, void ThreadPoolImpl<std::thread>::scheduleImpl<void>(std::function<void ()>, Priority, std::optional<unsigned long>, bool)::'lambda0'()>>(void*) @ 0x000000000c706104 in /usr/bin/clickhouse
12. ? @ 0x00007d5a69da9609 in ?
13. ? @ 0x00007d5a69cce353 in ?
 (version 23.8.16.16 (official build))
2026.03.18 20:34:16.527072 [ 284 ] {} <Error> DDLWorker: ZooKeeper error: Code: 999. Coordination::Exception: Unknown key host in config file. (KEEPER_EXCEPTION), Stack trace (when copying this message, always include the lines below):

0. DB::Exception::Exception(DB::Exception::MessageMasked&&, int, bool) @ 0x000000000c6251d7 in /usr/bin/clickhouse
1. DB::Exception::Exception<String const&>(int, FormatStringHelperImpl<std::type_identity<String const&>::type>, String const&) @ 0x00000000074ae38d in /usr/bin/clickhouse
2. Coordination::Exception::Exception<String const&>(Coordination::Error, FormatStringHelperImpl<std::type_identity<String const&>::type>, String const&) @ 0x000000001276578a in /usr/bin/clickhouse
3. zkutil::ZooKeeperArgs::initFromKeeperSection(Poco::Util::AbstractConfiguration const&, String const&) @ 0x0000000013813c10 in /usr/bin/clickhouse
4. zkutil::ZooKeeperArgs::ZooKeeperArgs(Poco::Util::AbstractConfiguration const&, String const&) @ 0x000000001380f986 in /usr/bin/clickhouse
5. zkutil::ZooKeeper::ZooKeeper(Poco::Util::AbstractConfiguration const&, String const&, std::shared_ptr<DB::ZooKeeperLog>) @ 0x00000000137e48cc in /usr/bin/clickhouse
6. DB::Context::getZooKeeper() const @ 0x000000001164aa4a in /usr/bin/clickhouse
7. DB::DDLWorker::getAndSetZooKeeper() @ 0x00000000116cc32d in /usr/bin/clickhouse
8. DB::DDLWorker::initializeMainThread() @ 0x00000000116dca3b in /usr/bin/clickhouse
9. DB::DDLWorker::runMainThread() @ 0x00000000116c73c0 in /usr/bin/clickhouse
10. void std::__function::__policy_invoker<void ()>::__call_impl<std::__function::__default_alloc_func<ThreadFromGlobalPoolImpl<true>::ThreadFromGlobalPoolImpl<void (DB::DDLWorker::*)(), DB::DDLWorker*>(void (DB::DDLWorker::*&&)(), DB::DDLWorker*&&)::'lambda'(), void ()>>(std::__function::__policy_storage const*) @ 0x00000000116ddb4c in /usr/bin/clickhouse
11. void* std::__thread_proxy[abi:v15000]<std::tuple<std::unique_ptr<std::__thread_struct, std::default_delete<std::__thread_struct>>, void ThreadPoolImpl<std::thread>::scheduleImpl<void>(std::function<void ()>, Priority, std::optional<unsigned long>, bool)::'lambda0'()>>(void*) @ 0x000000000c706104 in /usr/bin/clickhouse
12. ? @ 0x00007d5a69da9609 in ?
13. ? @ 0x00007d5a69cce353 in ?
 (version 23.8.16.16 (official build)). Failed to start DDLWorker.
2026.03.18 20:34:16.527151 [ 284 ] {} <Error> virtual bool DB::DDLWorker::initializeMainThread(): Code: 999. Coordination::Exception: Unknown key host in config file. (KEEPER_EXCEPTION), Stack trace (when copying this message, always include the lines below):

0. DB::Exception::Exception(DB::Exception::MessageMasked&&, int, bool) @ 0x000000000c6251d7 in /usr/bin/clickhouse
1. DB::Exception::Exception<String const&>(int, FormatStringHelperImpl<std::type_identity<String const&>::type>, String const&) @ 0x00000000074ae38d in /usr/bin/clickhouse
2. Coordination::Exception::Exception<String const&>(Coordination::Error, FormatStringHelperImpl<std::type_identity<String const&>::type>, String const&) @ 0x000000001276578a in /usr/bin/clickhouse
3. zkutil::ZooKeeperArgs::initFromKeeperSection(Poco::Util::AbstractConfiguration const&, String const&) @ 0x0000000013813c10 in /usr/bin/clickhouse
4. zkutil::ZooKeeperArgs::ZooKeeperArgs(Poco::Util::AbstractConfiguration const&, String const&) @ 0x000000001380f986 in /usr/bin/clickhouse
5. zkutil::ZooKeeper::ZooKeeper(Poco::Util::AbstractConfiguration const&, String const&, std::shared_ptr<DB::ZooKeeperLog>) @ 0x00000000137e48cc in /usr/bin/clickhouse
6. DB::Context::getZooKeeper() const @ 0x000000001164aa4a in /usr/bin/clickhouse
7. DB::DDLWorker::getAndSetZooKeeper() @ 0x00000000116cc32d in /usr/bin/clickhouse
8. DB::DDLWorker::initializeMainThread() @ 0x00000000116dca3b in /usr/bin/clickhouse
9. DB::DDLWorker::runMainThread() @ 0x00000000116c73c0 in /usr/bin/clickhouse
10. void std::__function::__policy_invoker<void ()>::__call_impl<std::__function::__default_alloc_func<ThreadFromGlobalPoolImpl<true>::ThreadFromGlobalPoolImpl<void (DB::DDLWorker::*)(), DB::DDLWorker*>(void (DB::DDLWorker::*&&)(), DB::DDLWorker*&&)::'lambda'(), void ()>>(std::__function::__policy_storage const*) @ 0x00000000116ddb4c in /usr/bin/clickhouse
11. void* std::__thread_proxy[abi:v15000]<std::tuple<std::unique_ptr<std::__thread_struct, std::default_delete<std::__thread_struct>>, void ThreadPoolImpl<std::thread>::scheduleImpl<void>(std::function<void ()>, Priority, std::optional<unsigned long>, bool)::'lambda0'()>>(void*) @ 0x000000000c706104 in /usr/bin/clickhouse
12. ? @ 0x00007d5a69da9609 in ?
13. ? @ 0x00007d5a69cce353 in ?
 (version 23.8.16.16 (official build))
2026.03.18 20:34:21.023923 [ 133 ] {} <Debug> DNSResolver: Updating DNS cache
2026.03.18 20:34:21.025580 [ 133 ] {} <Debug> DNSResolver: Updated DNS cache
2026.03.18 20:34:21.528005 [ 284 ] {} <Error> DDLWorker: ZooKeeper error: Code: 999. Coordination::Exception: Unknown key host in config file. (KEEPER_EXCEPTION), Stack trace (when copying this message, always include the lines below):

0. DB::Exception::Exception(DB::Exception::MessageMasked&&, int, bool) @ 0x000000000c6251d7 in /usr/bin/clickhouse
1. DB::Exception::Exception<String const&>(int, FormatStringHelperImpl<std::type_identity<String const&>::type>, String const&) @ 0x00000000074ae38d in /usr/bin/clickhouse
2. Coordination::Exception::Exception<String const&>(Coordination::Error, FormatStringHelperImpl<std::type_identity<String const&>::type>, String const&) @ 0x000000001276578a in /usr/bin/clickhouse
3. zkutil::ZooKeeperArgs::initFromKeeperSection(Poco::Util::AbstractConfiguration const&, String const&) @ 0x0000000013813c10 in /usr/bin/clickhouse
4. zkutil::ZooKeeperArgs::ZooKeeperArgs(Poco::Util::AbstractConfiguration const&, String const&) @ 0x000000001380f986 in /usr/bin/clickhouse
5. zkutil::ZooKeeper::ZooKeeper(Poco::Util::AbstractConfiguration const&, String const&, std::shared_ptr<DB::ZooKeeperLog>) @ 0x00000000137e48cc in /usr/bin/clickhouse
6. DB::Context::getZooKeeper() const @ 0x000000001164aa4a in /usr/bin/clickhouse
7. DB::DDLWorker::getAndSetZooKeeper() @ 0x00000000116cc32d in /usr/bin/clickhouse
8. DB::DDLWorker::initializeMainThread() @ 0x00000000116dca3b in /usr/bin/clickhouse
9. DB::DDLWorker::runMainThread() @ 0x00000000116c73c0 in /usr/bin/clickhouse
10. void std::__function::__policy_invoker<void ()>::__call_impl<std::__function::__default_alloc_func<ThreadFromGlobalPoolImpl<true>::ThreadFromGlobalPoolImpl<void (DB::DDLWorker::*)(), DB::DDLWorker*>(void (DB::DDLWorker::*&&)(), DB::DDLWorker*&&)::'lambda'(), void ()>>(std::__function::__policy_storage const*) @ 0x00000000116ddb4c in /usr/bin/clickhouse
11. void* std::__thread_proxy[abi:v15000]<std::tuple<std::unique_ptr<std::__thread_struct, std::default_delete<std::__thread_struct>>, void ThreadPoolImpl<std::thread>::scheduleImpl<void>(std::function<void ()>, Priority, std::optional<unsigned long>, bool)::'lambda0'()>>(void*) @ 0x000000000c706104 in /usr/bin/clickhouse
12. ? @ 0x00007d5a69da9609 in ?
13. ? @ 0x00007d5a69cce353 in ?
 (version 23.8.16.16 (official build)). Failed to start DDLWorker.
2026.03.18 20:34:21.528075 [ 284 ] {} <Error> virtual bool DB::DDLWorker::initializeMainThread(): Code: 999. Coordination::Exception: Unknown key host in config file. (KEEPER_EXCEPTION), Stack trace (when copying this message, always include the lines below):

0. DB::Exception::Exception(DB::Exception::MessageMasked&&, int, bool) @ 0x000000000c6251d7 in /usr/bin/clickhouse
1. DB::Exception::Exception<String const&>(int, FormatStringHelperImpl<std::type_identity<String const&>::type>, String const&) @ 0x00000000074ae38d in /usr/bin/clickhouse
2. Coordination::Exception::Exception<String const&>(Coordination::Error, FormatStringHelperImpl<std::type_identity<String const&>::type>, String const&) @ 0x000000001276578a in /usr/bin/clickhouse
3. zkutil::ZooKeeperArgs::initFromKeeperSection(Poco::Util::AbstractConfiguration const&, String const&) @ 0x0000000013813c10 in /usr/bin/clickhouse
4. zkutil::ZooKeeperArgs::ZooKeeperArgs(Poco::Util::AbstractConfiguration const&, String const&) @ 0x000000001380f986 in /usr/bin/clickhouse
5. zkutil::ZooKeeper::ZooKeeper(Poco::Util::AbstractConfiguration const&, String const&, std::shared_ptr<DB::ZooKeeperLog>) @ 0x00000000137e48cc in /usr/bin/clickhouse
6. DB::Context::getZooKeeper() const @ 0x000000001164aa4a in /usr/bin/clickhouse
7. DB::DDLWorker::getAndSetZooKeeper() @ 0x00000000116cc32d in /usr/bin/clickhouse
8. DB::DDLWorker::initializeMainThread() @ 0x00000000116dca3b in /usr/bin/clickhouse
9. DB::DDLWorker::runMainThread() @ 0x00000000116c73c0 in /usr/bin/clickhouse
10. void std::__function::__policy_invoker<void ()>::__call_impl<std::__function::__default_alloc_func<ThreadFromGlobalPoolImpl<true>::ThreadFromGlobalPoolImpl<void (DB::DDLWorker::*)(), DB::DDLWorker*>(void (DB::DDLWorker::*&&)(), DB::DDLWorker*&&)::'lambda'(), void ()>>(std::__function::__policy_storage const*) @ 0x00000000116ddb4c in /usr/bin/clickhouse
11. void* std::__thread_proxy[abi:v15000]<std::tuple<std::unique_ptr<std::__thread_struct, std::default_delete<std::__thread_struct>>, void ThreadPoolImpl<std::thread>::scheduleImpl<void>(std::function<void ()>, Priority, std::optional<unsigned long>, bool)::'lambda0'()>>(void*) @ 0x000000000c706104 in /usr/bin/clickhouse
12. ? @ 0x00007d5a69da9609 in ?
13. ? @ 0x00007d5a69cce353 in ?
 (version 23.8.16.16 (official build))
2026.03.18 20:34:26.528477 [ 284 ] {} <Error> DDLWorker: ZooKeeper error: Code: 999. Coordination::Exception: Unknown key host in config file. (KEEPER_EXCEPTION), Stack trace (when copying this message, always include the lines below):

0. DB::Exception::Exception(DB::Exception::MessageMasked&&, int, bool) @ 0x000000000c6251d7 in /usr/bin/clickhouse
1. DB::Exception::Exception<String const&>(int, FormatStringHelperImpl<std::type_identity<String const&>::type>, String const&) @ 0x00000000074ae38d in /usr/bin/clickhouse
2. Coordination::Exception::Exception<String const&>(Coordination::Error, FormatStringHelperImpl<std::type_identity<String const&>::type>, String const&) @ 0x000000001276578a in /usr/bin/clickhouse
3. zkutil::ZooKeeperArgs::initFromKeeperSection(Poco::Util::AbstractConfiguration const&, String const&) @ 0x0000000013813c10 in /usr/bin/clickhouse
4. zkutil::ZooKeeperArgs::ZooKeeperArgs(Poco::Util::AbstractConfiguration const&, String const&) @ 0x000000001380f986 in /usr/bin/clickhouse
5. zkutil::ZooKeeper::ZooKeeper(Poco::Util::AbstractConfiguration const&, String const&, std::shared_ptr<DB::ZooKeeperLog>) @ 0x00000000137e48cc in /usr/bin/clickhouse
6. DB::Context::getZooKeeper() const @ 0x000000001164aa4a in /usr/bin/clickhouse
7. DB::DDLWorker::getAndSetZooKeeper() @ 0x00000000116cc32d in /usr/bin/clickhouse
8. DB::DDLWorker::initializeMainThread() @ 0x00000000116dca3b in /usr/bin/clickhouse
9. DB::DDLWorker::runMainThread() @ 0x00000000116c73c0 in /usr/bin/clickhouse
10. void std::__function::__policy_invoker<void ()>::__call_impl<std::__function::__default_alloc_func<ThreadFromGlobalPoolImpl<true>::ThreadFromGlobalPoolImpl<void (DB::DDLWorker::*)(), DB::DDLWorker*>(void (DB::DDLWorker::*&&)(), DB::DDLWorker*&&)::'lambda'(), void ()>>(std::__function::__policy_storage const*) @ 0x00000000116ddb4c in /usr/bin/clickhouse
11. void* std::__thread_proxy[abi:v15000]<std::tuple<std::unique_ptr<std::__thread_struct, std::default_delete<std::__thread_struct>>, void ThreadPoolImpl<std::thread>::scheduleImpl<void>(std::function<void ()>, Priority, std::optional<unsigned long>, bool)::'lambda0'()>>(void*) @ 0x000000000c706104 in /usr/bin/clickhouse
12. ? @ 0x00007d5a69da9609 in ?
13. ? @ 0x00007d5a69cce353 in ?
 (version 23.8.16.16 (official build)). Failed to start DDLWorker.
2026.03.18 20:34:26.528547 [ 284 ] {} <Error> virtual bool DB::DDLWorker::initializeMainThread(): Code: 999. Coordination::Exception: Unknown key host in config file. (KEEPER_EXCEPTION), Stack trace (when copying this message, always include the lines below):

0. DB::Exception::Exception(DB::Exception::MessageMasked&&, int, bool) @ 0x000000000c6251d7 in /usr/bin/clickhouse
1. DB::Exception::Exception<String const&>(int, FormatStringHelperImpl<std::type_identity<String const&>::type>, String const&) @ 0x00000000074ae38d in /usr/bin/clickhouse
2. Coordination::Exception::Exception<String const&>(Coordination::Error, FormatStringHelperImpl<std::type_identity<String const&>::type>, String const&) @ 0x000000001276578a in /usr/bin/clickhouse
3. zkutil::ZooKeeperArgs::initFromKeeperSection(Poco::Util::AbstractConfiguration const&, String const&) @ 0x0000000013813c10 in /usr/bin/clickhouse
4. zkutil::ZooKeeperArgs::ZooKeeperArgs(Poco::Util::AbstractConfiguration const&, String const&) @ 0x000000001380f986 in /usr/bin/clickhouse
5. zkutil::ZooKeeper::ZooKeeper(Poco::Util::AbstractConfiguration const&, String const&, std::shared_ptr<DB::ZooKeeperLog>) @ 0x00000000137e48cc in /usr/bin/clickhouse
6. DB::Context::getZooKeeper() const @ 0x000000001164aa4a in /usr/bin/clickhouse
7. DB::DDLWorker::getAndSetZooKeeper() @ 0x00000000116cc32d in /usr/bin/clickhouse
8. DB::DDLWorker::initializeMainThread() @ 0x00000000116dca3b in /usr/bin/clickhouse
9. DB::DDLWorker::runMainThread() @ 0x00000000116c73c0 in /usr/bin/clickhouse
10. void std::__function::__policy_invoker<void ()>::__call_impl<std::__function::__default_alloc_func<ThreadFromGlobalPoolImpl<true>::ThreadFromGlobalPoolImpl<void (DB::DDLWorker::*)(), DB::DDLWorker*>(void (DB::DDLWorker::*&&)(), DB::DDLWorker*&&)::'lambda'(), void ()>>(std::__function::__policy_storage const*) @ 0x00000000116ddb4c in /usr/bin/clickhouse
11. void* std::__thread_proxy[abi:v15000]<std::tuple<std::unique_ptr<std::__thread_struct, std::default_delete<std::__thread_struct>>, void ThreadPoolImpl<std::thread>::scheduleImpl<void>(std::function<void ()>, Priority, std::optional<unsigned long>, bool)::'lambda0'()>>(void*) @ 0x000000000c706104 in /usr/bin/clickhouse
12. ? @ 0x00007d5a69da9609 in ?
13. ? @ 0x00007d5a69cce353 in ?
 (version 23.8.16.16 (official build))
2026.03.18 20:34:31.539151 [ 284 ] {} <Error> DDLWorker: ZooKeeper error: Code: 999. Coordination::Exception: Unknown key host in config file. (KEEPER_EXCEPTION), Stack trace (when copying this message, always include the lines below):

0. DB::Exception::Exception(DB::Exception::MessageMasked&&, int, bool) @ 0x000000000c6251d7 in /usr/bin/clickhouse
1. DB::Exception::Exception<String const&>(int, FormatStringHelperImpl<std::type_identity<String const&>::type>, String const&) @ 0x00000000074ae38d in /usr/bin/clickhouse
2. Coordination::Exception::Exception<String const&>(Coordination::Error, FormatStringHelperImpl<std::type_identity<String const&>::type>, String const&) @ 0x000000001276578a in /usr/bin/clickhouse
3. zkutil::ZooKeeperArgs::initFromKeeperSection(Poco::Util::AbstractConfiguration const&, String const&) @ 0x0000000013813c10 in /usr/bin/clickhouse
4. zkutil::ZooKeeperArgs::ZooKeeperArgs(Poco::Util::AbstractConfiguration const&, String const&) @ 0x000000001380f986 in /usr/bin/clickhouse
5. zkutil::ZooKeeper::ZooKeeper(Poco::Util::AbstractConfiguration const&, String const&, std::shared_ptr<DB::ZooKeeperLog>) @ 0x00000000137e48cc in /usr/bin/clickhouse
6. DB::Context::getZooKeeper() const @ 0x000000001164aa4a in /usr/bin/clickhouse
7. DB::DDLWorker::getAndSetZooKeeper() @ 0x00000000116cc32d in /usr/bin/clickhouse
8. DB::DDLWorker::initializeMainThread() @ 0x00000000116dca3b in /usr/bin/clickhouse
9. DB::DDLWorker::runMainThread() @ 0x00000000116c73c0 in /usr/bin/clickhouse
10. void std::__function::__policy_invoker<void ()>::__call_impl<std::__function::__default_alloc_func<ThreadFromGlobalPoolImpl<true>::ThreadFromGlobalPoolImpl<void (DB::DDLWorker::*)(), DB::DDLWorker*>(void (DB::DDLWorker::*&&)(), DB::DDLWorker*&&)::'lambda'(), void ()>>(std::__function::__policy_storage const*) @ 0x00000000116ddb4c in /usr/bin/clickhouse
11. void* std::__thread_proxy[abi:v15000]<std::tuple<std::unique_ptr<std::__thread_struct, std::default_delete<std::__thread_struct>>, void ThreadPoolImpl<std::thread>::scheduleImpl<void>(std::function<void ()>, Priority, std::optional<unsigned long>, bool)::'lambda0'()>>(void*) @ 0x000000000c706104 in /usr/bin/clickhouse
12. ? @ 0x00007d5a69da9609 in ?
13. ? @ 0x00007d5a69cce353 in ?
 (version 23.8.16.16 (official build)). Failed to start DDLWorker.
2026.03.18 20:34:31.539218 [ 284 ] {} <Error> virtual bool DB::DDLWorker::initializeMainThread(): Code: 999. Coordination::Exception: Unknown key host in config file. (KEEPER_EXCEPTION), Stack trace (when copying this message, always include the lines below):

0. DB::Exception::Exception(DB::Exception::MessageMasked&&, int, bool) @ 0x000000000c6251d7 in /usr/bin/clickhouse
1. DB::Exception::Exception<String const&>(int, FormatStringHelperImpl<std::type_identity<String const&>::type>, String const&) @ 0x00000000074ae38d in /usr/bin/clickhouse
2. Coordination::Exception::Exception<String const&>(Coordination::Error, FormatStringHelperImpl<std::type_identity<String const&>::type>, String const&) @ 0x000000001276578a in /usr/bin/clickhouse
3. zkutil::ZooKeeperArgs::initFromKeeperSection(Poco::Util::AbstractConfiguration const&, String const&) @ 0x0000000013813c10 in /usr/bin/clickhouse
4. zkutil::ZooKeeperArgs::ZooKeeperArgs(Poco::Util::AbstractConfiguration const&, String const&) @ 0x000000001380f986 in /usr/bin/clickhouse
5. zkutil::ZooKeeper::ZooKeeper(Poco::Util::AbstractConfiguration const&, String const&, std::shared_ptr<DB::ZooKeeperLog>) @ 0x00000000137e48cc in /usr/bin/clickhouse
6. DB::Context::getZooKeeper() const @ 0x000000001164aa4a in /usr/bin/clickhouse
7. DB::DDLWorker::getAndSetZooKeeper() @ 0x00000000116cc32d in /usr/bin/clickhouse
8. DB::DDLWorker::initializeMainThread() @ 0x00000000116dca3b in /usr/bin/clickhouse
9. DB::DDLWorker::runMainThread() @ 0x00000000116c73c0 in /usr/bin/clickhouse
10. void std::__function::__policy_invoker<void ()>::__call_impl<std::__function::__default_alloc_func<ThreadFromGlobalPoolImpl<true>::ThreadFromGlobalPoolImpl<void (DB::DDLWorker::*)(), DB::DDLWorker*>(void (DB::DDLWorker::*&&)(), DB::DDLWorker*&&)::'lambda'(), void ()>>(std::__function::__policy_storage const*) @ 0x00000000116ddb4c in /usr/bin/clickhouse
11. void* std::__thread_proxy[abi:v15000]<std::tuple<std::unique_ptr<std::__thread_struct, std::default_delete<std::__thread_struct>>, void ThreadPoolImpl<std::thread>::scheduleImpl<void>(std::function<void ()>, Priority, std::optional<unsigned long>, bool)::'lambda0'()>>(void*) @ 0x000000000c706104 in /usr/bin/clickhouse
12. ? @ 0x00007d5a69da9609 in ?
13. ? @ 0x00007d5a69cce353 in ?
 (version 23.8.16.16 (official build))
2026.03.18 20:34:36.008824 [ 285 ] {} <Trace> AsynchronousMetrics: Scanning /sys/block
2026.03.18 20:34:36.026044 [ 122 ] {} <Debug> DNSResolver: Updating DNS cache
2026.03.18 20:34:36.027261 [ 122 ] {} <Debug> DNSResolver: Updated DNS cache
2026.03.18 20:34:36.540978 [ 284 ] {} <Error> DDLWorker: ZooKeeper error: Code: 999. Coordination::Exception: Unknown key host in config file. (KEEPER_EXCEPTION), Stack trace (when copying this message, always include the lines below):

0. DB::Exception::Exception(DB::Exception::MessageMasked&&, int, bool) @ 0x000000000c6251d7 in /usr/bin/clickhouse
1. DB::Exception::Exception<String const&>(int, FormatStringHelperImpl<std::type_identity<String const&>::type>, String const&) @ 0x00000000074ae38d in /usr/bin/clickhouse
2. Coordination::Exception::Exception<String const&>(Coordination::Error, FormatStringHelperImpl<std::type_identity<String const&>::type>, String const&) @ 0x000000001276578a in /usr/bin/clickhouse
3. zkutil::ZooKeeperArgs::initFromKeeperSection(Poco::Util::AbstractConfiguration const&, String const&) @ 0x0000000013813c10 in /usr/bin/clickhouse
4. zkutil::ZooKeeperArgs::ZooKeeperArgs(Poco::Util::AbstractConfiguration const&, String const&) @ 0x000000001380f986 in /usr/bin/clickhouse
5. zkutil::ZooKeeper::ZooKeeper(Poco::Util::AbstractConfiguration const&, String const&, std::shared_ptr<DB::ZooKeeperLog>) @ 0x00000000137e48cc in /usr/bin/clickhouse
6. DB::Context::getZooKeeper() const @ 0x000000001164aa4a in /usr/bin/clickhouse
7. DB::DDLWorker::getAndSetZooKeeper() @ 0x00000000116cc32d in /usr/bin/clickhouse
8. DB::DDLWorker::initializeMainThread() @ 0x00000000116dca3b in /usr/bin/clickhouse
9. DB::DDLWorker::runMainThread() @ 0x00000000116c73c0 in /usr/bin/clickhouse
10. void std::__function::__policy_invoker<void ()>::__call_impl<std::__function::__default_alloc_func<ThreadFromGlobalPoolImpl<true>::ThreadFromGlobalPoolImpl<void (DB::DDLWorker::*)(), DB::DDLWorker*>(void (DB::DDLWorker::*&&)(), DB::DDLWorker*&&)::'lambda'(), void ()>>(std::__function::__policy_storage const*) @ 0x00000000116ddb4c in /usr/bin/clickhouse
11. void* std::__thread_proxy[abi:v15000]<std::tuple<std::unique_ptr<std::__thread_struct, std::default_delete<std::__thread_struct>>, void ThreadPoolImpl<std::thread>::scheduleImpl<void>(std::function<void ()>, Priority, std::optional<unsigned long>, bool)::'lambda0'()>>(void*) @ 0x000000000c706104 in /usr/bin/clickhouse
12. ? @ 0x00007d5a69da9609 in ?
13. ? @ 0x00007d5a69cce353 in ?
 (version 23.8.16.16 (official build)). Failed to start DDLWorker.
2026.03.18 20:34:36.541033 [ 284 ] {} <Error> virtual bool DB::DDLWorker::initializeMainThread(): Code: 999. Coordination::Exception: Unknown key host in config file. (KEEPER_EXCEPTION), Stack trace (when copying this message, always include the lines below):

0. DB::Exception::Exception(DB::Exception::MessageMasked&&, int, bool) @ 0x000000000c6251d7 in /usr/bin/clickhouse
1. DB::Exception::Exception<String const&>(int, FormatStringHelperImpl<std::type_identity<String const&>::type>, String const&) @ 0x00000000074ae38d in /usr/bin/clickhouse
2. Coordination::Exception::Exception<String const&>(Coordination::Error, FormatStringHelperImpl<std::type_identity<String const&>::type>, String const&) @ 0x000000001276578a in /usr/bin/clickhouse
3. zkutil::ZooKeeperArgs::initFromKeeperSection(Poco::Util::AbstractConfiguration const&, String const&) @ 0x0000000013813c10 in /usr/bin/clickhouse
4. zkutil::ZooKeeperArgs::ZooKeeperArgs(Poco::Util::AbstractConfiguration const&, String const&) @ 0x000000001380f986 in /usr/bin/clickhouse
5. zkutil::ZooKeeper::ZooKeeper(Poco::Util::AbstractConfiguration const&, String const&, std::shared_ptr<DB::ZooKeeperLog>) @ 0x00000000137e48cc in /usr/bin/clickhouse
6. DB::Context::getZooKeeper() const @ 0x000000001164aa4a in /usr/bin/clickhouse
7. DB::DDLWorker::getAndSetZooKeeper() @ 0x00000000116cc32d in /usr/bin/clickhouse
8. DB::DDLWorker::initializeMainThread() @ 0x00000000116dca3b in /usr/bin/clickhouse
9. DB::DDLWorker::runMainThread() @ 0x00000000116c73c0 in /usr/bin/clickhouse
10. void std::__function::__policy_invoker<void ()>::__call_impl<std::__function::__default_alloc_func<ThreadFromGlobalPoolImpl<true>::ThreadFromGlobalPoolImpl<void (DB::DDLWorker::*)(), DB::DDLWorker*>(void (DB::DDLWorker::*&&)(), DB::DDLWorker*&&)::'lambda'(), void ()>>(std::__function::__policy_storage const*) @ 0x00000000116ddb4c in /usr/bin/clickhouse
11. void* std::__thread_proxy[abi:v15000]<std::tuple<std::unique_ptr<std::__thread_struct, std::default_delete<std::__thread_struct>>, void ThreadPoolImpl<std::thread>::scheduleImpl<void>(std::function<void ()>, Priority, std::optional<unsigned long>, bool)::'lambda0'()>>(void*) @ 0x000000000c706104 in /usr/bin/clickhouse
12. ? @ 0x00007d5a69da9609 in ?
13. ? @ 0x00007d5a69cce353 in ?
 (version 23.8.16.16 (official build))
2026.03.18 20:34:41.542694 [ 284 ] {} <Error> DDLWorker: ZooKeeper error: Code: 999. Coordination::Exception: Unknown key host in config file. (KEEPER_EXCEPTION), Stack trace (when copying this message, always include the lines below):

0. DB::Exception::Exception(DB::Exception::MessageMasked&&, int, bool) @ 0x000000000c6251d7 in /usr/bin/clickhouse
1. DB::Exception::Exception<String const&>(int, FormatStringHelperImpl<std::type_identity<String const&>::type>, String const&) @ 0x00000000074ae38d in /usr/bin/clickhouse
2. Coordination::Exception::Exception<String const&>(Coordination::Error, FormatStringHelperImpl<std::type_identity<String const&>::type>, String const&) @ 0x000000001276578a in /usr/bin/clickhouse
3. zkutil::ZooKeeperArgs::initFromKeeperSection(Poco::Util::AbstractConfiguration const&, String const&) @ 0x0000000013813c10 in /usr/bin/clickhouse
4. zkutil::ZooKeeperArgs::ZooKeeperArgs(Poco::Util::AbstractConfiguration const&, String const&) @ 0x000000001380f986 in /usr/bin/clickhouse
5. zkutil::ZooKeeper::ZooKeeper(Poco::Util::AbstractConfiguration const&, String const&, std::shared_ptr<DB::ZooKeeperLog>) @ 0x00000000137e48cc in /usr/bin/clickhouse
6. DB::Context::getZooKeeper() const @ 0x000000001164aa4a in /usr/bin/clickhouse
7. DB::DDLWorker::getAndSetZooKeeper() @ 0x00000000116cc32d in /usr/bin/clickhouse
8. DB::DDLWorker::initializeMainThread() @ 0x00000000116dca3b in /usr/bin/clickhouse
9. DB::DDLWorker::runMainThread() @ 0x00000000116c73c0 in /usr/bin/clickhouse
10. void std::__function::__policy_invoker<void ()>::__call_impl<std::__function::__default_alloc_func<ThreadFromGlobalPoolImpl<true>::ThreadFromGlobalPoolImpl<void (DB::DDLWorker::*)(), DB::DDLWorker*>(void (DB::DDLWorker::*&&)(), DB::DDLWorker*&&)::'lambda'(), void ()>>(std::__function::__policy_storage const*) @ 0x00000000116ddb4c in /usr/bin/clickhouse
11. void* std::__thread_proxy[abi:v15000]<std::tuple<std::unique_ptr<std::__thread_struct, std::default_delete<std::__thread_struct>>, void ThreadPoolImpl<std::thread>::scheduleImpl<void>(std::function<void ()>, Priority, std::optional<unsigned long>, bool)::'lambda0'()>>(void*) @ 0x000000000c706104 in /usr/bin/clickhouse
12. ? @ 0x00007d5a69da9609 in ?
13. ? @ 0x00007d5a69cce353 in ?
 (version 23.8.16.16 (official build)). Failed to start DDLWorker.
2026.03.18 20:34:41.542829 [ 284 ] {} <Error> virtual bool DB::DDLWorker::initializeMainThread(): Code: 999. Coordination::Exception: Unknown key host in config file. (KEEPER_EXCEPTION), Stack trace (when copying this message, always include the lines below):

0. DB::Exception::Exception(DB::Exception::MessageMasked&&, int, bool) @ 0x000000000c6251d7 in /usr/bin/clickhouse
1. DB::Exception::Exception<String const&>(int, FormatStringHelperImpl<std::type_identity<String const&>::type>, String const&) @ 0x00000000074ae38d in /usr/bin/clickhouse
2. Coordination::Exception::Exception<String const&>(Coordination::Error, FormatStringHelperImpl<std::type_identity<String const&>::type>, String const&) @ 0x000000001276578a in /usr/bin/clickhouse
3. zkutil::ZooKeeperArgs::initFromKeeperSection(Poco::Util::AbstractConfiguration const&, String const&) @ 0x0000000013813c10 in /usr/bin/clickhouse
4. zkutil::ZooKeeperArgs::ZooKeeperArgs(Poco::Util::AbstractConfiguration const&, String const&) @ 0x000000001380f986 in /usr/bin/clickhouse
5. zkutil::ZooKeeper::ZooKeeper(Poco::Util::AbstractConfiguration const&, String const&, std::shared_ptr<DB::ZooKeeperLog>) @ 0x00000000137e48cc in /usr/bin/clickhouse
6. DB::Context::getZooKeeper() const @ 0x000000001164aa4a in /usr/bin/clickhouse
7. DB::DDLWorker::getAndSetZooKeeper() @ 0x00000000116cc32d in /usr/bin/clickhouse
8. DB::DDLWorker::initializeMainThread() @ 0x00000000116dca3b in /usr/bin/clickhouse
9. DB::DDLWorker::runMainThread() @ 0x00000000116c73c0 in /usr/bin/clickhouse
10. void std::__function::__policy_invoker<void ()>::__call_impl<std::__function::__default_alloc_func<ThreadFromGlobalPoolImpl<true>::ThreadFromGlobalPoolImpl<void (DB::DDLWorker::*)(), DB::DDLWorker*>(void (DB::DDLWorker::*&&)(), DB::DDLWorker*&&)::'lambda'(), void ()>>(std::__function::__policy_storage const*) @ 0x00000000116ddb4c in /usr/bin/clickhouse
11. void* std::__thread_proxy[abi:v15000]<std::tuple<std::unique_ptr<std::__thread_struct, std::default_delete<std::__thread_struct>>, void ThreadPoolImpl<std::thread>::scheduleImpl<void>(std::function<void ()>, Priority, std::optional<unsigned long>, bool)::'lambda0'()>>(void*) @ 0x000000000c706104 in /usr/bin/clickhouse
12. ? @ 0x00007d5a69da9609 in ?
13. ? @ 0x00007d5a69cce353 in ?
 (version 23.8.16.16 (official build))
2026.03.18 20:34:46.545008 [ 284 ] {} <Error> DDLWorker: ZooKeeper error: Code: 999. Coordination::Exception: Unknown key host in config file. (KEEPER_EXCEPTION), Stack trace (when copying this message, always include the lines below):

0. DB::Exception::Exception(DB::Exception::MessageMasked&&, int, bool) @ 0x000000000c6251d7 in /usr/bin/clickhouse
1. DB::Exception::Exception<String const&>(int, FormatStringHelperImpl<std::type_identity<String const&>::type>, String const&) @ 0x00000000074ae38d in /usr/bin/clickhouse
2. Coordination::Exception::Exception<String const&>(Coordination::Error, FormatStringHelperImpl<std::type_identity<String const&>::type>, String const&) @ 0x000000001276578a in /usr/bin/clickhouse
3. zkutil::ZooKeeperArgs::initFromKeeperSection(Poco::Util::AbstractConfiguration const&, String const&) @ 0x0000000013813c10 in /usr/bin/clickhouse
4. zkutil::ZooKeeperArgs::ZooKeeperArgs(Poco::Util::AbstractConfiguration const&, String const&) @ 0x000000001380f986 in /usr/bin/clickhouse
5. zkutil::ZooKeeper::ZooKeeper(Poco::Util::AbstractConfiguration const&, String const&, std::shared_ptr<DB::ZooKeeperLog>) @ 0x00000000137e48cc in /usr/bin/clickhouse
6. DB::Context::getZooKeeper() const @ 0x000000001164aa4a in /usr/bin/clickhouse
7. DB::DDLWorker::getAndSetZooKeeper() @ 0x00000000116cc32d in /usr/bin/clickhouse
8. DB::DDLWorker::initializeMainThread() @ 0x00000000116dca3b in /usr/bin/clickhouse
9. DB::DDLWorker::runMainThread() @ 0x00000000116c73c0 in /usr/bin/clickhouse
10. void std::__function::__policy_invoker<void ()>::__call_impl<std::__function::__default_alloc_func<ThreadFromGlobalPoolImpl<true>::ThreadFromGlobalPoolImpl<void (DB::DDLWorker::*)(), DB::DDLWorker*>(void (DB::DDLWorker::*&&)(), DB::DDLWorker*&&)::'lambda'(), void ()>>(std::__function::__policy_storage const*) @ 0x00000000116ddb4c in /usr/bin/clickhouse
11. void* std::__thread_proxy[abi:v15000]<std::tuple<std::unique_ptr<std::__thread_struct, std::default_delete<std::__thread_struct>>, void ThreadPoolImpl<std::thread>::scheduleImpl<void>(std::function<void ()>, Priority, std::optional<unsigned long>, bool)::'lambda0'()>>(void*) @ 0x000000000c706104 in /usr/bin/clickhouse
12. ? @ 0x00007d5a69da9609 in ?
13. ? @ 0x00007d5a69cce353 in ?
 (version 23.8.16.16 (official build)). Failed to start DDLWorker.
2026.03.18 20:34:46.545072 [ 284 ] {} <Error> virtual bool DB::DDLWorker::initializeMainThread(): Code: 999. Coordination::Exception: Unknown key host in config file. (KEEPER_EXCEPTION), Stack trace (when copying this message, always include the lines below):

0. DB::Exception::Exception(DB::Exception::MessageMasked&&, int, bool) @ 0x000000000c6251d7 in /usr/bin/clickhouse
1. DB::Exception::Exception<String const&>(int, FormatStringHelperImpl<std::type_identity<String const&>::type>, String const&) @ 0x00000000074ae38d in /usr/bin/clickhouse
2. Coordination::Exception::Exception<String const&>(Coordination::Error, FormatStringHelperImpl<std::type_identity<String const&>::type>, String const&) @ 0x000000001276578a in /usr/bin/clickhouse
3. zkutil::ZooKeeperArgs::initFromKeeperSection(Poco::Util::AbstractConfiguration const&, String const&) @ 0x0000000013813c10 in /usr/bin/clickhouse
4. zkutil::ZooKeeperArgs::ZooKeeperArgs(Poco::Util::AbstractConfiguration const&, String const&) @ 0x000000001380f986 in /usr/bin/clickhouse
5. zkutil::ZooKeeper::ZooKeeper(Poco::Util::AbstractConfiguration const&, String const&, std::shared_ptr<DB::ZooKeeperLog>) @ 0x00000000137e48cc in /usr/bin/clickhouse
6. DB::Context::getZooKeeper() const @ 0x000000001164aa4a in /usr/bin/clickhouse
7. DB::DDLWorker::getAndSetZooKeeper() @ 0x00000000116cc32d in /usr/bin/clickhouse
8. DB::DDLWorker::initializeMainThread() @ 0x00000000116dca3b in /usr/bin/clickhouse
9. DB::DDLWorker::runMainThread() @ 0x00000000116c73c0 in /usr/bin/clickhouse
10. void std::__function::__policy_invoker<void ()>::__call_impl<std::__function::__default_alloc_func<ThreadFromGlobalPoolImpl<true>::ThreadFromGlobalPoolImpl<void (DB::DDLWorker::*)(), DB::DDLWorker*>(void (DB::DDLWorker::*&&)(), DB::DDLWorker*&&)::'lambda'(), void ()>>(std::__function::__policy_storage const*) @ 0x00000000116ddb4c in /usr/bin/clickhouse
11. void* std::__thread_proxy[abi:v15000]<std::tuple<std::unique_ptr<std::__thread_struct, std::default_delete<std::__thread_struct>>, void ThreadPoolImpl<std::thread>::scheduleImpl<void>(std::function<void ()>, Priority, std::optional<unsigned long>, bool)::'lambda0'()>>(void*) @ 0x000000000c706104 in /usr/bin/clickhouse
12. ? @ 0x00007d5a69da9609 in ?
13. ? @ 0x00007d5a69cce353 in ?
 (version 23.8.16.16 (official build))
2026.03.18 20:34:51.027907 [ 124 ] {} <Debug> DNSResolver: Updating DNS cache
2026.03.18 20:34:51.029244 [ 124 ] {} <Debug> DNSResolver: Updated DNS cache
2026.03.18 20:34:51.546018 [ 284 ] {} <Error> DDLWorker: ZooKeeper error: Code: 999. Coordination::Exception: Unknown key host in config file. (KEEPER_EXCEPTION), Stack trace (when copying this message, always include the lines below):

0. DB::Exception::Exception(DB::Exception::MessageMasked&&, int, bool) @ 0x000000000c6251d7 in /usr/bin/clickhouse
1. DB::Exception::Exception<String const&>(int, FormatStringHelperImpl<std::type_identity<String const&>::type>, String const&) @ 0x00000000074ae38d in /usr/bin/clickhouse
2. Coordination::Exception::Exception<String const&>(Coordination::Error, FormatStringHelperImpl<std::type_identity<String const&>::type>, String const&) @ 0x000000001276578a in /usr/bin/clickhouse
3. zkutil::ZooKeeperArgs::initFromKeeperSection(Poco::Util::AbstractConfiguration const&, String const&) @ 0x0000000013813c10 in /usr/bin/clickhouse
4. zkutil::ZooKeeperArgs::ZooKeeperArgs(Poco::Util::AbstractConfiguration const&, String const&) @ 0x000000001380f986 in /usr/bin/clickhouse
5. zkutil::ZooKeeper::ZooKeeper(Poco::Util::AbstractConfiguration const&, String const&, std::shared_ptr<DB::ZooKeeperLog>) @ 0x00000000137e48cc in /usr/bin/clickhouse
6. DB::Context::getZooKeeper() const @ 0x000000001164aa4a in /usr/bin/clickhouse
7. DB::DDLWorker::getAndSetZooKeeper() @ 0x00000000116cc32d in /usr/bin/clickhouse
8. DB::DDLWorker::initializeMainThread() @ 0x00000000116dca3b in /usr/bin/clickhouse
9. DB::DDLWorker::runMainThread() @ 0x00000000116c73c0 in /usr/bin/clickhouse
10. void std::__function::__policy_invoker<void ()>::__call_impl<std::__function::__default_alloc_func<ThreadFromGlobalPoolImpl<true>::ThreadFromGlobalPoolImpl<void (DB::DDLWorker::*)(), DB::DDLWorker*>(void (DB::DDLWorker::*&&)(), DB::DDLWorker*&&)::'lambda'(), void ()>>(std::__function::__policy_storage const*) @ 0x00000000116ddb4c in /usr/bin/clickhouse
11. void* std::__thread_proxy[abi:v15000]<std::tuple<std::unique_ptr<std::__thread_struct, std::default_delete<std::__thread_struct>>, void ThreadPoolImpl<std::thread>::scheduleImpl<void>(std::function<void ()>, Priority, std::optional<unsigned long>, bool)::'lambda0'()>>(void*) @ 0x000000000c706104 in /usr/bin/clickhouse
12. ? @ 0x00007d5a69da9609 in ?
13. ? @ 0x00007d5a69cce353 in ?
 (version 23.8.16.16 (official build)). Failed to start DDLWorker.
2026.03.18 20:34:51.546089 [ 284 ] {} <Error> virtual bool DB::DDLWorker::initializeMainThread(): Code: 999. Coordination::Exception: Unknown key host in config file. (KEEPER_EXCEPTION), Stack trace (when copying this message, always include the lines below):

0. DB::Exception::Exception(DB::Exception::MessageMasked&&, int, bool) @ 0x000000000c6251d7 in /usr/bin/clickhouse
1. DB::Exception::Exception<String const&>(int, FormatStringHelperImpl<std::type_identity<String const&>::type>, String const&) @ 0x00000000074ae38d in /usr/bin/clickhouse
2. Coordination::Exception::Exception<String const&>(Coordination::Error, FormatStringHelperImpl<std::type_identity<String const&>::type>, String const&) @ 0x000000001276578a in /usr/bin/clickhouse
3. zkutil::ZooKeeperArgs::initFromKeeperSection(Poco::Util::AbstractConfiguration const&, String const&) @ 0x0000000013813c10 in /usr/bin/clickhouse
4. zkutil::ZooKeeperArgs::ZooKeeperArgs(Poco::Util::AbstractConfiguration const&, String const&) @ 0x000000001380f986 in /usr/bin/clickhouse
5. zkutil::ZooKeeper::ZooKeeper(Poco::Util::AbstractConfiguration const&, String const&, std::shared_ptr<DB::ZooKeeperLog>) @ 0x00000000137e48cc in /usr/bin/clickhouse
6. DB::Context::getZooKeeper() const @ 0x000000001164aa4a in /usr/bin/clickhouse
7. DB::DDLWorker::getAndSetZooKeeper() @ 0x00000000116cc32d in /usr/bin/clickhouse
8. DB::DDLWorker::initializeMainThread() @ 0x00000000116dca3b in /usr/bin/clickhouse
9. DB::DDLWorker::runMainThread() @ 0x00000000116c73c0 in /usr/bin/clickhouse
10. void std::__function::__policy_invoker<void ()>::__call_impl<std::__function::__default_alloc_func<ThreadFromGlobalPoolImpl<true>::ThreadFromGlobalPoolImpl<void (DB::DDLWorker::*)(), DB::DDLWorker*>(void (DB::DDLWorker::*&&)(), DB::DDLWorker*&&)::'lambda'(), void ()>>(std::__function::__policy_storage const*) @ 0x00000000116ddb4c in /usr/bin/clickhouse
11. void* std::__thread_proxy[abi:v15000]<std::tuple<std::unique_ptr<std::__thread_struct, std::default_delete<std::__thread_struct>>, void ThreadPoolImpl<std::thread>::scheduleImpl<void>(std::function<void ()>, Priority, std::optional<unsigned long>, bool)::'lambda0'()>>(void*) @ 0x000000000c706104 in /usr/bin/clickhouse
12. ? @ 0x00007d5a69da9609 in ?
13. ? @ 0x00007d5a69cce353 in ?
 (version 23.8.16.16 (official build))
2026.03.18 20:34:53.561108 [ 40 ] {} <Trace> BaseDaemon: Received signal 15
2026.03.18 20:34:53.561179 [ 40 ] {} <Information> Application: Received termination signal (Terminated)
2026.03.18 20:34:53.561247 [ 1 ] {} <Debug> Application: Received termination signal.
2026.03.18 20:34:53.561674 [ 1 ] {} <Debug> Application: Waiting for current connections to close.
2026.03.18 20:34:53.649034 [ 1 ] {} <Information> Application: Closed all listening sockets.
2026.03.18 20:34:53.649065 [ 1 ] {} <Information> Application: Closed connections.
2026.03.18 20:34:53.649304 [ 1 ] {} <Information> Application: Shutting down storages.
2026.03.18 20:34:53.649315 [ 1 ] {} <Information> Context: Shutdown disk default
2026.03.18 20:34:53.649322 [ 1 ] {} <Trace> AsynchronousInsertQueue: Shutting down the asynchronous insertion queue
2026.03.18 20:34:53.652417 [ 1 ] {} <Trace> AsynchronousInsertQueue: Asynchronous insertion queue finished
2026.03.18 20:34:53.652431 [ 1 ] {} <Debug> Context: Shutting down dictionaries loader
2026.03.18 20:34:53.652616 [ 1 ] {} <Debug> Context: Shutting down UDFs loader
2026.03.18 20:34:53.652795 [ 1 ] {} <Debug> Context: Shutting down another UDFs loader
2026.03.18 20:34:53.652805 [ 1 ] {} <Trace> Context: Shutting down named sessions
2026.03.18 20:34:53.652824 [ 1 ] {} <Debug> Context: Shutting down system logs
2026.03.18 20:34:53.652827 [ 1 ] {} <Trace> Context: Shutting down database catalog
2026.03.18 20:34:53.652885 [ 1 ] {} <Trace> DatabaseCatalog: Shutting down database INFORMATION_SCHEMA
2026.03.18 20:34:53.653029 [ 1 ] {} <Trace> DatabaseCatalog: Shutting down database default
2026.03.18 20:34:53.653033 [ 1 ] {} <Trace> DatabaseCatalog: Shutting down database information_schema
2026.03.18 20:34:53.653180 [ 1 ] {} <Trace> DatabaseCatalog: Shutting down system databases
2026.03.18 20:34:53.653761 [ 1 ] {} <Debug> Context: Shutting down merges executor
2026.03.18 20:34:53.654389 [ 1 ] {} <Debug> Context: Shutting down fetches executor
2026.03.18 20:34:53.654647 [ 1 ] {} <Debug> Context: Shutting down moves executor
2026.03.18 20:34:53.655085 [ 1 ] {} <Debug> Context: Shutting down common executor
2026.03.18 20:34:53.655515 [ 1 ] {} <Trace> Context: Shutting down DDLWorker
2026.03.18 20:34:56.546739 [ 1 ] {} <Trace> Context: Shutting down caches
2026.03.18 20:34:56.546768 [ 1 ] {} <Trace> Context: Shutting down AccessControl
2026.03.18 20:34:56.547153 [ 1 ] {} <Trace> BackgroundSchedulePool/BgBufSchPool: Waiting for threads to finish.
2026.03.18 20:34:56.548239 [ 1 ] {} <Trace> BackgroundSchedulePool/BgSchPool: Waiting for threads to finish.
2026.03.18 20:34:56.548567 [ 1 ] {} <Trace> BackgroundSchedulePool/BgDistSchPool: Waiting for threads to finish.
2026.03.18 20:34:56.548870 [ 1 ] {} <Trace> BackgroundSchedulePool/BgMBSchPool: Waiting for threads to finish.
2026.03.18 20:34:56.549011 [ 1 ] {} <Debug> Application: Shut down storages.
2026.03.18 20:34:56.549018 [ 1 ] {} <Debug> Application: Waiting for current connections to servers for tables to finish.
2026.03.18 20:34:56.637390 [ 1 ] {} <Information> Application: Closed all listening sockets.
2026.03.18 20:34:56.637422 [ 1 ] {} <Information> Application: Closed connections to servers for tables.
2026.03.18 20:34:56.647076 [ 1 ] {} <Debug> Application: Destroyed global context.
2026.03.18 20:34:56.651078 [ 1 ] {} <Information> Application: shutting down
2026.03.18 20:34:56.651096 [ 1 ] {} <Debug> Application: Uninitializing subsystem: Logging Subsystem
2026.03.18 20:34:56.651688 [ 40 ] {} <Trace> BaseDaemon: Received signal -2
2026.03.18 20:34:56.651700 [ 40 ] {} <Information> BaseDaemon: Stop SignalListener thread
2026.03.18 20:35:31.347578 [ 1 ] {} <Information> SentryWriter: Sending crash reports is disabled
2026.03.18 20:35:31.347642 [ 1 ] {} <Trace> Pipe: Pipe capacity is 1.00 MiB
2026.03.18 20:35:31.408919 [ 1 ] {} <Information> Application: Starting ClickHouse 23.8.16.16 (revision: 54477, git hash: b80cac57eadd2bdad0ea44f54a262f5bd79e70b8, build id: 7D8F3AE700A95C8301ADF246CAD61375591B4B2E), PID 1
2026.03.18 20:35:31.413536 [ 1 ] {} <Information> Application: starting up
2026.03.18 20:35:31.413574 [ 1 ] {} <Information> Application: OS name: Linux, version: 6.17.0-14-generic, architecture: x86_64
2026.03.18 20:35:31.417558 [ 1 ] {} <Information> Application: Available RAM: 15.62 GiB; physical cores: 4; logical cores: 4.
2026.03.18 20:35:31.419676 [ 1 ] {} <Trace> AsynchronousMetrics: Scanning /sys/class/thermal
2026.03.18 20:35:31.419706 [ 1 ] {} <Trace> AsynchronousMetrics: Scanning /sys/block
2026.03.18 20:35:31.419807 [ 1 ] {} <Trace> AsynchronousMetrics: Scanning /sys/devices/system/edac
2026.03.18 20:35:31.419831 [ 1 ] {} <Trace> AsynchronousMetrics: Scanning /sys/class/hwmon
2026.03.18 20:35:31.588274 [ 1 ] {} <Information> Application: Integrity check of the executable successfully passed (checksum: DADF777B514BD5BBFF1D30DA842D5DCF)
2026.03.18 20:35:31.588493 [ 1 ] {} <Debug> Application: Set max number of file descriptors to 524288 (was 1024).
2026.03.18 20:35:31.588499 [ 1 ] {} <Debug> Application: rlimit on number of threads is 63649
2026.03.18 20:35:31.588506 [ 1 ] {} <Debug> Application: Initializing DateLUT.
2026.03.18 20:35:31.588510 [ 1 ] {} <Trace> Application: Initialized DateLUT with time zone 'Europe/Moscow'.
2026.03.18 20:35:31.588525 [ 1 ] {} <Debug> Context: Setting up /var/lib/clickhouse/tmp/ to store temporary data in it
2026.03.18 20:35:31.588856 [ 1 ] {} <Debug> Application: Configuration parameter 'interserver_http_host' doesn't exist or exists and empty. Will use 'clickhouse-node2' as replica host.
2026.03.18 20:35:31.588865 [ 1 ] {} <Debug> Application: Initializing interserver credentials.
2026.03.18 20:35:31.588891 [ 1 ] {} <Trace> NamedCollectionsUtils: Loaded 0 collections from config
2026.03.18 20:35:31.588934 [ 1 ] {} <Trace> NamedCollectionsUtils: Loaded 0 collections from SQL
2026.03.18 20:35:31.589332 [ 1 ] {} <Debug> ConfigReloader: Loading config '/etc/clickhouse-server/config.xml'
2026.03.18 20:35:31.590191 [ 1 ] {} <Debug> ConfigReloader: Loaded config '/etc/clickhouse-server/config.xml', performing update on configuration
2026.03.18 20:35:31.590713 [ 1 ] {} <Information> Application: Setting max_server_memory_usage was set to 14.06 GiB (15.62 GiB available * 0.90 max_server_memory_usage_to_ram_ratio)
2026.03.18 20:35:31.590812 [ 1 ] {} <Information> Application: Setting merges_mutations_memory_usage_soft_limit was set to 7.81 GiB (15.62 GiB available * 0.50 merges_mutations_memory_usage_to_ram_ratio)
2026.03.18 20:35:31.590822 [ 1 ] {} <Information> Application: Merges and mutations memory limit is set to 7.81 GiB
2026.03.18 20:35:31.593494 [ 1 ] {} <Information> BackgroundSchedulePool/BgBufSchPool: Create BackgroundSchedulePool with 16 threads
2026.03.18 20:35:31.596020 [ 1 ] {} <Information> BackgroundSchedulePool/BgSchPool: Create BackgroundSchedulePool with 128 threads
2026.03.18 20:35:31.670896 [ 1 ] {} <Information> BackgroundSchedulePool/BgMBSchPool: Create BackgroundSchedulePool with 16 threads
2026.03.18 20:35:31.675245 [ 1 ] {} <Information> BackgroundSchedulePool/BgDistSchPool: Create BackgroundSchedulePool with 16 threads
2026.03.18 20:35:31.677909 [ 1 ] {} <Information> CertificateReloader: One of paths is empty. Cannot apply new configuration for certificates. Fill all paths and try again.
2026.03.18 20:35:31.677973 [ 1 ] {} <Debug> ConfigReloader: Loaded config '/etc/clickhouse-server/config.xml', performed update on configuration
2026.03.18 20:35:31.678369 [ 1 ] {} <Warning> Application: Listen [::]:9009 failed: Poco::Exception. Code: 1000, e.code() = 0, DNS error: EAI: Address family for hostname not supported (version 23.8.16.16 (official build)). If it is an IPv6 or IPv4 address and your host has disabled IPv6 or IPv4, then consider to specify not disabled IPv4 or IPv6 address to listen in <listen_host> element of configuration file. Example for disabled IPv6: <listen_host>0.0.0.0</listen_host> . Example for disabled IPv4: <listen_host>::</listen_host>
2026.03.18 20:35:31.678531 [ 1 ] {} <Information> Application: Listening for replica communication (interserver): http://0.0.0.0:9009
2026.03.18 20:35:31.678989 [ 1 ] {} <Debug> ConfigReloader: Loading config '/etc/clickhouse-server/users.xml'
2026.03.18 20:35:31.679491 [ 1 ] {} <Debug> ConfigReloader: Loaded config '/etc/clickhouse-server/users.xml', performing update on configuration
2026.03.18 20:35:31.680822 [ 1 ] {} <Debug> ConfigReloader: Loaded config '/etc/clickhouse-server/users.xml', performed update on configuration
2026.03.18 20:35:31.681039 [ 1 ] {} <Debug> Access(user directories): Added users_xml access storage 'users_xml', path: /etc/clickhouse-server/users.xml
2026.03.18 20:35:31.683812 [ 1 ] {} <Information> Context: Initialized background executor for merges and mutations with num_threads=16, num_tasks=32, scheduling_policy=round_robin
2026.03.18 20:35:31.687866 [ 1 ] {} <Information> Context: Initialized background executor for move operations with num_threads=8, num_tasks=8
2026.03.18 20:35:31.692017 [ 1 ] {} <Information> Context: Initialized background executor for fetches with num_threads=8, num_tasks=8
2026.03.18 20:35:31.694066 [ 1 ] {} <Information> Context: Initialized background executor for common operations (e.g. clearing old parts) with num_threads=8, num_tasks=8
2026.03.18 20:35:31.699594 [ 1 ] {} <Information> DNSCacheUpdater: Update period 15 seconds
2026.03.18 20:35:31.699738 [ 1 ] {} <Information> Application: Loading metadata from /var/lib/clickhouse/
2026.03.18 20:35:31.700427 [ 56 ] {} <Debug> DNSResolver: Updating DNS cache
2026.03.18 20:35:31.700820 [ 1 ] {} <Information> DatabaseAtomic (system): Metadata processed, database system has 0 tables and 0 dictionaries in total.
2026.03.18 20:35:31.700830 [ 1 ] {} <Information> TablesLoader: Parsed metadata of 0 tables in 1 databases in 0.000191597 sec
2026.03.18 20:35:31.700839 [ 1 ] {} <Trace> ReferentialDeps: No tables
2026.03.18 20:35:31.700842 [ 1 ] {} <Trace> LoadingDeps: No tables
2026.03.18 20:35:31.700864 [ 1 ] {} <Information> DatabaseAtomic (system): Starting up tables.
2026.03.18 20:35:31.700876 [ 1 ] {} <Debug> SystemLog: Not creating system.query_log since corresponding section 'query_log' is missing from config
2026.03.18 20:35:31.700881 [ 1 ] {} <Debug> SystemLog: Not creating system.query_thread_log since corresponding section 'query_thread_log' is missing from config
2026.03.18 20:35:31.700885 [ 1 ] {} <Debug> SystemLog: Not creating system.part_log since corresponding section 'part_log' is missing from config
2026.03.18 20:35:31.700889 [ 1 ] {} <Debug> SystemLog: Not creating system.trace_log since corresponding section 'trace_log' is missing from config
2026.03.18 20:35:31.700893 [ 1 ] {} <Debug> SystemLog: Not creating system.crash_log since corresponding section 'crash_log' is missing from config
2026.03.18 20:35:31.701058 [ 1 ] {} <Debug> SystemLog: Not creating system.text_log since corresponding section 'text_log' is missing from config
2026.03.18 20:35:31.701063 [ 1 ] {} <Debug> SystemLog: Not creating system.metric_log since corresponding section 'metric_log' is missing from config
2026.03.18 20:35:31.701067 [ 1 ] {} <Debug> SystemLog: Not creating system.filesystem_cache_log since corresponding section 'filesystem_cache_log' is missing from config
2026.03.18 20:35:31.701072 [ 1 ] {} <Debug> SystemLog: Not creating system.filesystem_read_prefetches_log since corresponding section 'filesystem_read_prefetches_log' is missing from config
2026.03.18 20:35:31.701077 [ 1 ] {} <Debug> SystemLog: Not creating system.asynchronous_metric_log since corresponding section 'asynchronous_metric_log' is missing from config
2026.03.18 20:35:31.701081 [ 1 ] {} <Debug> SystemLog: Not creating system.opentelemetry_span_log since corresponding section 'opentelemetry_span_log' is missing from config
2026.03.18 20:35:31.701085 [ 1 ] {} <Debug> SystemLog: Not creating system.query_views_log since corresponding section 'query_views_log' is missing from config
2026.03.18 20:35:31.701190 [ 1 ] {} <Debug> SystemLog: Not creating system.zookeeper_log since corresponding section 'zookeeper_log' is missing from config
2026.03.18 20:35:31.701196 [ 1 ] {} <Debug> SystemLog: Not creating system.session_log since corresponding section 'session_log' is missing from config
2026.03.18 20:35:31.701363 [ 1 ] {} <Debug> SystemLog: Not creating system.transactions_info_log since corresponding section 'transactions_info_log' is missing from config
2026.03.18 20:35:31.701372 [ 1 ] {} <Debug> SystemLog: Not creating system.processors_profile_log since corresponding section 'processors_profile_log' is missing from config
2026.03.18 20:35:31.701376 [ 1 ] {} <Debug> SystemLog: Not creating system.asynchronous_insert_log since corresponding section 'asynchronous_insert_log' is missing from config
2026.03.18 20:35:31.702991 [ 56 ] {} <Debug> DNSResolver: Updated DNS cache
2026.03.18 20:35:31.726709 [ 1 ] {} <Information> DatabaseCatalog: Found 0 partially dropped tables. Will load them and retry removal.
2026.03.18 20:35:31.726879 [ 1 ] {} <Information> DatabaseAtomic (default): Metadata processed, database default has 0 tables and 0 dictionaries in total.
2026.03.18 20:35:31.726886 [ 1 ] {} <Information> TablesLoader: Parsed metadata of 0 tables in 1 databases in 2.7422e-05 sec
2026.03.18 20:35:31.726889 [ 1 ] {} <Trace> ReferentialDeps: No tables
2026.03.18 20:35:31.726892 [ 1 ] {} <Trace> LoadingDeps: No tables
2026.03.18 20:35:31.726906 [ 1 ] {} <Information> DatabaseAtomic (default): Starting up tables.
2026.03.18 20:35:31.727006 [ 1 ] {} <Information> UserDefinedSQLObjectsLoaderFromDisk: Loading user defined objects from /var/lib/clickhouse/user_defined/
2026.03.18 20:35:31.727043 [ 1 ] {} <Debug> UserDefinedSQLObjectsLoaderFromDisk: User defined objects loaded
2026.03.18 20:35:31.727047 [ 1 ] {} <Debug> Application: Loaded metadata.
2026.03.18 20:35:31.727068 [ 1 ] {} <Information> Application: Tasks stats provider: procfs
2026.03.18 20:35:31.727071 [ 1 ] {} <Information> Application: It looks like the process has no CAP_SYS_NICE capability, the setting 'os_thread_priority' will have no effect. It could happen due to incorrect ClickHouse package installation. You could resolve the problem manually with 'sudo setcap cap_sys_nice=+ep /usr/bin/clickhouse'. Note that it will not work on 'nosuid' mounted filesystems.
2026.03.18 20:35:31.727267 [ 1 ] {} <Warning> Application: Listen [::]:8123 failed: Poco::Exception. Code: 1000, e.code() = 0, DNS error: EAI: Address family for hostname not supported (version 23.8.16.16 (official build)). If it is an IPv6 or IPv4 address and your host has disabled IPv6 or IPv4, then consider to specify not disabled IPv4 or IPv6 address to listen in <listen_host> element of configuration file. Example for disabled IPv6: <listen_host>0.0.0.0</listen_host> . Example for disabled IPv4: <listen_host>::</listen_host>
2026.03.18 20:35:31.727391 [ 1 ] {} <Warning> Application: Listen [::]:9000 failed: Poco::Exception. Code: 1000, e.code() = 0, DNS error: EAI: Address family for hostname not supported (version 23.8.16.16 (official build)). If it is an IPv6 or IPv4 address and your host has disabled IPv6 or IPv4, then consider to specify not disabled IPv4 or IPv6 address to listen in <listen_host> element of configuration file. Example for disabled IPv6: <listen_host>0.0.0.0</listen_host> . Example for disabled IPv4: <listen_host>::</listen_host>
2026.03.18 20:35:31.727455 [ 1 ] {} <Information> CertificateReloader: One of paths is empty. Cannot apply new configuration for certificates. Fill all paths and try again.
2026.03.18 20:35:31.727814 [ 1 ] {} <Trace> AsynchronousMetrics: MemoryTracking: was 13.66 MiB, peak 13.66 MiB, free memory in arenas 15.22 MiB, will set to 397.39 MiB (RSS), difference: 383.73 MiB
2026.03.18 20:35:31.728070 [ 1 ] {} <Trace> AsynchronousMetrics: Update heavy metrics. Update period 1 sec. Update heavy metrics period 120 sec. Heavy metrics calculation elapsed: 8.756e-06 sec.
2026.03.18 20:35:31.729225 [ 1 ] {} <Information> Application: Listening for http://0.0.0.0:8123
2026.03.18 20:35:31.729360 [ 1 ] {} <Information> Application: Listening for native protocol (tcp): 0.0.0.0:9000
2026.03.18 20:35:31.729367 [ 1 ] {} <Information> Application: Ready for connections.
2026.03.18 20:35:31.730555 [ 285 ] {} <Debug> DDLWorker: Started DDLWorker cleanup thread
2026.03.18 20:35:31.731344 [ 287 ] {} <Debug> DDLWorker: Starting DDLWorker thread
2026.03.18 20:35:31.731359 [ 287 ] {} <Debug> DDLWorker: Initializing DDLWorker thread
2026.03.18 20:35:31.734184 [ 287 ] {} <Error> virtual bool DB::DDLWorker::initializeMainThread(): Code: 999. Coordination::Exception: All connection tries failed while connecting to ZooKeeper. nodes: 172.18.0.3:2181, 172.18.0.2:2181, 172.18.0.4:2181
Poco::Exception. Code: 1000, e.code() = 111, Connection refused (version 23.8.16.16 (official build)), 172.18.0.3:2181
Poco::Exception. Code: 1000, e.code() = 111, Connection refused (version 23.8.16.16 (official build)), 172.18.0.2:2181
Poco::Exception. Code: 1000, e.code() = 111, Connection refused (version 23.8.16.16 (official build)), 172.18.0.4:2181
Poco::Exception. Code: 1000, e.code() = 111, Connection refused (version 23.8.16.16 (official build)), 172.18.0.3:2181
Poco::Exception. Code: 1000, e.code() = 111, Connection refused (version 23.8.16.16 (official build)), 172.18.0.2:2181
Poco::Exception. Code: 1000, e.code() = 111, Connection refused (version 23.8.16.16 (official build)), 172.18.0.4:2181
Poco::Exception. Code: 1000, e.code() = 111, Connection refused (version 23.8.16.16 (official build)), 172.18.0.3:2181
Poco::Exception. Code: 1000, e.code() = 111, Connection refused (version 23.8.16.16 (official build)), 172.18.0.2:2181
Poco::Exception. Code: 1000, e.code() = 111, Connection refused (version 23.8.16.16 (official build)), 172.18.0.4:2181
. (KEEPER_EXCEPTION), Stack trace (when copying this message, always include the lines below):

0. DB::Exception::Exception(DB::Exception::MessageMasked&&, int, bool) @ 0x000000000c6251d7 in /usr/bin/clickhouse
1. DB::Exception::Exception<String&>(int, FormatStringHelperImpl<std::type_identity<String&>::type>, String&) @ 0x00000000074ade4d in /usr/bin/clickhouse
2. Coordination::Exception::Exception<String&>(Coordination::Error, FormatStringHelperImpl<std::type_identity<String&>::type>, String&) @ 0x00000000126d156a in /usr/bin/clickhouse
3. Coordination::ZooKeeper::ZooKeeper(std::vector<Coordination::ZooKeeper::Node, std::allocator<Coordination::ZooKeeper::Node>> const&, zkutil::ZooKeeperArgs const&, std::shared_ptr<DB::ZooKeeperLog>, std::optional<std::function<void (unsigned long, Coordination::ZooKeeper::Node const&)>>&&) @ 0x000000001383014d in /usr/bin/clickhouse
4. zkutil::ZooKeeper::init(zkutil::ZooKeeperArgs) @ 0x00000000137e13b3 in /usr/bin/clickhouse
5. zkutil::ZooKeeper::ZooKeeper(Poco::Util::AbstractConfiguration const&, String const&, std::shared_ptr<DB::ZooKeeperLog>) @ 0x00000000137e48d9 in /usr/bin/clickhouse
6. DB::Context::getZooKeeper() const @ 0x000000001164aa4a in /usr/bin/clickhouse
7. DB::DDLWorker::getAndSetZooKeeper() @ 0x00000000116cc32d in /usr/bin/clickhouse
8. DB::DDLWorker::initializeMainThread() @ 0x00000000116dca3b in /usr/bin/clickhouse
9. DB::DDLWorker::runMainThread() @ 0x00000000116c73c0 in /usr/bin/clickhouse
10. void std::__function::__policy_invoker<void ()>::__call_impl<std::__function::__default_alloc_func<ThreadFromGlobalPoolImpl<true>::ThreadFromGlobalPoolImpl<void (DB::DDLWorker::*)(), DB::DDLWorker*>(void (DB::DDLWorker::*&&)(), DB::DDLWorker*&&)::'lambda'(), void ()>>(std::__function::__policy_storage const*) @ 0x00000000116ddb4c in /usr/bin/clickhouse
11. void* std::__thread_proxy[abi:v15000]<std::tuple<std::unique_ptr<std::__thread_struct, std::default_delete<std::__thread_struct>>, void ThreadPoolImpl<std::thread>::scheduleImpl<void>(std::function<void ()>, Priority, std::optional<unsigned long>, bool)::'lambda0'()>>(void*) @ 0x000000000c706104 in /usr/bin/clickhouse
12. ? @ 0x0000764baa2ae609 in ?
13. ? @ 0x0000764baa1d3353 in ?
 (version 23.8.16.16 (official build))
2026.03.18 20:35:32.000402 [ 290 ] {} <Trace> AsynchronousMetrics: MemoryTracking: was 397.41 MiB, peak 397.41 MiB, free memory in arenas 15.13 MiB, will set to 400.00 MiB (RSS), difference: 2.59 MiB
2026.03.18 20:35:36.755153 [ 287 ] {} <Information> ZooKeeperClient: Connected to ZooKeeper at 172.18.0.4:2181 with session_id 3
2026.03.18 20:35:36.757047 [ 287 ] {} <Information> ZooKeeperClient: Keeper feature flag FILTERED_LIST: enabled
2026.03.18 20:35:36.757059 [ 287 ] {} <Information> ZooKeeperClient: Keeper feature flag MULTI_READ: enabled
2026.03.18 20:35:36.757062 [ 287 ] {} <Information> ZooKeeperClient: Keeper feature flag CHECK_NOT_EXISTS: disabled
2026.03.18 20:35:36.757109 [ 287 ] {} <Trace> ZooKeeper: Initialized, hosts: clickhouse-keeper1:2181,clickhouse-keeper2:2181,clickhouse-keeper3:2181
2026.03.18 20:35:36.772917 [ 287 ] {} <Debug> DDLWorker: Initialized DDLWorker thread
2026.03.18 20:35:36.772969 [ 287 ] {} <Debug> DDLWorker: Scheduling tasks
2026.03.18 20:35:36.772976 [ 287 ] {} <Trace> DDLWorker: Don't have unfinished tasks after restarting
2026.03.18 20:35:36.773020 [ 285 ] {} <Debug> DDLWorker: Cleaning queue
2026.03.18 20:35:36.774044 [ 287 ] {} <Trace> DDLWorker: scheduleTasks: initialized=true, size_before_filtering=0, queue_size=0, entries=none..none, first_failed_task_name=none, current_tasks_size=0, last_current_task=none, last_skipped_entry_name=none
2026.03.18 20:35:36.774051 [ 287 ] {} <Debug> DDLWorker: No tasks to schedule
2026.03.18 20:35:36.774055 [ 287 ] {} <Debug> DDLWorker: Waiting for queue updates
2026.03.18 20:35:46.704984 [ 63 ] {} <Debug> DNSResolver: Updating DNS cache
2026.03.18 20:35:46.706902 [ 63 ] {} <Debug> DNSResolver: Updated DNS cache
2026.03.18 20:36:01.708210 [ 71 ] {} <Debug> DNSResolver: Updating DNS cache
2026.03.18 20:36:01.709545 [ 71 ] {} <Debug> DNSResolver: Updated DNS cache
2026.03.18 20:36:16.715021 [ 59 ] {} <Debug> DNSResolver: Updating DNS cache
2026.03.18 20:36:16.716651 [ 59 ] {} <Debug> DNSResolver: Updated DNS cache
2026.03.18 20:36:19.003153 [ 290 ] {} <Trace> AsynchronousMetrics: MemoryTracking: was 400.53 MiB, peak 400.53 MiB, free memory in arenas 112.00 KiB, will set to 385.52 MiB (RSS), difference: -15.01 MiB
2026.03.18 20:36:31.717415 [ 74 ] {} <Debug> DNSResolver: Updating DNS cache
2026.03.18 20:36:31.718820 [ 74 ] {} <Debug> DNSResolver: Updated DNS cache
2026.03.18 20:36:34.376927 [ 287 ] {} <Debug> DDLWorker: Scheduling tasks
2026.03.18 20:36:34.377394 [ 285 ] {} <Trace> DDLWorker: Too early to clean queue, will do it later.
2026.03.18 20:36:34.379383 [ 287 ] {} <Trace> DDLWorker: scheduleTasks: initialized=true, size_before_filtering=1, queue_size=1, entries=query-0000000000..query-0000000000, first_failed_task_name=none, current_tasks_size=0, last_current_task=none, last_skipped_entry_name=none
2026.03.18 20:36:34.379396 [ 287 ] {} <Debug> DDLWorker: Will schedule 1 tasks starting from query-0000000000
2026.03.18 20:36:34.379401 [ 287 ] {} <Trace> DDLWorker: Checking task query-0000000000
2026.03.18 20:36:34.403458 [ 287 ] {} <Debug> DDLWorker: Processing task query-0000000000 (DROP DATABASE test)
2026.03.18 20:36:34.414772 [ 287 ] {} <Debug> DDLWorker: Executing query: DROP DATABASE test
2026.03.18 20:36:34.414930 [ 287 ] {481f4f06-2347-48fb-ad1c-81553560cac9} <Debug> executeQuery: (from 0.0.0.0:0, user: , initial_query_id: c2951a1a-fb24-435f-87c3-f9c023057853) /* ddl_entry=query-0000000000 */ DROP DATABASE test (stage: Complete)
2026.03.18 20:36:34.415220 [ 287 ] {481f4f06-2347-48fb-ad1c-81553560cac9} <Error> executeQuery: Code: 81. DB::Exception: Database test does not exist. (UNKNOWN_DATABASE) (version 23.8.16.16 (official build)) (from 0.0.0.0:0) (in query: /* ddl_entry=query-0000000000 */ DROP DATABASE test), Stack trace (when copying this message, always include the lines below):

0. DB::Exception::Exception(DB::Exception::MessageMasked&&, int, bool) @ 0x000000000c6251d7 in /usr/bin/clickhouse
1. DB::Exception::Exception<String>(int, FormatStringHelperImpl<std::type_identity<String>::type>, String&&) @ 0x0000000007133ded in /usr/bin/clickhouse
2. DB::DatabaseCatalog::getDatabase(String const&) const @ 0x00000000116ec0d5 in /usr/bin/clickhouse
3. DB::InterpreterDropQuery::execute() @ 0x0000000011da873d in /usr/bin/clickhouse
4. DB::executeQueryImpl(char const*, char const*, std::shared_ptr<DB::Context>, bool, DB::QueryProcessingStage::Enum, DB::ReadBuffer*) @ 0x00000000122c98a8 in /usr/bin/clickhouse
5. DB::executeQuery(DB::ReadBuffer&, DB::WriteBuffer&, bool, std::shared_ptr<DB::Context>, std::function<void (DB::QueryResultDetails const&)>, std::optional<DB::FormatSettings> const&, std::function<void (DB::IOutputFormat&)>) @ 0x00000000122cc635 in /usr/bin/clickhouse
6. DB::DDLWorker::tryExecuteQuery(DB::DDLTaskBase&, std::shared_ptr<zkutil::ZooKeeper> const&) @ 0x00000000116d4a31 in /usr/bin/clickhouse
7. DB::DDLWorker::processTask(DB::DDLTaskBase&, std::shared_ptr<zkutil::ZooKeeper> const&) @ 0x00000000116d3246 in /usr/bin/clickhouse
8. DB::DDLWorker::scheduleTasks(bool) @ 0x00000000116d0b20 in /usr/bin/clickhouse
9. DB::DDLWorker::runMainThread() @ 0x00000000116c76fe in /usr/bin/clickhouse
10. void std::__function::__policy_invoker<void ()>::__call_impl<std::__function::__default_alloc_func<ThreadFromGlobalPoolImpl<true>::ThreadFromGlobalPoolImpl<void (DB::DDLWorker::*)(), DB::DDLWorker*>(void (DB::DDLWorker::*&&)(), DB::DDLWorker*&&)::'lambda'(), void ()>>(std::__function::__policy_storage const*) @ 0x00000000116ddb4c in /usr/bin/clickhouse
11. void* std::__thread_proxy[abi:v15000]<std::tuple<std::unique_ptr<std::__thread_struct, std::default_delete<std::__thread_struct>>, void ThreadPoolImpl<std::thread>::scheduleImpl<void>(std::function<void ()>, Priority, std::optional<unsigned long>, bool)::'lambda0'()>>(void*) @ 0x000000000c706104 in /usr/bin/clickhouse
12. ? @ 0x0000764baa2ae609 in ?
13. ? @ 0x0000764baa1d3353 in ?

2026.03.18 20:36:34.415323 [ 287 ] {481f4f06-2347-48fb-ad1c-81553560cac9} <Error> DDLWorker: Query /* ddl_entry=query-0000000000 */ DROP DATABASE test wasn't finished successfully: Code: 81. DB::Exception: Database test does not exist. (UNKNOWN_DATABASE), Stack trace (when copying this message, always include the lines below):

0. DB::Exception::Exception(DB::Exception::MessageMasked&&, int, bool) @ 0x000000000c6251d7 in /usr/bin/clickhouse
1. DB::Exception::Exception<String>(int, FormatStringHelperImpl<std::type_identity<String>::type>, String&&) @ 0x0000000007133ded in /usr/bin/clickhouse
2. DB::DatabaseCatalog::getDatabase(String const&) const @ 0x00000000116ec0d5 in /usr/bin/clickhouse
3. DB::InterpreterDropQuery::execute() @ 0x0000000011da873d in /usr/bin/clickhouse
4. DB::executeQueryImpl(char const*, char const*, std::shared_ptr<DB::Context>, bool, DB::QueryProcessingStage::Enum, DB::ReadBuffer*) @ 0x00000000122c98a8 in /usr/bin/clickhouse
5. DB::executeQuery(DB::ReadBuffer&, DB::WriteBuffer&, bool, std::shared_ptr<DB::Context>, std::function<void (DB::QueryResultDetails const&)>, std::optional<DB::FormatSettings> const&, std::function<void (DB::IOutputFormat&)>) @ 0x00000000122cc635 in /usr/bin/clickhouse
6. DB::DDLWorker::tryExecuteQuery(DB::DDLTaskBase&, std::shared_ptr<zkutil::ZooKeeper> const&) @ 0x00000000116d4a31 in /usr/bin/clickhouse
7. DB::DDLWorker::processTask(DB::DDLTaskBase&, std::shared_ptr<zkutil::ZooKeeper> const&) @ 0x00000000116d3246 in /usr/bin/clickhouse
8. DB::DDLWorker::scheduleTasks(bool) @ 0x00000000116d0b20 in /usr/bin/clickhouse
9. DB::DDLWorker::runMainThread() @ 0x00000000116c76fe in /usr/bin/clickhouse
10. void std::__function::__policy_invoker<void ()>::__call_impl<std::__function::__default_alloc_func<ThreadFromGlobalPoolImpl<true>::ThreadFromGlobalPoolImpl<void (DB::DDLWorker::*)(), DB::DDLWorker*>(void (DB::DDLWorker::*&&)(), DB::DDLWorker*&&)::'lambda'(), void ()>>(std::__function::__policy_storage const*) @ 0x00000000116ddb4c in /usr/bin/clickhouse
11. void* std::__thread_proxy[abi:v15000]<std::tuple<std::unique_ptr<std::__thread_struct, std::default_delete<std::__thread_struct>>, void ThreadPoolImpl<std::thread>::scheduleImpl<void>(std::function<void ()>, Priority, std::optional<unsigned long>, bool)::'lambda0'()>>(void*) @ 0x000000000c706104 in /usr/bin/clickhouse
12. ? @ 0x0000764baa2ae609 in ?
13. ? @ 0x0000764baa1d3353 in ?
 (version 23.8.16.16 (official build))
2026.03.18 20:36:34.436033 [ 287 ] {} <Debug> DDLWorker: Waiting for queue updates
2026.03.18 20:36:35.001742 [ 290 ] {} <Trace> AsynchronousMetrics: MemoryTracking: was 387.58 MiB, peak 400.53 MiB, free memory in arenas 52.00 KiB, will set to 386.36 MiB (RSS), difference: -1.22 MiB
2026.03.18 20:36:46.722615 [ 76 ] {} <Debug> DNSResolver: Updating DNS cache
2026.03.18 20:36:46.723949 [ 76 ] {} <Debug> DNSResolver: Updated DNS cache
2026.03.18 20:36:48.426723 [ 287 ] {} <Debug> DDLWorker: Scheduling tasks
2026.03.18 20:36:48.427519 [ 285 ] {} <Debug> DDLWorker: Cleaning queue
2026.03.18 20:36:48.433281 [ 287 ] {} <Trace> DDLWorker: scheduleTasks: initialized=true, size_before_filtering=2, queue_size=2, entries=query-0000000000..query-0000000001, first_failed_task_name=none, current_tasks_size=1, last_current_task=query-0000000000, last_skipped_entry_name=none
2026.03.18 20:36:48.433298 [ 287 ] {} <Debug> DDLWorker: Will schedule 1 tasks starting from query-0000000001
2026.03.18 20:36:48.433303 [ 287 ] {} <Trace> DDLWorker: Checking task query-0000000001
2026.03.18 20:36:48.465684 [ 287 ] {} <Debug> DDLWorker: Processing task query-0000000001 (CREATE DATABASE test UUID '4f8cdc1b-d6b5-48dc-8f8e-760c251176a2')
2026.03.18 20:36:48.493542 [ 287 ] {} <Debug> DDLWorker: Executing query: CREATE DATABASE test UUID '4f8cdc1b-d6b5-48dc-8f8e-760c251176a2'
2026.03.18 20:36:48.493627 [ 287 ] {51512117-b03c-4465-a309-9d2706e3eb87} <Debug> executeQuery: (from 0.0.0.0:0, user: , initial_query_id: 6053fbd1-b867-436d-8040-07c41496c208) /* ddl_entry=query-0000000001 */ CREATE DATABASE test UUID '4f8cdc1b-d6b5-48dc-8f8e-760c251176a2' (stage: Complete)
2026.03.18 20:36:48.502925 [ 287 ] {51512117-b03c-4465-a309-9d2706e3eb87} <Information> DatabaseAtomic (test): Metadata processed, database test has 0 tables and 0 dictionaries in total.
2026.03.18 20:36:48.502936 [ 287 ] {51512117-b03c-4465-a309-9d2706e3eb87} <Information> TablesLoader: Parsed metadata of 0 tables in 1 databases in 5.5093e-05 sec
2026.03.18 20:36:48.502940 [ 287 ] {51512117-b03c-4465-a309-9d2706e3eb87} <Trace> ReferentialDeps: No tables
2026.03.18 20:36:48.502944 [ 287 ] {51512117-b03c-4465-a309-9d2706e3eb87} <Trace> LoadingDeps: No tables
2026.03.18 20:36:48.502963 [ 287 ] {51512117-b03c-4465-a309-9d2706e3eb87} <Information> DatabaseAtomic (test): Starting up tables.
2026.03.18 20:36:48.503011 [ 287 ] {51512117-b03c-4465-a309-9d2706e3eb87} <Debug> DDLWorker: Executed query: /* ddl_entry=query-0000000001 */ CREATE DATABASE test UUID '4f8cdc1b-d6b5-48dc-8f8e-760c251176a2'
2026.03.18 20:36:48.515536 [ 287 ] {} <Debug> DDLWorker: Waiting for queue updates
2026.03.18 20:37:01.754740 [ 79 ] {} <Debug> DNSResolver: Updating DNS cache
2026.03.18 20:37:01.756195 [ 79 ] {} <Debug> DNSResolver: Updated DNS cache
2026.03.18 20:37:16.767487 [ 81 ] {} <Debug> DNSResolver: Updating DNS cache
2026.03.18 20:37:16.769618 [ 81 ] {} <Debug> DNSResolver: Updated DNS cache
2026.03.18 20:37:31.780955 [ 64 ] {} <Debug> DNSResolver: Updating DNS cache
2026.03.18 20:37:31.782717 [ 64 ] {} <Debug> DNSResolver: Updated DNS cache
2026.03.18 20:37:32.003485 [ 290 ] {} <Trace> AsynchronousMetrics: Update heavy metrics. Update period 1 sec. Update heavy metrics period 120 sec. Heavy metrics calculation elapsed: 1.3375e-05 sec.
2026.03.18 20:37:40.627236 [ 287 ] {} <Debug> DDLWorker: Scheduling tasks
2026.03.18 20:37:40.630316 [ 285 ] {} <Trace> DDLWorker: Too early to clean queue, will do it later.
2026.03.18 20:37:40.632564 [ 287 ] {} <Trace> DDLWorker: scheduleTasks: initialized=true, size_before_filtering=3, queue_size=3, entries=query-0000000000..query-0000000002, first_failed_task_name=none, current_tasks_size=1, last_current_task=query-0000000001, last_skipped_entry_name=none
2026.03.18 20:37:40.632576 [ 287 ] {} <Debug> DDLWorker: Will schedule 1 tasks starting from query-0000000002
2026.03.18 20:37:40.632581 [ 287 ] {} <Trace> DDLWorker: Checking task query-0000000002
2026.03.18 20:37:40.638756 [ 287 ] {} <Debug> DDLWorker: Processing task query-0000000002 (CREATE TABLE IF NOT EXISTS test.students_local UUID 'adcc615b-4a80-499d-a267-5ed2e1cff73a' (`student_id` String, `full_name` String, `birth_date` Date, `email` String, `faculty_code` String, `group_code` String, `enrollment_year` UInt16, `status` String, `gpa` Float32, `created_at` DateTime DEFAULT now()) ENGINE = MergeTree PARTITION BY enrollment_year ORDER BY (student_id, enrollment_year) SETTINGS index_granularity = 8192)
2026.03.18 20:37:40.656627 [ 287 ] {} <Debug> DDLWorker: Executing query: CREATE TABLE IF NOT EXISTS test.students_local UUID 'adcc615b-4a80-499d-a267-5ed2e1cff73a' (`student_id` String, `full_name` String, `birth_date` Date, `email` String, `faculty_code` String, `group_code` String, `enrollment_year` UInt16, `status` String, `gpa` Float32, `created_at` DateTime DEFAULT now()) ENGINE = MergeTree PARTITION BY enrollment_year ORDER BY (student_id, enrollment_year) SETTINGS index_granularity = 8192
2026.03.18 20:37:40.656915 [ 287 ] {8e3b7c7b-924a-480f-bddf-133d47c23e4f} <Debug> executeQuery: (from 0.0.0.0:0, user: , initial_query_id: 759812ee-5a61-4b33-b4bc-e57dad2b8ca5) /* ddl_entry=query-0000000002 */ CREATE TABLE IF NOT EXISTS test.students_local UUID 'adcc615b-4a80-499d-a267-5ed2e1cff73a' (`student_id` String, `full_name` String, `birth_date` Date, `email` String, `faculty_code` String, `group_code` String, `enrollment_year` UInt16, `status` String, `gpa` Float32, `created_at` DateTime DEFAULT now()) ENGINE = MergeTree PARTITION BY enrollment_year ORDER BY (student_id, enrollment_year) SETTINGS index_granularity = 8192 (stage: Complete)
2026.03.18 20:37:40.658532 [ 287 ] {8e3b7c7b-924a-480f-bddf-133d47c23e4f} <Trace> StoragePolicy (default): Storage policy default created, total volumes 1
2026.03.18 20:37:40.663680 [ 287 ] {8e3b7c7b-924a-480f-bddf-133d47c23e4f} <Debug> test.students_local (adcc615b-4a80-499d-a267-5ed2e1cff73a): Loading data parts
2026.03.18 20:37:40.664763 [ 287 ] {8e3b7c7b-924a-480f-bddf-133d47c23e4f} <Debug> test.students_local (adcc615b-4a80-499d-a267-5ed2e1cff73a): There are no data parts
2026.03.18 20:37:40.669624 [ 287 ] {8e3b7c7b-924a-480f-bddf-133d47c23e4f} <Debug> DDLWorker: Executed query: /* ddl_entry=query-0000000002 */ CREATE TABLE IF NOT EXISTS test.students_local UUID 'adcc615b-4a80-499d-a267-5ed2e1cff73a' (`student_id` String, `full_name` String, `birth_date` Date, `email` String, `faculty_code` String, `group_code` String, `enrollment_year` UInt16, `status` String, `gpa` Float32, `created_at` DateTime DEFAULT now()) ENGINE = MergeTree PARTITION BY enrollment_year ORDER BY (student_id, enrollment_year) SETTINGS index_granularity = 8192
2026.03.18 20:37:40.677360 [ 287 ] {} <Debug> DDLWorker: Waiting for queue updates
2026.03.18 20:37:46.908898 [ 61 ] {} <Debug> DNSResolver: Updating DNS cache
2026.03.18 20:37:46.910458 [ 61 ] {} <Debug> DNSResolver: Updated DNS cache
2026.03.18 20:37:54.756282 [ 285 ] {} <Debug> DDLWorker: Cleaning queue
2026.03.18 20:37:54.756416 [ 287 ] {} <Debug> DDLWorker: Scheduling tasks
2026.03.18 20:37:54.757025 [ 287 ] {} <Trace> DDLWorker: scheduleTasks: initialized=true, size_before_filtering=4, queue_size=4, entries=query-0000000000..query-0000000003, first_failed_task_name=none, current_tasks_size=1, last_current_task=query-0000000002, last_skipped_entry_name=none
2026.03.18 20:37:54.757040 [ 287 ] {} <Debug> DDLWorker: Will schedule 1 tasks starting from query-0000000003
2026.03.18 20:37:54.757045 [ 287 ] {} <Trace> DDLWorker: Checking task query-0000000003
2026.03.18 20:37:54.758862 [ 287 ] {} <Debug> DDLWorker: Processing task query-0000000003 (CREATE TABLE IF NOT EXISTS test.grades_local UUID '7b83862b-cceb-45e9-8ab9-cc0189ed0327' (`grade_id` String, `student_id` String, `course_code` String, `grade` UInt8, `grade_type` String, `grade_date` Date, `semester` UInt8, `academic_year` String, `created_at` DateTime DEFAULT now()) ENGINE = MergeTree PARTITION BY toYYYYMM(grade_date) ORDER BY (student_id, grade_date) SETTINGS index_granularity = 8192)
2026.03.18 20:37:54.769559 [ 287 ] {} <Debug> DDLWorker: Executing query: CREATE TABLE IF NOT EXISTS test.grades_local UUID '7b83862b-cceb-45e9-8ab9-cc0189ed0327' (`grade_id` String, `student_id` String, `course_code` String, `grade` UInt8, `grade_type` String, `grade_date` Date, `semester` UInt8, `academic_year` String, `created_at` DateTime DEFAULT now()) ENGINE = MergeTree PARTITION BY toYYYYMM(grade_date) ORDER BY (student_id, grade_date) SETTINGS index_granularity = 8192
2026.03.18 20:37:54.769739 [ 287 ] {5bcd5abf-74cc-4187-8c69-e1499549df08} <Debug> executeQuery: (from 0.0.0.0:0, user: , initial_query_id: 60511bea-a86e-4a46-b334-d254cedb5e37) /* ddl_entry=query-0000000003 */ CREATE TABLE IF NOT EXISTS test.grades_local UUID '7b83862b-cceb-45e9-8ab9-cc0189ed0327' (`grade_id` String, `student_id` String, `course_code` String, `grade` UInt8, `grade_type` String, `grade_date` Date, `semester` UInt8, `academic_year` String, `created_at` DateTime DEFAULT now()) ENGINE = MergeTree PARTITION BY toYYYYMM(grade_date) ORDER BY (student_id, grade_date) SETTINGS index_granularity = 8192 (stage: Complete)
2026.03.18 20:37:54.777537 [ 287 ] {5bcd5abf-74cc-4187-8c69-e1499549df08} <Debug> test.grades_local (7b83862b-cceb-45e9-8ab9-cc0189ed0327): Loading data parts
2026.03.18 20:37:54.778349 [ 287 ] {5bcd5abf-74cc-4187-8c69-e1499549df08} <Debug> test.grades_local (7b83862b-cceb-45e9-8ab9-cc0189ed0327): There are no data parts
2026.03.18 20:37:54.784066 [ 287 ] {5bcd5abf-74cc-4187-8c69-e1499549df08} <Debug> DDLWorker: Executed query: /* ddl_entry=query-0000000003 */ CREATE TABLE IF NOT EXISTS test.grades_local UUID '7b83862b-cceb-45e9-8ab9-cc0189ed0327' (`grade_id` String, `student_id` String, `course_code` String, `grade` UInt8, `grade_type` String, `grade_date` Date, `semester` UInt8, `academic_year` String, `created_at` DateTime DEFAULT now()) ENGINE = MergeTree PARTITION BY toYYYYMM(grade_date) ORDER BY (student_id, grade_date) SETTINGS index_granularity = 8192
2026.03.18 20:37:54.790895 [ 287 ] {} <Debug> DDLWorker: Waiting for queue updates
2026.03.18 20:38:01.915092 [ 101 ] {} <Debug> DNSResolver: Updating DNS cache
2026.03.18 20:38:01.916646 [ 101 ] {} <Debug> DNSResolver: Updated DNS cache
2026.03.18 20:38:09.091379 [ 287 ] {} <Debug> DDLWorker: Scheduling tasks
2026.03.18 20:38:09.091428 [ 285 ] {} <Trace> DDLWorker: Too early to clean queue, will do it later.
2026.03.18 20:38:09.092170 [ 287 ] {} <Trace> DDLWorker: scheduleTasks: initialized=true, size_before_filtering=5, queue_size=5, entries=query-0000000000..query-0000000004, first_failed_task_name=none, current_tasks_size=1, last_current_task=query-0000000003, last_skipped_entry_name=none
2026.03.18 20:38:09.092183 [ 287 ] {} <Debug> DDLWorker: Will schedule 1 tasks starting from query-0000000004
2026.03.18 20:38:09.092188 [ 287 ] {} <Trace> DDLWorker: Checking task query-0000000004
2026.03.18 20:38:09.094644 [ 287 ] {} <Debug> DDLWorker: Processing task query-0000000004 (CREATE TABLE IF NOT EXISTS test.teachers_local UUID 'e100a84f-1a8b-456d-baae-1ca19e5e5ecb' (`teacher_id` String, `full_name` String, `email` String, `position` String, `degree` String, `hire_date` Date, `max_hours` UInt16, `current_hours` UInt16, `created_at` DateTime DEFAULT now()) ENGINE = MergeTree PARTITION BY toYear(hire_date) ORDER BY (teacher_id, hire_date) SETTINGS index_granularity = 8192)
2026.03.18 20:38:09.113574 [ 287 ] {} <Debug> DDLWorker: Executing query: CREATE TABLE IF NOT EXISTS test.teachers_local UUID 'e100a84f-1a8b-456d-baae-1ca19e5e5ecb' (`teacher_id` String, `full_name` String, `email` String, `position` String, `degree` String, `hire_date` Date, `max_hours` UInt16, `current_hours` UInt16, `created_at` DateTime DEFAULT now()) ENGINE = MergeTree PARTITION BY toYear(hire_date) ORDER BY (teacher_id, hire_date) SETTINGS index_granularity = 8192
2026.03.18 20:38:09.113770 [ 287 ] {f52ce14c-9e3c-4571-ab52-ca10acd68a08} <Debug> executeQuery: (from 0.0.0.0:0, user: , initial_query_id: 7e709424-4e52-40bb-8ec9-b3c1819bd8ed) /* ddl_entry=query-0000000004 */ CREATE TABLE IF NOT EXISTS test.teachers_local UUID 'e100a84f-1a8b-456d-baae-1ca19e5e5ecb' (`teacher_id` String, `full_name` String, `email` String, `position` String, `degree` String, `hire_date` Date, `max_hours` UInt16, `current_hours` UInt16, `created_at` DateTime DEFAULT now()) ENGINE = MergeTree PARTITION BY toYear(hire_date) ORDER BY (teacher_id, hire_date) SETTINGS index_granularity = 8192 (stage: Complete)
2026.03.18 20:38:09.126232 [ 287 ] {f52ce14c-9e3c-4571-ab52-ca10acd68a08} <Debug> test.teachers_local (e100a84f-1a8b-456d-baae-1ca19e5e5ecb): Loading data parts
2026.03.18 20:38:09.126829 [ 287 ] {f52ce14c-9e3c-4571-ab52-ca10acd68a08} <Debug> test.teachers_local (e100a84f-1a8b-456d-baae-1ca19e5e5ecb): There are no data parts
2026.03.18 20:38:09.132448 [ 287 ] {f52ce14c-9e3c-4571-ab52-ca10acd68a08} <Debug> DDLWorker: Executed query: /* ddl_entry=query-0000000004 */ CREATE TABLE IF NOT EXISTS test.teachers_local UUID 'e100a84f-1a8b-456d-baae-1ca19e5e5ecb' (`teacher_id` String, `full_name` String, `email` String, `position` String, `degree` String, `hire_date` Date, `max_hours` UInt16, `current_hours` UInt16, `created_at` DateTime DEFAULT now()) ENGINE = MergeTree PARTITION BY toYear(hire_date) ORDER BY (teacher_id, hire_date) SETTINGS index_granularity = 8192
2026.03.18 20:38:09.139794 [ 287 ] {} <Debug> DDLWorker: Waiting for queue updates
2026.03.18 20:38:16.972048 [ 167 ] {} <Debug> DNSResolver: Updating DNS cache
2026.03.18 20:38:16.973446 [ 167 ] {} <Debug> DNSResolver: Updated DNS cache
2026.03.18 20:38:26.555919 [ 287 ] {} <Debug> DDLWorker: Scheduling tasks
2026.03.18 20:38:26.555945 [ 285 ] {} <Trace> DDLWorker: Too early to clean queue, will do it later.
2026.03.18 20:38:26.556807 [ 287 ] {} <Trace> DDLWorker: scheduleTasks: initialized=true, size_before_filtering=6, queue_size=6, entries=query-0000000000..query-0000000005, first_failed_task_name=none, current_tasks_size=1, last_current_task=query-0000000004, last_skipped_entry_name=none
2026.03.18 20:38:26.556821 [ 287 ] {} <Debug> DDLWorker: Will schedule 1 tasks starting from query-0000000005
2026.03.18 20:38:26.556826 [ 287 ] {} <Trace> DDLWorker: Checking task query-0000000005
2026.03.18 20:38:26.558942 [ 287 ] {} <Debug> DDLWorker: Processing task query-0000000005 (CREATE TABLE IF NOT EXISTS test.courses_local UUID '459349ad-92fc-4b00-822f-1454403d3a61' (`course_code` String, `course_name` String, `credits` UInt8, `department_id` String, `semester` UInt8, `is_elective` UInt8, `created_at` DateTime DEFAULT now()) ENGINE = MergeTree ORDER BY (course_code, semester) SETTINGS index_granularity = 8192)
2026.03.18 20:38:26.590283 [ 287 ] {} <Debug> DDLWorker: Executing query: CREATE TABLE IF NOT EXISTS test.courses_local UUID '459349ad-92fc-4b00-822f-1454403d3a61' (`course_code` String, `course_name` String, `credits` UInt8, `department_id` String, `semester` UInt8, `is_elective` UInt8, `created_at` DateTime DEFAULT now()) ENGINE = MergeTree ORDER BY (course_code, semester) SETTINGS index_granularity = 8192
2026.03.18 20:38:26.590430 [ 287 ] {46b6e4c3-1fb8-4ba9-8a27-3b54330fc275} <Debug> executeQuery: (from 0.0.0.0:0, user: , initial_query_id: df439ae7-7e38-4e30-ba33-5a28dfa8c8c8) /* ddl_entry=query-0000000005 */ CREATE TABLE IF NOT EXISTS test.courses_local UUID '459349ad-92fc-4b00-822f-1454403d3a61' (`course_code` String, `course_name` String, `credits` UInt8, `department_id` String, `semester` UInt8, `is_elective` UInt8, `created_at` DateTime DEFAULT now()) ENGINE = MergeTree ORDER BY (course_code, semester) SETTINGS index_granularity = 8192 (stage: Complete)
2026.03.18 20:38:26.596624 [ 287 ] {46b6e4c3-1fb8-4ba9-8a27-3b54330fc275} <Debug> test.courses_local (459349ad-92fc-4b00-822f-1454403d3a61): Loading data parts
2026.03.18 20:38:26.597680 [ 287 ] {46b6e4c3-1fb8-4ba9-8a27-3b54330fc275} <Debug> test.courses_local (459349ad-92fc-4b00-822f-1454403d3a61): There are no data parts
2026.03.18 20:38:26.603009 [ 287 ] {46b6e4c3-1fb8-4ba9-8a27-3b54330fc275} <Debug> DDLWorker: Executed query: /* ddl_entry=query-0000000005 */ CREATE TABLE IF NOT EXISTS test.courses_local UUID '459349ad-92fc-4b00-822f-1454403d3a61' (`course_code` String, `course_name` String, `credits` UInt8, `department_id` String, `semester` UInt8, `is_elective` UInt8, `created_at` DateTime DEFAULT now()) ENGINE = MergeTree ORDER BY (course_code, semester) SETTINGS index_granularity = 8192
2026.03.18 20:38:26.614123 [ 287 ] {} <Debug> DDLWorker: Waiting for queue updates
2026.03.18 20:38:31.981350 [ 155 ] {} <Debug> DNSResolver: Updating DNS cache
2026.03.18 20:38:31.983047 [ 155 ] {} <Debug> DNSResolver: Updated DNS cache
2026.03.18 20:38:47.013787 [ 152 ] {} <Debug> DNSResolver: Updating DNS cache
2026.03.18 20:38:47.015164 [ 152 ] {} <Debug> DNSResolver: Updated DNS cache
2026.03.18 20:39:02.015425 [ 173 ] {} <Debug> DNSResolver: Updating DNS cache
2026.03.18 20:39:02.017344 [ 173 ] {} <Debug> DNSResolver: Updated DNS cache
2026.03.18 20:39:03.708952 [ 287 ] {} <Debug> DDLWorker: Scheduling tasks
2026.03.18 20:39:03.709032 [ 285 ] {} <Debug> DDLWorker: Cleaning queue
2026.03.18 20:39:03.709873 [ 287 ] {} <Trace> DDLWorker: scheduleTasks: initialized=true, size_before_filtering=7, queue_size=7, entries=query-0000000000..query-0000000006, first_failed_task_name=none, current_tasks_size=1, last_current_task=query-0000000005, last_skipped_entry_name=none
2026.03.18 20:39:03.709884 [ 287 ] {} <Debug> DDLWorker: Will schedule 1 tasks starting from query-0000000006
2026.03.18 20:39:03.709889 [ 287 ] {} <Trace> DDLWorker: Checking task query-0000000006
2026.03.18 20:39:03.711618 [ 287 ] {} <Debug> DDLWorker: Processing task query-0000000006 (CREATE TABLE IF NOT EXISTS test.schedule_local UUID 'c5a236a4-b19d-49e9-bdcd-89504d35b521' (`schedule_id` String, `group_code` String, `course_code` String, `teacher_id` String, `day_of_week` UInt8, `pair_number` UInt8, `week_type` String, `classroom` String, `semester` UInt8, `academic_year` String, `created_at` DateTime DEFAULT now()) ENGINE = MergeTree PARTITION BY semester ORDER BY (group_code, day_of_week, pair_number) SETTINGS index_granularity = 8192)
2026.03.18 20:39:03.726549 [ 287 ] {} <Debug> DDLWorker: Executing query: CREATE TABLE IF NOT EXISTS test.schedule_local UUID 'c5a236a4-b19d-49e9-bdcd-89504d35b521' (`schedule_id` String, `group_code` String, `course_code` String, `teacher_id` String, `day_of_week` UInt8, `pair_number` UInt8, `week_type` String, `classroom` String, `semester` UInt8, `academic_year` String, `created_at` DateTime DEFAULT now()) ENGINE = MergeTree PARTITION BY semester ORDER BY (group_code, day_of_week, pair_number) SETTINGS index_granularity = 8192
2026.03.18 20:39:03.726678 [ 287 ] {178d23fd-b017-4a4d-91c0-536b3df8b3f0} <Debug> executeQuery: (from 0.0.0.0:0, user: , initial_query_id: 4548cf18-c19f-49a3-9a5f-bdeac12f7851) /* ddl_entry=query-0000000006 */ CREATE TABLE IF NOT EXISTS test.schedule_local UUID 'c5a236a4-b19d-49e9-bdcd-89504d35b521' (`schedule_id` String, `group_code` String, `course_code` String, `teacher_id` String, `day_of_week` UInt8, `pair_number` UInt8, `week_type` String, `classroom` String, `semester` UInt8, `academic_year` String, `created_at` DateTime DEFAULT now()) ENGINE = MergeTree PARTITION BY semester ORDER BY (group_code, day_of_week, pair_number) SETTINGS index_granularity = 8192 (stage: Complete)
2026.03.18 20:39:03.734369 [ 287 ] {178d23fd-b017-4a4d-91c0-536b3df8b3f0} <Debug> test.schedule_local (c5a236a4-b19d-49e9-bdcd-89504d35b521): Loading data parts
2026.03.18 20:39:03.734849 [ 287 ] {178d23fd-b017-4a4d-91c0-536b3df8b3f0} <Debug> test.schedule_local (c5a236a4-b19d-49e9-bdcd-89504d35b521): There are no data parts
2026.03.18 20:39:03.741492 [ 287 ] {178d23fd-b017-4a4d-91c0-536b3df8b3f0} <Debug> DDLWorker: Executed query: /* ddl_entry=query-0000000006 */ CREATE TABLE IF NOT EXISTS test.schedule_local UUID 'c5a236a4-b19d-49e9-bdcd-89504d35b521' (`schedule_id` String, `group_code` String, `course_code` String, `teacher_id` String, `day_of_week` UInt8, `pair_number` UInt8, `week_type` String, `classroom` String, `semester` UInt8, `academic_year` String, `created_at` DateTime DEFAULT now()) ENGINE = MergeTree PARTITION BY semester ORDER BY (group_code, day_of_week, pair_number) SETTINGS index_granularity = 8192
2026.03.18 20:39:03.751898 [ 287 ] {} <Debug> DDLWorker: Waiting for queue updates
2026.03.18 20:39:17.017713 [ 94 ] {} <Debug> DNSResolver: Updating DNS cache
2026.03.18 20:39:17.019364 [ 94 ] {} <Debug> DNSResolver: Updated DNS cache
2026.03.18 20:39:19.003454 [ 287 ] {} <Debug> DDLWorker: Scheduling tasks
2026.03.18 20:39:19.003644 [ 285 ] {} <Trace> DDLWorker: Too early to clean queue, will do it later.
2026.03.18 20:39:19.005791 [ 287 ] {} <Trace> DDLWorker: scheduleTasks: initialized=true, size_before_filtering=8, queue_size=8, entries=query-0000000000..query-0000000007, first_failed_task_name=none, current_tasks_size=1, last_current_task=query-0000000006, last_skipped_entry_name=none
2026.03.18 20:39:19.005938 [ 287 ] {} <Debug> DDLWorker: Will schedule 1 tasks starting from query-0000000007
2026.03.18 20:39:19.005946 [ 287 ] {} <Trace> DDLWorker: Checking task query-0000000007
2026.03.18 20:39:19.014054 [ 287 ] {} <Debug> DDLWorker: Processing task query-0000000007 (CREATE TABLE IF NOT EXISTS test.departments_local UUID '802852eb-3467-4b52-9c99-f19fc24aa9f9' (`department_id` String, `name` String, `type` String, `dean_name` String, `contact_email` String, `phone` String, `building` String, `created_at` DateTime DEFAULT now()) ENGINE = MergeTree ORDER BY (department_id, name) SETTINGS index_granularity = 8192)
2026.03.18 20:39:19.043969 [ 287 ] {} <Debug> DDLWorker: Executing query: CREATE TABLE IF NOT EXISTS test.departments_local UUID '802852eb-3467-4b52-9c99-f19fc24aa9f9' (`department_id` String, `name` String, `type` String, `dean_name` String, `contact_email` String, `phone` String, `building` String, `created_at` DateTime DEFAULT now()) ENGINE = MergeTree ORDER BY (department_id, name) SETTINGS index_granularity = 8192
2026.03.18 20:39:19.044099 [ 287 ] {9d9b5d56-e1a5-452c-8fd4-507af730d8d6} <Debug> executeQuery: (from 0.0.0.0:0, user: , initial_query_id: 373b9932-8d18-4de3-babb-7e72f869e7b5) /* ddl_entry=query-0000000007 */ CREATE TABLE IF NOT EXISTS test.departments_local UUID '802852eb-3467-4b52-9c99-f19fc24aa9f9' (`department_id` String, `name` String, `type` String, `dean_name` String, `contact_email` String, `phone` String, `building` String, `created_at` DateTime DEFAULT now()) ENGINE = MergeTree ORDER BY (department_id, name) SETTINGS index_granularity = 8192 (stage: Complete)
2026.03.18 20:39:19.049864 [ 287 ] {9d9b5d56-e1a5-452c-8fd4-507af730d8d6} <Debug> test.departments_local (802852eb-3467-4b52-9c99-f19fc24aa9f9): Loading data parts
2026.03.18 20:39:19.050720 [ 287 ] {9d9b5d56-e1a5-452c-8fd4-507af730d8d6} <Debug> test.departments_local (802852eb-3467-4b52-9c99-f19fc24aa9f9): There are no data parts
2026.03.18 20:39:19.056449 [ 287 ] {9d9b5d56-e1a5-452c-8fd4-507af730d8d6} <Debug> DDLWorker: Executed query: /* ddl_entry=query-0000000007 */ CREATE TABLE IF NOT EXISTS test.departments_local UUID '802852eb-3467-4b52-9c99-f19fc24aa9f9' (`department_id` String, `name` String, `type` String, `dean_name` String, `contact_email` String, `phone` String, `building` String, `created_at` DateTime DEFAULT now()) ENGINE = MergeTree ORDER BY (department_id, name) SETTINGS index_granularity = 8192
2026.03.18 20:39:19.061661 [ 287 ] {} <Debug> DDLWorker: Waiting for queue updates
2026.03.18 20:39:32.005838 [ 290 ] {} <Trace> AsynchronousMetrics: Update heavy metrics. Update period 1 sec. Update heavy metrics period 120 sec. Heavy metrics calculation elapsed: 0.000220291 sec.
2026.03.18 20:39:32.020636 [ 89 ] {} <Debug> DNSResolver: Updating DNS cache
2026.03.18 20:39:32.022037 [ 89 ] {} <Debug> DNSResolver: Updated DNS cache
2026.03.18 20:39:47.022408 [ 126 ] {} <Debug> DNSResolver: Updating DNS cache
2026.03.18 20:39:47.023704 [ 126 ] {} <Debug> DNSResolver: Updated DNS cache
2026.03.18 20:39:48.552695 [ 287 ] {} <Debug> DDLWorker: Scheduling tasks
2026.03.18 20:39:48.553627 [ 285 ] {} <Trace> DDLWorker: Too early to clean queue, will do it later.
2026.03.18 20:39:48.559918 [ 287 ] {} <Trace> DDLWorker: scheduleTasks: initialized=true, size_before_filtering=9, queue_size=9, entries=query-0000000000..query-0000000008, first_failed_task_name=none, current_tasks_size=1, last_current_task=query-0000000007, last_skipped_entry_name=none
2026.03.18 20:39:48.559949 [ 287 ] {} <Debug> DDLWorker: Will schedule 1 tasks starting from query-0000000008
2026.03.18 20:39:48.559954 [ 287 ] {} <Trace> DDLWorker: Checking task query-0000000008
2026.03.18 20:39:48.572909 [ 287 ] {} <Debug> DDLWorker: Processing task query-0000000008 (CREATE TABLE IF NOT EXISTS test.students UUID 'b6477048-02aa-4451-83c6-6753649bf24a' (`student_id` String, `full_name` String, `birth_date` Date, `email` String, `faculty_code` String, `group_code` String, `enrollment_year` UInt16, `status` String, `gpa` Float32, `created_at` DateTime DEFAULT now()) ENGINE = Distributed(cluster_3shards, university, students_local, cityHash64(student_id)))
2026.03.18 20:39:48.583497 [ 287 ] {} <Debug> DDLWorker: Executing query: CREATE TABLE IF NOT EXISTS test.students UUID 'b6477048-02aa-4451-83c6-6753649bf24a' (`student_id` String, `full_name` String, `birth_date` Date, `email` String, `faculty_code` String, `group_code` String, `enrollment_year` UInt16, `status` String, `gpa` Float32, `created_at` DateTime DEFAULT now()) ENGINE = Distributed(cluster_3shards, university, students_local, cityHash64(student_id))
2026.03.18 20:39:48.583601 [ 287 ] {2802e1c0-8a5b-4781-b6ec-c13b7d634b1d} <Debug> executeQuery: (from 0.0.0.0:0, user: , initial_query_id: 34815eea-98e8-4798-ad12-feeedb4d1cbe) /* ddl_entry=query-0000000008 */ CREATE TABLE IF NOT EXISTS test.students UUID 'b6477048-02aa-4451-83c6-6753649bf24a' (`student_id` String, `full_name` String, `birth_date` Date, `email` String, `faculty_code` String, `group_code` String, `enrollment_year` UInt16, `status` String, `gpa` Float32, `created_at` DateTime DEFAULT now()) ENGINE = Distributed(cluster_3shards, university, students_local, cityHash64(student_id)) (stage: Complete)
2026.03.18 20:39:48.584418 [ 287 ] {2802e1c0-8a5b-4781-b6ec-c13b7d634b1d} <Debug> StorageDistributed (students): Auto-increment is 0
2026.03.18 20:39:48.591946 [ 287 ] {2802e1c0-8a5b-4781-b6ec-c13b7d634b1d} <Debug> DDLWorker: Executed query: /* ddl_entry=query-0000000008 */ CREATE TABLE IF NOT EXISTS test.students UUID 'b6477048-02aa-4451-83c6-6753649bf24a' (`student_id` String, `full_name` String, `birth_date` Date, `email` String, `faculty_code` String, `group_code` String, `enrollment_year` UInt16, `status` String, `gpa` Float32, `created_at` DateTime DEFAULT now()) ENGINE = Distributed(cluster_3shards, university, students_local, cityHash64(student_id))
2026.03.18 20:39:48.598342 [ 287 ] {} <Debug> DDLWorker: Waiting for queue updates
2026.03.18 20:40:02.024516 [ 117 ] {} <Debug> DNSResolver: Updating DNS cache
2026.03.18 20:40:02.025972 [ 117 ] {} <Debug> DNSResolver: Updated DNS cache
2026.03.18 20:40:17.026767 [ 129 ] {} <Debug> DNSResolver: Updating DNS cache
2026.03.18 20:40:17.027895 [ 129 ] {} <Debug> DNSResolver: Updated DNS cache
2026.03.18 20:40:32.011225 [ 290 ] {} <Trace> AsynchronousMetrics: Scanning /sys/block
2026.03.18 20:40:32.049005 [ 143 ] {} <Debug> DNSResolver: Updating DNS cache
2026.03.18 20:40:32.050240 [ 143 ] {} <Debug> DNSResolver: Updated DNS cache
2026.03.18 20:40:47.055887 [ 146 ] {} <Debug> DNSResolver: Updating DNS cache
2026.03.18 20:40:47.057187 [ 146 ] {} <Debug> DNSResolver: Updated DNS cache
2026.03.18 20:41:02.057445 [ 155 ] {} <Debug> DNSResolver: Updating DNS cache
2026.03.18 20:41:02.058703 [ 155 ] {} <Debug> DNSResolver: Updated DNS cache
2026.03.18 20:41:17.059161 [ 180 ] {} <Debug> DNSResolver: Updating DNS cache
2026.03.18 20:41:17.060608 [ 180 ] {} <Debug> DNSResolver: Updated DNS cache
2026.03.18 20:41:31.431369 [ 287 ] {} <Debug> DDLWorker: Scheduling tasks
2026.03.18 20:41:31.431429 [ 285 ] {} <Debug> DDLWorker: Cleaning queue
2026.03.18 20:41:31.431923 [ 287 ] {} <Trace> DDLWorker: scheduleTasks: initialized=true, size_before_filtering=10, queue_size=10, entries=query-0000000000..query-0000000009, first_failed_task_name=none, current_tasks_size=1, last_current_task=query-0000000008, last_skipped_entry_name=none
2026.03.18 20:41:31.431937 [ 287 ] {} <Debug> DDLWorker: Will schedule 1 tasks starting from query-0000000009
2026.03.18 20:41:31.431942 [ 287 ] {} <Trace> DDLWorker: Checking task query-0000000009
2026.03.18 20:41:31.434278 [ 287 ] {} <Debug> DDLWorker: Processing task query-0000000009 (DROP TABLE test.students)
2026.03.18 20:41:31.471672 [ 287 ] {} <Debug> DDLWorker: Executing query: DROP TABLE test.students
2026.03.18 20:41:31.471857 [ 287 ] {df7b786d-6e64-481f-b711-602b9626d593} <Debug> executeQuery: (from 0.0.0.0:0, user: , initial_query_id: 3207bf28-00fd-4bae-9d95-65d9fe1a4ed6) /* ddl_entry=query-0000000009 */ DROP TABLE test.students (stage: Complete)
2026.03.18 20:41:31.471915 [ 287 ] {df7b786d-6e64-481f-b711-602b9626d593} <Debug> StorageDistributed (students): Joining background threads for async INSERT
2026.03.18 20:41:31.471922 [ 287 ] {df7b786d-6e64-481f-b711-602b9626d593} <Debug> StorageDistributed (students): Background threads for async INSERT joined
2026.03.18 20:41:31.472124 [ 287 ] {df7b786d-6e64-481f-b711-602b9626d593} <Debug> DDLWorker: Executed query: /* ddl_entry=query-0000000009 */ DROP TABLE test.students
2026.03.18 20:41:31.472099 [ 161 ] {} <Trace> DatabaseCatalog: Not found any suitable tables to drop, still have 1 tables in drop queue (0 of them are in use). Will check again after 480 seconds
2026.03.18 20:41:31.491575 [ 287 ] {} <Debug> DDLWorker: Waiting for queue updates
2026.03.18 20:41:32.001100 [ 290 ] {} <Trace> AsynchronousMetrics: Update heavy metrics. Update period 1 sec. Update heavy metrics period 120 sec. Heavy metrics calculation elapsed: 0.000207317 sec.
2026.03.18 20:41:32.103583 [ 160 ] {} <Debug> DNSResolver: Updating DNS cache
2026.03.18 20:41:32.105149 [ 160 ] {} <Debug> DNSResolver: Updated DNS cache
2026.03.18 20:41:47.111294 [ 174 ] {} <Debug> DNSResolver: Updating DNS cache
2026.03.18 20:41:47.112698 [ 174 ] {} <Debug> DNSResolver: Updated DNS cache
2026.03.18 20:42:02.115975 [ 157 ] {} <Debug> DNSResolver: Updating DNS cache
2026.03.18 20:42:02.117245 [ 157 ] {} <Debug> DNSResolver: Updated DNS cache
2026.03.18 20:42:10.639270 [ 287 ] {} <Debug> DDLWorker: Scheduling tasks
2026.03.18 20:42:10.639393 [ 285 ] {} <Trace> DDLWorker: Too early to clean queue, will do it later.
2026.03.18 20:42:10.641197 [ 287 ] {} <Trace> DDLWorker: scheduleTasks: initialized=true, size_before_filtering=11, queue_size=11, entries=query-0000000000..query-0000000010, first_failed_task_name=none, current_tasks_size=1, last_current_task=query-0000000009, last_skipped_entry_name=none
2026.03.18 20:42:10.641209 [ 287 ] {} <Debug> DDLWorker: Will schedule 1 tasks starting from query-0000000010
2026.03.18 20:42:10.641214 [ 287 ] {} <Trace> DDLWorker: Checking task query-0000000010
2026.03.18 20:42:10.653389 [ 287 ] {} <Debug> DDLWorker: Processing task query-0000000010 (CREATE TABLE IF NOT EXISTS test.students UUID '9a192b21-aadf-4fc2-9907-ba539fae7e33' (`student_id` String, `full_name` String, `birth_date` Date, `email` String, `faculty_code` String, `group_code` String, `enrollment_year` UInt16, `status` String, `gpa` Float32, `created_at` DateTime DEFAULT now()) ENGINE = Distributed(cluster_3shards, test, students_local, cityHash64(student_id)))
2026.03.18 20:42:10.679456 [ 287 ] {} <Debug> DDLWorker: Executing query: CREATE TABLE IF NOT EXISTS test.students UUID '9a192b21-aadf-4fc2-9907-ba539fae7e33' (`student_id` String, `full_name` String, `birth_date` Date, `email` String, `faculty_code` String, `group_code` String, `enrollment_year` UInt16, `status` String, `gpa` Float32, `created_at` DateTime DEFAULT now()) ENGINE = Distributed(cluster_3shards, test, students_local, cityHash64(student_id))
2026.03.18 20:42:10.679694 [ 287 ] {d853ccf9-44c6-4573-9067-3569f6a4b6dc} <Debug> executeQuery: (from 0.0.0.0:0, user: , initial_query_id: d6827fb4-b7f2-42d2-9953-7bd63d8cf0f4) /* ddl_entry=query-0000000010 */ CREATE TABLE IF NOT EXISTS test.students UUID '9a192b21-aadf-4fc2-9907-ba539fae7e33' (`student_id` String, `full_name` String, `birth_date` Date, `email` String, `faculty_code` String, `group_code` String, `enrollment_year` UInt16, `status` String, `gpa` Float32, `created_at` DateTime DEFAULT now()) ENGINE = Distributed(cluster_3shards, test, students_local, cityHash64(student_id)) (stage: Complete)
2026.03.18 20:42:10.680844 [ 287 ] {d853ccf9-44c6-4573-9067-3569f6a4b6dc} <Debug> StorageDistributed (students): Auto-increment is 0
2026.03.18 20:42:10.688985 [ 287 ] {d853ccf9-44c6-4573-9067-3569f6a4b6dc} <Debug> DDLWorker: Executed query: /* ddl_entry=query-0000000010 */ CREATE TABLE IF NOT EXISTS test.students UUID '9a192b21-aadf-4fc2-9907-ba539fae7e33' (`student_id` String, `full_name` String, `birth_date` Date, `email` String, `faculty_code` String, `group_code` String, `enrollment_year` UInt16, `status` String, `gpa` Float32, `created_at` DateTime DEFAULT now()) ENGINE = Distributed(cluster_3shards, test, students_local, cityHash64(student_id))
2026.03.18 20:42:10.697453 [ 287 ] {} <Debug> DDLWorker: Waiting for queue updates
2026.03.18 20:42:17.118310 [ 190 ] {} <Debug> DNSResolver: Updating DNS cache
2026.03.18 20:42:17.120020 [ 190 ] {} <Debug> DNSResolver: Updated DNS cache
2026.03.18 20:42:32.449339 [ 131 ] {} <Debug> DNSResolver: Updating DNS cache
2026.03.18 20:42:32.451663 [ 131 ] {} <Debug> DNSResolver: Updated DNS cache
2026.03.18 20:42:32.712265 [ 285 ] {} <Debug> DDLWorker: Cleaning queue
2026.03.18 20:42:32.712359 [ 287 ] {} <Debug> DDLWorker: Scheduling tasks
2026.03.18 20:42:32.722208 [ 287 ] {} <Trace> DDLWorker: scheduleTasks: initialized=true, size_before_filtering=12, queue_size=12, entries=query-0000000000..query-0000000011, first_failed_task_name=none, current_tasks_size=1, last_current_task=query-0000000010, last_skipped_entry_name=none
2026.03.18 20:42:32.724378 [ 287 ] {} <Debug> DDLWorker: Will schedule 1 tasks starting from query-0000000011
2026.03.18 20:42:32.724386 [ 287 ] {} <Trace> DDLWorker: Checking task query-0000000011
2026.03.18 20:42:32.736876 [ 287 ] {} <Debug> DDLWorker: Processing task query-0000000011 (CREATE TABLE IF NOT EXISTS test.grades UUID 'fe046a39-0c41-4265-99b6-6c14773a4d47' (`grade_id` String, `student_id` String, `course_code` String, `grade` UInt8, `grade_type` String, `grade_date` Date, `semester` UInt8, `academic_year` String, `created_at` DateTime DEFAULT now()) ENGINE = Distributed(cluster_3shards, test, grades_local, cityHash64(student_id)))
2026.03.18 20:42:32.752251 [ 287 ] {} <Debug> DDLWorker: Executing query: CREATE TABLE IF NOT EXISTS test.grades UUID 'fe046a39-0c41-4265-99b6-6c14773a4d47' (`grade_id` String, `student_id` String, `course_code` String, `grade` UInt8, `grade_type` String, `grade_date` Date, `semester` UInt8, `academic_year` String, `created_at` DateTime DEFAULT now()) ENGINE = Distributed(cluster_3shards, test, grades_local, cityHash64(student_id))
2026.03.18 20:42:32.752408 [ 287 ] {28451e3e-1078-4eaf-99dd-c38675087e98} <Debug> executeQuery: (from 0.0.0.0:0, user: , initial_query_id: b33f7286-f3c6-49f0-9a55-679254b7e3c7) /* ddl_entry=query-0000000011 */ CREATE TABLE IF NOT EXISTS test.grades UUID 'fe046a39-0c41-4265-99b6-6c14773a4d47' (`grade_id` String, `student_id` String, `course_code` String, `grade` UInt8, `grade_type` String, `grade_date` Date, `semester` UInt8, `academic_year` String, `created_at` DateTime DEFAULT now()) ENGINE = Distributed(cluster_3shards, test, grades_local, cityHash64(student_id)) (stage: Complete)
2026.03.18 20:42:32.753509 [ 287 ] {28451e3e-1078-4eaf-99dd-c38675087e98} <Debug> StorageDistributed (grades): Auto-increment is 0
2026.03.18 20:42:32.761326 [ 287 ] {28451e3e-1078-4eaf-99dd-c38675087e98} <Debug> DDLWorker: Executed query: /* ddl_entry=query-0000000011 */ CREATE TABLE IF NOT EXISTS test.grades UUID 'fe046a39-0c41-4265-99b6-6c14773a4d47' (`grade_id` String, `student_id` String, `course_code` String, `grade` UInt8, `grade_type` String, `grade_date` Date, `semester` UInt8, `academic_year` String, `created_at` DateTime DEFAULT now()) ENGINE = Distributed(cluster_3shards, test, grades_local, cityHash64(student_id))
2026.03.18 20:42:32.770525 [ 287 ] {} <Debug> DDLWorker: Waiting for queue updates
2026.03.18 20:42:47.460521 [ 122 ] {} <Debug> DNSResolver: Updating DNS cache
2026.03.18 20:42:47.462506 [ 122 ] {} <Debug> DNSResolver: Updated DNS cache
2026.03.18 20:43:02.465743 [ 165 ] {} <Debug> DNSResolver: Updating DNS cache
2026.03.18 20:43:02.467409 [ 165 ] {} <Debug> DNSResolver: Updated DNS cache
2026.03.18 20:43:17.518560 [ 138 ] {} <Debug> DNSResolver: Updating DNS cache
2026.03.18 20:43:17.520238 [ 138 ] {} <Debug> DNSResolver: Updated DNS cache
2026.03.18 20:43:32.004660 [ 290 ] {} <Trace> AsynchronousMetrics: Update heavy metrics. Update period 1 sec. Update heavy metrics period 120 sec. Heavy metrics calculation elapsed: 0.000267058 sec.
2026.03.18 20:43:32.528105 [ 173 ] {} <Debug> DNSResolver: Updating DNS cache
2026.03.18 20:43:32.529463 [ 173 ] {} <Debug> DNSResolver: Updated DNS cache
2026.03.18 20:43:47.532672 [ 185 ] {} <Debug> DNSResolver: Updating DNS cache
2026.03.18 20:43:47.534421 [ 185 ] {} <Debug> DNSResolver: Updated DNS cache
2026.03.18 20:44:02.537860 [ 56 ] {} <Debug> DNSResolver: Updating DNS cache
2026.03.18 20:44:02.539338 [ 56 ] {} <Debug> DNSResolver: Updated DNS cache
2026.03.18 20:44:17.540441 [ 282 ] {} <Debug> DNSResolver: Updating DNS cache
2026.03.18 20:44:17.542225 [ 282 ] {} <Debug> DNSResolver: Updated DNS cache
2026.03.18 20:44:32.579025 [ 63 ] {} <Debug> DNSResolver: Updating DNS cache
2026.03.18 20:44:32.580883 [ 63 ] {} <Debug> DNSResolver: Updated DNS cache
2026.03.18 20:44:47.581206 [ 71 ] {} <Debug> DNSResolver: Updating DNS cache
2026.03.18 20:44:47.582913 [ 71 ] {} <Debug> DNSResolver: Updated DNS cache
2026.03.18 20:45:02.586270 [ 74 ] {} <Debug> DNSResolver: Updating DNS cache
2026.03.18 20:45:02.588320 [ 74 ] {} <Debug> DNSResolver: Updated DNS cache
2026.03.18 20:45:17.588716 [ 79 ] {} <Debug> DNSResolver: Updating DNS cache
2026.03.18 20:45:17.590537 [ 79 ] {} <Debug> DNSResolver: Updated DNS cache
2026.03.18 20:45:32.002205 [ 290 ] {} <Trace> AsynchronousMetrics: Update heavy metrics. Update period 1 sec. Update heavy metrics period 120 sec. Heavy metrics calculation elapsed: 0.000516183 sec.
2026.03.18 20:45:32.666717 [ 72 ] {} <Debug> DNSResolver: Updating DNS cache
2026.03.18 20:45:32.669342 [ 72 ] {} <Debug> DNSResolver: Updated DNS cache
2026.03.18 20:45:33.001307 [ 290 ] {} <Trace> AsynchronousMetrics: Scanning /sys/block
2026.03.18 20:45:47.670942 [ 50 ] {} <Debug> DNSResolver: Updating DNS cache
2026.03.18 20:45:47.672674 [ 50 ] {} <Debug> DNSResolver: Updated DNS cache
2026.03.18 20:46:02.705620 [ 66 ] {} <Debug> DNSResolver: Updating DNS cache
2026.03.18 20:46:02.707013 [ 66 ] {} <Debug> DNSResolver: Updated DNS cache
2026.03.18 20:46:17.711251 [ 73 ] {} <Debug> DNSResolver: Updating DNS cache
2026.03.18 20:46:17.713085 [ 73 ] {} <Debug> DNSResolver: Updated DNS cache
2026.03.18 20:46:32.715292 [ 96 ] {} <Debug> DNSResolver: Updating DNS cache
2026.03.18 20:46:32.717064 [ 96 ] {} <Debug> DNSResolver: Updated DNS cache
2026.03.18 20:46:47.719012 [ 94 ] {} <Debug> DNSResolver: Updating DNS cache
2026.03.18 20:46:47.720574 [ 94 ] {} <Debug> DNSResolver: Updated DNS cache
2026.03.18 20:47:02.860199 [ 86 ] {} <Debug> DNSResolver: Updating DNS cache
2026.03.18 20:47:02.862041 [ 86 ] {} <Debug> DNSResolver: Updated DNS cache
2026.03.18 20:47:18.139860 [ 61 ] {} <Debug> DNSResolver: Updating DNS cache
2026.03.18 20:47:18.141987 [ 61 ] {} <Debug> DNSResolver: Updated DNS cache
2026.03.18 20:47:32.025811 [ 290 ] {} <Trace> AsynchronousMetrics: Update heavy metrics. Update period 1 sec. Update heavy metrics period 120 sec. Heavy metrics calculation elapsed: 0.000199151 sec.
2026.03.18 20:47:33.182616 [ 75 ] {} <Debug> DNSResolver: Updating DNS cache
2026.03.18 20:47:33.184001 [ 75 ] {} <Debug> DNSResolver: Updated DNS cache
2026.03.18 20:47:48.204501 [ 51 ] {} <Debug> DNSResolver: Updating DNS cache
2026.03.18 20:47:48.205812 [ 51 ] {} <Debug> DNSResolver: Updated DNS cache
2026.03.18 20:48:03.235063 [ 82 ] {} <Debug> DNSResolver: Updating DNS cache
2026.03.18 20:48:03.236146 [ 82 ] {} <Debug> DNSResolver: Updated DNS cache
2026.03.18 20:48:18.237181 [ 78 ] {} <Debug> DNSResolver: Updating DNS cache
2026.03.18 20:48:18.238375 [ 78 ] {} <Debug> DNSResolver: Updated DNS cache
2026.03.18 20:48:33.283455 [ 97 ] {} <Debug> DNSResolver: Updating DNS cache
2026.03.18 20:48:33.285321 [ 97 ] {} <Debug> DNSResolver: Updated DNS cache
2026.03.18 20:48:48.295286 [ 60 ] {} <Debug> DNSResolver: Updating DNS cache
2026.03.18 20:48:48.296871 [ 60 ] {} <Debug> DNSResolver: Updated DNS cache
2026.03.18 20:49:03.508979 [ 87 ] {} <Debug> DNSResolver: Updating DNS cache
2026.03.18 20:49:03.510658 [ 87 ] {} <Debug> DNSResolver: Updated DNS cache
2026.03.18 20:49:18.578085 [ 90 ] {} <Debug> DNSResolver: Updating DNS cache
2026.03.18 20:49:18.579975 [ 90 ] {} <Debug> DNSResolver: Updated DNS cache
2026.03.18 20:49:31.497636 [ 93 ] {} <Information> DatabaseCatalog: Have 1 tables in drop queue (0 of them are in use), will try drop test.students (b6477048-02aa-4451-83c6-6753649bf24a)
2026.03.18 20:49:31.497667 [ 93 ] {} <Debug> StorageDistributed (students): Joining background threads for async INSERT
2026.03.18 20:49:31.497671 [ 93 ] {} <Debug> StorageDistributed (students): Background threads for async INSERT joined
2026.03.18 20:49:31.497675 [ 93 ] {} <Debug> StorageDistributed (students): Removing pending blocks for async INSERT from filesystem on DROP TABLE
2026.03.18 20:49:31.497756 [ 93 ] {} <Debug> StorageDistributed (students): Removed
2026.03.18 20:49:31.497778 [ 93 ] {} <Information> DatabaseCatalog: Removing metadata /var/lib/clickhouse/metadata_dropped/test.students.b6477048-02aa-4451-83c6-6753649bf24a.sql of dropped table test.students (b6477048-02aa-4451-83c6-6753649bf24a)
2026.03.18 20:49:32.118338 [ 290 ] {} <Trace> AsynchronousMetrics: Update heavy metrics. Update period 1 sec. Update heavy metrics period 120 sec. Heavy metrics calculation elapsed: 0.000235489 sec.
2026.03.18 20:49:33.602949 [ 106 ] {} <Debug> DNSResolver: Updating DNS cache
2026.03.18 20:49:33.604326 [ 106 ] {} <Debug> DNSResolver: Updated DNS cache
2026.03.18 20:49:48.685124 [ 103 ] {} <Debug> DNSResolver: Updating DNS cache
2026.03.18 20:49:48.686366 [ 103 ] {} <Debug> DNSResolver: Updated DNS cache
2026.03.18 20:50:03.759982 [ 92 ] {} <Debug> DNSResolver: Updating DNS cache
2026.03.18 20:50:03.761679 [ 92 ] {} <Debug> DNSResolver: Updated DNS cache
2026.03.18 20:50:18.785087 [ 101 ] {} <Debug> DNSResolver: Updating DNS cache
2026.03.18 20:50:18.786608 [ 101 ] {} <Debug> DNSResolver: Updated DNS cache
2026.03.18 20:50:33.787472 [ 99 ] {} <Debug> DNSResolver: Updating DNS cache
2026.03.18 20:50:33.789234 [ 99 ] {} <Debug> DNSResolver: Updated DNS cache
2026.03.18 20:50:34.003017 [ 290 ] {} <Trace> AsynchronousMetrics: Scanning /sys/block
2026.03.18 20:50:48.793729 [ 113 ] {} <Debug> DNSResolver: Updating DNS cache
2026.03.18 20:50:48.795227 [ 113 ] {} <Debug> DNSResolver: Updated DNS cache
2026.03.18 20:51:03.799841 [ 98 ] {} <Debug> DNSResolver: Updating DNS cache
2026.03.18 20:51:03.801741 [ 98 ] {} <Debug> DNSResolver: Updated DNS cache
2026.03.18 20:51:18.803052 [ 89 ] {} <Debug> DNSResolver: Updating DNS cache
2026.03.18 20:51:18.804644 [ 89 ] {} <Debug> DNSResolver: Updated DNS cache
2026.03.18 20:51:32.001957 [ 290 ] {} <Trace> AsynchronousMetrics: Update heavy metrics. Update period 1 sec. Update heavy metrics period 120 sec. Heavy metrics calculation elapsed: 0.000163876 sec.
2026.03.18 20:51:33.804906 [ 100 ] {} <Debug> DNSResolver: Updating DNS cache
2026.03.18 20:51:33.806322 [ 100 ] {} <Debug> DNSResolver: Updated DNS cache
2026.03.18 20:51:48.806955 [ 107 ] {} <Debug> DNSResolver: Updating DNS cache
2026.03.18 20:51:48.808966 [ 107 ] {} <Debug> DNSResolver: Updated DNS cache
2026.03.18 20:52:03.809316 [ 110 ] {} <Debug> DNSResolver: Updating DNS cache
2026.03.18 20:52:03.811068 [ 110 ] {} <Debug> DNSResolver: Updated DNS cache
2026.03.18 20:52:18.916030 [ 108 ] {} <Debug> DNSResolver: Updating DNS cache
2026.03.18 20:52:18.917406 [ 108 ] {} <Debug> DNSResolver: Updated DNS cache
2026.03.18 20:52:33.945454 [ 121 ] {} <Debug> DNSResolver: Updating DNS cache
2026.03.18 20:52:33.947091 [ 121 ] {} <Debug> DNSResolver: Updated DNS cache
2026.03.18 20:52:48.951088 [ 124 ] {} <Debug> DNSResolver: Updating DNS cache
2026.03.18 20:52:48.952700 [ 124 ] {} <Debug> DNSResolver: Updated DNS cache
2026.03.18 20:53:03.972481 [ 163 ] {} <Debug> DNSResolver: Updating DNS cache
2026.03.18 20:53:03.973847 [ 163 ] {} <Debug> DNSResolver: Updated DNS cache
2026.03.18 20:53:19.048707 [ 119 ] {} <Debug> DNSResolver: Updating DNS cache
2026.03.18 20:53:19.050133 [ 119 ] {} <Debug> DNSResolver: Updated DNS cache
2026.03.18 20:53:32.001299 [ 290 ] {} <Trace> AsynchronousMetrics: Update heavy metrics. Update period 1 sec. Update heavy metrics period 120 sec. Heavy metrics calculation elapsed: 0.00028939 sec.
2026.03.18 20:53:34.076219 [ 164 ] {} <Debug> DNSResolver: Updating DNS cache
2026.03.18 20:53:34.078297 [ 164 ] {} <Debug> DNSResolver: Updated DNS cache
2026.03.18 20:53:49.080691 [ 150 ] {} <Debug> DNSResolver: Updating DNS cache
2026.03.18 20:53:49.082380 [ 150 ] {} <Debug> DNSResolver: Updated DNS cache
2026.03.18 20:54:04.161312 [ 126 ] {} <Debug> DNSResolver: Updating DNS cache
2026.03.18 20:54:04.162873 [ 126 ] {} <Debug> DNSResolver: Updated DNS cache
2026.03.18 20:54:19.163250 [ 127 ] {} <Debug> DNSResolver: Updating DNS cache
2026.03.18 20:54:19.164937 [ 127 ] {} <Debug> DNSResolver: Updated DNS cache
2026.03.18 20:54:34.170468 [ 170 ] {} <Debug> DNSResolver: Updating DNS cache
2026.03.18 20:54:34.172040 [ 170 ] {} <Debug> DNSResolver: Updated DNS cache
2026.03.18 20:54:49.462169 [ 171 ] {} <Debug> DNSResolver: Updating DNS cache
2026.03.18 20:54:49.464071 [ 171 ] {} <Debug> DNSResolver: Updated DNS cache
2026.03.18 20:55:04.475994 [ 148 ] {} <Debug> DNSResolver: Updating DNS cache
2026.03.18 20:55:04.477903 [ 148 ] {} <Debug> DNSResolver: Updated DNS cache
2026.03.18 20:55:19.480106 [ 117 ] {} <Debug> DNSResolver: Updating DNS cache
2026.03.18 20:55:19.481884 [ 117 ] {} <Debug> DNSResolver: Updated DNS cache
2026.03.18 20:55:32.081027 [ 290 ] {} <Trace> AsynchronousMetrics: Update heavy metrics. Update period 1 sec. Update heavy metrics period 120 sec. Heavy metrics calculation elapsed: 0.000283949 sec.
2026.03.18 20:55:34.483771 [ 118 ] {} <Debug> DNSResolver: Updating DNS cache
2026.03.18 20:55:34.485129 [ 118 ] {} <Debug> DNSResolver: Updated DNS cache
2026.03.18 20:55:35.008260 [ 290 ] {} <Trace> AsynchronousMetrics: Scanning /sys/block
2026.03.18 20:55:49.675636 [ 112 ] {} <Debug> DNSResolver: Updating DNS cache
2026.03.18 20:55:49.677405 [ 112 ] {} <Debug> DNSResolver: Updated DNS cache
2026.03.18 20:56:04.678525 [ 111 ] {} <Debug> DNSResolver: Updating DNS cache
2026.03.18 20:56:04.680201 [ 111 ] {} <Debug> DNSResolver: Updated DNS cache
2026.03.18 20:56:19.681649 [ 136 ] {} <Debug> DNSResolver: Updating DNS cache
2026.03.18 20:56:19.683008 [ 136 ] {} <Debug> DNSResolver: Updated DNS cache
2026.03.18 20:56:34.683379 [ 130 ] {} <Debug> DNSResolver: Updating DNS cache
2026.03.18 20:56:34.685880 [ 130 ] {} <Debug> DNSResolver: Updated DNS cache
2026.03.18 20:56:49.689480 [ 125 ] {} <Debug> DNSResolver: Updating DNS cache
2026.03.18 20:56:49.690735 [ 125 ] {} <Debug> DNSResolver: Updated DNS cache
2026.03.18 20:57:04.727691 [ 129 ] {} <Debug> DNSResolver: Updating DNS cache
2026.03.18 20:57:04.729353 [ 129 ] {} <Debug> DNSResolver: Updated DNS cache
2026.03.18 20:57:19.826043 [ 172 ] {} <Debug> DNSResolver: Updating DNS cache
2026.03.18 20:57:19.827615 [ 172 ] {} <Debug> DNSResolver: Updated DNS cache
2026.03.18 20:57:32.036893 [ 290 ] {} <Trace> AsynchronousMetrics: Update heavy metrics. Update period 1 sec. Update heavy metrics period 120 sec. Heavy metrics calculation elapsed: 0.00048234 sec.
2026.03.18 20:57:34.827937 [ 137 ] {} <Debug> DNSResolver: Updating DNS cache
2026.03.18 20:57:34.829988 [ 137 ] {} <Debug> DNSResolver: Updated DNS cache
2026.03.18 20:57:49.846244 [ 176 ] {} <Debug> DNSResolver: Updating DNS cache
2026.03.18 20:57:49.848003 [ 176 ] {} <Debug> DNSResolver: Updated DNS cache
2026.03.18 20:58:05.135015 [ 149 ] {} <Debug> DNSResolver: Updating DNS cache
2026.03.18 20:58:05.136590 [ 149 ] {} <Debug> DNSResolver: Updated DNS cache
2026.03.18 20:58:20.144091 [ 143 ] {} <Debug> DNSResolver: Updating DNS cache
2026.03.18 20:58:20.145709 [ 143 ] {} <Debug> DNSResolver: Updated DNS cache
2026.03.18 20:58:35.158812 [ 134 ] {} <Debug> DNSResolver: Updating DNS cache
2026.03.18 20:58:35.160350 [ 134 ] {} <Debug> DNSResolver: Updated DNS cache
2026.03.18 20:58:50.169525 [ 147 ] {} <Debug> DNSResolver: Updating DNS cache
2026.03.18 20:58:50.171393 [ 147 ] {} <Debug> DNSResolver: Updated DNS cache
2026.03.18 20:59:05.175073 [ 153 ] {} <Debug> DNSResolver: Updating DNS cache
2026.03.18 20:59:05.176936 [ 153 ] {} <Debug> DNSResolver: Updated DNS cache
2026.03.18 20:59:20.179280 [ 151 ] {} <Debug> DNSResolver: Updating DNS cache
2026.03.18 20:59:20.180809 [ 151 ] {} <Debug> DNSResolver: Updated DNS cache
2026.03.18 20:59:32.016696 [ 290 ] {} <Trace> AsynchronousMetrics: Update heavy metrics. Update period 1 sec. Update heavy metrics period 120 sec. Heavy metrics calculation elapsed: 0.000244556 sec.
2026.03.18 20:59:35.185810 [ 144 ] {} <Debug> DNSResolver: Updating DNS cache
2026.03.18 20:59:35.187720 [ 144 ] {} <Debug> DNSResolver: Updated DNS cache
2026.03.18 20:59:50.188677 [ 146 ] {} <Debug> DNSResolver: Updating DNS cache
2026.03.18 20:59:50.190600 [ 146 ] {} <Debug> DNSResolver: Updated DNS cache
2026.03.18 21:00:05.192180 [ 139 ] {} <Debug> DNSResolver: Updating DNS cache
2026.03.18 21:00:05.193970 [ 139 ] {} <Debug> DNSResolver: Updated DNS cache
2026.03.18 21:00:20.196280 [ 155 ] {} <Debug> DNSResolver: Updating DNS cache
2026.03.18 21:00:20.198085 [ 155 ] {} <Debug> DNSResolver: Updated DNS cache
2026.03.18 21:00:35.200364 [ 135 ] {} <Debug> DNSResolver: Updating DNS cache
2026.03.18 21:00:35.201977 [ 135 ] {} <Debug> DNSResolver: Updated DNS cache
2026.03.18 21:00:36.003797 [ 290 ] {} <Trace> AsynchronousMetrics: Scanning /sys/block
2026.03.18 21:00:50.202910 [ 175 ] {} <Debug> DNSResolver: Updating DNS cache
2026.03.18 21:00:50.204318 [ 175 ] {} <Debug> DNSResolver: Updated DNS cache
2026.03.18 21:01:05.208364 [ 180 ] {} <Debug> DNSResolver: Updating DNS cache
2026.03.18 21:01:05.210415 [ 180 ] {} <Debug> DNSResolver: Updated DNS cache
2026.03.18 21:01:20.211905 [ 141 ] {} <Debug> DNSResolver: Updating DNS cache
2026.03.18 21:01:20.213895 [ 141 ] {} <Debug> DNSResolver: Updated DNS cache
2026.03.18 21:01:32.006533 [ 290 ] {} <Trace> AsynchronousMetrics: Update heavy metrics. Update period 1 sec. Update heavy metrics period 120 sec. Heavy metrics calculation elapsed: 0.000151041 sec.
2026.03.18 21:01:35.219119 [ 128 ] {} <Debug> DNSResolver: Updating DNS cache
2026.03.18 21:01:35.221017 [ 128 ] {} <Debug> DNSResolver: Updated DNS cache
2026.03.18 21:01:50.228396 [ 161 ] {} <Debug> DNSResolver: Updating DNS cache
2026.03.18 21:01:50.230333 [ 161 ] {} <Debug> DNSResolver: Updated DNS cache
2026.03.18 21:02:05.233412 [ 169 ] {} <Debug> DNSResolver: Updating DNS cache
2026.03.18 21:02:05.235408 [ 169 ] {} <Debug> DNSResolver: Updated DNS cache
2026.03.18 21:02:20.241365 [ 174 ] {} <Debug> DNSResolver: Updating DNS cache
2026.03.18 21:02:20.242634 [ 174 ] {} <Debug> DNSResolver: Updated DNS cache
2026.03.18 21:02:35.244518 [ 140 ] {} <Debug> DNSResolver: Updating DNS cache
2026.03.18 21:02:35.246327 [ 140 ] {} <Debug> DNSResolver: Updated DNS cache
2026.03.18 21:02:50.250532 [ 168 ] {} <Debug> DNSResolver: Updating DNS cache
2026.03.18 21:02:50.252271 [ 168 ] {} <Debug> DNSResolver: Updated DNS cache
2026.03.18 21:03:05.353125 [ 184 ] {} <Debug> DNSResolver: Updating DNS cache
2026.03.18 21:03:05.354898 [ 184 ] {} <Debug> DNSResolver: Updated DNS cache
2026.03.18 21:03:20.364323 [ 157 ] {} <Debug> DNSResolver: Updating DNS cache
2026.03.18 21:03:20.366307 [ 157 ] {} <Debug> DNSResolver: Updated DNS cache
2026.03.18 21:03:32.005664 [ 290 ] {} <Trace> AsynchronousMetrics: Update heavy metrics. Update period 1 sec. Update heavy metrics period 120 sec. Heavy metrics calculation elapsed: 0.000238465 sec.
2026.03.18 21:03:35.444321 [ 159 ] {} <Debug> DNSResolver: Updating DNS cache
2026.03.18 21:03:35.446007 [ 159 ] {} <Debug> DNSResolver: Updated DNS cache
2026.03.18 21:03:50.486477 [ 158 ] {} <Debug> DNSResolver: Updating DNS cache
2026.03.18 21:03:50.488072 [ 158 ] {} <Debug> DNSResolver: Updated DNS cache
2026.03.18 21:04:05.488588 [ 152 ] {} <Debug> DNSResolver: Updating DNS cache
2026.03.18 21:04:05.490308 [ 152 ] {} <Debug> DNSResolver: Updated DNS cache
2026.03.18 21:04:20.522167 [ 131 ] {} <Debug> DNSResolver: Updating DNS cache
2026.03.18 21:04:20.524270 [ 131 ] {} <Debug> DNSResolver: Updated DNS cache
2026.03.18 21:04:35.551249 [ 156 ] {} <Debug> DNSResolver: Updating DNS cache
2026.03.18 21:04:35.552903 [ 156 ] {} <Debug> DNSResolver: Updated DNS cache
2026.03.18 21:04:50.553155 [ 192 ] {} <Debug> DNSResolver: Updating DNS cache
2026.03.18 21:04:50.554602 [ 192 ] {} <Debug> DNSResolver: Updated DNS cache
2026.03.18 21:05:05.555391 [ 122 ] {} <Debug> DNSResolver: Updating DNS cache
2026.03.18 21:05:05.557309 [ 122 ] {} <Debug> DNSResolver: Updated DNS cache
2026.03.18 21:05:20.558067 [ 186 ] {} <Debug> DNSResolver: Updating DNS cache
2026.03.18 21:05:20.559898 [ 186 ] {} <Debug> DNSResolver: Updated DNS cache
2026.03.18 21:05:32.028577 [ 290 ] {} <Trace> AsynchronousMetrics: Update heavy metrics. Update period 1 sec. Update heavy metrics period 120 sec. Heavy metrics calculation elapsed: 0.000225431 sec.
2026.03.18 21:05:35.574552 [ 165 ] {} <Debug> DNSResolver: Updating DNS cache
2026.03.18 21:05:35.576124 [ 165 ] {} <Debug> DNSResolver: Updated DNS cache
2026.03.18 21:05:36.020321 [ 290 ] {} <Trace> AsynchronousMetrics: Scanning /sys/block
2026.03.18 21:05:50.584475 [ 191 ] {} <Debug> DNSResolver: Updating DNS cache
2026.03.18 21:05:50.586131 [ 191 ] {} <Debug> DNSResolver: Updated DNS cache
2026.03.18 21:06:05.643818 [ 138 ] {} <Debug> DNSResolver: Updating DNS cache
2026.03.18 21:06:05.645110 [ 138 ] {} <Debug> DNSResolver: Updated DNS cache
2026.03.18 21:06:20.663035 [ 179 ] {} <Debug> DNSResolver: Updating DNS cache
2026.03.18 21:06:20.665055 [ 179 ] {} <Debug> DNSResolver: Updated DNS cache
2026.03.18 21:06:35.666208 [ 173 ] {} <Debug> DNSResolver: Updating DNS cache
2026.03.18 21:06:35.667574 [ 173 ] {} <Debug> DNSResolver: Updated DNS cache
2026.03.18 21:06:50.667987 [ 197 ] {} <Debug> DNSResolver: Updating DNS cache
2026.03.18 21:06:50.669739 [ 197 ] {} <Debug> DNSResolver: Updated DNS cache
2026.03.18 21:07:05.670523 [ 185 ] {} <Debug> DNSResolver: Updating DNS cache
2026.03.18 21:07:05.673162 [ 185 ] {} <Debug> DNSResolver: Updated DNS cache
2026.03.18 21:07:20.681220 [ 178 ] {} <Debug> DNSResolver: Updating DNS cache
2026.03.18 21:07:20.682849 [ 178 ] {} <Debug> DNSResolver: Updated DNS cache
2026.03.18 21:07:32.023516 [ 290 ] {} <Trace> AsynchronousMetrics: Update heavy metrics. Update period 1 sec. Update heavy metrics period 120 sec. Heavy metrics calculation elapsed: 0.000174646 sec.
2026.03.18 21:07:35.726676 [ 56 ] {} <Debug> DNSResolver: Updating DNS cache
2026.03.18 21:07:35.728120 [ 56 ] {} <Debug> DNSResolver: Updated DNS cache
2026.03.18 21:07:50.737758 [ 236 ] {} <Debug> DNSResolver: Updating DNS cache
2026.03.18 21:07:50.739898 [ 236 ] {} <Debug> DNSResolver: Updated DNS cache
2026.03.18 21:08:05.799962 [ 281 ] {} <Debug> DNSResolver: Updating DNS cache
2026.03.18 21:08:05.802328 [ 281 ] {} <Debug> DNSResolver: Updated DNS cache
2026.03.18 21:08:20.813947 [ 237 ] {} <Debug> DNSResolver: Updating DNS cache
2026.03.18 21:08:20.815456 [ 237 ] {} <Debug> DNSResolver: Updated DNS cache
2026.03.18 21:08:35.858349 [ 282 ] {} <Debug> DNSResolver: Updating DNS cache
2026.03.18 21:08:35.860144 [ 282 ] {} <Debug> DNSResolver: Updated DNS cache
2026.03.18 21:08:50.860996 [ 63 ] {} <Debug> DNSResolver: Updating DNS cache
2026.03.18 21:08:50.863076 [ 63 ] {} <Debug> DNSResolver: Updated DNS cache
2026.03.18 21:09:05.863419 [ 71 ] {} <Debug> DNSResolver: Updating DNS cache
2026.03.18 21:09:05.865169 [ 71 ] {} <Debug> DNSResolver: Updated DNS cache
2026.03.18 21:09:20.881130 [ 74 ] {} <Debug> DNSResolver: Updating DNS cache
2026.03.18 21:09:20.882454 [ 74 ] {} <Debug> DNSResolver: Updated DNS cache
2026.03.18 21:09:32.057083 [ 290 ] {} <Trace> AsynchronousMetrics: Update heavy metrics. Update period 1 sec. Update heavy metrics period 120 sec. Heavy metrics calculation elapsed: 0.000183221 sec.
2026.03.18 21:09:35.894434 [ 79 ] {} <Debug> DNSResolver: Updating DNS cache
2026.03.18 21:09:35.896263 [ 79 ] {} <Debug> DNSResolver: Updated DNS cache
2026.03.18 21:09:50.968707 [ 81 ] {} <Debug> DNSResolver: Updating DNS cache
2026.03.18 21:09:50.970008 [ 81 ] {} <Debug> DNSResolver: Updated DNS cache
2026.03.18 21:10:05.974957 [ 64 ] {} <Debug> DNSResolver: Updating DNS cache
2026.03.18 21:10:05.976338 [ 64 ] {} <Debug> DNSResolver: Updated DNS cache
2026.03.18 21:10:20.976925 [ 72 ] {} <Debug> DNSResolver: Updating DNS cache
2026.03.18 21:10:20.978267 [ 72 ] {} <Debug> DNSResolver: Updated DNS cache
2026.03.18 21:10:36.032736 [ 290 ] {} <Trace> AsynchronousMetrics: Scanning /sys/block
2026.03.18 21:10:36.046287 [ 85 ] {} <Debug> DNSResolver: Updating DNS cache
2026.03.18 21:10:36.048065 [ 85 ] {} <Debug> DNSResolver: Updated DNS cache
2026.03.18 21:10:51.049874 [ 83 ] {} <Debug> DNSResolver: Updating DNS cache
2026.03.18 21:10:51.051311 [ 83 ] {} <Debug> DNSResolver: Updated DNS cache
2026.03.18 21:11:06.051760 [ 66 ] {} <Debug> DNSResolver: Updating DNS cache
2026.03.18 21:11:06.052920 [ 66 ] {} <Debug> DNSResolver: Updated DNS cache
2026.03.18 21:11:21.053787 [ 73 ] {} <Debug> DNSResolver: Updating DNS cache
2026.03.18 21:11:21.054906 [ 73 ] {} <Debug> DNSResolver: Updated DNS cache
2026.03.18 21:11:32.008989 [ 290 ] {} <Trace> AsynchronousMetrics: Update heavy metrics. Update period 1 sec. Update heavy metrics period 120 sec. Heavy metrics calculation elapsed: 0.000457685 sec.
2026.03.18 21:11:36.135441 [ 96 ] {} <Debug> DNSResolver: Updating DNS cache
2026.03.18 21:11:36.137155 [ 96 ] {} <Debug> DNSResolver: Updated DNS cache
2026.03.18 21:11:51.142348 [ 69 ] {} <Debug> DNSResolver: Updating DNS cache
2026.03.18 21:11:51.144009 [ 69 ] {} <Debug> DNSResolver: Updated DNS cache
2026.03.18 21:12:06.152441 [ 86 ] {} <Debug> DNSResolver: Updating DNS cache
2026.03.18 21:12:06.154171 [ 86 ] {} <Debug> DNSResolver: Updated DNS cache
2026.03.18 21:12:21.334059 [ 61 ] {} <Debug> DNSResolver: Updating DNS cache
2026.03.18 21:12:21.335580 [ 61 ] {} <Debug> DNSResolver: Updated DNS cache
2026.03.18 21:12:36.363563 [ 88 ] {} <Debug> DNSResolver: Updating DNS cache
2026.03.18 21:12:36.365117 [ 88 ] {} <Debug> DNSResolver: Updated DNS cache
2026.03.18 21:12:51.504944 [ 84 ] {} <Debug> DNSResolver: Updating DNS cache
2026.03.18 21:12:51.506480 [ 84 ] {} <Debug> DNSResolver: Updated DNS cache
2026.03.18 21:13:06.507206 [ 75 ] {} <Debug> DNSResolver: Updating DNS cache
2026.03.18 21:13:06.508657 [ 75 ] {} <Debug> DNSResolver: Updated DNS cache
2026.03.18 21:13:21.523831 [ 67 ] {} <Debug> DNSResolver: Updating DNS cache
2026.03.18 21:13:21.525557 [ 67 ] {} <Debug> DNSResolver: Updated DNS cache
2026.03.18 21:13:32.027846 [ 290 ] {} <Trace> AsynchronousMetrics: Update heavy metrics. Update period 1 sec. Update heavy metrics period 120 sec. Heavy metrics calculation elapsed: 0.000342338 sec.
2026.03.18 21:13:36.610284 [ 51 ] {} <Debug> DNSResolver: Updating DNS cache
2026.03.18 21:13:36.611589 [ 51 ] {} <Debug> DNSResolver: Updated DNS cache
2026.03.18 21:13:51.612832 [ 82 ] {} <Debug> DNSResolver: Updating DNS cache
2026.03.18 21:13:51.614581 [ 82 ] {} <Debug> DNSResolver: Updated DNS cache
2026.03.18 21:14:06.615692 [ 78 ] {} <Debug> DNSResolver: Updating DNS cache
2026.03.18 21:14:06.617233 [ 78 ] {} <Debug> DNSResolver: Updated DNS cache
2026.03.18 21:14:21.622224 [ 97 ] {} <Debug> DNSResolver: Updating DNS cache
2026.03.18 21:14:21.624239 [ 97 ] {} <Debug> DNSResolver: Updated DNS cache
2026.03.18 21:14:36.635151 [ 60 ] {} <Debug> DNSResolver: Updating DNS cache
2026.03.18 21:14:36.636570 [ 60 ] {} <Debug> DNSResolver: Updated DNS cache
2026.03.18 21:14:51.637696 [ 87 ] {} <Debug> DNSResolver: Updating DNS cache
2026.03.18 21:14:51.639919 [ 87 ] {} <Debug> DNSResolver: Updated DNS cache
2026.03.18 21:15:06.640126 [ 90 ] {} <Debug> DNSResolver: Updating DNS cache
2026.03.18 21:15:06.641470 [ 90 ] {} <Debug> DNSResolver: Updated DNS cache
2026.03.18 21:15:21.642036 [ 93 ] {} <Debug> DNSResolver: Updating DNS cache
2026.03.18 21:15:21.643944 [ 93 ] {} <Debug> DNSResolver: Updated DNS cache
2026.03.18 21:15:32.001376 [ 290 ] {} <Trace> AsynchronousMetrics: Update heavy metrics. Update period 1 sec. Update heavy metrics period 120 sec. Heavy metrics calculation elapsed: 0.000274713 sec.
2026.03.18 21:15:36.059209 [ 290 ] {} <Trace> AsynchronousMetrics: Scanning /sys/block
2026.03.18 21:15:36.664386 [ 106 ] {} <Debug> DNSResolver: Updating DNS cache
2026.03.18 21:15:36.665929 [ 106 ] {} <Debug> DNSResolver: Updated DNS cache
2026.03.18 21:15:51.666595 [ 103 ] {} <Debug> DNSResolver: Updating DNS cache
2026.03.18 21:15:51.668293 [ 103 ] {} <Debug> DNSResolver: Updated DNS cache
2026.03.18 21:16:06.671183 [ 92 ] {} <Debug> DNSResolver: Updating DNS cache
2026.03.18 21:16:06.672607 [ 92 ] {} <Debug> DNSResolver: Updated DNS cache
2026.03.18 21:16:21.675233 [ 91 ] {} <Debug> DNSResolver: Updating DNS cache
2026.03.18 21:16:21.677213 [ 91 ] {} <Debug> DNSResolver: Updated DNS cache
2026.03.18 21:16:36.677600 [ 95 ] {} <Debug> DNSResolver: Updating DNS cache
2026.03.18 21:16:36.678935 [ 95 ] {} <Debug> DNSResolver: Updated DNS cache
2026.03.18 21:16:51.681244 [ 101 ] {} <Debug> DNSResolver: Updating DNS cache
2026.03.18 21:16:51.682472 [ 101 ] {} <Debug> DNSResolver: Updated DNS cache
2026.03.18 21:17:06.682802 [ 104 ] {} <Debug> DNSResolver: Updating DNS cache
2026.03.18 21:17:06.684345 [ 104 ] {} <Debug> DNSResolver: Updated DNS cache
2026.03.18 21:17:21.685292 [ 99 ] {} <Debug> DNSResolver: Updating DNS cache
2026.03.18 21:17:21.687022 [ 99 ] {} <Debug> DNSResolver: Updated DNS cache
2026.03.18 21:17:32.216206 [ 290 ] {} <Trace> AsynchronousMetrics: Update heavy metrics. Update period 1 sec. Update heavy metrics period 120 sec. Heavy metrics calculation elapsed: 0.000207708 sec.
2026.03.18 21:17:36.688221 [ 102 ] {} <Debug> DNSResolver: Updating DNS cache
2026.03.18 21:17:36.690293 [ 102 ] {} <Debug> DNSResolver: Updated DNS cache
2026.03.18 21:17:51.694524 [ 113 ] {} <Debug> DNSResolver: Updating DNS cache
2026.03.18 21:17:51.696128 [ 113 ] {} <Debug> DNSResolver: Updated DNS cache
2026.03.18 21:18:06.701015 [ 105 ] {} <Debug> DNSResolver: Updating DNS cache
2026.03.18 21:18:06.702593 [ 105 ] {} <Debug> DNSResolver: Updated DNS cache
2026.03.18 21:18:21.704340 [ 98 ] {} <Debug> DNSResolver: Updating DNS cache
2026.03.18 21:18:21.705888 [ 98 ] {} <Debug> DNSResolver: Updated DNS cache
2026.03.18 21:18:36.707062 [ 89 ] {} <Debug> DNSResolver: Updating DNS cache
2026.03.18 21:18:36.709029 [ 89 ] {} <Debug> DNSResolver: Updated DNS cache
2026.03.18 21:18:51.712966 [ 109 ] {} <Debug> DNSResolver: Updating DNS cache
2026.03.18 21:18:51.714641 [ 109 ] {} <Debug> DNSResolver: Updated DNS cache
2026.03.18 21:19:06.722928 [ 100 ] {} <Debug> DNSResolver: Updating DNS cache
2026.03.18 21:19:06.724295 [ 100 ] {} <Debug> DNSResolver: Updated DNS cache
2026.03.18 21:19:21.797566 [ 110 ] {} <Debug> DNSResolver: Updating DNS cache
2026.03.18 21:19:21.799086 [ 110 ] {} <Debug> DNSResolver: Updated DNS cache
2026.03.18 21:19:32.006462 [ 290 ] {} <Trace> AsynchronousMetrics: Update heavy metrics. Update period 1 sec. Update heavy metrics period 120 sec. Heavy metrics calculation elapsed: 0.000415345 sec.
2026.03.18 21:19:36.799705 [ 121 ] {} <Debug> DNSResolver: Updating DNS cache
2026.03.18 21:19:36.801286 [ 121 ] {} <Debug> DNSResolver: Updated DNS cache
2026.03.18 21:19:51.803454 [ 124 ] {} <Debug> DNSResolver: Updating DNS cache
2026.03.18 21:19:51.805250 [ 124 ] {} <Debug> DNSResolver: Updated DNS cache
2026.03.18 21:20:06.807201 [ 163 ] {} <Debug> DNSResolver: Updating DNS cache
2026.03.18 21:20:06.808522 [ 163 ] {} <Debug> DNSResolver: Updated DNS cache
2026.03.18 21:20:21.949602 [ 119 ] {} <Debug> DNSResolver: Updating DNS cache
2026.03.18 21:20:21.951112 [ 119 ] {} <Debug> DNSResolver: Updated DNS cache
2026.03.18 21:20:36.088539 [ 290 ] {} <Trace> AsynchronousMetrics: Scanning /sys/block
2026.03.18 21:20:36.979112 [ 164 ] {} <Debug> DNSResolver: Updating DNS cache
2026.03.18 21:20:36.980463 [ 164 ] {} <Debug> DNSResolver: Updated DNS cache
2026.03.18 21:20:51.999326 [ 150 ] {} <Debug> DNSResolver: Updating DNS cache
2026.03.18 21:20:52.000584 [ 150 ] {} <Debug> DNSResolver: Updated DNS cache
2026.03.18 21:21:07.036132 [ 133 ] {} <Debug> DNSResolver: Updating DNS cache
2026.03.18 21:21:07.037947 [ 133 ] {} <Debug> DNSResolver: Updated DNS cache
2026.03.18 21:21:22.048863 [ 127 ] {} <Debug> DNSResolver: Updating DNS cache
2026.03.18 21:21:22.050323 [ 127 ] {} <Debug> DNSResolver: Updated DNS cache
2026.03.18 21:21:32.003033 [ 290 ] {} <Trace> AsynchronousMetrics: Update heavy metrics. Update period 1 sec. Update heavy metrics period 120 sec. Heavy metrics calculation elapsed: 0.000223988 sec.
2026.03.18 21:21:37.050568 [ 120 ] {} <Debug> DNSResolver: Updating DNS cache
2026.03.18 21:21:37.052185 [ 120 ] {} <Debug> DNSResolver: Updated DNS cache
2026.03.18 21:21:52.053245 [ 166 ] {} <Debug> DNSResolver: Updating DNS cache
2026.03.18 21:21:52.056372 [ 166 ] {} <Debug> DNSResolver: Updated DNS cache
2026.03.18 21:22:07.064903 [ 171 ] {} <Debug> DNSResolver: Updating DNS cache
2026.03.18 21:22:07.066431 [ 171 ] {} <Debug> DNSResolver: Updated DNS cache
2026.03.18 21:22:22.127982 [ 148 ] {} <Debug> DNSResolver: Updating DNS cache
2026.03.18 21:22:22.129148 [ 148 ] {} <Debug> DNSResolver: Updated DNS cache
2026.03.18 21:22:37.130657 [ 167 ] {} <Debug> DNSResolver: Updating DNS cache
2026.03.18 21:22:37.132048 [ 167 ] {} <Debug> DNSResolver: Updated DNS cache
2026.03.18 21:22:52.132815 [ 117 ] {} <Debug> DNSResolver: Updating DNS cache
2026.03.18 21:22:52.134290 [ 117 ] {} <Debug> DNSResolver: Updated DNS cache
2026.03.18 21:23:07.163956 [ 118 ] {} <Debug> DNSResolver: Updating DNS cache
2026.03.18 21:23:07.165832 [ 118 ] {} <Debug> DNSResolver: Updated DNS cache
2026.03.18 21:23:22.166460 [ 112 ] {} <Debug> DNSResolver: Updating DNS cache
2026.03.18 21:23:22.168921 [ 112 ] {} <Debug> DNSResolver: Updated DNS cache
2026.03.18 21:23:32.004175 [ 290 ] {} <Trace> AsynchronousMetrics: Update heavy metrics. Update period 1 sec. Update heavy metrics period 120 sec. Heavy metrics calculation elapsed: 0.000449038 sec.
2026.03.18 21:23:37.169104 [ 111 ] {} <Debug> DNSResolver: Updating DNS cache
2026.03.18 21:23:37.170482 [ 111 ] {} <Debug> DNSResolver: Updated DNS cache
2026.03.18 21:23:52.176862 [ 154 ] {} <Debug> DNSResolver: Updating DNS cache
2026.03.18 21:23:52.178124 [ 154 ] {} <Debug> DNSResolver: Updated DNS cache
2026.03.18 21:24:07.184159 [ 130 ] {} <Debug> DNSResolver: Updating DNS cache
2026.03.18 21:24:07.185873 [ 130 ] {} <Debug> DNSResolver: Updated DNS cache
2026.03.18 21:24:22.205534 [ 125 ] {} <Debug> DNSResolver: Updating DNS cache
2026.03.18 21:24:22.207379 [ 125 ] {} <Debug> DNSResolver: Updated DNS cache
2026.03.18 21:24:37.245376 [ 129 ] {} <Debug> DNSResolver: Updating DNS cache
2026.03.18 21:24:37.247768 [ 129 ] {} <Debug> DNSResolver: Updated DNS cache
2026.03.18 21:24:52.252760 [ 172 ] {} <Debug> DNSResolver: Updating DNS cache
2026.03.18 21:24:52.254643 [ 172 ] {} <Debug> DNSResolver: Updated DNS cache
2026.03.18 21:25:07.257076 [ 137 ] {} <Debug> DNSResolver: Updating DNS cache
2026.03.18 21:25:07.258916 [ 137 ] {} <Debug> DNSResolver: Updated DNS cache
2026.03.18 21:25:22.261250 [ 176 ] {} <Debug> DNSResolver: Updating DNS cache
2026.03.18 21:25:22.263287 [ 176 ] {} <Debug> DNSResolver: Updated DNS cache
2026.03.18 21:25:32.002252 [ 290 ] {} <Trace> AsynchronousMetrics: Update heavy metrics. Update period 1 sec. Update heavy metrics period 120 sec. Heavy metrics calculation elapsed: 0.00020886 sec.
2026.03.18 21:25:37.068477 [ 290 ] {} <Trace> AsynchronousMetrics: Scanning /sys/block
2026.03.18 21:25:37.264999 [ 149 ] {} <Debug> DNSResolver: Updating DNS cache
2026.03.18 21:25:37.266832 [ 149 ] {} <Debug> DNSResolver: Updated DNS cache
2026.03.18 21:25:52.272384 [ 143 ] {} <Debug> DNSResolver: Updating DNS cache
2026.03.18 21:25:52.273991 [ 143 ] {} <Debug> DNSResolver: Updated DNS cache
2026.03.18 21:26:07.354588 [ 134 ] {} <Debug> DNSResolver: Updating DNS cache
2026.03.18 21:26:07.356454 [ 134 ] {} <Debug> DNSResolver: Updated DNS cache
2026.03.18 21:26:22.489611 [ 147 ] {} <Debug> DNSResolver: Updating DNS cache
2026.03.18 21:26:22.491521 [ 147 ] {} <Debug> DNSResolver: Updated DNS cache
2026.03.18 21:26:37.495897 [ 153 ] {} <Debug> DNSResolver: Updating DNS cache
2026.03.18 21:26:37.497381 [ 153 ] {} <Debug> DNSResolver: Updated DNS cache
2026.03.18 21:26:52.497966 [ 151 ] {} <Debug> DNSResolver: Updating DNS cache
2026.03.18 21:26:52.499412 [ 151 ] {} <Debug> DNSResolver: Updated DNS cache
2026.03.18 21:27:07.501187 [ 144 ] {} <Debug> DNSResolver: Updating DNS cache
2026.03.18 21:27:07.502488 [ 144 ] {} <Debug> DNSResolver: Updated DNS cache
2026.03.18 21:27:22.525968 [ 146 ] {} <Debug> DNSResolver: Updating DNS cache
2026.03.18 21:27:22.527386 [ 146 ] {} <Debug> DNSResolver: Updated DNS cache
2026.03.18 21:27:32.093658 [ 290 ] {} <Trace> AsynchronousMetrics: Update heavy metrics. Update period 1 sec. Update heavy metrics period 120 sec. Heavy metrics calculation elapsed: 0.000387544 sec.
2026.03.18 21:27:37.528979 [ 139 ] {} <Debug> DNSResolver: Updating DNS cache
2026.03.18 21:27:37.530888 [ 139 ] {} <Debug> DNSResolver: Updated DNS cache
2026.03.18 21:27:52.531486 [ 155 ] {} <Debug> DNSResolver: Updating DNS cache
2026.03.18 21:27:52.533129 [ 155 ] {} <Debug> DNSResolver: Updated DNS cache
2026.03.18 21:28:07.575412 [ 145 ] {} <Debug> DNSResolver: Updating DNS cache
2026.03.18 21:28:07.577572 [ 145 ] {} <Debug> DNSResolver: Updated DNS cache
2026.03.18 21:28:22.583200 [ 177 ] {} <Debug> DNSResolver: Updating DNS cache
2026.03.18 21:28:22.585128 [ 177 ] {} <Debug> DNSResolver: Updated DNS cache
2026.03.18 21:28:37.585931 [ 135 ] {} <Debug> DNSResolver: Updating DNS cache
2026.03.18 21:28:37.587212 [ 135 ] {} <Debug> DNSResolver: Updated DNS cache
2026.03.18 21:28:52.725994 [ 175 ] {} <Debug> DNSResolver: Updating DNS cache
2026.03.18 21:28:52.727325 [ 175 ] {} <Debug> DNSResolver: Updated DNS cache
2026.03.18 21:29:07.730158 [ 180 ] {} <Debug> DNSResolver: Updating DNS cache
2026.03.18 21:29:07.731526 [ 180 ] {} <Debug> DNSResolver: Updated DNS cache
2026.03.18 21:29:22.762065 [ 141 ] {} <Debug> DNSResolver: Updating DNS cache
2026.03.18 21:29:22.763952 [ 141 ] {} <Debug> DNSResolver: Updated DNS cache
2026.03.18 21:29:32.028030 [ 290 ] {} <Trace> AsynchronousMetrics: Update heavy metrics. Update period 1 sec. Update heavy metrics period 120 sec. Heavy metrics calculation elapsed: 0.000166661 sec.
2026.03.18 21:29:37.766411 [ 161 ] {} <Debug> DNSResolver: Updating DNS cache
2026.03.18 21:29:37.767934 [ 161 ] {} <Debug> DNSResolver: Updated DNS cache
2026.03.18 21:29:52.773020 [ 160 ] {} <Debug> DNSResolver: Updating DNS cache
2026.03.18 21:29:52.774889 [ 160 ] {} <Debug> DNSResolver: Updated DNS cache
2026.03.18 21:30:07.775441 [ 169 ] {} <Debug> DNSResolver: Updating DNS cache
2026.03.18 21:30:07.776757 [ 169 ] {} <Debug> DNSResolver: Updated DNS cache
2026.03.18 21:30:22.779547 [ 174 ] {} <Debug> DNSResolver: Updating DNS cache
2026.03.18 21:30:22.780879 [ 174 ] {} <Debug> DNSResolver: Updated DNS cache
2026.03.18 21:30:37.781105 [ 140 ] {} <Debug> DNSResolver: Updating DNS cache
2026.03.18 21:30:37.782934 [ 140 ] {} <Debug> DNSResolver: Updated DNS cache
2026.03.18 21:30:38.000765 [ 290 ] {} <Trace> AsynchronousMetrics: Scanning /sys/block
2026.03.18 21:30:52.824654 [ 168 ] {} <Debug> DNSResolver: Updating DNS cache
2026.03.18 21:30:52.826329 [ 168 ] {} <Debug> DNSResolver: Updated DNS cache
2026.03.18 21:31:07.828226 [ 157 ] {} <Debug> DNSResolver: Updating DNS cache
2026.03.18 21:31:07.829598 [ 157 ] {} <Debug> DNSResolver: Updated DNS cache
2026.03.18 21:31:22.830159 [ 162 ] {} <Debug> DNSResolver: Updating DNS cache
2026.03.18 21:31:22.831471 [ 162 ] {} <Debug> DNSResolver: Updated DNS cache
2026.03.18 21:31:32.001318 [ 290 ] {} <Trace> AsynchronousMetrics: Update heavy metrics. Update period 1 sec. Update heavy metrics period 120 sec. Heavy metrics calculation elapsed: 0.000245868 sec.
2026.03.18 21:31:37.832254 [ 159 ] {} <Debug> DNSResolver: Updating DNS cache
2026.03.18 21:31:37.833925 [ 159 ] {} <Debug> DNSResolver: Updated DNS cache
2026.03.18 21:31:52.835725 [ 158 ] {} <Debug> DNSResolver: Updating DNS cache
2026.03.18 21:31:52.837915 [ 158 ] {} <Debug> DNSResolver: Updated DNS cache
2026.03.18 21:32:07.838230 [ 152 ] {} <Debug> DNSResolver: Updating DNS cache
2026.03.18 21:32:07.839730 [ 152 ] {} <Debug> DNSResolver: Updated DNS cache
2026.03.18 21:32:22.846476 [ 131 ] {} <Debug> DNSResolver: Updating DNS cache
2026.03.18 21:32:22.847521 [ 131 ] {} <Debug> DNSResolver: Updated DNS cache
2026.03.18 21:32:37.847875 [ 156 ] {} <Debug> DNSResolver: Updating DNS cache
2026.03.18 21:32:37.849268 [ 156 ] {} <Debug> DNSResolver: Updated DNS cache
2026.03.18 21:32:52.849719 [ 192 ] {} <Debug> DNSResolver: Updating DNS cache
2026.03.18 21:32:52.851439 [ 192 ] {} <Debug> DNSResolver: Updated DNS cache
2026.03.18 21:33:07.860387 [ 122 ] {} <Debug> DNSResolver: Updating DNS cache
2026.03.18 21:33:07.861685 [ 122 ] {} <Debug> DNSResolver: Updated DNS cache
2026.03.18 21:33:22.862124 [ 186 ] {} <Debug> DNSResolver: Updating DNS cache
2026.03.18 21:33:22.863937 [ 186 ] {} <Debug> DNSResolver: Updated DNS cache
2026.03.18 21:33:32.028492 [ 290 ] {} <Trace> AsynchronousMetrics: Update heavy metrics. Update period 1 sec. Update heavy metrics period 120 sec. Heavy metrics calculation elapsed: 0.000560987 sec.
2026.03.18 21:33:37.871096 [ 191 ] {} <Debug> DNSResolver: Updating DNS cache
2026.03.18 21:33:37.872445 [ 191 ] {} <Debug> DNSResolver: Updated DNS cache
2026.03.18 21:33:52.925973 [ 179 ] {} <Debug> DNSResolver: Updating DNS cache
2026.03.18 21:33:52.927377 [ 179 ] {} <Debug> DNSResolver: Updated DNS cache
2026.03.18 21:34:07.932135 [ 173 ] {} <Debug> DNSResolver: Updating DNS cache
2026.03.18 21:34:07.933176 [ 173 ] {} <Debug> DNSResolver: Updated DNS cache
2026.03.18 21:34:22.935153 [ 197 ] {} <Debug> DNSResolver: Updating DNS cache
2026.03.18 21:34:22.936909 [ 197 ] {} <Debug> DNSResolver: Updated DNS cache
2026.03.18 21:34:37.965166 [ 185 ] {} <Debug> DNSResolver: Updating DNS cache
2026.03.18 21:34:37.966351 [ 185 ] {} <Debug> DNSResolver: Updated DNS cache
2026.03.18 21:34:52.966851 [ 178 ] {} <Debug> DNSResolver: Updating DNS cache
2026.03.18 21:34:52.968226 [ 178 ] {} <Debug> DNSResolver: Updated DNS cache
2026.03.18 21:35:07.969830 [ 56 ] {} <Debug> DNSResolver: Updating DNS cache
2026.03.18 21:35:07.971312 [ 56 ] {} <Debug> DNSResolver: Updated DNS cache
2026.03.18 21:35:22.972421 [ 236 ] {} <Debug> DNSResolver: Updating DNS cache
2026.03.18 21:35:22.974287 [ 236 ] {} <Debug> DNSResolver: Updated DNS cache
2026.03.18 21:35:32.022360 [ 290 ] {} <Trace> AsynchronousMetrics: Update heavy metrics. Update period 1 sec. Update heavy metrics period 120 sec. Heavy metrics calculation elapsed: 0.000179365 sec.
2026.03.18 21:35:37.975492 [ 237 ] {} <Debug> DNSResolver: Updating DNS cache
2026.03.18 21:35:37.976959 [ 237 ] {} <Debug> DNSResolver: Updated DNS cache
2026.03.18 21:35:38.013147 [ 290 ] {} <Trace> AsynchronousMetrics: Scanning /sys/block
2026.03.18 21:35:52.977999 [ 282 ] {} <Debug> DNSResolver: Updating DNS cache
2026.03.18 21:35:52.979299 [ 282 ] {} <Debug> DNSResolver: Updated DNS cache
2026.03.18 21:36:07.979722 [ 63 ] {} <Debug> DNSResolver: Updating DNS cache
2026.03.18 21:36:07.981273 [ 63 ] {} <Debug> DNSResolver: Updated DNS cache
2026.03.18 21:36:22.983211 [ 71 ] {} <Debug> DNSResolver: Updating DNS cache
2026.03.18 21:36:22.984311 [ 71 ] {} <Debug> DNSResolver: Updated DNS cache
2026.03.18 21:36:38.002982 [ 59 ] {} <Debug> DNSResolver: Updating DNS cache
2026.03.18 21:36:38.004646 [ 59 ] {} <Debug> DNSResolver: Updated DNS cache
2026.03.18 21:36:53.006759 [ 74 ] {} <Debug> DNSResolver: Updating DNS cache
2026.03.18 21:36:53.008035 [ 74 ] {} <Debug> DNSResolver: Updated DNS cache
2026.03.18 21:37:08.009388 [ 76 ] {} <Debug> DNSResolver: Updating DNS cache
2026.03.18 21:37:08.010839 [ 76 ] {} <Debug> DNSResolver: Updated DNS cache
2026.03.18 21:37:23.011075 [ 79 ] {} <Debug> DNSResolver: Updating DNS cache
2026.03.18 21:37:23.012981 [ 79 ] {} <Debug> DNSResolver: Updated DNS cache
2026.03.18 21:37:32.001252 [ 290 ] {} <Trace> AsynchronousMetrics: Update heavy metrics. Update period 1 sec. Update heavy metrics period 120 sec. Heavy metrics calculation elapsed: 0.000396149 sec.
2026.03.18 21:37:38.136295 [ 81 ] {} <Debug> DNSResolver: Updating DNS cache
2026.03.18 21:37:38.137819 [ 81 ] {} <Debug> DNSResolver: Updated DNS cache
2026.03.18 21:37:53.141104 [ 64 ] {} <Debug> DNSResolver: Updating DNS cache
2026.03.18 21:37:53.142385 [ 64 ] {} <Debug> DNSResolver: Updated DNS cache
2026.03.18 21:38:08.144323 [ 72 ] {} <Debug> DNSResolver: Updating DNS cache
2026.03.18 21:38:08.146394 [ 72 ] {} <Debug> DNSResolver: Updated DNS cache
2026.03.18 21:38:23.150967 [ 85 ] {} <Debug> DNSResolver: Updating DNS cache
2026.03.18 21:38:23.152715 [ 85 ] {} <Debug> DNSResolver: Updated DNS cache
2026.03.18 21:38:38.162332 [ 83 ] {} <Debug> DNSResolver: Updating DNS cache
2026.03.18 21:38:38.164149 [ 83 ] {} <Debug> DNSResolver: Updated DNS cache
2026.03.18 21:38:53.182992 [ 50 ] {} <Debug> DNSResolver: Updating DNS cache
2026.03.18 21:38:53.184461 [ 50 ] {} <Debug> DNSResolver: Updated DNS cache
2026.03.18 21:39:08.216846 [ 66 ] {} <Debug> DNSResolver: Updating DNS cache
2026.03.18 21:39:08.218218 [ 66 ] {} <Debug> DNSResolver: Updated DNS cache
2026.03.18 21:39:23.284265 [ 96 ] {} <Debug> DNSResolver: Updating DNS cache
2026.03.18 21:39:23.286184 [ 96 ] {} <Debug> DNSResolver: Updated DNS cache
2026.03.18 21:39:32.007956 [ 290 ] {} <Trace> AsynchronousMetrics: Update heavy metrics. Update period 1 sec. Update heavy metrics period 120 sec. Heavy metrics calculation elapsed: 0.00038581 sec.
2026.03.18 21:39:38.293083 [ 69 ] {} <Debug> DNSResolver: Updating DNS cache
2026.03.18 21:39:38.294508 [ 69 ] {} <Debug> DNSResolver: Updated DNS cache
2026.03.18 21:39:53.296721 [ 86 ] {} <Debug> DNSResolver: Updating DNS cache
2026.03.18 21:39:53.299144 [ 86 ] {} <Debug> DNSResolver: Updated DNS cache
2026.03.18 21:40:08.300421 [ 61 ] {} <Debug> DNSResolver: Updating DNS cache
2026.03.18 21:40:08.302260 [ 61 ] {} <Debug> DNSResolver: Updated DNS cache
2026.03.18 21:40:23.310058 [ 88 ] {} <Debug> DNSResolver: Updating DNS cache
2026.03.18 21:40:23.311612 [ 88 ] {} <Debug> DNSResolver: Updated DNS cache
2026.03.18 21:40:38.326370 [ 84 ] {} <Debug> DNSResolver: Updating DNS cache
2026.03.18 21:40:38.327704 [ 84 ] {} <Debug> DNSResolver: Updated DNS cache
2026.03.18 21:40:39.001616 [ 290 ] {} <Trace> AsynchronousMetrics: Scanning /sys/block
2026.03.18 21:40:53.328537 [ 75 ] {} <Debug> DNSResolver: Updating DNS cache
2026.03.18 21:40:53.330039 [ 75 ] {} <Debug> DNSResolver: Updated DNS cache
2026.03.18 21:41:08.330731 [ 80 ] {} <Debug> DNSResolver: Updating DNS cache
2026.03.18 21:41:08.332116 [ 80 ] {} <Debug> DNSResolver: Updated DNS cache
2026.03.18 21:41:23.342968 [ 51 ] {} <Debug> DNSResolver: Updating DNS cache
2026.03.18 21:41:23.344538 [ 51 ] {} <Debug> DNSResolver: Updated DNS cache
2026.03.18 21:41:32.006555 [ 290 ] {} <Trace> AsynchronousMetrics: Update heavy metrics. Update period 1 sec. Update heavy metrics period 120 sec. Heavy metrics calculation elapsed: 0.000385129 sec.
2026.03.18 21:41:38.393909 [ 77 ] {} <Debug> DNSResolver: Updating DNS cache
2026.03.18 21:41:38.395989 [ 77 ] {} <Debug> DNSResolver: Updated DNS cache
2026.03.18 21:41:53.448563 [ 78 ] {} <Debug> DNSResolver: Updating DNS cache
2026.03.18 21:41:53.451084 [ 78 ] {} <Debug> DNSResolver: Updated DNS cache
2026.03.18 21:42:08.452039 [ 97 ] {} <Debug> DNSResolver: Updating DNS cache
2026.03.18 21:42:08.453327 [ 97 ] {} <Debug> DNSResolver: Updated DNS cache
2026.03.18 21:42:23.454304 [ 60 ] {} <Debug> DNSResolver: Updating DNS cache
2026.03.18 21:42:23.455926 [ 60 ] {} <Debug> DNSResolver: Updated DNS cache
2026.03.18 21:42:38.457612 [ 87 ] {} <Debug> DNSResolver: Updating DNS cache
2026.03.18 21:42:38.459146 [ 87 ] {} <Debug> DNSResolver: Updated DNS cache
2026.03.18 21:42:53.462631 [ 90 ] {} <Debug> DNSResolver: Updating DNS cache
2026.03.18 21:42:53.464174 [ 90 ] {} <Debug> DNSResolver: Updated DNS cache
2026.03.18 21:43:08.478968 [ 93 ] {} <Debug> DNSResolver: Updating DNS cache
2026.03.18 21:43:08.480333 [ 93 ] {} <Debug> DNSResolver: Updated DNS cache
2026.03.18 21:43:23.493700 [ 103 ] {} <Debug> DNSResolver: Updating DNS cache
2026.03.18 21:43:23.495680 [ 103 ] {} <Debug> DNSResolver: Updated DNS cache
2026.03.18 21:43:32.008909 [ 290 ] {} <Trace> AsynchronousMetrics: Update heavy metrics. Update period 1 sec. Update heavy metrics period 120 sec. Heavy metrics calculation elapsed: 0.000188532 sec.
2026.03.18 21:43:38.495936 [ 92 ] {} <Debug> DNSResolver: Updating DNS cache
2026.03.18 21:43:38.497527 [ 92 ] {} <Debug> DNSResolver: Updated DNS cache
2026.03.18 21:43:53.520687 [ 95 ] {} <Debug> DNSResolver: Updating DNS cache
2026.03.18 21:43:53.522791 [ 95 ] {} <Debug> DNSResolver: Updated DNS cache
2026.03.18 21:44:08.534378 [ 101 ] {} <Debug> DNSResolver: Updating DNS cache
2026.03.18 21:44:08.535570 [ 101 ] {} <Debug> DNSResolver: Updated DNS cache
2026.03.18 21:44:23.543309 [ 104 ] {} <Debug> DNSResolver: Updating DNS cache
2026.03.18 21:44:23.545047 [ 104 ] {} <Debug> DNSResolver: Updated DNS cache
2026.03.18 21:44:38.546200 [ 99 ] {} <Debug> DNSResolver: Updating DNS cache
2026.03.18 21:44:38.548004 [ 99 ] {} <Debug> DNSResolver: Updated DNS cache
2026.03.18 21:44:53.558977 [ 102 ] {} <Debug> DNSResolver: Updating DNS cache
2026.03.18 21:44:53.560803 [ 102 ] {} <Debug> DNSResolver: Updated DNS cache
2026.03.18 21:45:08.651461 [ 113 ] {} <Debug> DNSResolver: Updating DNS cache
2026.03.18 21:45:08.652831 [ 113 ] {} <Debug> DNSResolver: Updated DNS cache
2026.03.18 21:45:23.697146 [ 105 ] {} <Debug> DNSResolver: Updating DNS cache
2026.03.18 21:45:23.698845 [ 105 ] {} <Debug> DNSResolver: Updated DNS cache
2026.03.18 21:45:32.005679 [ 290 ] {} <Trace> AsynchronousMetrics: Update heavy metrics. Update period 1 sec. Update heavy metrics period 120 sec. Heavy metrics calculation elapsed: 0.000350795 sec.
2026.03.18 21:45:38.877893 [ 98 ] {} <Debug> DNSResolver: Updating DNS cache
2026.03.18 21:45:38.879259 [ 98 ] {} <Debug> DNSResolver: Updated DNS cache
2026.03.18 21:45:39.006494 [ 290 ] {} <Trace> AsynchronousMetrics: Scanning /sys/block
2026.03.18 21:45:53.881449 [ 89 ] {} <Debug> DNSResolver: Updating DNS cache
2026.03.18 21:45:53.883154 [ 89 ] {} <Debug> DNSResolver: Updated DNS cache
2026.03.18 21:46:08.888953 [ 109 ] {} <Debug> DNSResolver: Updating DNS cache
2026.03.18 21:46:08.890339 [ 109 ] {} <Debug> DNSResolver: Updated DNS cache
2026.03.18 21:46:23.893500 [ 100 ] {} <Debug> DNSResolver: Updating DNS cache
2026.03.18 21:46:23.895318 [ 100 ] {} <Debug> DNSResolver: Updated DNS cache
2026.03.18 21:46:38.931444 [ 107 ] {} <Debug> DNSResolver: Updating DNS cache
2026.03.18 21:46:38.933040 [ 107 ] {} <Debug> DNSResolver: Updated DNS cache
2026.03.18 21:46:53.948222 [ 110 ] {} <Debug> DNSResolver: Updating DNS cache
2026.03.18 21:46:53.950096 [ 110 ] {} <Debug> DNSResolver: Updated DNS cache
2026.03.18 21:47:09.088109 [ 108 ] {} <Debug> DNSResolver: Updating DNS cache
2026.03.18 21:47:09.089424 [ 108 ] {} <Debug> DNSResolver: Updated DNS cache
2026.03.18 21:47:24.090924 [ 121 ] {} <Debug> DNSResolver: Updating DNS cache
2026.03.18 21:47:24.093015 [ 121 ] {} <Debug> DNSResolver: Updated DNS cache
2026.03.18 21:47:32.003572 [ 290 ] {} <Trace> AsynchronousMetrics: Update heavy metrics. Update period 1 sec. Update heavy metrics period 120 sec. Heavy metrics calculation elapsed: 0.000241681 sec.
2026.03.18 21:47:39.213299 [ 124 ] {} <Debug> DNSResolver: Updating DNS cache
2026.03.18 21:47:39.214843 [ 124 ] {} <Debug> DNSResolver: Updated DNS cache
2026.03.18 21:47:54.259106 [ 163 ] {} <Debug> DNSResolver: Updating DNS cache
2026.03.18 21:47:54.260372 [ 163 ] {} <Debug> DNSResolver: Updated DNS cache
2026.03.18 21:48:09.261146 [ 119 ] {} <Debug> DNSResolver: Updating DNS cache
2026.03.18 21:48:09.262264 [ 119 ] {} <Debug> DNSResolver: Updated DNS cache
2026.03.18 21:48:12.942055 [ 287 ] {} <Debug> DDLWorker: Scheduling tasks
2026.03.18 21:48:12.942105 [ 285 ] {} <Debug> DDLWorker: Cleaning queue
2026.03.18 21:48:12.942852 [ 287 ] {} <Trace> DDLWorker: scheduleTasks: initialized=true, size_before_filtering=13, queue_size=13, entries=query-0000000000..query-0000000012, first_failed_task_name=none, current_tasks_size=1, last_current_task=query-0000000011, last_skipped_entry_name=none
2026.03.18 21:48:12.942865 [ 287 ] {} <Debug> DDLWorker: Will schedule 1 tasks starting from query-0000000012
2026.03.18 21:48:12.942870 [ 287 ] {} <Trace> DDLWorker: Checking task query-0000000012
2026.03.18 21:48:12.972141 [ 287 ] {} <Debug> DDLWorker: Processing task query-0000000012 (CREATE TABLE IF NOT EXISTS test.teachers UUID 'd8702f36-9aae-4b6a-afce-0d5dc09db043' (`teacher_id` String, `full_name` String, `email` String, `position` String, `degree` String, `hire_date` Date, `max_hours` UInt16, `current_hours` UInt16, `created_at` DateTime DEFAULT now()) ENGINE = Distributed(cluster_3shards, test, teachers_local, cityHash64(teacher_id)))
2026.03.18 21:48:12.988235 [ 287 ] {} <Debug> DDLWorker: Executing query: CREATE TABLE IF NOT EXISTS test.teachers UUID 'd8702f36-9aae-4b6a-afce-0d5dc09db043' (`teacher_id` String, `full_name` String, `email` String, `position` String, `degree` String, `hire_date` Date, `max_hours` UInt16, `current_hours` UInt16, `created_at` DateTime DEFAULT now()) ENGINE = Distributed(cluster_3shards, test, teachers_local, cityHash64(teacher_id))
2026.03.18 21:48:12.988419 [ 287 ] {d6fba5bd-76f1-498c-a015-465566c628f5} <Debug> executeQuery: (from 0.0.0.0:0, user: , initial_query_id: e4aa3806-7ebc-4551-b939-8220dac22488) /* ddl_entry=query-0000000012 */ CREATE TABLE IF NOT EXISTS test.teachers UUID 'd8702f36-9aae-4b6a-afce-0d5dc09db043' (`teacher_id` String, `full_name` String, `email` String, `position` String, `degree` String, `hire_date` Date, `max_hours` UInt16, `current_hours` UInt16, `created_at` DateTime DEFAULT now()) ENGINE = Distributed(cluster_3shards, test, teachers_local, cityHash64(teacher_id)) (stage: Complete)
2026.03.18 21:48:12.989302 [ 287 ] {d6fba5bd-76f1-498c-a015-465566c628f5} <Debug> StorageDistributed (teachers): Auto-increment is 0
2026.03.18 21:48:12.996323 [ 287 ] {d6fba5bd-76f1-498c-a015-465566c628f5} <Debug> DDLWorker: Executed query: /* ddl_entry=query-0000000012 */ CREATE TABLE IF NOT EXISTS test.teachers UUID 'd8702f36-9aae-4b6a-afce-0d5dc09db043' (`teacher_id` String, `full_name` String, `email` String, `position` String, `degree` String, `hire_date` Date, `max_hours` UInt16, `current_hours` UInt16, `created_at` DateTime DEFAULT now()) ENGINE = Distributed(cluster_3shards, test, teachers_local, cityHash64(teacher_id))
2026.03.18 21:48:13.003457 [ 287 ] {} <Debug> DDLWorker: Waiting for queue updates
2026.03.18 21:48:24.264494 [ 164 ] {} <Debug> DNSResolver: Updating DNS cache
2026.03.18 21:48:24.266236 [ 164 ] {} <Debug> DNSResolver: Updated DNS cache
2026.03.18 21:48:30.415012 [ 287 ] {} <Debug> DDLWorker: Scheduling tasks
2026.03.18 21:48:30.415112 [ 285 ] {} <Trace> DDLWorker: Too early to clean queue, will do it later.
2026.03.18 21:48:30.421567 [ 287 ] {} <Trace> DDLWorker: scheduleTasks: initialized=true, size_before_filtering=14, queue_size=14, entries=query-0000000000..query-0000000013, first_failed_task_name=none, current_tasks_size=1, last_current_task=query-0000000012, last_skipped_entry_name=none
2026.03.18 21:48:30.421582 [ 287 ] {} <Debug> DDLWorker: Will schedule 1 tasks starting from query-0000000013
2026.03.18 21:48:30.421586 [ 287 ] {} <Trace> DDLWorker: Checking task query-0000000013
2026.03.18 21:48:30.427439 [ 287 ] {} <Debug> DDLWorker: Processing task query-0000000013 (CREATE TABLE IF NOT EXISTS test.courses UUID '625b0ee8-a9a7-4b06-820e-980cf2523c32' (`course_code` String, `course_name` String, `credits` UInt8, `department_id` String, `semester` UInt8, `is_elective` UInt8, `created_at` DateTime DEFAULT now()) ENGINE = Distributed(cluster_3shards, test, courses_local, cityHash64(course_code)))
2026.03.18 21:48:30.445997 [ 287 ] {} <Debug> DDLWorker: Executing query: CREATE TABLE IF NOT EXISTS test.courses UUID '625b0ee8-a9a7-4b06-820e-980cf2523c32' (`course_code` String, `course_name` String, `credits` UInt8, `department_id` String, `semester` UInt8, `is_elective` UInt8, `created_at` DateTime DEFAULT now()) ENGINE = Distributed(cluster_3shards, test, courses_local, cityHash64(course_code))
2026.03.18 21:48:30.446158 [ 287 ] {2822eb3c-2f14-43f7-aae9-9f7d1ec39695} <Debug> executeQuery: (from 0.0.0.0:0, user: , initial_query_id: 52d6634d-bf54-4ca4-9877-f00bd059b146) /* ddl_entry=query-0000000013 */ CREATE TABLE IF NOT EXISTS test.courses UUID '625b0ee8-a9a7-4b06-820e-980cf2523c32' (`course_code` String, `course_name` String, `credits` UInt8, `department_id` String, `semester` UInt8, `is_elective` UInt8, `created_at` DateTime DEFAULT now()) ENGINE = Distributed(cluster_3shards, test, courses_local, cityHash64(course_code)) (stage: Complete)
2026.03.18 21:48:30.447146 [ 287 ] {2822eb3c-2f14-43f7-aae9-9f7d1ec39695} <Debug> StorageDistributed (courses): Auto-increment is 0
2026.03.18 21:48:30.454683 [ 287 ] {2822eb3c-2f14-43f7-aae9-9f7d1ec39695} <Debug> DDLWorker: Executed query: /* ddl_entry=query-0000000013 */ CREATE TABLE IF NOT EXISTS test.courses UUID '625b0ee8-a9a7-4b06-820e-980cf2523c32' (`course_code` String, `course_name` String, `credits` UInt8, `department_id` String, `semester` UInt8, `is_elective` UInt8, `created_at` DateTime DEFAULT now()) ENGINE = Distributed(cluster_3shards, test, courses_local, cityHash64(course_code))
2026.03.18 21:48:30.466373 [ 287 ] {} <Debug> DDLWorker: Waiting for queue updates
2026.03.18 21:48:39.310429 [ 150 ] {} <Debug> DNSResolver: Updating DNS cache
2026.03.18 21:48:39.312020 [ 150 ] {} <Debug> DNSResolver: Updated DNS cache
2026.03.18 21:48:48.255122 [ 285 ] {} <Trace> DDLWorker: Too early to clean queue, will do it later.
2026.03.18 21:48:48.255146 [ 287 ] {} <Debug> DDLWorker: Scheduling tasks
2026.03.18 21:48:48.269417 [ 287 ] {} <Trace> DDLWorker: scheduleTasks: initialized=true, size_before_filtering=15, queue_size=15, entries=query-0000000000..query-0000000014, first_failed_task_name=none, current_tasks_size=1, last_current_task=query-0000000013, last_skipped_entry_name=none
2026.03.18 21:48:48.269445 [ 287 ] {} <Debug> DDLWorker: Will schedule 1 tasks starting from query-0000000014
2026.03.18 21:48:48.269451 [ 287 ] {} <Trace> DDLWorker: Checking task query-0000000014
2026.03.18 21:48:48.271618 [ 287 ] {} <Debug> DDLWorker: Processing task query-0000000014 (CREATE TABLE IF NOT EXISTS test.schedule UUID 'ee333041-0f03-4848-94c5-3f511ee055d3' (`schedule_id` String, `group_code` String, `course_code` String, `teacher_id` String, `day_of_week` UInt8, `pair_number` UInt8, `week_type` String, `classroom` String, `semester` UInt8, `academic_year` String, `created_at` DateTime DEFAULT now()) ENGINE = Distributed(cluster_3shards, test, schedule_local, cityHash64(group_code)))
2026.03.18 21:48:48.277368 [ 287 ] {} <Debug> DDLWorker: Executing query: CREATE TABLE IF NOT EXISTS test.schedule UUID 'ee333041-0f03-4848-94c5-3f511ee055d3' (`schedule_id` String, `group_code` String, `course_code` String, `teacher_id` String, `day_of_week` UInt8, `pair_number` UInt8, `week_type` String, `classroom` String, `semester` UInt8, `academic_year` String, `created_at` DateTime DEFAULT now()) ENGINE = Distributed(cluster_3shards, test, schedule_local, cityHash64(group_code))
2026.03.18 21:48:48.277504 [ 287 ] {161d0d60-9f12-4ba8-a707-d2236544c9fe} <Debug> executeQuery: (from 0.0.0.0:0, user: , initial_query_id: 11751e11-faa5-4217-84c8-540a93f233d1) /* ddl_entry=query-0000000014 */ CREATE TABLE IF NOT EXISTS test.schedule UUID 'ee333041-0f03-4848-94c5-3f511ee055d3' (`schedule_id` String, `group_code` String, `course_code` String, `teacher_id` String, `day_of_week` UInt8, `pair_number` UInt8, `week_type` String, `classroom` String, `semester` UInt8, `academic_year` String, `created_at` DateTime DEFAULT now()) ENGINE = Distributed(cluster_3shards, test, schedule_local, cityHash64(group_code)) (stage: Complete)
2026.03.18 21:48:48.278806 [ 287 ] {161d0d60-9f12-4ba8-a707-d2236544c9fe} <Debug> StorageDistributed (schedule): Auto-increment is 0
2026.03.18 21:48:48.286312 [ 287 ] {161d0d60-9f12-4ba8-a707-d2236544c9fe} <Debug> DDLWorker: Executed query: /* ddl_entry=query-0000000014 */ CREATE TABLE IF NOT EXISTS test.schedule UUID 'ee333041-0f03-4848-94c5-3f511ee055d3' (`schedule_id` String, `group_code` String, `course_code` String, `teacher_id` String, `day_of_week` UInt8, `pair_number` UInt8, `week_type` String, `classroom` String, `semester` UInt8, `academic_year` String, `created_at` DateTime DEFAULT now()) ENGINE = Distributed(cluster_3shards, test, schedule_local, cityHash64(group_code))
2026.03.18 21:48:48.306945 [ 287 ] {} <Debug> DDLWorker: Waiting for queue updates
2026.03.18 21:48:54.312521 [ 126 ] {} <Debug> DNSResolver: Updating DNS cache
2026.03.18 21:48:54.314538 [ 126 ] {} <Debug> DNSResolver: Updated DNS cache
2026.03.18 21:49:09.315526 [ 133 ] {} <Debug> DNSResolver: Updating DNS cache
2026.03.18 21:49:09.317331 [ 133 ] {} <Debug> DNSResolver: Updated DNS cache
2026.03.18 21:49:24.354052 [ 120 ] {} <Debug> DNSResolver: Updating DNS cache
2026.03.18 21:49:24.355843 [ 120 ] {} <Debug> DNSResolver: Updated DNS cache
2026.03.18 21:49:32.003611 [ 290 ] {} <Trace> AsynchronousMetrics: Update heavy metrics. Update period 1 sec. Update heavy metrics period 120 sec. Heavy metrics calculation elapsed: 0.000438839 sec.
2026.03.18 21:49:39.361989 [ 166 ] {} <Debug> DNSResolver: Updating DNS cache
2026.03.18 21:49:39.395087 [ 166 ] {} <Debug> DNSResolver: Updated DNS cache
2026.03.18 21:49:54.447112 [ 171 ] {} <Debug> DNSResolver: Updating DNS cache
2026.03.18 21:49:54.449026 [ 171 ] {} <Debug> DNSResolver: Updated DNS cache
2026.03.18 21:50:09.479176 [ 148 ] {} <Debug> DNSResolver: Updating DNS cache
2026.03.18 21:50:09.481273 [ 148 ] {} <Debug> DNSResolver: Updated DNS cache
2026.03.18 21:50:23.299287 [ 287 ] {} <Debug> DDLWorker: Scheduling tasks
2026.03.18 21:50:23.299337 [ 285 ] {} <Debug> DDLWorker: Cleaning queue
2026.03.18 21:50:23.299981 [ 287 ] {} <Trace> DDLWorker: scheduleTasks: initialized=true, size_before_filtering=16, queue_size=16, entries=query-0000000000..query-0000000015, first_failed_task_name=none, current_tasks_size=1, last_current_task=query-0000000014, last_skipped_entry_name=none
2026.03.18 21:50:23.299994 [ 287 ] {} <Debug> DDLWorker: Will schedule 1 tasks starting from query-0000000015
2026.03.18 21:50:23.300000 [ 287 ] {} <Trace> DDLWorker: Checking task query-0000000015
2026.03.18 21:50:23.303184 [ 287 ] {} <Debug> DDLWorker: Processing task query-0000000015 (CREATE TABLE IF NOT EXISTS test.departments UUID '8b772cdf-f06e-44ad-92cf-94d4ed7f7742' (`department_id` String, `name` String, `type` String, `dean_name` String, `contact_email` String, `phone` String, `building` String, `created_at` DateTime DEFAULT now()) ENGINE = Distributed(cluster_3shards, test, departments_local, rand()))
2026.03.18 21:50:23.331773 [ 287 ] {} <Debug> DDLWorker: Executing query: CREATE TABLE IF NOT EXISTS test.departments UUID '8b772cdf-f06e-44ad-92cf-94d4ed7f7742' (`department_id` String, `name` String, `type` String, `dean_name` String, `contact_email` String, `phone` String, `building` String, `created_at` DateTime DEFAULT now()) ENGINE = Distributed(cluster_3shards, test, departments_local, rand())
2026.03.18 21:50:23.332242 [ 287 ] {7c512ec0-15cd-4043-9aeb-d547564df2bf} <Debug> executeQuery: (from 0.0.0.0:0, user: , initial_query_id: 78e4b235-c0ed-489f-b4b8-d7276b0753c2) /* ddl_entry=query-0000000015 */ CREATE TABLE IF NOT EXISTS test.departments UUID '8b772cdf-f06e-44ad-92cf-94d4ed7f7742' (`department_id` String, `name` String, `type` String, `dean_name` String, `contact_email` String, `phone` String, `building` String, `created_at` DateTime DEFAULT now()) ENGINE = Distributed(cluster_3shards, test, departments_local, rand()) (stage: Complete)
2026.03.18 21:50:23.333266 [ 287 ] {7c512ec0-15cd-4043-9aeb-d547564df2bf} <Debug> StorageDistributed (departments): Auto-increment is 0
2026.03.18 21:50:23.339992 [ 287 ] {7c512ec0-15cd-4043-9aeb-d547564df2bf} <Debug> DDLWorker: Executed query: /* ddl_entry=query-0000000015 */ CREATE TABLE IF NOT EXISTS test.departments UUID '8b772cdf-f06e-44ad-92cf-94d4ed7f7742' (`department_id` String, `name` String, `type` String, `dean_name` String, `contact_email` String, `phone` String, `building` String, `created_at` DateTime DEFAULT now()) ENGINE = Distributed(cluster_3shards, test, departments_local, rand())
2026.03.18 21:50:23.349116 [ 287 ] {} <Debug> DDLWorker: Waiting for queue updates
2026.03.18 21:50:24.497275 [ 167 ] {} <Debug> DNSResolver: Updating DNS cache
2026.03.18 21:50:24.499765 [ 167 ] {} <Debug> DNSResolver: Updated DNS cache
2026.03.18 21:50:39.013540 [ 290 ] {} <Trace> AsynchronousMetrics: Scanning /sys/block
2026.03.18 21:50:39.511188 [ 117 ] {} <Debug> DNSResolver: Updating DNS cache
2026.03.18 21:50:39.512361 [ 117 ] {} <Debug> DNSResolver: Updated DNS cache
2026.03.18 21:50:54.517170 [ 118 ] {} <Debug> DNSResolver: Updating DNS cache
2026.03.18 21:50:54.518408 [ 118 ] {} <Debug> DNSResolver: Updated DNS cache
2026.03.18 21:51:09.569906 [ 114 ] {} <Debug> DNSResolver: Updating DNS cache
2026.03.18 21:51:09.571136 [ 114 ] {} <Debug> DNSResolver: Updated DNS cache
2026.03.18 21:51:24.582225 [ 111 ] {} <Debug> DNSResolver: Updating DNS cache
2026.03.18 21:51:24.583513 [ 111 ] {} <Debug> DNSResolver: Updated DNS cache
2026.03.18 21:51:32.001184 [ 290 ] {} <Trace> AsynchronousMetrics: Update heavy metrics. Update period 1 sec. Update heavy metrics period 120 sec. Heavy metrics calculation elapsed: 0.000238906 sec.
2026.03.18 21:51:39.680270 [ 136 ] {} <Debug> DNSResolver: Updating DNS cache
2026.03.18 21:51:39.682244 [ 136 ] {} <Debug> DNSResolver: Updated DNS cache
2026.03.18 21:51:50.256814 [ 44 ] {} <Trace> TCPHandlerFactory: TCP Request. Address: 172.18.0.6:57708
2026.03.18 21:51:50.256950 [ 44 ] {} <Debug> TCPHandler: Connected ClickHouse server version 23.8.0, revision: 54465, user: default.
2026.03.18 21:51:50.256977 [ 44 ] {} <Debug> TCP-Session: 8fc074fa-5538-41aa-8316-8045d171ab08 Authenticating user 'default' from 172.18.0.6:57708
2026.03.18 21:51:50.256991 [ 44 ] {} <Debug> TCP-Session: 8fc074fa-5538-41aa-8316-8045d171ab08 Authenticated with global context as user 94309d50-4f52-5250-31bd-74fecac179db
2026.03.18 21:51:50.256997 [ 44 ] {} <Debug> TCP-Session: 8fc074fa-5538-41aa-8316-8045d171ab08 Creating session context with user_id: 94309d50-4f52-5250-31bd-74fecac179db
2026.03.18 21:51:50.257074 [ 44 ] {} <Trace> ContextAccess (default): Settings: readonly = 0, allow_ddl = true, allow_introspection_functions = false
2026.03.18 21:51:50.257089 [ 44 ] {} <Trace> ContextAccess (default): List of all grants: GRANT SHOW, SELECT, INSERT, ALTER, CREATE, DROP, UNDROP TABLE, TRUNCATE, OPTIMIZE, BACKUP, KILL QUERY, KILL TRANSACTION, MOVE PARTITION BETWEEN SHARDS, SYSTEM, dictGet, displaySecretsInShowAndSelect, INTROSPECTION, SOURCES, CLUSTER ON *.*
2026.03.18 21:51:50.257096 [ 44 ] {} <Trace> ContextAccess (default): List of all grants including implicit: GRANT SHOW, SELECT, INSERT, ALTER, CREATE, DROP, UNDROP TABLE, TRUNCATE, OPTIMIZE, BACKUP, KILL QUERY, KILL TRANSACTION, MOVE PARTITION BETWEEN SHARDS, SYSTEM, dictGet, displaySecretsInShowAndSelect, INTROSPECTION, SOURCES, CLUSTER ON *.*
2026.03.18 21:51:50.258047 [ 44 ] {} <Trace> TCP-Session: 8fc074fa-5538-41aa-8316-8045d171ab08 Creating query context from session context, user_id: 94309d50-4f52-5250-31bd-74fecac179db, parent context user: default
2026.03.18 21:51:50.258333 [ 44 ] {73530299-03d0-4342-9899-626c8a9fab26} <Debug> executeQuery: (from 172.18.0.6:57708, initial_query_id: a035cd40-9fe9-4882-9af4-fd292ed09f96) INSERT INTO test.departments_local (department_id, name, type, dean_name, contact_email, phone, building, created_at) VALUES (stage: Complete)
2026.03.18 21:51:50.258540 [ 44 ] {73530299-03d0-4342-9899-626c8a9fab26} <Trace> ContextAccess (default): Access granted: INSERT(department_id, name, type, dean_name, contact_email, phone, building, created_at) ON test.departments_local
2026.03.18 21:51:50.259363 [ 44 ] {73530299-03d0-4342-9899-626c8a9fab26} <Trace> test.departments_local (802852eb-3467-4b52-9c99-f19fc24aa9f9): Trying to reserve 1.00 MiB using storage policy from min volume index 0
2026.03.18 21:51:50.259383 [ 44 ] {73530299-03d0-4342-9899-626c8a9fab26} <Trace> DiskLocal: Reserved 1.00 MiB on local disk `default`, having unreserved 101.51 GiB.
2026.03.18 21:51:50.260037 [ 44 ] {73530299-03d0-4342-9899-626c8a9fab26} <Trace> MergedBlockOutputStream: filled checksums all_1_1_0 (state Temporary)
2026.03.18 21:51:50.260283 [ 44 ] {73530299-03d0-4342-9899-626c8a9fab26} <Trace> test.departments_local (802852eb-3467-4b52-9c99-f19fc24aa9f9): Renaming temporary part tmp_insert_all_1_1_0 to all_1_1_0 with tid (1, 1, 00000000-0000-0000-0000-000000000000).
2026.03.18 21:51:50.260378 [ 44 ] {73530299-03d0-4342-9899-626c8a9fab26} <Debug> executeQuery: Read 4 rows, 920.00 B in 0.002076 sec., 1926.7822736030828 rows/sec., 432.77 KiB/sec.
2026.03.18 21:51:50.260398 [ 44 ] {73530299-03d0-4342-9899-626c8a9fab26} <Debug> MemoryTracker: Peak memory usage (for query): 4.25 MiB.
2026.03.18 21:51:50.260402 [ 44 ] {73530299-03d0-4342-9899-626c8a9fab26} <Debug> TCPHandler: Processed in 0.002431106 sec.
2026.03.18 21:51:51.028676 [ 290 ] {} <Trace> AsynchronousMetrics: MemoryTracking: was 397.31 MiB, peak 401.53 MiB, free memory in arenas 5.37 MiB, will set to 395.88 MiB (RSS), difference: -1.43 MiB
2026.03.18 21:51:54.682590 [ 125 ] {} <Debug> DNSResolver: Updating DNS cache
2026.03.18 21:51:54.683963 [ 125 ] {} <Debug> DNSResolver: Updated DNS cache
2026.03.18 21:52:09.684367 [ 129 ] {} <Debug> DNSResolver: Updating DNS cache
2026.03.18 21:52:09.685641 [ 129 ] {} <Debug> DNSResolver: Updated DNS cache
2026.03.18 21:52:24.686212 [ 137 ] {} <Debug> DNSResolver: Updating DNS cache
2026.03.18 21:52:24.687980 [ 137 ] {} <Debug> DNSResolver: Updated DNS cache
2026.03.18 21:52:39.689119 [ 176 ] {} <Debug> DNSResolver: Updating DNS cache
2026.03.18 21:52:39.690709 [ 176 ] {} <Debug> DNSResolver: Updated DNS cache
2026.03.18 21:52:54.691479 [ 143 ] {} <Debug> DNSResolver: Updating DNS cache
2026.03.18 21:52:54.693146 [ 143 ] {} <Debug> DNSResolver: Updated DNS cache
2026.03.18 21:53:09.710777 [ 134 ] {} <Debug> DNSResolver: Updating DNS cache
2026.03.18 21:53:09.712698 [ 134 ] {} <Debug> DNSResolver: Updated DNS cache
2026.03.18 21:53:24.749232 [ 153 ] {} <Debug> DNSResolver: Updating DNS cache
2026.03.18 21:53:24.750948 [ 153 ] {} <Debug> DNSResolver: Updated DNS cache
2026.03.18 21:53:32.002348 [ 290 ] {} <Trace> AsynchronousMetrics: Update heavy metrics. Update period 1 sec. Update heavy metrics period 120 sec. Heavy metrics calculation elapsed: 0.000174836 sec.
2026.03.18 21:53:39.756620 [ 144 ] {} <Debug> DNSResolver: Updating DNS cache
2026.03.18 21:53:39.758547 [ 144 ] {} <Debug> DNSResolver: Updated DNS cache
2026.03.18 21:53:54.759253 [ 139 ] {} <Debug> DNSResolver: Updating DNS cache
2026.03.18 21:53:54.760980 [ 139 ] {} <Debug> DNSResolver: Updated DNS cache
2026.03.18 21:54:09.762185 [ 155 ] {} <Debug> DNSResolver: Updating DNS cache
2026.03.18 21:54:09.763907 [ 155 ] {} <Debug> DNSResolver: Updated DNS cache
2026.03.18 21:54:14.398865 [ 44 ] {} <Trace> TCP-Session: 8fc074fa-5538-41aa-8316-8045d171ab08 Creating query context from session context, user_id: 94309d50-4f52-5250-31bd-74fecac179db, parent context user: default
2026.03.18 21:54:14.399015 [ 44 ] {710c8c51-87df-4c56-aeb3-52b711a0117a} <Debug> executeQuery: (from 172.18.0.6:57708, initial_query_id: 1556da96-77e4-48ce-992a-1acae963f394) INSERT INTO test.teachers_local (teacher_id, full_name, email, position, degree, hire_date, max_hours, current_hours, created_at) VALUES (stage: Complete)
2026.03.18 21:54:14.399116 [ 44 ] {710c8c51-87df-4c56-aeb3-52b711a0117a} <Trace> ContextAccess (default): Access granted: INSERT(teacher_id, full_name, email, position, degree, hire_date, max_hours, current_hours, created_at) ON test.teachers_local
2026.03.18 21:54:14.400602 [ 44 ] {710c8c51-87df-4c56-aeb3-52b711a0117a} <Trace> test.teachers_local (e100a84f-1a8b-456d-baae-1ca19e5e5ecb): Trying to reserve 1.00 MiB using storage policy from min volume index 0
2026.03.18 21:54:14.400627 [ 44 ] {710c8c51-87df-4c56-aeb3-52b711a0117a} <Trace> DiskLocal: Reserved 1.00 MiB on local disk `default`, having unreserved 101.51 GiB.
2026.03.18 21:54:14.403017 [ 44 ] {710c8c51-87df-4c56-aeb3-52b711a0117a} <Trace> MergedBlockOutputStream: filled checksums 2011_1_1_0 (state Temporary)
2026.03.18 21:54:14.403479 [ 44 ] {710c8c51-87df-4c56-aeb3-52b711a0117a} <Trace> test.teachers_local (e100a84f-1a8b-456d-baae-1ca19e5e5ecb): Trying to reserve 1.00 MiB using storage policy from min volume index 0
2026.03.18 21:54:14.403495 [ 44 ] {710c8c51-87df-4c56-aeb3-52b711a0117a} <Trace> DiskLocal: Reserved 1.00 MiB on local disk `default`, having unreserved 101.51 GiB.
2026.03.18 21:54:14.403980 [ 44 ] {710c8c51-87df-4c56-aeb3-52b711a0117a} <Trace> MergedBlockOutputStream: filled checksums 2016_2_2_0 (state Temporary)
2026.03.18 21:54:14.404405 [ 44 ] {710c8c51-87df-4c56-aeb3-52b711a0117a} <Trace> test.teachers_local (e100a84f-1a8b-456d-baae-1ca19e5e5ecb): Renaming temporary part tmp_insert_2011_1_1_0 to 2011_1_1_0 with tid (1, 1, 00000000-0000-0000-0000-000000000000).
2026.03.18 21:54:14.404568 [ 44 ] {710c8c51-87df-4c56-aeb3-52b711a0117a} <Trace> test.teachers_local (e100a84f-1a8b-456d-baae-1ca19e5e5ecb): Trying to reserve 1.00 MiB using storage policy from min volume index 0
2026.03.18 21:54:14.404585 [ 44 ] {710c8c51-87df-4c56-aeb3-52b711a0117a} <Trace> DiskLocal: Reserved 1.00 MiB on local disk `default`, having unreserved 101.51 GiB.
2026.03.18 21:54:14.405305 [ 44 ] {710c8c51-87df-4c56-aeb3-52b711a0117a} <Trace> MergedBlockOutputStream: filled checksums 2020_3_3_0 (state Temporary)
2026.03.18 21:54:14.405634 [ 44 ] {710c8c51-87df-4c56-aeb3-52b711a0117a} <Trace> test.teachers_local (e100a84f-1a8b-456d-baae-1ca19e5e5ecb): Renaming temporary part tmp_insert_2016_2_2_0 to 2016_2_2_0 with tid (1, 1, 00000000-0000-0000-0000-000000000000).
2026.03.18 21:54:14.405746 [ 44 ] {710c8c51-87df-4c56-aeb3-52b711a0117a} <Trace> test.teachers_local (e100a84f-1a8b-456d-baae-1ca19e5e5ecb): Trying to reserve 1.00 MiB using storage policy from min volume index 0
2026.03.18 21:54:14.405759 [ 44 ] {710c8c51-87df-4c56-aeb3-52b711a0117a} <Trace> DiskLocal: Reserved 1.00 MiB on local disk `default`, having unreserved 101.51 GiB.
2026.03.18 21:54:14.407378 [ 44 ] {710c8c51-87df-4c56-aeb3-52b711a0117a} <Trace> MergedBlockOutputStream: filled checksums 2012_4_4_0 (state Temporary)
2026.03.18 21:54:14.407702 [ 44 ] {710c8c51-87df-4c56-aeb3-52b711a0117a} <Trace> test.teachers_local (e100a84f-1a8b-456d-baae-1ca19e5e5ecb): Renaming temporary part tmp_insert_2020_3_3_0 to 2020_3_3_0 with tid (1, 1, 00000000-0000-0000-0000-000000000000).
2026.03.18 21:54:14.407872 [ 44 ] {710c8c51-87df-4c56-aeb3-52b711a0117a} <Trace> test.teachers_local (e100a84f-1a8b-456d-baae-1ca19e5e5ecb): Trying to reserve 1.00 MiB using storage policy from min volume index 0
2026.03.18 21:54:14.407889 [ 44 ] {710c8c51-87df-4c56-aeb3-52b711a0117a} <Trace> DiskLocal: Reserved 1.00 MiB on local disk `default`, having unreserved 101.51 GiB.
2026.03.18 21:54:14.410732 [ 44 ] {710c8c51-87df-4c56-aeb3-52b711a0117a} <Trace> MergedBlockOutputStream: filled checksums 2015_5_5_0 (state Temporary)
2026.03.18 21:54:14.412138 [ 44 ] {710c8c51-87df-4c56-aeb3-52b711a0117a} <Trace> test.teachers_local (e100a84f-1a8b-456d-baae-1ca19e5e5ecb): Renaming temporary part tmp_insert_2012_4_4_0 to 2012_4_4_0 with tid (1, 1, 00000000-0000-0000-0000-000000000000).
2026.03.18 21:54:14.413618 [ 44 ] {710c8c51-87df-4c56-aeb3-52b711a0117a} <Trace> test.teachers_local (e100a84f-1a8b-456d-baae-1ca19e5e5ecb): Trying to reserve 1.00 MiB using storage policy from min volume index 0
2026.03.18 21:54:14.413637 [ 44 ] {710c8c51-87df-4c56-aeb3-52b711a0117a} <Trace> DiskLocal: Reserved 1.00 MiB on local disk `default`, having unreserved 101.51 GiB.
2026.03.18 21:54:14.415879 [ 44 ] {710c8c51-87df-4c56-aeb3-52b711a0117a} <Trace> MergedBlockOutputStream: filled checksums 2013_6_6_0 (state Temporary)
2026.03.18 21:54:14.416727 [ 44 ] {710c8c51-87df-4c56-aeb3-52b711a0117a} <Trace> test.teachers_local (e100a84f-1a8b-456d-baae-1ca19e5e5ecb): Renaming temporary part tmp_insert_2015_5_5_0 to 2015_5_5_0 with tid (1, 1, 00000000-0000-0000-0000-000000000000).
2026.03.18 21:54:14.419383 [ 44 ] {710c8c51-87df-4c56-aeb3-52b711a0117a} <Trace> test.teachers_local (e100a84f-1a8b-456d-baae-1ca19e5e5ecb): Trying to reserve 1.00 MiB using storage policy from min volume index 0
2026.03.18 21:54:14.419400 [ 44 ] {710c8c51-87df-4c56-aeb3-52b711a0117a} <Trace> DiskLocal: Reserved 1.00 MiB on local disk `default`, having unreserved 101.51 GiB.
2026.03.18 21:54:14.419811 [ 44 ] {710c8c51-87df-4c56-aeb3-52b711a0117a} <Trace> MergedBlockOutputStream: filled checksums 2014_7_7_0 (state Temporary)
2026.03.18 21:54:14.420266 [ 44 ] {710c8c51-87df-4c56-aeb3-52b711a0117a} <Trace> test.teachers_local (e100a84f-1a8b-456d-baae-1ca19e5e5ecb): Renaming temporary part tmp_insert_2013_6_6_0 to 2013_6_6_0 with tid (1, 1, 00000000-0000-0000-0000-000000000000).
2026.03.18 21:54:14.420426 [ 44 ] {710c8c51-87df-4c56-aeb3-52b711a0117a} <Trace> test.teachers_local (e100a84f-1a8b-456d-baae-1ca19e5e5ecb): Trying to reserve 1.00 MiB using storage policy from min volume index 0
2026.03.18 21:54:14.420443 [ 44 ] {710c8c51-87df-4c56-aeb3-52b711a0117a} <Trace> DiskLocal: Reserved 1.00 MiB on local disk `default`, having unreserved 101.51 GiB.
2026.03.18 21:54:14.421016 [ 44 ] {710c8c51-87df-4c56-aeb3-52b711a0117a} <Trace> MergedBlockOutputStream: filled checksums 2010_8_8_0 (state Temporary)
2026.03.18 21:54:14.421391 [ 44 ] {710c8c51-87df-4c56-aeb3-52b711a0117a} <Trace> test.teachers_local (e100a84f-1a8b-456d-baae-1ca19e5e5ecb): Renaming temporary part tmp_insert_2014_7_7_0 to 2014_7_7_0 with tid (1, 1, 00000000-0000-0000-0000-000000000000).
2026.03.18 21:54:14.421488 [ 44 ] {710c8c51-87df-4c56-aeb3-52b711a0117a} <Trace> test.teachers_local (e100a84f-1a8b-456d-baae-1ca19e5e5ecb): Trying to reserve 1.00 MiB using storage policy from min volume index 0
2026.03.18 21:54:14.421501 [ 44 ] {710c8c51-87df-4c56-aeb3-52b711a0117a} <Trace> DiskLocal: Reserved 1.00 MiB on local disk `default`, having unreserved 101.51 GiB.
2026.03.18 21:54:14.422145 [ 44 ] {710c8c51-87df-4c56-aeb3-52b711a0117a} <Trace> MergedBlockOutputStream: filled checksums 2019_9_9_0 (state Temporary)
2026.03.18 21:54:14.422467 [ 44 ] {710c8c51-87df-4c56-aeb3-52b711a0117a} <Trace> test.teachers_local (e100a84f-1a8b-456d-baae-1ca19e5e5ecb): Renaming temporary part tmp_insert_2010_8_8_0 to 2010_8_8_0 with tid (1, 1, 00000000-0000-0000-0000-000000000000).
2026.03.18 21:54:14.422700 [ 44 ] {710c8c51-87df-4c56-aeb3-52b711a0117a} <Trace> test.teachers_local (e100a84f-1a8b-456d-baae-1ca19e5e5ecb): Renaming temporary part tmp_insert_2019_9_9_0 to 2019_9_9_0 with tid (1, 1, 00000000-0000-0000-0000-000000000000).
2026.03.18 21:54:14.423191 [ 44 ] {710c8c51-87df-4c56-aeb3-52b711a0117a} <Debug> executeQuery: Read 30 rows, 4.23 KiB in 0.024229 sec., 1238.1856453010855 rows/sec., 174.56 KiB/sec.
2026.03.18 21:54:14.423340 [ 44 ] {710c8c51-87df-4c56-aeb3-52b711a0117a} <Debug> MemoryTracker: Peak memory usage (for query): 8.42 MiB.
2026.03.18 21:54:14.423348 [ 44 ] {710c8c51-87df-4c56-aeb3-52b711a0117a} <Debug> TCPHandler: Processed in 0.024553172 sec.
2026.03.18 21:54:24.764586 [ 131 ] {} <Debug> DNSResolver: Updating DNS cache
2026.03.18 21:54:24.766175 [ 131 ] {} <Debug> DNSResolver: Updated DNS cache
2026.03.18 21:54:39.785205 [ 173 ] {} <Debug> DNSResolver: Updating DNS cache
2026.03.18 21:54:39.786719 [ 173 ] {} <Debug> DNSResolver: Updated DNS cache
2026.03.18 21:54:54.799237 [ 56 ] {} <Debug> DNSResolver: Updating DNS cache
2026.03.18 21:54:54.800645 [ 56 ] {} <Debug> DNSResolver: Updated DNS cache
2026.03.18 21:55:09.878174 [ 237 ] {} <Debug> DNSResolver: Updating DNS cache
2026.03.18 21:55:09.879856 [ 237 ] {} <Debug> DNSResolver: Updated DNS cache
2026.03.18 21:55:19.705753 [ 44 ] {} <Trace> TCP-Session: 8fc074fa-5538-41aa-8316-8045d171ab08 Creating query context from session context, user_id: 94309d50-4f52-5250-31bd-74fecac179db, parent context user: default
2026.03.18 21:55:19.705868 [ 44 ] {c22fa4cf-c235-4c6d-904a-0cfc17068d92} <Debug> executeQuery: (from 172.18.0.6:57708, initial_query_id: 3816ca3f-d7a4-401a-a4ae-85bd91fe7820) INSERT INTO test.courses_local (course_code, course_name, credits, department_id, semester, is_elective, created_at) VALUES (stage: Complete)
2026.03.18 21:55:19.705957 [ 44 ] {c22fa4cf-c235-4c6d-904a-0cfc17068d92} <Trace> ContextAccess (default): Access granted: INSERT(course_code, course_name, credits, department_id, semester, is_elective, created_at) ON test.courses_local
2026.03.18 21:55:19.706588 [ 44 ] {c22fa4cf-c235-4c6d-904a-0cfc17068d92} <Trace> test.courses_local (459349ad-92fc-4b00-822f-1454403d3a61): Trying to reserve 1.00 MiB using storage policy from min volume index 0
2026.03.18 21:55:19.706610 [ 44 ] {c22fa4cf-c235-4c6d-904a-0cfc17068d92} <Trace> DiskLocal: Reserved 1.00 MiB on local disk `default`, having unreserved 101.51 GiB.
2026.03.18 21:55:19.707058 [ 44 ] {c22fa4cf-c235-4c6d-904a-0cfc17068d92} <Trace> MergedBlockOutputStream: filled checksums all_1_1_0 (state Temporary)
2026.03.18 21:55:19.707289 [ 44 ] {c22fa4cf-c235-4c6d-904a-0cfc17068d92} <Trace> test.courses_local (459349ad-92fc-4b00-822f-1454403d3a61): Renaming temporary part tmp_insert_all_1_1_0 to all_1_1_0 with tid (1, 1, 00000000-0000-0000-0000-000000000000).
2026.03.18 21:55:19.707391 [ 44 ] {c22fa4cf-c235-4c6d-904a-0cfc17068d92} <Debug> executeQuery: Read 31 rows, 2.59 KiB in 0.001562 sec., 19846.350832266326 rows/sec., 1.62 MiB/sec.
2026.03.18 21:55:19.707411 [ 44 ] {c22fa4cf-c235-4c6d-904a-0cfc17068d92} <Debug> MemoryTracker: Peak memory usage (for query): 4.24 MiB.
2026.03.18 21:55:19.707421 [ 44 ] {c22fa4cf-c235-4c6d-904a-0cfc17068d92} <Debug> TCPHandler: Processed in 0.001730948 sec.
2026.03.18 21:55:24.881385 [ 59 ] {} <Debug> DNSResolver: Updating DNS cache
2026.03.18 21:55:24.882871 [ 59 ] {} <Debug> DNSResolver: Updated DNS cache
2026.03.18 21:55:32.088547 [ 290 ] {} <Trace> AsynchronousMetrics: Update heavy metrics. Update period 1 sec. Update heavy metrics period 120 sec. Heavy metrics calculation elapsed: 0.000490545 sec.
2026.03.18 21:55:40.001144 [ 79 ] {} <Debug> DNSResolver: Updating DNS cache
2026.03.18 21:55:40.002888 [ 79 ] {} <Debug> DNSResolver: Updated DNS cache
2026.03.18 21:55:40.016996 [ 290 ] {} <Trace> AsynchronousMetrics: Scanning /sys/block
2026.03.18 21:55:44.447676 [ 44 ] {} <Trace> TCP-Session: 8fc074fa-5538-41aa-8316-8045d171ab08 Creating query context from session context, user_id: 94309d50-4f52-5250-31bd-74fecac179db, parent context user: default
2026.03.18 21:55:44.447866 [ 44 ] {14047a6a-62a1-4abd-80db-531793122a8d} <Debug> executeQuery: (from 172.18.0.6:57708, initial_query_id: af57622a-19d3-4037-8684-64be86508967) INSERT INTO test.students_local (student_id, full_name, birth_date, email, faculty_code, group_code, enrollment_year, status, gpa, created_at) VALUES (stage: Complete)
2026.03.18 21:55:44.447985 [ 44 ] {14047a6a-62a1-4abd-80db-531793122a8d} <Trace> ContextAccess (default): Access granted: INSERT(student_id, full_name, birth_date, email, faculty_code, group_code, enrollment_year, status, gpa, created_at) ON test.students_local
2026.03.18 21:55:44.449828 [ 44 ] {14047a6a-62a1-4abd-80db-531793122a8d} <Trace> test.students_local (adcc615b-4a80-499d-a267-5ed2e1cff73a): Trying to reserve 1.00 MiB using storage policy from min volume index 0
2026.03.18 21:55:44.449853 [ 44 ] {14047a6a-62a1-4abd-80db-531793122a8d} <Trace> DiskLocal: Reserved 1.00 MiB on local disk `default`, having unreserved 101.51 GiB.
2026.03.18 21:55:44.450395 [ 44 ] {14047a6a-62a1-4abd-80db-531793122a8d} <Trace> MergedBlockOutputStream: filled checksums 2022_1_1_0 (state Temporary)
2026.03.18 21:55:44.450765 [ 44 ] {14047a6a-62a1-4abd-80db-531793122a8d} <Trace> test.students_local (adcc615b-4a80-499d-a267-5ed2e1cff73a): Trying to reserve 1.00 MiB using storage policy from min volume index 0
2026.03.18 21:55:44.450779 [ 44 ] {14047a6a-62a1-4abd-80db-531793122a8d} <Trace> DiskLocal: Reserved 1.00 MiB on local disk `default`, having unreserved 101.51 GiB.
2026.03.18 21:55:44.451187 [ 44 ] {14047a6a-62a1-4abd-80db-531793122a8d} <Trace> MergedBlockOutputStream: filled checksums 2021_2_2_0 (state Temporary)
2026.03.18 21:55:44.452220 [ 44 ] {14047a6a-62a1-4abd-80db-531793122a8d} <Trace> test.students_local (adcc615b-4a80-499d-a267-5ed2e1cff73a): Renaming temporary part tmp_insert_2022_1_1_0 to 2022_1_1_0 with tid (1, 1, 00000000-0000-0000-0000-000000000000).
2026.03.18 21:55:44.452578 [ 44 ] {14047a6a-62a1-4abd-80db-531793122a8d} <Trace> test.students_local (adcc615b-4a80-499d-a267-5ed2e1cff73a): Trying to reserve 1.00 MiB using storage policy from min volume index 0
2026.03.18 21:55:44.452594 [ 44 ] {14047a6a-62a1-4abd-80db-531793122a8d} <Trace> DiskLocal: Reserved 1.00 MiB on local disk `default`, having unreserved 101.51 GiB.
2026.03.18 21:55:44.452916 [ 44 ] {14047a6a-62a1-4abd-80db-531793122a8d} <Trace> MergedBlockOutputStream: filled checksums 2020_3_3_0 (state Temporary)
2026.03.18 21:55:44.453229 [ 44 ] {14047a6a-62a1-4abd-80db-531793122a8d} <Trace> test.students_local (adcc615b-4a80-499d-a267-5ed2e1cff73a): Renaming temporary part tmp_insert_2021_2_2_0 to 2021_2_2_0 with tid (1, 1, 00000000-0000-0000-0000-000000000000).
2026.03.18 21:55:44.453313 [ 44 ] {14047a6a-62a1-4abd-80db-531793122a8d} <Trace> test.students_local (adcc615b-4a80-499d-a267-5ed2e1cff73a): Trying to reserve 1.00 MiB using storage policy from min volume index 0
2026.03.18 21:55:44.453326 [ 44 ] {14047a6a-62a1-4abd-80db-531793122a8d} <Trace> DiskLocal: Reserved 1.00 MiB on local disk `default`, having unreserved 101.51 GiB.
2026.03.18 21:55:44.453636 [ 44 ] {14047a6a-62a1-4abd-80db-531793122a8d} <Trace> MergedBlockOutputStream: filled checksums 2023_4_4_0 (state Temporary)
2026.03.18 21:55:44.453936 [ 44 ] {14047a6a-62a1-4abd-80db-531793122a8d} <Trace> test.students_local (adcc615b-4a80-499d-a267-5ed2e1cff73a): Renaming temporary part tmp_insert_2020_3_3_0 to 2020_3_3_0 with tid (1, 1, 00000000-0000-0000-0000-000000000000).
2026.03.18 21:55:44.454036 [ 44 ] {14047a6a-62a1-4abd-80db-531793122a8d} <Trace> test.students_local (adcc615b-4a80-499d-a267-5ed2e1cff73a): Renaming temporary part tmp_insert_2023_4_4_0 to 2023_4_4_0 with tid (1, 1, 00000000-0000-0000-0000-000000000000).
2026.03.18 21:55:44.454135 [ 44 ] {14047a6a-62a1-4abd-80db-531793122a8d} <Debug> executeQuery: Read 348 rows, 55.20 KiB in 0.006344 sec., 54854.981084489285 rows/sec., 8.50 MiB/sec.
2026.03.18 21:55:44.454174 [ 44 ] {14047a6a-62a1-4abd-80db-531793122a8d} <Debug> MemoryTracker: Peak memory usage (for query): 8.61 MiB.
2026.03.18 21:55:44.454179 [ 44 ] {14047a6a-62a1-4abd-80db-531793122a8d} <Debug> TCPHandler: Processed in 0.00656898 sec.
2026.03.18 21:55:55.003840 [ 61 ] {} <Debug> DNSResolver: Updating DNS cache
2026.03.18 21:55:55.005461 [ 61 ] {} <Debug> DNSResolver: Updated DNS cache
2026.03.18 21:56:02.054930 [ 44 ] {} <Trace> TCP-Session: 8fc074fa-5538-41aa-8316-8045d171ab08 Creating query context from session context, user_id: 94309d50-4f52-5250-31bd-74fecac179db, parent context user: default
2026.03.18 21:56:02.055064 [ 44 ] {b8f79290-b391-4dce-9ea0-446bb43dae86} <Debug> executeQuery: (from 172.18.0.6:57708, initial_query_id: 8b70d831-845e-4471-9443-5443e6303ef4) INSERT INTO test.grades_local (grade_id, student_id, course_code, grade, grade_type, grade_date, semester, academic_year, created_at) VALUES (stage: Complete)
2026.03.18 21:56:02.055208 [ 44 ] {b8f79290-b391-4dce-9ea0-446bb43dae86} <Trace> ContextAccess (default): Access granted: INSERT(grade_id, student_id, course_code, grade, grade_type, grade_date, semester, academic_year, created_at) ON test.grades_local
2026.03.18 21:56:02.057289 [ 44 ] {b8f79290-b391-4dce-9ea0-446bb43dae86} <Trace> test.grades_local (7b83862b-cceb-45e9-8ab9-cc0189ed0327): Trying to reserve 1.00 MiB using storage policy from min volume index 0
2026.03.18 21:56:02.057318 [ 44 ] {b8f79290-b391-4dce-9ea0-446bb43dae86} <Trace> DiskLocal: Reserved 1.00 MiB on local disk `default`, having unreserved 101.51 GiB.
2026.03.18 21:56:02.057811 [ 44 ] {b8f79290-b391-4dce-9ea0-446bb43dae86} <Trace> MergedBlockOutputStream: filled checksums 202211_1_1_0 (state Temporary)
2026.03.18 21:56:02.058142 [ 44 ] {b8f79290-b391-4dce-9ea0-446bb43dae86} <Trace> test.grades_local (7b83862b-cceb-45e9-8ab9-cc0189ed0327): Trying to reserve 1.00 MiB using storage policy from min volume index 0
2026.03.18 21:56:02.058157 [ 44 ] {b8f79290-b391-4dce-9ea0-446bb43dae86} <Trace> DiskLocal: Reserved 1.00 MiB on local disk `default`, having unreserved 101.51 GiB.
2026.03.18 21:56:02.058759 [ 44 ] {b8f79290-b391-4dce-9ea0-446bb43dae86} <Trace> MergedBlockOutputStream: filled checksums 202311_2_2_0 (state Temporary)
2026.03.18 21:56:02.059138 [ 44 ] {b8f79290-b391-4dce-9ea0-446bb43dae86} <Trace> test.grades_local (7b83862b-cceb-45e9-8ab9-cc0189ed0327): Renaming temporary part tmp_insert_202211_1_1_0 to 202211_1_1_0 with tid (1, 1, 00000000-0000-0000-0000-000000000000).
2026.03.18 21:56:02.059235 [ 44 ] {b8f79290-b391-4dce-9ea0-446bb43dae86} <Trace> test.grades_local (7b83862b-cceb-45e9-8ab9-cc0189ed0327): Trying to reserve 1.00 MiB using storage policy from min volume index 0
2026.03.18 21:56:02.059247 [ 44 ] {b8f79290-b391-4dce-9ea0-446bb43dae86} <Trace> DiskLocal: Reserved 1.00 MiB on local disk `default`, having unreserved 101.51 GiB.
2026.03.18 21:56:02.059577 [ 44 ] {b8f79290-b391-4dce-9ea0-446bb43dae86} <Trace> MergedBlockOutputStream: filled checksums 202312_3_3_0 (state Temporary)
2026.03.18 21:56:02.060017 [ 44 ] {b8f79290-b391-4dce-9ea0-446bb43dae86} <Trace> test.grades_local (7b83862b-cceb-45e9-8ab9-cc0189ed0327): Renaming temporary part tmp_insert_202311_2_2_0 to 202311_2_2_0 with tid (1, 1, 00000000-0000-0000-0000-000000000000).
2026.03.18 21:56:02.060192 [ 44 ] {b8f79290-b391-4dce-9ea0-446bb43dae86} <Trace> test.grades_local (7b83862b-cceb-45e9-8ab9-cc0189ed0327): Trying to reserve 1.00 MiB using storage policy from min volume index 0
2026.03.18 21:56:02.060216 [ 44 ] {b8f79290-b391-4dce-9ea0-446bb43dae86} <Trace> DiskLocal: Reserved 1.00 MiB on local disk `default`, having unreserved 101.51 GiB.
2026.03.18 21:56:02.060535 [ 44 ] {b8f79290-b391-4dce-9ea0-446bb43dae86} <Trace> MergedBlockOutputStream: filled checksums 202301_4_4_0 (state Temporary)
2026.03.18 21:56:02.060850 [ 44 ] {b8f79290-b391-4dce-9ea0-446bb43dae86} <Trace> test.grades_local (7b83862b-cceb-45e9-8ab9-cc0189ed0327): Renaming temporary part tmp_insert_202312_3_3_0 to 202312_3_3_0 with tid (1, 1, 00000000-0000-0000-0000-000000000000).
2026.03.18 21:56:02.060986 [ 44 ] {b8f79290-b391-4dce-9ea0-446bb43dae86} <Trace> test.grades_local (7b83862b-cceb-45e9-8ab9-cc0189ed0327): Trying to reserve 1.00 MiB using storage policy from min volume index 0
2026.03.18 21:56:02.061002 [ 44 ] {b8f79290-b391-4dce-9ea0-446bb43dae86} <Trace> DiskLocal: Reserved 1.00 MiB on local disk `default`, having unreserved 101.51 GiB.
2026.03.18 21:56:02.061343 [ 44 ] {b8f79290-b391-4dce-9ea0-446bb43dae86} <Trace> MergedBlockOutputStream: filled checksums 202307_5_5_0 (state Temporary)
2026.03.18 21:56:02.061669 [ 44 ] {b8f79290-b391-4dce-9ea0-446bb43dae86} <Trace> test.grades_local (7b83862b-cceb-45e9-8ab9-cc0189ed0327): Renaming temporary part tmp_insert_202301_4_4_0 to 202301_4_4_0 with tid (1, 1, 00000000-0000-0000-0000-000000000000).
2026.03.18 21:56:02.061811 [ 44 ] {b8f79290-b391-4dce-9ea0-446bb43dae86} <Trace> test.grades_local (7b83862b-cceb-45e9-8ab9-cc0189ed0327): Trying to reserve 1.00 MiB using storage policy from min volume index 0
2026.03.18 21:56:02.061824 [ 44 ] {b8f79290-b391-4dce-9ea0-446bb43dae86} <Trace> DiskLocal: Reserved 1.00 MiB on local disk `default`, having unreserved 101.51 GiB.
2026.03.18 21:56:02.062113 [ 44 ] {b8f79290-b391-4dce-9ea0-446bb43dae86} <Trace> MergedBlockOutputStream: filled checksums 202402_6_6_0 (state Temporary)
2026.03.18 21:56:02.062529 [ 44 ] {b8f79290-b391-4dce-9ea0-446bb43dae86} <Trace> test.grades_local (7b83862b-cceb-45e9-8ab9-cc0189ed0327): Renaming temporary part tmp_insert_202307_5_5_0 to 202307_5_5_0 with tid (1, 1, 00000000-0000-0000-0000-000000000000).
2026.03.18 21:56:02.062829 [ 44 ] {b8f79290-b391-4dce-9ea0-446bb43dae86} <Trace> test.grades_local (7b83862b-cceb-45e9-8ab9-cc0189ed0327): Trying to reserve 1.00 MiB using storage policy from min volume index 0
2026.03.18 21:56:02.062846 [ 44 ] {b8f79290-b391-4dce-9ea0-446bb43dae86} <Trace> DiskLocal: Reserved 1.00 MiB on local disk `default`, having unreserved 101.51 GiB.
2026.03.18 21:56:02.063263 [ 44 ] {b8f79290-b391-4dce-9ea0-446bb43dae86} <Trace> MergedBlockOutputStream: filled checksums 202212_7_7_0 (state Temporary)
2026.03.18 21:56:02.063524 [ 44 ] {b8f79290-b391-4dce-9ea0-446bb43dae86} <Trace> test.grades_local (7b83862b-cceb-45e9-8ab9-cc0189ed0327): Renaming temporary part tmp_insert_202402_6_6_0 to 202402_6_6_0 with tid (1, 1, 00000000-0000-0000-0000-000000000000).
2026.03.18 21:56:02.063665 [ 44 ] {b8f79290-b391-4dce-9ea0-446bb43dae86} <Trace> test.grades_local (7b83862b-cceb-45e9-8ab9-cc0189ed0327): Trying to reserve 1.00 MiB using storage policy from min volume index 0
2026.03.18 21:56:02.063678 [ 44 ] {b8f79290-b391-4dce-9ea0-446bb43dae86} <Trace> DiskLocal: Reserved 1.00 MiB on local disk `default`, having unreserved 101.51 GiB.
2026.03.18 21:56:02.063996 [ 44 ] {b8f79290-b391-4dce-9ea0-446bb43dae86} <Trace> MergedBlockOutputStream: filled checksums 202308_8_8_0 (state Temporary)
2026.03.18 21:56:02.064489 [ 44 ] {b8f79290-b391-4dce-9ea0-446bb43dae86} <Trace> test.grades_local (7b83862b-cceb-45e9-8ab9-cc0189ed0327): Renaming temporary part tmp_insert_202212_7_7_0 to 202212_7_7_0 with tid (1, 1, 00000000-0000-0000-0000-000000000000).
2026.03.18 21:56:02.064582 [ 44 ] {b8f79290-b391-4dce-9ea0-446bb43dae86} <Trace> test.grades_local (7b83862b-cceb-45e9-8ab9-cc0189ed0327): Trying to reserve 1.00 MiB using storage policy from min volume index 0
2026.03.18 21:56:02.064599 [ 44 ] {b8f79290-b391-4dce-9ea0-446bb43dae86} <Trace> DiskLocal: Reserved 1.00 MiB on local disk `default`, having unreserved 101.51 GiB.
2026.03.18 21:56:02.064905 [ 44 ] {b8f79290-b391-4dce-9ea0-446bb43dae86} <Trace> MergedBlockOutputStream: filled checksums 202406_9_9_0 (state Temporary)
2026.03.18 21:56:02.065207 [ 44 ] {b8f79290-b391-4dce-9ea0-446bb43dae86} <Trace> test.grades_local (7b83862b-cceb-45e9-8ab9-cc0189ed0327): Renaming temporary part tmp_insert_202308_8_8_0 to 202308_8_8_0 with tid (1, 1, 00000000-0000-0000-0000-000000000000).
2026.03.18 21:56:02.065323 [ 44 ] {b8f79290-b391-4dce-9ea0-446bb43dae86} <Trace> test.grades_local (7b83862b-cceb-45e9-8ab9-cc0189ed0327): Trying to reserve 1.00 MiB using storage policy from min volume index 0
2026.03.18 21:56:02.065335 [ 44 ] {b8f79290-b391-4dce-9ea0-446bb43dae86} <Trace> DiskLocal: Reserved 1.00 MiB on local disk `default`, having unreserved 101.51 GiB.
2026.03.18 21:56:02.065621 [ 44 ] {b8f79290-b391-4dce-9ea0-446bb43dae86} <Trace> MergedBlockOutputStream: filled checksums 202408_10_10_0 (state Temporary)
2026.03.18 21:56:02.065902 [ 44 ] {b8f79290-b391-4dce-9ea0-446bb43dae86} <Trace> test.grades_local (7b83862b-cceb-45e9-8ab9-cc0189ed0327): Renaming temporary part tmp_insert_202406_9_9_0 to 202406_9_9_0 with tid (1, 1, 00000000-0000-0000-0000-000000000000).
2026.03.18 21:56:02.065992 [ 44 ] {b8f79290-b391-4dce-9ea0-446bb43dae86} <Trace> test.grades_local (7b83862b-cceb-45e9-8ab9-cc0189ed0327): Trying to reserve 1.00 MiB using storage policy from min volume index 0
2026.03.18 21:56:02.066003 [ 44 ] {b8f79290-b391-4dce-9ea0-446bb43dae86} <Trace> DiskLocal: Reserved 1.00 MiB on local disk `default`, having unreserved 101.51 GiB.
2026.03.18 21:56:02.066274 [ 44 ] {b8f79290-b391-4dce-9ea0-446bb43dae86} <Trace> MergedBlockOutputStream: filled checksums 202410_11_11_0 (state Temporary)
2026.03.18 21:56:02.066574 [ 44 ] {b8f79290-b391-4dce-9ea0-446bb43dae86} <Trace> test.grades_local (7b83862b-cceb-45e9-8ab9-cc0189ed0327): Renaming temporary part tmp_insert_202408_10_10_0 to 202408_10_10_0 with tid (1, 1, 00000000-0000-0000-0000-000000000000).
2026.03.18 21:56:02.066668 [ 44 ] {b8f79290-b391-4dce-9ea0-446bb43dae86} <Trace> test.grades_local (7b83862b-cceb-45e9-8ab9-cc0189ed0327): Trying to reserve 1.00 MiB using storage policy from min volume index 0
2026.03.18 21:56:02.066680 [ 44 ] {b8f79290-b391-4dce-9ea0-446bb43dae86} <Trace> DiskLocal: Reserved 1.00 MiB on local disk `default`, having unreserved 101.51 GiB.
2026.03.18 21:56:02.067005 [ 44 ] {b8f79290-b391-4dce-9ea0-446bb43dae86} <Trace> MergedBlockOutputStream: filled checksums 202309_12_12_0 (state Temporary)
2026.03.18 21:56:02.067284 [ 44 ] {b8f79290-b391-4dce-9ea0-446bb43dae86} <Trace> test.grades_local (7b83862b-cceb-45e9-8ab9-cc0189ed0327): Renaming temporary part tmp_insert_202410_11_11_0 to 202410_11_11_0 with tid (1, 1, 00000000-0000-0000-0000-000000000000).
2026.03.18 21:56:02.067372 [ 44 ] {b8f79290-b391-4dce-9ea0-446bb43dae86} <Trace> test.grades_local (7b83862b-cceb-45e9-8ab9-cc0189ed0327): Trying to reserve 1.00 MiB using storage policy from min volume index 0
2026.03.18 21:56:02.067383 [ 44 ] {b8f79290-b391-4dce-9ea0-446bb43dae86} <Trace> DiskLocal: Reserved 1.00 MiB on local disk `default`, having unreserved 101.51 GiB.
2026.03.18 21:56:02.068539 [ 44 ] {b8f79290-b391-4dce-9ea0-446bb43dae86} <Trace> MergedBlockOutputStream: filled checksums 202305_13_13_0 (state Temporary)
2026.03.18 21:56:02.068816 [ 44 ] {b8f79290-b391-4dce-9ea0-446bb43dae86} <Trace> test.grades_local (7b83862b-cceb-45e9-8ab9-cc0189ed0327): Renaming temporary part tmp_insert_202309_12_12_0 to 202309_12_12_0 with tid (1, 1, 00000000-0000-0000-0000-000000000000).
2026.03.18 21:56:02.069023 [ 44 ] {b8f79290-b391-4dce-9ea0-446bb43dae86} <Trace> test.grades_local (7b83862b-cceb-45e9-8ab9-cc0189ed0327): Trying to reserve 1.00 MiB using storage policy from min volume index 0
2026.03.18 21:56:02.069042 [ 44 ] {b8f79290-b391-4dce-9ea0-446bb43dae86} <Trace> DiskLocal: Reserved 1.00 MiB on local disk `default`, having unreserved 101.51 GiB.
2026.03.18 21:56:02.069359 [ 44 ] {b8f79290-b391-4dce-9ea0-446bb43dae86} <Trace> MergedBlockOutputStream: filled checksums 202310_14_14_0 (state Temporary)
2026.03.18 21:56:02.069680 [ 44 ] {b8f79290-b391-4dce-9ea0-446bb43dae86} <Trace> test.grades_local (7b83862b-cceb-45e9-8ab9-cc0189ed0327): Renaming temporary part tmp_insert_202305_13_13_0 to 202305_13_13_0 with tid (1, 1, 00000000-0000-0000-0000-000000000000).
2026.03.18 21:56:02.069760 [ 44 ] {b8f79290-b391-4dce-9ea0-446bb43dae86} <Trace> test.grades_local (7b83862b-cceb-45e9-8ab9-cc0189ed0327): Trying to reserve 1.00 MiB using storage policy from min volume index 0
2026.03.18 21:56:02.069771 [ 44 ] {b8f79290-b391-4dce-9ea0-446bb43dae86} <Trace> DiskLocal: Reserved 1.00 MiB on local disk `default`, having unreserved 101.51 GiB.
2026.03.18 21:56:02.070058 [ 44 ] {b8f79290-b391-4dce-9ea0-446bb43dae86} <Trace> MergedBlockOutputStream: filled checksums 202411_15_15_0 (state Temporary)
2026.03.18 21:56:02.070333 [ 44 ] {b8f79290-b391-4dce-9ea0-446bb43dae86} <Trace> test.grades_local (7b83862b-cceb-45e9-8ab9-cc0189ed0327): Renaming temporary part tmp_insert_202310_14_14_0 to 202310_14_14_0 with tid (1, 1, 00000000-0000-0000-0000-000000000000).
2026.03.18 21:56:02.070623 [ 44 ] {b8f79290-b391-4dce-9ea0-446bb43dae86} <Trace> test.grades_local (7b83862b-cceb-45e9-8ab9-cc0189ed0327): Trying to reserve 1.00 MiB using storage policy from min volume index 0
2026.03.18 21:56:02.070636 [ 44 ] {b8f79290-b391-4dce-9ea0-446bb43dae86} <Trace> DiskLocal: Reserved 1.00 MiB on local disk `default`, having unreserved 101.51 GiB.
2026.03.18 21:56:02.071186 [ 44 ] {b8f79290-b391-4dce-9ea0-446bb43dae86} <Trace> MergedBlockOutputStream: filled checksums 202306_16_16_0 (state Temporary)
2026.03.18 21:56:02.071502 [ 44 ] {b8f79290-b391-4dce-9ea0-446bb43dae86} <Trace> test.grades_local (7b83862b-cceb-45e9-8ab9-cc0189ed0327): Renaming temporary part tmp_insert_202411_15_15_0 to 202411_15_15_0 with tid (1, 1, 00000000-0000-0000-0000-000000000000).
2026.03.18 21:56:02.073050 [ 44 ] {b8f79290-b391-4dce-9ea0-446bb43dae86} <Trace> test.grades_local (7b83862b-cceb-45e9-8ab9-cc0189ed0327): Trying to reserve 1.00 MiB using storage policy from min volume index 0
2026.03.18 21:56:02.073068 [ 44 ] {b8f79290-b391-4dce-9ea0-446bb43dae86} <Trace> DiskLocal: Reserved 1.00 MiB on local disk `default`, having unreserved 101.51 GiB.
2026.03.18 21:56:02.073447 [ 44 ] {b8f79290-b391-4dce-9ea0-446bb43dae86} <Trace> MergedBlockOutputStream: filled checksums 202407_17_17_0 (state Temporary)
2026.03.18 21:56:02.075335 [ 44 ] {b8f79290-b391-4dce-9ea0-446bb43dae86} <Trace> test.grades_local (7b83862b-cceb-45e9-8ab9-cc0189ed0327): Renaming temporary part tmp_insert_202306_16_16_0 to 202306_16_16_0 with tid (1, 1, 00000000-0000-0000-0000-000000000000).
2026.03.18 21:56:02.075441 [ 44 ] {b8f79290-b391-4dce-9ea0-446bb43dae86} <Trace> test.grades_local (7b83862b-cceb-45e9-8ab9-cc0189ed0327): Trying to reserve 1.00 MiB using storage policy from min volume index 0
2026.03.18 21:56:02.075453 [ 44 ] {b8f79290-b391-4dce-9ea0-446bb43dae86} <Trace> DiskLocal: Reserved 1.00 MiB on local disk `default`, having unreserved 101.51 GiB.
2026.03.18 21:56:02.076352 [ 44 ] {b8f79290-b391-4dce-9ea0-446bb43dae86} <Trace> MergedBlockOutputStream: filled checksums 202405_18_18_0 (state Temporary)
2026.03.18 21:56:02.076614 [ 44 ] {b8f79290-b391-4dce-9ea0-446bb43dae86} <Trace> test.grades_local (7b83862b-cceb-45e9-8ab9-cc0189ed0327): Renaming temporary part tmp_insert_202407_17_17_0 to 202407_17_17_0 with tid (1, 1, 00000000-0000-0000-0000-000000000000).
2026.03.18 21:56:02.076704 [ 44 ] {b8f79290-b391-4dce-9ea0-446bb43dae86} <Trace> test.grades_local (7b83862b-cceb-45e9-8ab9-cc0189ed0327): Trying to reserve 1.00 MiB using storage policy from min volume index 0
2026.03.18 21:56:02.076717 [ 44 ] {b8f79290-b391-4dce-9ea0-446bb43dae86} <Trace> DiskLocal: Reserved 1.00 MiB on local disk `default`, having unreserved 101.51 GiB.
2026.03.18 21:56:02.078223 [ 44 ] {b8f79290-b391-4dce-9ea0-446bb43dae86} <Trace> MergedBlockOutputStream: filled checksums 202404_19_19_0 (state Temporary)
2026.03.18 21:56:02.078510 [ 44 ] {b8f79290-b391-4dce-9ea0-446bb43dae86} <Trace> test.grades_local (7b83862b-cceb-45e9-8ab9-cc0189ed0327): Renaming temporary part tmp_insert_202405_18_18_0 to 202405_18_18_0 with tid (1, 1, 00000000-0000-0000-0000-000000000000).
2026.03.18 21:56:02.079574 [ 44 ] {b8f79290-b391-4dce-9ea0-446bb43dae86} <Trace> test.grades_local (7b83862b-cceb-45e9-8ab9-cc0189ed0327): Trying to reserve 1.00 MiB using storage policy from min volume index 0
2026.03.18 21:56:02.079590 [ 44 ] {b8f79290-b391-4dce-9ea0-446bb43dae86} <Trace> DiskLocal: Reserved 1.00 MiB on local disk `default`, having unreserved 101.51 GiB.
2026.03.18 21:56:02.080548 [ 44 ] {b8f79290-b391-4dce-9ea0-446bb43dae86} <Trace> MergedBlockOutputStream: filled checksums 202302_20_20_0 (state Temporary)
2026.03.18 21:56:02.081376 [ 44 ] {b8f79290-b391-4dce-9ea0-446bb43dae86} <Trace> test.grades_local (7b83862b-cceb-45e9-8ab9-cc0189ed0327): Renaming temporary part tmp_insert_202404_19_19_0 to 202404_19_19_0 with tid (1, 1, 00000000-0000-0000-0000-000000000000).
2026.03.18 21:56:02.082614 [ 44 ] {b8f79290-b391-4dce-9ea0-446bb43dae86} <Trace> test.grades_local (7b83862b-cceb-45e9-8ab9-cc0189ed0327): Trying to reserve 1.00 MiB using storage policy from min volume index 0
2026.03.18 21:56:02.082631 [ 44 ] {b8f79290-b391-4dce-9ea0-446bb43dae86} <Trace> DiskLocal: Reserved 1.00 MiB on local disk `default`, having unreserved 101.51 GiB.
2026.03.18 21:56:02.083567 [ 44 ] {b8f79290-b391-4dce-9ea0-446bb43dae86} <Trace> MergedBlockOutputStream: filled checksums 202401_21_21_0 (state Temporary)
2026.03.18 21:56:02.083873 [ 44 ] {b8f79290-b391-4dce-9ea0-446bb43dae86} <Trace> test.grades_local (7b83862b-cceb-45e9-8ab9-cc0189ed0327): Renaming temporary part tmp_insert_202302_20_20_0 to 202302_20_20_0 with tid (1, 1, 00000000-0000-0000-0000-000000000000).
2026.03.18 21:56:02.084996 [ 44 ] {b8f79290-b391-4dce-9ea0-446bb43dae86} <Trace> test.grades_local (7b83862b-cceb-45e9-8ab9-cc0189ed0327): Trying to reserve 1.00 MiB using storage policy from min volume index 0
2026.03.18 21:56:02.085012 [ 44 ] {b8f79290-b391-4dce-9ea0-446bb43dae86} <Trace> DiskLocal: Reserved 1.00 MiB on local disk `default`, having unreserved 101.51 GiB.
2026.03.18 21:56:02.085322 [ 44 ] {b8f79290-b391-4dce-9ea0-446bb43dae86} <Trace> MergedBlockOutputStream: filled checksums 202210_22_22_0 (state Temporary)
2026.03.18 21:56:02.086962 [ 44 ] {b8f79290-b391-4dce-9ea0-446bb43dae86} <Trace> test.grades_local (7b83862b-cceb-45e9-8ab9-cc0189ed0327): Renaming temporary part tmp_insert_202401_21_21_0 to 202401_21_21_0 with tid (1, 1, 00000000-0000-0000-0000-000000000000).
2026.03.18 21:56:02.087790 [ 44 ] {b8f79290-b391-4dce-9ea0-446bb43dae86} <Trace> test.grades_local (7b83862b-cceb-45e9-8ab9-cc0189ed0327): Trying to reserve 1.00 MiB using storage policy from min volume index 0
2026.03.18 21:56:02.087804 [ 44 ] {b8f79290-b391-4dce-9ea0-446bb43dae86} <Trace> DiskLocal: Reserved 1.00 MiB on local disk `default`, having unreserved 101.51 GiB.
2026.03.18 21:56:02.088745 [ 44 ] {b8f79290-b391-4dce-9ea0-446bb43dae86} <Trace> MergedBlockOutputStream: filled checksums 202209_23_23_0 (state Temporary)
2026.03.18 21:56:02.089041 [ 44 ] {b8f79290-b391-4dce-9ea0-446bb43dae86} <Trace> test.grades_local (7b83862b-cceb-45e9-8ab9-cc0189ed0327): Renaming temporary part tmp_insert_202210_22_22_0 to 202210_22_22_0 with tid (1, 1, 00000000-0000-0000-0000-000000000000).
2026.03.18 21:56:02.089371 [ 44 ] {b8f79290-b391-4dce-9ea0-446bb43dae86} <Trace> test.grades_local (7b83862b-cceb-45e9-8ab9-cc0189ed0327): Trying to reserve 1.00 MiB using storage policy from min volume index 0
2026.03.18 21:56:02.089386 [ 44 ] {b8f79290-b391-4dce-9ea0-446bb43dae86} <Trace> DiskLocal: Reserved 1.00 MiB on local disk `default`, having unreserved 101.51 GiB.
2026.03.18 21:56:02.089720 [ 44 ] {b8f79290-b391-4dce-9ea0-446bb43dae86} <Trace> MergedBlockOutputStream: filled checksums 202303_24_24_0 (state Temporary)
2026.03.18 21:56:02.090451 [ 44 ] {b8f79290-b391-4dce-9ea0-446bb43dae86} <Trace> test.grades_local (7b83862b-cceb-45e9-8ab9-cc0189ed0327): Renaming temporary part tmp_insert_202209_23_23_0 to 202209_23_23_0 with tid (1, 1, 00000000-0000-0000-0000-000000000000).
2026.03.18 21:56:02.090562 [ 44 ] {b8f79290-b391-4dce-9ea0-446bb43dae86} <Trace> test.grades_local (7b83862b-cceb-45e9-8ab9-cc0189ed0327): Trying to reserve 1.00 MiB using storage policy from min volume index 0
2026.03.18 21:56:02.090574 [ 44 ] {b8f79290-b391-4dce-9ea0-446bb43dae86} <Trace> DiskLocal: Reserved 1.00 MiB on local disk `default`, having unreserved 101.51 GiB.
2026.03.18 21:56:02.091110 [ 44 ] {b8f79290-b391-4dce-9ea0-446bb43dae86} <Trace> MergedBlockOutputStream: filled checksums 202403_25_25_0 (state Temporary)
2026.03.18 21:56:02.106506 [ 44 ] {b8f79290-b391-4dce-9ea0-446bb43dae86} <Trace> test.grades_local (7b83862b-cceb-45e9-8ab9-cc0189ed0327): Renaming temporary part tmp_insert_202303_24_24_0 to 202303_24_24_0 with tid (1, 1, 00000000-0000-0000-0000-000000000000).
2026.03.18 21:56:02.106961 [ 44 ] {b8f79290-b391-4dce-9ea0-446bb43dae86} <Trace> test.grades_local (7b83862b-cceb-45e9-8ab9-cc0189ed0327): Trying to reserve 1.00 MiB using storage policy from min volume index 0
2026.03.18 21:56:02.106978 [ 44 ] {b8f79290-b391-4dce-9ea0-446bb43dae86} <Trace> DiskLocal: Reserved 1.00 MiB on local disk `default`, having unreserved 101.51 GiB.
2026.03.18 21:56:02.107310 [ 44 ] {b8f79290-b391-4dce-9ea0-446bb43dae86} <Trace> MergedBlockOutputStream: filled checksums 202409_26_26_0 (state Temporary)
2026.03.18 21:56:02.107643 [ 44 ] {b8f79290-b391-4dce-9ea0-446bb43dae86} <Trace> test.grades_local (7b83862b-cceb-45e9-8ab9-cc0189ed0327): Renaming temporary part tmp_insert_202403_25_25_0 to 202403_25_25_0 with tid (1, 1, 00000000-0000-0000-0000-000000000000).
2026.03.18 21:56:02.107898 [ 44 ] {b8f79290-b391-4dce-9ea0-446bb43dae86} <Trace> test.grades_local (7b83862b-cceb-45e9-8ab9-cc0189ed0327): Trying to reserve 1.00 MiB using storage policy from min volume index 0
2026.03.18 21:56:02.107911 [ 44 ] {b8f79290-b391-4dce-9ea0-446bb43dae86} <Trace> DiskLocal: Reserved 1.00 MiB on local disk `default`, having unreserved 101.51 GiB.
2026.03.18 21:56:02.108226 [ 44 ] {b8f79290-b391-4dce-9ea0-446bb43dae86} <Trace> MergedBlockOutputStream: filled checksums 202304_27_27_0 (state Temporary)
2026.03.18 21:56:02.108540 [ 44 ] {b8f79290-b391-4dce-9ea0-446bb43dae86} <Trace> test.grades_local (7b83862b-cceb-45e9-8ab9-cc0189ed0327): Renaming temporary part tmp_insert_202409_26_26_0 to 202409_26_26_0 with tid (1, 1, 00000000-0000-0000-0000-000000000000).
2026.03.18 21:56:02.108960 [ 44 ] {b8f79290-b391-4dce-9ea0-446bb43dae86} <Trace> test.grades_local (7b83862b-cceb-45e9-8ab9-cc0189ed0327): Renaming temporary part tmp_insert_202304_27_27_0 to 202304_27_27_0 with tid (1, 1, 00000000-0000-0000-0000-000000000000).
2026.03.18 21:56:02.109159 [ 44 ] {b8f79290-b391-4dce-9ea0-446bb43dae86} <Debug> executeQuery: Read 1710 rows, 147.80 KiB in 0.054142 sec., 31583.613460899116 rows/sec., 2.67 MiB/sec.
2026.03.18 21:56:02.109199 [ 44 ] {b8f79290-b391-4dce-9ea0-446bb43dae86} <Debug> MemoryTracker: Peak memory usage (for query): 9.03 MiB.
2026.03.18 21:56:02.109203 [ 44 ] {b8f79290-b391-4dce-9ea0-446bb43dae86} <Debug> TCPHandler: Processed in 0.054335775 sec.
2026.03.18 21:56:10.030166 [ 164 ] {} <Debug> DNSResolver: Updating DNS cache
2026.03.18 21:56:10.032083 [ 164 ] {} <Debug> DNSResolver: Updated DNS cache
2026.03.18 21:56:20.502201 [ 44 ] {} <Trace> TCP-Session: 8fc074fa-5538-41aa-8316-8045d171ab08 Creating query context from session context, user_id: 94309d50-4f52-5250-31bd-74fecac179db, parent context user: default
2026.03.18 21:56:20.502351 [ 44 ] {7a5d430d-3453-4012-a48f-365f6e34be68} <Debug> executeQuery: (from 172.18.0.6:57708, initial_query_id: a8892f57-051f-4889-9ed5-405330438bee) INSERT INTO test.schedule_local (schedule_id, group_code, course_code, teacher_id, day_of_week, pair_number, week_type, classroom, semester, academic_year, created_at) VALUES (stage: Complete)
2026.03.18 21:56:20.502454 [ 44 ] {7a5d430d-3453-4012-a48f-365f6e34be68} <Trace> ContextAccess (default): Access granted: INSERT(schedule_id, group_code, course_code, teacher_id, day_of_week, pair_number, week_type, classroom, semester, academic_year, created_at) ON test.schedule_local
2026.03.18 21:56:20.504978 [ 44 ] {7a5d430d-3453-4012-a48f-365f6e34be68} <Trace> test.schedule_local (c5a236a4-b19d-49e9-bdcd-89504d35b521): Trying to reserve 1.00 MiB using storage policy from min volume index 0
2026.03.18 21:56:20.505003 [ 44 ] {7a5d430d-3453-4012-a48f-365f6e34be68} <Trace> DiskLocal: Reserved 1.00 MiB on local disk `default`, having unreserved 101.50 GiB.
2026.03.18 21:56:20.505574 [ 44 ] {7a5d430d-3453-4012-a48f-365f6e34be68} <Trace> MergedBlockOutputStream: filled checksums 8_1_1_0 (state Temporary)
2026.03.18 21:56:20.505930 [ 44 ] {7a5d430d-3453-4012-a48f-365f6e34be68} <Trace> test.schedule_local (c5a236a4-b19d-49e9-bdcd-89504d35b521): Trying to reserve 1.00 MiB using storage policy from min volume index 0
2026.03.18 21:56:20.505942 [ 44 ] {7a5d430d-3453-4012-a48f-365f6e34be68} <Trace> DiskLocal: Reserved 1.00 MiB on local disk `default`, having unreserved 101.50 GiB.
2026.03.18 21:56:20.506325 [ 44 ] {7a5d430d-3453-4012-a48f-365f6e34be68} <Trace> MergedBlockOutputStream: filled checksums 5_2_2_0 (state Temporary)
2026.03.18 21:56:20.507197 [ 44 ] {7a5d430d-3453-4012-a48f-365f6e34be68} <Trace> test.schedule_local (c5a236a4-b19d-49e9-bdcd-89504d35b521): Renaming temporary part tmp_insert_8_1_1_0 to 8_1_1_0 with tid (1, 1, 00000000-0000-0000-0000-000000000000).
2026.03.18 21:56:20.507567 [ 44 ] {7a5d430d-3453-4012-a48f-365f6e34be68} <Trace> test.schedule_local (c5a236a4-b19d-49e9-bdcd-89504d35b521): Trying to reserve 1.00 MiB using storage policy from min volume index 0
2026.03.18 21:56:20.507581 [ 44 ] {7a5d430d-3453-4012-a48f-365f6e34be68} <Trace> DiskLocal: Reserved 1.00 MiB on local disk `default`, having unreserved 101.50 GiB.
2026.03.18 21:56:20.508975 [ 44 ] {7a5d430d-3453-4012-a48f-365f6e34be68} <Trace> MergedBlockOutputStream: filled checksums 1_3_3_0 (state Temporary)
2026.03.18 21:56:20.509488 [ 44 ] {7a5d430d-3453-4012-a48f-365f6e34be68} <Trace> test.schedule_local (c5a236a4-b19d-49e9-bdcd-89504d35b521): Renaming temporary part tmp_insert_5_2_2_0 to 5_2_2_0 with tid (1, 1, 00000000-0000-0000-0000-000000000000).
2026.03.18 21:56:20.509806 [ 44 ] {7a5d430d-3453-4012-a48f-365f6e34be68} <Trace> test.schedule_local (c5a236a4-b19d-49e9-bdcd-89504d35b521): Trying to reserve 1.00 MiB using storage policy from min volume index 0
2026.03.18 21:56:20.509823 [ 44 ] {7a5d430d-3453-4012-a48f-365f6e34be68} <Trace> DiskLocal: Reserved 1.00 MiB on local disk `default`, having unreserved 101.50 GiB.
2026.03.18 21:56:20.510225 [ 44 ] {7a5d430d-3453-4012-a48f-365f6e34be68} <Trace> MergedBlockOutputStream: filled checksums 4_4_4_0 (state Temporary)
2026.03.18 21:56:20.510649 [ 44 ] {7a5d430d-3453-4012-a48f-365f6e34be68} <Trace> test.schedule_local (c5a236a4-b19d-49e9-bdcd-89504d35b521): Renaming temporary part tmp_insert_1_3_3_0 to 1_3_3_0 with tid (1, 1, 00000000-0000-0000-0000-000000000000).
2026.03.18 21:56:20.510779 [ 44 ] {7a5d430d-3453-4012-a48f-365f6e34be68} <Trace> test.schedule_local (c5a236a4-b19d-49e9-bdcd-89504d35b521): Trying to reserve 1.00 MiB using storage policy from min volume index 0
2026.03.18 21:56:20.510792 [ 44 ] {7a5d430d-3453-4012-a48f-365f6e34be68} <Trace> DiskLocal: Reserved 1.00 MiB on local disk `default`, having unreserved 101.50 GiB.
2026.03.18 21:56:20.511080 [ 44 ] {7a5d430d-3453-4012-a48f-365f6e34be68} <Trace> MergedBlockOutputStream: filled checksums 6_5_5_0 (state Temporary)
2026.03.18 21:56:20.511776 [ 44 ] {7a5d430d-3453-4012-a48f-365f6e34be68} <Trace> test.schedule_local (c5a236a4-b19d-49e9-bdcd-89504d35b521): Renaming temporary part tmp_insert_4_4_4_0 to 4_4_4_0 with tid (1, 1, 00000000-0000-0000-0000-000000000000).
2026.03.18 21:56:20.512030 [ 44 ] {7a5d430d-3453-4012-a48f-365f6e34be68} <Trace> test.schedule_local (c5a236a4-b19d-49e9-bdcd-89504d35b521): Trying to reserve 1.00 MiB using storage policy from min volume index 0
2026.03.18 21:56:20.512071 [ 44 ] {7a5d430d-3453-4012-a48f-365f6e34be68} <Trace> DiskLocal: Reserved 1.00 MiB on local disk `default`, having unreserved 101.50 GiB.
2026.03.18 21:56:20.512383 [ 44 ] {7a5d430d-3453-4012-a48f-365f6e34be68} <Trace> MergedBlockOutputStream: filled checksums 2_6_6_0 (state Temporary)
2026.03.18 21:56:20.514478 [ 44 ] {7a5d430d-3453-4012-a48f-365f6e34be68} <Trace> test.schedule_local (c5a236a4-b19d-49e9-bdcd-89504d35b521): Renaming temporary part tmp_insert_6_5_5_0 to 6_5_5_0 with tid (1, 1, 00000000-0000-0000-0000-000000000000).
2026.03.18 21:56:20.515526 [ 44 ] {7a5d430d-3453-4012-a48f-365f6e34be68} <Trace> test.schedule_local (c5a236a4-b19d-49e9-bdcd-89504d35b521): Renaming temporary part tmp_insert_2_6_6_0 to 2_6_6_0 with tid (1, 1, 00000000-0000-0000-0000-000000000000).
2026.03.18 21:56:20.515668 [ 44 ] {7a5d430d-3453-4012-a48f-365f6e34be68} <Debug> executeQuery: Read 189 rows, 21.57 KiB in 0.013368 sec., 14138.240574506284 rows/sec., 1.58 MiB/sec.
2026.03.18 21:56:20.515733 [ 44 ] {7a5d430d-3453-4012-a48f-365f6e34be68} <Debug> MemoryTracker: Peak memory usage (for query): 8.50 MiB.
2026.03.18 21:56:20.515740 [ 44 ] {7a5d430d-3453-4012-a48f-365f6e34be68} <Debug> TCPHandler: Processed in 0.013605318 sec.
2026.03.18 21:56:25.039461 [ 147 ] {} <Debug> DNSResolver: Updating DNS cache
2026.03.18 21:56:25.040717 [ 147 ] {} <Debug> DNSResolver: Updated DNS cache
2026.03.18 21:56:40.043530 [ 169 ] {} <Debug> DNSResolver: Updating DNS cache
2026.03.18 21:56:40.045078 [ 169 ] {} <Debug> DNSResolver: Updated DNS cache
2026.03.18 21:56:55.047765 [ 131 ] {} <Debug> DNSResolver: Updating DNS cache
2026.03.18 21:56:55.049392 [ 131 ] {} <Debug> DNSResolver: Updated DNS cache
2026.03.18 21:57:10.088890 [ 138 ] {} <Debug> DNSResolver: Updating DNS cache
2026.03.18 21:57:10.090391 [ 138 ] {} <Debug> DNSResolver: Updated DNS cache
2026.03.18 21:57:25.092196 [ 236 ] {} <Debug> DNSResolver: Updating DNS cache
2026.03.18 21:57:25.093748 [ 236 ] {} <Debug> DNSResolver: Updated DNS cache
2026.03.18 21:57:32.001374 [ 290 ] {} <Trace> AsynchronousMetrics: Update heavy metrics. Update period 1 sec. Update heavy metrics period 120 sec. Heavy metrics calculation elapsed: 0.000511384 sec.
2026.03.18 21:57:40.122729 [ 237 ] {} <Debug> DNSResolver: Updating DNS cache
2026.03.18 21:57:40.124202 [ 237 ] {} <Debug> DNSResolver: Updated DNS cache
2026.03.18 21:57:55.144401 [ 74 ] {} <Debug> DNSResolver: Updating DNS cache
2026.03.18 21:57:55.145414 [ 74 ] {} <Debug> DNSResolver: Updated DNS cache
2026.03.18 21:58:10.147371 [ 64 ] {} <Debug> DNSResolver: Updating DNS cache
2026.03.18 21:58:10.148699 [ 64 ] {} <Debug> DNSResolver: Updated DNS cache
2026.03.18 21:58:25.151205 [ 85 ] {} <Debug> DNSResolver: Updating DNS cache
2026.03.18 21:58:25.152707 [ 85 ] {} <Debug> DNSResolver: Updated DNS cache
2026.03.18 21:58:40.154713 [ 73 ] {} <Debug> DNSResolver: Updating DNS cache
2026.03.18 21:58:40.156033 [ 73 ] {} <Debug> DNSResolver: Updated DNS cache
2026.03.18 21:58:55.171691 [ 69 ] {} <Debug> DNSResolver: Updating DNS cache
2026.03.18 21:58:55.173376 [ 69 ] {} <Debug> DNSResolver: Updated DNS cache
2026.03.18 21:59:10.265553 [ 88 ] {} <Debug> DNSResolver: Updating DNS cache
2026.03.18 21:59:10.267547 [ 88 ] {} <Debug> DNSResolver: Updated DNS cache
2026.03.18 21:59:25.290986 [ 75 ] {} <Debug> DNSResolver: Updating DNS cache
2026.03.18 21:59:25.292589 [ 75 ] {} <Debug> DNSResolver: Updated DNS cache
2026.03.18 21:59:32.008772 [ 290 ] {} <Trace> AsynchronousMetrics: Update heavy metrics. Update period 1 sec. Update heavy metrics period 120 sec. Heavy metrics calculation elapsed: 0.000226693 sec.
2026.03.18 21:59:48.913675 [ 51 ] {} <Debug> DNSResolver: Updating DNS cache
2026.03.18 21:59:48.920968 [ 51 ] {} <Debug> DNSResolver: Updated DNS cache
2026.03.18 22:00:04.188216 [ 82 ] {} <Debug> DNSResolver: Updating DNS cache
2026.03.18 22:00:04.189250 [ 82 ] {} <Debug> DNSResolver: Updated DNS cache
2026.03.18 22:00:19.214780 [ 87 ] {} <Debug> DNSResolver: Updating DNS cache
2026.03.18 22:00:19.216173 [ 87 ] {} <Debug> DNSResolver: Updated DNS cache
2026.03.18 22:00:34.216410 [ 90 ] {} <Debug> DNSResolver: Updating DNS cache
2026.03.18 22:00:34.217702 [ 90 ] {} <Debug> DNSResolver: Updated DNS cache
2026.03.18 22:00:41.018700 [ 290 ] {} <Trace> AsynchronousMetrics: Scanning /sys/block
2026.03.18 22:00:49.218036 [ 106 ] {} <Debug> DNSResolver: Updating DNS cache
2026.03.18 22:00:49.219229 [ 106 ] {} <Debug> DNSResolver: Updated DNS cache
2026.03.18 22:01:04.219568 [ 103 ] {} <Debug> DNSResolver: Updating DNS cache
2026.03.18 22:01:04.221096 [ 103 ] {} <Debug> DNSResolver: Updated DNS cache
2026.03.18 22:01:19.251990 [ 92 ] {} <Debug> DNSResolver: Updating DNS cache
2026.03.18 22:01:19.253185 [ 92 ] {} <Debug> DNSResolver: Updated DNS cache
2026.03.18 22:01:32.059268 [ 290 ] {} <Trace> AsynchronousMetrics: Update heavy metrics. Update period 1 sec. Update heavy metrics period 120 sec. Heavy metrics calculation elapsed: 0.000196386 sec.
2026.03.18 22:01:34.259775 [ 101 ] {} <Debug> DNSResolver: Updating DNS cache
2026.03.18 22:01:34.260990 [ 101 ] {} <Debug> DNSResolver: Updated DNS cache
2026.03.18 22:01:49.264964 [ 99 ] {} <Debug> DNSResolver: Updating DNS cache
2026.03.18 22:01:49.266769 [ 99 ] {} <Debug> DNSResolver: Updated DNS cache
2026.03.18 22:02:04.268496 [ 105 ] {} <Debug> DNSResolver: Updating DNS cache
2026.03.18 22:02:04.270263 [ 105 ] {} <Debug> DNSResolver: Updated DNS cache
2026.03.18 22:02:19.270860 [ 89 ] {} <Debug> DNSResolver: Updating DNS cache
2026.03.18 22:02:19.272056 [ 89 ] {} <Debug> DNSResolver: Updated DNS cache
2026.03.18 22:02:34.272543 [ 109 ] {} <Debug> DNSResolver: Updating DNS cache
2026.03.18 22:02:34.275379 [ 109 ] {} <Debug> DNSResolver: Updated DNS cache
2026.03.18 22:02:49.282695 [ 107 ] {} <Debug> DNSResolver: Updating DNS cache
2026.03.18 22:02:49.284195 [ 107 ] {} <Debug> DNSResolver: Updated DNS cache
2026.03.18 22:03:04.430922 [ 110 ] {} <Debug> DNSResolver: Updating DNS cache
2026.03.18 22:03:04.432213 [ 110 ] {} <Debug> DNSResolver: Updated DNS cache
2026.03.18 22:03:19.432427 [ 121 ] {} <Debug> DNSResolver: Updating DNS cache
2026.03.18 22:03:19.433599 [ 121 ] {} <Debug> DNSResolver: Updated DNS cache
2026.03.18 22:03:32.002051 [ 290 ] {} <Trace> AsynchronousMetrics: Update heavy metrics. Update period 1 sec. Update heavy metrics period 120 sec. Heavy metrics calculation elapsed: 0.000185365 sec.
2026.03.18 22:03:34.433952 [ 124 ] {} <Debug> DNSResolver: Updating DNS cache
2026.03.18 22:03:34.435837 [ 124 ] {} <Debug> DNSResolver: Updated DNS cache
2026.03.18 22:03:49.436146 [ 119 ] {} <Debug> DNSResolver: Updating DNS cache
2026.03.18 22:03:49.437875 [ 119 ] {} <Debug> DNSResolver: Updated DNS cache
2026.03.18 22:04:04.439120 [ 164 ] {} <Debug> DNSResolver: Updating DNS cache
2026.03.18 22:04:04.440672 [ 164 ] {} <Debug> DNSResolver: Updated DNS cache
2026.03.18 22:04:19.472570 [ 126 ] {} <Debug> DNSResolver: Updating DNS cache
2026.03.18 22:04:19.477845 [ 126 ] {} <Debug> DNSResolver: Updated DNS cache
2026.03.18 22:04:34.478391 [ 127 ] {} <Debug> DNSResolver: Updating DNS cache
2026.03.18 22:04:34.480007 [ 127 ] {} <Debug> DNSResolver: Updated DNS cache
2026.03.18 22:04:49.491243 [ 170 ] {} <Debug> DNSResolver: Updating DNS cache
2026.03.18 22:04:49.492826 [ 170 ] {} <Debug> DNSResolver: Updated DNS cache
2026.03.18 22:05:04.498837 [ 166 ] {} <Debug> DNSResolver: Updating DNS cache
2026.03.18 22:05:04.500086 [ 166 ] {} <Debug> DNSResolver: Updated DNS cache
2026.03.18 22:05:19.501576 [ 171 ] {} <Debug> DNSResolver: Updating DNS cache
2026.03.18 22:05:19.502898 [ 171 ] {} <Debug> DNSResolver: Updated DNS cache
2026.03.18 22:05:32.001066 [ 290 ] {} <Trace> AsynchronousMetrics: Update heavy metrics. Update period 1 sec. Update heavy metrics period 120 sec. Heavy metrics calculation elapsed: 0.000181499 sec.
2026.03.18 22:05:34.512548 [ 167 ] {} <Debug> DNSResolver: Updating DNS cache
2026.03.18 22:05:34.513996 [ 167 ] {} <Debug> DNSResolver: Updated DNS cache
2026.03.18 22:05:42.000826 [ 290 ] {} <Trace> AsynchronousMetrics: Scanning /sys/block
2026.03.18 22:05:49.514536 [ 117 ] {} <Debug> DNSResolver: Updating DNS cache
2026.03.18 22:05:49.515945 [ 117 ] {} <Debug> DNSResolver: Updated DNS cache
2026.03.18 22:06:04.516697 [ 112 ] {} <Debug> DNSResolver: Updating DNS cache
2026.03.18 22:06:04.518036 [ 112 ] {} <Debug> DNSResolver: Updated DNS cache
2026.03.18 22:06:19.666549 [ 114 ] {} <Debug> DNSResolver: Updating DNS cache
2026.03.18 22:06:19.667691 [ 114 ] {} <Debug> DNSResolver: Updated DNS cache
2026.03.18 22:06:34.668725 [ 111 ] {} <Debug> DNSResolver: Updating DNS cache
2026.03.18 22:06:34.670682 [ 111 ] {} <Debug> DNSResolver: Updated DNS cache
2026.03.18 22:06:49.673599 [ 154 ] {} <Debug> DNSResolver: Updating DNS cache
2026.03.18 22:06:49.677018 [ 154 ] {} <Debug> DNSResolver: Updated DNS cache
2026.03.18 22:07:04.700031 [ 130 ] {} <Debug> DNSResolver: Updating DNS cache
2026.03.18 22:07:04.702057 [ 130 ] {} <Debug> DNSResolver: Updated DNS cache
2026.03.18 22:07:19.722042 [ 125 ] {} <Debug> DNSResolver: Updating DNS cache
2026.03.18 22:07:19.723530 [ 125 ] {} <Debug> DNSResolver: Updated DNS cache
2026.03.18 22:07:32.068288 [ 290 ] {} <Trace> AsynchronousMetrics: Update heavy metrics. Update period 1 sec. Update heavy metrics period 120 sec. Heavy metrics calculation elapsed: 0.000238775 sec.
2026.03.18 22:07:34.727604 [ 172 ] {} <Debug> DNSResolver: Updating DNS cache
2026.03.18 22:07:34.729815 [ 172 ] {} <Debug> DNSResolver: Updated DNS cache
2026.03.18 22:07:49.730155 [ 137 ] {} <Debug> DNSResolver: Updating DNS cache
2026.03.18 22:07:49.731986 [ 137 ] {} <Debug> DNSResolver: Updated DNS cache
2026.03.18 22:08:04.748739 [ 176 ] {} <Debug> DNSResolver: Updating DNS cache
2026.03.18 22:08:04.749983 [ 176 ] {} <Debug> DNSResolver: Updated DNS cache
2026.03.18 22:08:19.751219 [ 143 ] {} <Debug> DNSResolver: Updating DNS cache
2026.03.18 22:08:19.753079 [ 143 ] {} <Debug> DNSResolver: Updated DNS cache
2026.03.18 22:08:34.802841 [ 147 ] {} <Debug> DNSResolver: Updating DNS cache
2026.03.18 22:08:34.804692 [ 147 ] {} <Debug> DNSResolver: Updated DNS cache
2026.03.18 22:08:49.806474 [ 153 ] {} <Debug> DNSResolver: Updating DNS cache
2026.03.18 22:08:49.808080 [ 153 ] {} <Debug> DNSResolver: Updated DNS cache
2026.03.18 22:09:04.808882 [ 144 ] {} <Debug> DNSResolver: Updating DNS cache
2026.03.18 22:09:04.810878 [ 144 ] {} <Debug> DNSResolver: Updated DNS cache
2026.03.18 22:09:19.816968 [ 146 ] {} <Debug> DNSResolver: Updating DNS cache
2026.03.18 22:09:19.818435 [ 146 ] {} <Debug> DNSResolver: Updated DNS cache
2026.03.18 22:09:32.004600 [ 290 ] {} <Trace> AsynchronousMetrics: Update heavy metrics. Update period 1 sec. Update heavy metrics period 120 sec. Heavy metrics calculation elapsed: 0.000203159 sec.
2026.03.18 22:09:34.859557 [ 155 ] {} <Debug> DNSResolver: Updating DNS cache
2026.03.18 22:09:34.860897 [ 155 ] {} <Debug> DNSResolver: Updated DNS cache
2026.03.18 22:09:49.864334 [ 145 ] {} <Debug> DNSResolver: Updating DNS cache
2026.03.18 22:09:49.866325 [ 145 ] {} <Debug> DNSResolver: Updated DNS cache
2026.03.18 22:10:04.867140 [ 177 ] {} <Debug> DNSResolver: Updating DNS cache
2026.03.18 22:10:04.869038 [ 177 ] {} <Debug> DNSResolver: Updated DNS cache
2026.03.18 22:10:19.869436 [ 135 ] {} <Debug> DNSResolver: Updating DNS cache
2026.03.18 22:10:19.871156 [ 135 ] {} <Debug> DNSResolver: Updated DNS cache
2026.03.18 22:10:34.886811 [ 175 ] {} <Debug> DNSResolver: Updating DNS cache
2026.03.18 22:10:34.888342 [ 175 ] {} <Debug> DNSResolver: Updated DNS cache
2026.03.18 22:10:43.001269 [ 290 ] {} <Trace> AsynchronousMetrics: Scanning /sys/block
2026.03.18 22:10:49.889593 [ 180 ] {} <Debug> DNSResolver: Updating DNS cache
2026.03.18 22:10:49.898398 [ 180 ] {} <Debug> DNSResolver: Updated DNS cache
2026.03.18 22:11:04.899401 [ 142 ] {} <Debug> DNSResolver: Updating DNS cache
2026.03.18 22:11:04.901225 [ 142 ] {} <Debug> DNSResolver: Updated DNS cache
2026.03.18 22:11:19.903344 [ 141 ] {} <Debug> DNSResolver: Updating DNS cache
2026.03.18 22:11:19.905302 [ 141 ] {} <Debug> DNSResolver: Updated DNS cache
2026.03.18 22:11:32.096114 [ 290 ] {} <Trace> AsynchronousMetrics: Update heavy metrics. Update period 1 sec. Update heavy metrics period 120 sec. Heavy metrics calculation elapsed: 0.00020377 sec.
2026.03.18 22:11:34.916887 [ 161 ] {} <Debug> DNSResolver: Updating DNS cache
2026.03.18 22:11:34.918478 [ 161 ] {} <Debug> DNSResolver: Updated DNS cache
2026.03.18 22:11:49.928154 [ 160 ] {} <Debug> DNSResolver: Updating DNS cache
2026.03.18 22:11:49.929955 [ 160 ] {} <Debug> DNSResolver: Updated DNS cache
2026.03.18 22:12:04.935090 [ 169 ] {} <Debug> DNSResolver: Updating DNS cache
2026.03.18 22:12:04.936615 [ 169 ] {} <Debug> DNSResolver: Updated DNS cache
2026.03.18 22:12:19.979078 [ 174 ] {} <Debug> DNSResolver: Updating DNS cache
2026.03.18 22:12:19.980539 [ 174 ] {} <Debug> DNSResolver: Updated DNS cache
2026.03.18 22:12:34.984059 [ 140 ] {} <Debug> DNSResolver: Updating DNS cache
2026.03.18 22:12:34.985537 [ 140 ] {} <Debug> DNSResolver: Updated DNS cache
2026.03.18 22:12:50.021355 [ 168 ] {} <Debug> DNSResolver: Updating DNS cache
2026.03.18 22:12:50.022714 [ 168 ] {} <Debug> DNSResolver: Updated DNS cache
2026.03.18 22:13:05.043480 [ 184 ] {} <Debug> DNSResolver: Updating DNS cache
2026.03.18 22:13:05.045165 [ 184 ] {} <Debug> DNSResolver: Updated DNS cache
2026.03.18 22:13:20.046317 [ 157 ] {} <Debug> DNSResolver: Updating DNS cache
2026.03.18 22:13:20.048229 [ 157 ] {} <Debug> DNSResolver: Updated DNS cache
2026.03.18 22:13:32.002299 [ 290 ] {} <Trace> AsynchronousMetrics: Update heavy metrics. Update period 1 sec. Update heavy metrics period 120 sec. Heavy metrics calculation elapsed: 0.000163385 sec.
2026.03.18 22:13:35.061324 [ 159 ] {} <Debug> DNSResolver: Updating DNS cache
2026.03.18 22:13:35.063063 [ 159 ] {} <Debug> DNSResolver: Updated DNS cache
2026.03.18 22:13:50.073342 [ 158 ] {} <Debug> DNSResolver: Updating DNS cache
2026.03.18 22:13:50.075006 [ 158 ] {} <Debug> DNSResolver: Updated DNS cache
2026.03.18 22:14:05.078286 [ 131 ] {} <Debug> DNSResolver: Updating DNS cache
2026.03.18 22:14:05.080089 [ 131 ] {} <Debug> DNSResolver: Updated DNS cache
2026.03.18 22:14:20.082697 [ 156 ] {} <Debug> DNSResolver: Updating DNS cache
2026.03.18 22:14:20.084122 [ 156 ] {} <Debug> DNSResolver: Updated DNS cache
2026.03.18 22:14:35.112636 [ 186 ] {} <Debug> DNSResolver: Updating DNS cache
2026.03.18 22:14:35.114173 [ 186 ] {} <Debug> DNSResolver: Updated DNS cache
2026.03.18 22:14:50.132197 [ 165 ] {} <Debug> DNSResolver: Updating DNS cache
2026.03.18 22:14:50.134009 [ 165 ] {} <Debug> DNSResolver: Updated DNS cache
2026.03.18 22:15:05.134298 [ 191 ] {} <Debug> DNSResolver: Updating DNS cache
2026.03.18 22:15:05.135543 [ 191 ] {} <Debug> DNSResolver: Updated DNS cache
2026.03.18 22:15:20.148474 [ 138 ] {} <Debug> DNSResolver: Updating DNS cache
2026.03.18 22:15:20.150460 [ 138 ] {} <Debug> DNSResolver: Updated DNS cache
2026.03.18 22:15:32.041780 [ 290 ] {} <Trace> AsynchronousMetrics: Update heavy metrics. Update period 1 sec. Update heavy metrics period 120 sec. Heavy metrics calculation elapsed: 0.000228987 sec.
2026.03.18 22:15:35.152754 [ 179 ] {} <Debug> DNSResolver: Updating DNS cache
2026.03.18 22:15:35.154008 [ 179 ] {} <Debug> DNSResolver: Updated DNS cache
2026.03.18 22:15:44.002246 [ 290 ] {} <Trace> AsynchronousMetrics: Scanning /sys/block
2026.03.18 22:15:50.158221 [ 173 ] {} <Debug> DNSResolver: Updating DNS cache
2026.03.18 22:15:50.160074 [ 173 ] {} <Debug> DNSResolver: Updated DNS cache
2026.03.18 22:16:05.161646 [ 197 ] {} <Debug> DNSResolver: Updating DNS cache
2026.03.18 22:16:05.162829 [ 197 ] {} <Debug> DNSResolver: Updated DNS cache
2026.03.18 22:16:06.359859 [ 44 ] {} <Trace> TCP-Session: 8fc074fa-5538-41aa-8316-8045d171ab08 Creating query context from session context, user_id: 94309d50-4f52-5250-31bd-74fecac179db, parent context user: default
2026.03.18 22:16:06.360008 [ 44 ] {7b77600c-817c-48ac-8cc6-101ccede34c5} <Debug> executeQuery: (from 172.18.0.6:57708, initial_query_id: 8658c6a3-87b2-459b-8e11-88bf8488f0e0) SELECT `student_id`, `full_name`, `faculty_code`, `group_code`, `enrollment_year`, `status`, `gpa` FROM `test`.`students_local` ORDER BY `faculty_code` ASC, `group_code` ASC, `full_name` ASC LIMIT 20 (stage: WithMergeableStateAfterAggregationAndLimit)
2026.03.18 22:16:06.360231 [ 44 ] {7b77600c-817c-48ac-8cc6-101ccede34c5} <Trace> ContextAccess (default): Access granted: SELECT(student_id, full_name, faculty_code, group_code, enrollment_year, status, gpa) ON test.students_local
2026.03.18 22:16:06.360259 [ 44 ] {7b77600c-817c-48ac-8cc6-101ccede34c5} <Trace> InterpreterSelectQuery: FetchColumns -> WithMergeableStateAfterAggregationAndLimit
2026.03.18 22:16:06.360331 [ 44 ] {7b77600c-817c-48ac-8cc6-101ccede34c5} <Debug> test.students_local (adcc615b-4a80-499d-a267-5ed2e1cff73a) (SelectExecutor): Key condition: unknown
2026.03.18 22:16:06.360341 [ 44 ] {7b77600c-817c-48ac-8cc6-101ccede34c5} <Debug> test.students_local (adcc615b-4a80-499d-a267-5ed2e1cff73a) (SelectExecutor): MinMax index condition: unknown
2026.03.18 22:16:06.361588 [ 44 ] {7b77600c-817c-48ac-8cc6-101ccede34c5} <Debug> test.students_local (adcc615b-4a80-499d-a267-5ed2e1cff73a) (SelectExecutor): Selected 4/4 parts by partition key, 4 parts by primary key, 4/4 marks by primary key, 4 marks to read from 4 ranges
2026.03.18 22:16:06.361602 [ 44 ] {7b77600c-817c-48ac-8cc6-101ccede34c5} <Trace> test.students_local (adcc615b-4a80-499d-a267-5ed2e1cff73a) (SelectExecutor): Spreading mark ranges among streams (default reading)
2026.03.18 22:16:06.361674 [ 44 ] {7b77600c-817c-48ac-8cc6-101ccede34c5} <Debug> MergeTreeReadPool: min_marks_for_concurrent_read=24
2026.03.18 22:16:06.361682 [ 44 ] {7b77600c-817c-48ac-8cc6-101ccede34c5} <Debug> test.students_local (adcc615b-4a80-499d-a267-5ed2e1cff73a) (SelectExecutor): Reading approx. 348 rows with 4 streams
2026.03.18 22:16:06.364383 [ 299 ] {7b77600c-817c-48ac-8cc6-101ccede34c5} <Debug> MergingSortedTransform: Merge sorted 1 blocks, 20 rows in 0.002000015 sec., 9999.925000562496 rows/sec., 3.23 MiB/sec
2026.03.18 22:16:06.365408 [ 44 ] {7b77600c-817c-48ac-8cc6-101ccede34c5} <Debug> executeQuery: Read 348 rows, 42.12 KiB in 0.005452 sec., 63829.78723404255 rows/sec., 7.54 MiB/sec.
2026.03.18 22:16:06.365473 [ 44 ] {7b77600c-817c-48ac-8cc6-101ccede34c5} <Debug> MemoryTracker: Peak memory usage (for query): 182.18 KiB.
2026.03.18 22:16:06.365477 [ 44 ] {7b77600c-817c-48ac-8cc6-101ccede34c5} <Debug> TCPHandler: Processed in 0.005703072 sec.
2026.03.18 22:16:06.365573 [ 44 ] {} <Information> TCPHandler: Change cancellation status from NOT_CANCELLED to FULLY_CANCELLED. Log message: Received 'Cancel' packet from the client, canceling the query.
2026.03.18 22:16:06.405458 [ 44 ] {} <Trace> TCP-Session: 8fc074fa-5538-41aa-8316-8045d171ab08 Creating query context from session context, user_id: 94309d50-4f52-5250-31bd-74fecac179db, parent context user: default
2026.03.18 22:16:06.405586 [ 44 ] {c520124c-0c50-4d3f-9daf-5a40738f447d} <Debug> executeQuery: (from 172.18.0.6:57708, initial_query_id: 6c7a3ee8-d05f-4503-8e14-e9eff4b03b6a) SELECT count() FROM `test`.`students_local` (stage: WithMergeableState)
2026.03.18 22:16:06.405753 [ 44 ] {c520124c-0c50-4d3f-9daf-5a40738f447d} <Trace> ContextAccess (default): Access granted: SELECT(student_id) ON test.students_local
2026.03.18 22:16:06.405772 [ 44 ] {c520124c-0c50-4d3f-9daf-5a40738f447d} <Trace> InterpreterSelectQuery: WithMergeableState -> WithMergeableState
2026.03.18 22:16:06.406501 [ 44 ] {c520124c-0c50-4d3f-9daf-5a40738f447d} <Debug> executeQuery: Read 1 rows, 16.00 B in 0.000955 sec., 1047.1204188481674 rows/sec., 16.36 KiB/sec.
2026.03.18 22:16:06.406516 [ 44 ] {c520124c-0c50-4d3f-9daf-5a40738f447d} <Debug> TCPHandler: Processed in 0.001126813 sec.
2026.03.18 22:16:20.163528 [ 185 ] {} <Debug> DNSResolver: Updating DNS cache
2026.03.18 22:16:20.164664 [ 185 ] {} <Debug> DNSResolver: Updated DNS cache
2026.03.18 22:16:21.970418 [ 44 ] {} <Trace> TCP-Session: 8fc074fa-5538-41aa-8316-8045d171ab08 Creating query context from session context, user_id: 94309d50-4f52-5250-31bd-74fecac179db, parent context user: default
2026.03.18 22:16:21.970589 [ 44 ] {e6b9af0c-dc5c-4c13-a520-ac88e01195f2} <Debug> executeQuery: (from 172.18.0.6:57708, initial_query_id: 63bb58dd-1a00-412e-8c08-856c538d57ec) SELECT `students_local`.`student_id`, `students_local`.`full_name`, `students_local`.`birth_date`, `students_local`.`email`, `students_local`.`faculty_code`, `students_local`.`group_code`, `students_local`.`enrollment_year`, `students_local`.`status`, `students_local`.`gpa`, `students_local`.`created_at` FROM `test`.`students_local` WHERE `student_id` = 'STU1001' (stage: Complete)
2026.03.18 22:16:21.970970 [ 44 ] {e6b9af0c-dc5c-4c13-a520-ac88e01195f2} <Trace> InterpreterSelectQuery: The min valid primary key position for moving to the tail of PREWHERE is 0
2026.03.18 22:16:21.970986 [ 44 ] {e6b9af0c-dc5c-4c13-a520-ac88e01195f2} <Debug> InterpreterSelectQuery: MergeTreeWhereOptimizer: condition "student_id = 'STU1001'" moved to PREWHERE
2026.03.18 22:16:21.971207 [ 44 ] {e6b9af0c-dc5c-4c13-a520-ac88e01195f2} <Trace> ContextAccess (default): Access granted: SELECT(student_id, full_name, birth_date, email, faculty_code, group_code, enrollment_year, status, gpa, created_at) ON test.students_local
2026.03.18 22:16:21.971246 [ 44 ] {e6b9af0c-dc5c-4c13-a520-ac88e01195f2} <Trace> InterpreterSelectQuery: FetchColumns -> Complete
2026.03.18 22:16:21.971351 [ 44 ] {e6b9af0c-dc5c-4c13-a520-ac88e01195f2} <Debug> test.students_local (adcc615b-4a80-499d-a267-5ed2e1cff73a) (SelectExecutor): Key condition: (column 0 in ['STU1001', 'STU1001'])
2026.03.18 22:16:21.971362 [ 44 ] {e6b9af0c-dc5c-4c13-a520-ac88e01195f2} <Debug> test.students_local (adcc615b-4a80-499d-a267-5ed2e1cff73a) (SelectExecutor): MinMax index condition: unknown
2026.03.18 22:16:21.971640 [ 296 ] {e6b9af0c-dc5c-4c13-a520-ac88e01195f2} <Trace> test.students_local (adcc615b-4a80-499d-a267-5ed2e1cff73a) (SelectExecutor): Running binary search on index range for part 2020_3_3_0 (2 marks)
2026.03.18 22:16:21.971649 [ 296 ] {e6b9af0c-dc5c-4c13-a520-ac88e01195f2} <Trace> test.students_local (adcc615b-4a80-499d-a267-5ed2e1cff73a) (SelectExecutor): Found (LEFT) boundary mark: 1
2026.03.18 22:16:21.971652 [ 296 ] {e6b9af0c-dc5c-4c13-a520-ac88e01195f2} <Trace> test.students_local (adcc615b-4a80-499d-a267-5ed2e1cff73a) (SelectExecutor): Found (RIGHT) boundary mark: 2
2026.03.18 22:16:21.971656 [ 296 ] {e6b9af0c-dc5c-4c13-a520-ac88e01195f2} <Trace> test.students_local (adcc615b-4a80-499d-a267-5ed2e1cff73a) (SelectExecutor): Found empty range in 1 steps
2026.03.18 22:16:21.971875 [ 296 ] {e6b9af0c-dc5c-4c13-a520-ac88e01195f2} <Trace> test.students_local (adcc615b-4a80-499d-a267-5ed2e1cff73a) (SelectExecutor): Running binary search on index range for part 2023_4_4_0 (2 marks)
2026.03.18 22:16:21.971889 [ 296 ] {e6b9af0c-dc5c-4c13-a520-ac88e01195f2} <Trace> test.students_local (adcc615b-4a80-499d-a267-5ed2e1cff73a) (SelectExecutor): Found (LEFT) boundary mark: 1
2026.03.18 22:16:21.971892 [ 296 ] {e6b9af0c-dc5c-4c13-a520-ac88e01195f2} <Trace> test.students_local (adcc615b-4a80-499d-a267-5ed2e1cff73a) (SelectExecutor): Found (RIGHT) boundary mark: 2
2026.03.18 22:16:21.971896 [ 296 ] {e6b9af0c-dc5c-4c13-a520-ac88e01195f2} <Trace> test.students_local (adcc615b-4a80-499d-a267-5ed2e1cff73a) (SelectExecutor): Found empty range in 1 steps
2026.03.18 22:16:21.971898 [ 299 ] {e6b9af0c-dc5c-4c13-a520-ac88e01195f2} <Trace> test.students_local (adcc615b-4a80-499d-a267-5ed2e1cff73a) (SelectExecutor): Running binary search on index range for part 2021_2_2_0 (2 marks)
2026.03.18 22:16:21.971910 [ 299 ] {e6b9af0c-dc5c-4c13-a520-ac88e01195f2} <Trace> test.students_local (adcc615b-4a80-499d-a267-5ed2e1cff73a) (SelectExecutor): Found (LEFT) boundary mark: 1
2026.03.18 22:16:21.971914 [ 299 ] {e6b9af0c-dc5c-4c13-a520-ac88e01195f2} <Trace> test.students_local (adcc615b-4a80-499d-a267-5ed2e1cff73a) (SelectExecutor): Found (RIGHT) boundary mark: 2
2026.03.18 22:16:21.971917 [ 299 ] {e6b9af0c-dc5c-4c13-a520-ac88e01195f2} <Trace> test.students_local (adcc615b-4a80-499d-a267-5ed2e1cff73a) (SelectExecutor): Found empty range in 1 steps
2026.03.18 22:16:21.972055 [ 296 ] {e6b9af0c-dc5c-4c13-a520-ac88e01195f2} <Trace> test.students_local (adcc615b-4a80-499d-a267-5ed2e1cff73a) (SelectExecutor): Running binary search on index range for part 2022_1_1_0 (2 marks)
2026.03.18 22:16:21.972072 [ 296 ] {e6b9af0c-dc5c-4c13-a520-ac88e01195f2} <Trace> test.students_local (adcc615b-4a80-499d-a267-5ed2e1cff73a) (SelectExecutor): Found (LEFT) boundary mark: 1
2026.03.18 22:16:21.972076 [ 296 ] {e6b9af0c-dc5c-4c13-a520-ac88e01195f2} <Trace> test.students_local (adcc615b-4a80-499d-a267-5ed2e1cff73a) (SelectExecutor): Found (RIGHT) boundary mark: 2
2026.03.18 22:16:21.972079 [ 296 ] {e6b9af0c-dc5c-4c13-a520-ac88e01195f2} <Trace> test.students_local (adcc615b-4a80-499d-a267-5ed2e1cff73a) (SelectExecutor): Found empty range in 1 steps
2026.03.18 22:16:21.972422 [ 44 ] {e6b9af0c-dc5c-4c13-a520-ac88e01195f2} <Debug> test.students_local (adcc615b-4a80-499d-a267-5ed2e1cff73a) (SelectExecutor): Selected 4/4 parts by partition key, 0 parts by primary key, 0/4 marks by primary key, 0 marks to read from 0 ranges
2026.03.18 22:16:21.973184 [ 44 ] {e6b9af0c-dc5c-4c13-a520-ac88e01195f2} <Debug> TCPHandler: Processed in 0.002829536 sec.
2026.03.18 22:16:35.165885 [ 178 ] {} <Debug> DNSResolver: Updating DNS cache
2026.03.18 22:16:35.167095 [ 178 ] {} <Debug> DNSResolver: Updated DNS cache
2026.03.18 22:16:50.167676 [ 56 ] {} <Debug> DNSResolver: Updating DNS cache
2026.03.18 22:16:50.168922 [ 56 ] {} <Debug> DNSResolver: Updated DNS cache
2026.03.18 22:17:05.190955 [ 236 ] {} <Debug> DNSResolver: Updating DNS cache
2026.03.18 22:17:05.192257 [ 236 ] {} <Debug> DNSResolver: Updated DNS cache
2026.03.18 22:17:20.198606 [ 281 ] {} <Debug> DNSResolver: Updating DNS cache
2026.03.18 22:17:20.200228 [ 281 ] {} <Debug> DNSResolver: Updated DNS cache
2026.03.18 22:17:32.002594 [ 290 ] {} <Trace> AsynchronousMetrics: Update heavy metrics. Update period 1 sec. Update heavy metrics period 120 sec. Heavy metrics calculation elapsed: 0.000201376 sec.
2026.03.18 22:17:35.234088 [ 237 ] {} <Debug> DNSResolver: Updating DNS cache
2026.03.18 22:17:35.235507 [ 237 ] {} <Debug> DNSResolver: Updated DNS cache
2026.03.18 22:17:50.255348 [ 63 ] {} <Debug> DNSResolver: Updating DNS cache
2026.03.18 22:17:50.400719 [ 63 ] {} <Debug> DNSResolver: Updated DNS cache
2026.03.18 22:18:05.437426 [ 71 ] {} <Debug> DNSResolver: Updating DNS cache
2026.03.18 22:18:05.438971 [ 71 ] {} <Debug> DNSResolver: Updated DNS cache
2026.03.18 22:18:20.439216 [ 59 ] {} <Debug> DNSResolver: Updating DNS cache
2026.03.18 22:18:20.440636 [ 59 ] {} <Debug> DNSResolver: Updated DNS cache
2026.03.18 22:18:35.522932 [ 74 ] {} <Debug> DNSResolver: Updating DNS cache
2026.03.18 22:18:35.523740 [ 74 ] {} <Debug> DNSResolver: Updated DNS cache
2026.03.18 22:18:50.525131 [ 76 ] {} <Debug> DNSResolver: Updating DNS cache
2026.03.18 22:18:50.526343 [ 76 ] {} <Debug> DNSResolver: Updated DNS cache
2026.03.18 22:19:05.530051 [ 79 ] {} <Debug> DNSResolver: Updating DNS cache
2026.03.18 22:19:05.531509 [ 79 ] {} <Debug> DNSResolver: Updated DNS cache
2026.03.18 22:19:20.532602 [ 81 ] {} <Debug> DNSResolver: Updating DNS cache
2026.03.18 22:19:20.534488 [ 81 ] {} <Debug> DNSResolver: Updated DNS cache
2026.03.18 22:19:32.066982 [ 290 ] {} <Trace> AsynchronousMetrics: Update heavy metrics. Update period 1 sec. Update heavy metrics period 120 sec. Heavy metrics calculation elapsed: 0.000388265 sec.
2026.03.18 22:19:35.537275 [ 64 ] {} <Debug> DNSResolver: Updating DNS cache
2026.03.18 22:19:35.539135 [ 64 ] {} <Debug> DNSResolver: Updated DNS cache
2026.03.18 22:19:50.541118 [ 72 ] {} <Debug> DNSResolver: Updating DNS cache
2026.03.18 22:19:50.543316 [ 72 ] {} <Debug> DNSResolver: Updated DNS cache
2026.03.18 22:20:05.560566 [ 85 ] {} <Debug> DNSResolver: Updating DNS cache
2026.03.18 22:20:05.562027 [ 85 ] {} <Debug> DNSResolver: Updated DNS cache
2026.03.18 22:20:20.566426 [ 83 ] {} <Debug> DNSResolver: Updating DNS cache
2026.03.18 22:20:20.567902 [ 83 ] {} <Debug> DNSResolver: Updated DNS cache
2026.03.18 22:20:35.569384 [ 50 ] {} <Debug> DNSResolver: Updating DNS cache
2026.03.18 22:20:35.571163 [ 50 ] {} <Debug> DNSResolver: Updated DNS cache
2026.03.18 22:20:45.003906 [ 290 ] {} <Trace> AsynchronousMetrics: Scanning /sys/block
2026.03.18 22:20:50.607378 [ 66 ] {} <Debug> DNSResolver: Updating DNS cache
2026.03.18 22:20:50.609688 [ 66 ] {} <Debug> DNSResolver: Updated DNS cache
2026.03.18 22:21:05.610037 [ 73 ] {} <Debug> DNSResolver: Updating DNS cache
2026.03.18 22:21:05.611619 [ 73 ] {} <Debug> DNSResolver: Updated DNS cache
2026.03.18 22:21:20.629340 [ 94 ] {} <Debug> DNSResolver: Updating DNS cache
2026.03.18 22:21:20.630939 [ 94 ] {} <Debug> DNSResolver: Updated DNS cache
2026.03.18 22:21:32.007445 [ 290 ] {} <Trace> AsynchronousMetrics: Update heavy metrics. Update period 1 sec. Update heavy metrics period 120 sec. Heavy metrics calculation elapsed: 0.00058713 sec.
2026.03.18 22:21:35.631169 [ 69 ] {} <Debug> DNSResolver: Updating DNS cache
2026.03.18 22:21:35.632800 [ 69 ] {} <Debug> DNSResolver: Updated DNS cache
2026.03.18 22:21:50.635363 [ 88 ] {} <Debug> DNSResolver: Updating DNS cache
2026.03.18 22:21:50.637491 [ 88 ] {} <Debug> DNSResolver: Updated DNS cache
2026.03.18 22:22:05.637760 [ 84 ] {} <Debug> DNSResolver: Updating DNS cache
2026.03.18 22:22:05.639212 [ 84 ] {} <Debug> DNSResolver: Updated DNS cache
2026.03.18 22:22:20.640275 [ 75 ] {} <Debug> DNSResolver: Updating DNS cache
2026.03.18 22:22:20.641370 [ 75 ] {} <Debug> DNSResolver: Updated DNS cache
2026.03.18 22:22:35.642498 [ 67 ] {} <Debug> DNSResolver: Updating DNS cache
2026.03.18 22:22:35.644538 [ 67 ] {} <Debug> DNSResolver: Updated DNS cache
2026.03.18 22:22:50.646156 [ 80 ] {} <Debug> DNSResolver: Updating DNS cache
2026.03.18 22:22:50.647591 [ 80 ] {} <Debug> DNSResolver: Updated DNS cache
2026.03.18 22:23:05.648003 [ 77 ] {} <Debug> DNSResolver: Updating DNS cache
2026.03.18 22:23:05.649962 [ 77 ] {} <Debug> DNSResolver: Updated DNS cache
2026.03.18 22:23:20.650517 [ 82 ] {} <Debug> DNSResolver: Updating DNS cache
2026.03.18 22:23:20.652057 [ 82 ] {} <Debug> DNSResolver: Updated DNS cache
2026.03.18 22:23:32.003274 [ 290 ] {} <Trace> AsynchronousMetrics: Update heavy metrics. Update period 1 sec. Update heavy metrics period 120 sec. Heavy metrics calculation elapsed: 0.000237302 sec.
2026.03.18 22:23:35.652390 [ 97 ] {} <Debug> DNSResolver: Updating DNS cache
2026.03.18 22:23:35.653490 [ 97 ] {} <Debug> DNSResolver: Updated DNS cache
2026.03.18 22:23:50.654457 [ 60 ] {} <Debug> DNSResolver: Updating DNS cache
2026.03.18 22:23:50.656558 [ 60 ] {} <Debug> DNSResolver: Updated DNS cache
2026.03.18 22:24:05.659451 [ 87 ] {} <Debug> DNSResolver: Updating DNS cache
2026.03.18 22:24:05.665946 [ 87 ] {} <Debug> DNSResolver: Updated DNS cache
2026.03.18 22:24:20.677110 [ 90 ] {} <Debug> DNSResolver: Updating DNS cache
2026.03.18 22:24:20.678458 [ 90 ] {} <Debug> DNSResolver: Updated DNS cache
2026.03.18 22:24:35.186149 [ 45 ] {} <Trace> TCPHandlerFactory: TCP Request. Address: 172.18.0.6:55674
2026.03.18 22:24:35.186238 [ 45 ] {} <Debug> TCPHandler: Connected ClickHouse server version 23.8.0, revision: 54465, user: default.
2026.03.18 22:24:35.186256 [ 45 ] {} <Debug> TCP-Session: b2406912-b07d-45fb-940b-fca8aff1d37b Authenticating user 'default' from 172.18.0.6:55674
2026.03.18 22:24:35.186270 [ 45 ] {} <Debug> TCP-Session: b2406912-b07d-45fb-940b-fca8aff1d37b Authenticated with global context as user 94309d50-4f52-5250-31bd-74fecac179db
2026.03.18 22:24:35.186275 [ 45 ] {} <Debug> TCP-Session: b2406912-b07d-45fb-940b-fca8aff1d37b Creating session context with user_id: 94309d50-4f52-5250-31bd-74fecac179db
2026.03.18 22:24:35.186336 [ 45 ] {} <Trace> ContextAccess (default): Settings: readonly = 0, allow_ddl = true, allow_introspection_functions = false
2026.03.18 22:24:35.186356 [ 45 ] {} <Trace> ContextAccess (default): List of all grants: GRANT SHOW, SELECT, INSERT, ALTER, CREATE, DROP, UNDROP TABLE, TRUNCATE, OPTIMIZE, BACKUP, KILL QUERY, KILL TRANSACTION, MOVE PARTITION BETWEEN SHARDS, SYSTEM, dictGet, displaySecretsInShowAndSelect, INTROSPECTION, SOURCES, CLUSTER ON *.*
2026.03.18 22:24:35.186362 [ 45 ] {} <Trace> ContextAccess (default): List of all grants including implicit: GRANT SHOW, SELECT, INSERT, ALTER, CREATE, DROP, UNDROP TABLE, TRUNCATE, OPTIMIZE, BACKUP, KILL QUERY, KILL TRANSACTION, MOVE PARTITION BETWEEN SHARDS, SYSTEM, dictGet, displaySecretsInShowAndSelect, INTROSPECTION, SOURCES, CLUSTER ON *.*
2026.03.18 22:24:35.188089 [ 44 ] {} <Trace> TCP-Session: 8fc074fa-5538-41aa-8316-8045d171ab08 Creating query context from session context, user_id: 94309d50-4f52-5250-31bd-74fecac179db, parent context user: default
2026.03.18 22:24:35.188320 [ 44 ] {eed0e1af-a908-4160-94db-00517b0aa24c} <Debug> executeQuery: (from 172.18.0.6:57708, initial_query_id: 63a00869-0de7-49cc-80a7-f1cc1c4f96cf) SELECT `s`.`full_name`, `s`.`faculty_code`, `s`.`group_code`, `s`.`gpa`, count(`g`.`grade`) AS `grades_count` FROM `test`.`students_local` AS `s` ALL LEFT JOIN `test`.`grades` AS `g` ON `s`.`student_id` = `g`.`student_id` WHERE `s`.`status` = 'active' GROUP BY `s`.`full_name`, `s`.`faculty_code`, `s`.`group_code`, `s`.`gpa` ORDER BY `s`.`gpa` DESC LIMIT 10 (stage: WithMergeableState)
2026.03.18 22:24:35.189016 [ 44 ] {eed0e1af-a908-4160-94db-00517b0aa24c} <Trace> ContextAccess (default): Access granted: SELECT(student_id, grade) ON test.grades
2026.03.18 22:24:35.189101 [ 44 ] {eed0e1af-a908-4160-94db-00517b0aa24c} <Trace> ContextAccess (default): Access granted: SELECT(student_id, grade) ON test.grades
2026.03.18 22:24:35.189219 [ 44 ] {eed0e1af-a908-4160-94db-00517b0aa24c} <Trace> ContextAccess (default): Access granted: SELECT(student_id, grade) ON test.grades_local
2026.03.18 22:24:35.189242 [ 44 ] {eed0e1af-a908-4160-94db-00517b0aa24c} <Trace> InterpreterSelectQuery: FetchColumns -> Complete
2026.03.18 22:24:35.189272 [ 44 ] {eed0e1af-a908-4160-94db-00517b0aa24c} <Trace> InterpreterSelectQuery: Complete -> Complete
2026.03.18 22:24:35.189302 [ 44 ] {eed0e1af-a908-4160-94db-00517b0aa24c} <Debug> HashJoin: (0x764b08fa2798) Datatype: EMPTY, kind: Left, strictness: All, right header: g.student_id String String(size = 0), grade UInt8 UInt8(size = 0)
2026.03.18 22:24:35.189307 [ 44 ] {eed0e1af-a908-4160-94db-00517b0aa24c} <Debug> HashJoin: (0x764b08fa2798) Keys: [(student_id) = (g.student_id)]
2026.03.18 22:24:35.189400 [ 44 ] {eed0e1af-a908-4160-94db-00517b0aa24c} <Trace> ContextAccess (default): Access granted: SELECT(student_id, full_name, faculty_code, group_code, status, gpa) ON test.students_local
2026.03.18 22:24:35.189439 [ 44 ] {eed0e1af-a908-4160-94db-00517b0aa24c} <Trace> InterpreterSelectQuery: FetchColumns -> WithMergeableState
2026.03.18 22:24:35.189457 [ 44 ] {eed0e1af-a908-4160-94db-00517b0aa24c} <Debug> JoiningTransform: Before join block: 'student_id String String(size = 0), full_name String String(size = 0), faculty_code String String(size = 0), group_code String String(size = 0), status String String(size = 0), gpa Float32 Float32(size = 0)'
2026.03.18 22:24:35.189468 [ 44 ] {eed0e1af-a908-4160-94db-00517b0aa24c} <Debug> JoiningTransform: After join block: 'student_id String String(size = 0), full_name String String(size = 0), faculty_code String String(size = 0), group_code String String(size = 0), status String String(size = 0), gpa Float32 Float32(size = 0), grade UInt8 UInt8(size = 0)'
2026.03.18 22:24:35.189565 [ 44 ] {eed0e1af-a908-4160-94db-00517b0aa24c} <Debug> JoiningTransform: Before join block: 'student_id String String(size = 0), full_name String String(size = 0), faculty_code String String(size = 0), group_code String String(size = 0), status String String(size = 0), gpa Float32 Float32(size = 0)'
2026.03.18 22:24:35.189574 [ 44 ] {eed0e1af-a908-4160-94db-00517b0aa24c} <Debug> JoiningTransform: After join block: 'student_id String String(size = 0), full_name String String(size = 0), faculty_code String String(size = 0), group_code String String(size = 0), status String String(size = 0), gpa Float32 Float32(size = 0), grade UInt8 UInt8(size = 0)'
2026.03.18 22:24:35.189586 [ 44 ] {eed0e1af-a908-4160-94db-00517b0aa24c} <Debug> QueryPlanOptimizations: Pushed down filter equals(status, 'active') to the Left side of join
2026.03.18 22:24:35.189701 [ 45 ] {} <Trace> TCP-Session: b2406912-b07d-45fb-940b-fca8aff1d37b Creating query context from session context, user_id: 94309d50-4f52-5250-31bd-74fecac179db, parent context user: default
2026.03.18 22:24:35.189710 [ 44 ] {eed0e1af-a908-4160-94db-00517b0aa24c} <Debug> test.students_local (adcc615b-4a80-499d-a267-5ed2e1cff73a) (SelectExecutor): Key condition: unknown
2026.03.18 22:24:35.189723 [ 44 ] {eed0e1af-a908-4160-94db-00517b0aa24c} <Debug> test.students_local (adcc615b-4a80-499d-a267-5ed2e1cff73a) (SelectExecutor): MinMax index condition: unknown
2026.03.18 22:24:35.189973 [ 45 ] {e791cd5e-fb61-457e-addf-d6cf312709c2} <Debug> executeQuery: (from 172.18.0.6:55674, initial_query_id: 63a00869-0de7-49cc-80a7-f1cc1c4f96cf) SELECT `student_id`, `grade` FROM `test`.`grades_local` (stage: Complete)
2026.03.18 22:24:35.190224 [ 45 ] {e791cd5e-fb61-457e-addf-d6cf312709c2} <Trace> ContextAccess (default): Access granted: SELECT(student_id, grade) ON test.grades_local
2026.03.18 22:24:35.190531 [ 45 ] {e791cd5e-fb61-457e-addf-d6cf312709c2} <Trace> InterpreterSelectQuery: FetchColumns -> Complete
2026.03.18 22:24:35.190655 [ 45 ] {e791cd5e-fb61-457e-addf-d6cf312709c2} <Debug> test.grades_local (7b83862b-cceb-45e9-8ab9-cc0189ed0327) (SelectExecutor): Key condition: unknown
2026.03.18 22:24:35.190680 [ 45 ] {e791cd5e-fb61-457e-addf-d6cf312709c2} <Debug> test.grades_local (7b83862b-cceb-45e9-8ab9-cc0189ed0327) (SelectExecutor): MinMax index condition: unknown
2026.03.18 22:24:35.190900 [ 44 ] {eed0e1af-a908-4160-94db-00517b0aa24c} <Debug> test.students_local (adcc615b-4a80-499d-a267-5ed2e1cff73a) (SelectExecutor): Selected 4/4 parts by partition key, 4 parts by primary key, 4/4 marks by primary key, 4 marks to read from 4 ranges
2026.03.18 22:24:35.190913 [ 44 ] {eed0e1af-a908-4160-94db-00517b0aa24c} <Trace> test.students_local (adcc615b-4a80-499d-a267-5ed2e1cff73a) (SelectExecutor): Spreading mark ranges among streams (default reading)
2026.03.18 22:24:35.191018 [ 44 ] {eed0e1af-a908-4160-94db-00517b0aa24c} <Debug> MergeTreeReadPool: min_marks_for_concurrent_read=24
2026.03.18 22:24:35.191032 [ 44 ] {eed0e1af-a908-4160-94db-00517b0aa24c} <Debug> test.students_local (adcc615b-4a80-499d-a267-5ed2e1cff73a) (SelectExecutor): Reading approx. 348 rows with 4 streams
2026.03.18 22:24:35.191146 [ 44 ] {eed0e1af-a908-4160-94db-00517b0aa24c} <Debug> test.grades_local (7b83862b-cceb-45e9-8ab9-cc0189ed0327) (SelectExecutor): Key condition: unknown
2026.03.18 22:24:35.191168 [ 44 ] {eed0e1af-a908-4160-94db-00517b0aa24c} <Debug> test.grades_local (7b83862b-cceb-45e9-8ab9-cc0189ed0327) (SelectExecutor): MinMax index condition: unknown
2026.03.18 22:24:35.195161 [ 45 ] {e791cd5e-fb61-457e-addf-d6cf312709c2} <Debug> test.grades_local (7b83862b-cceb-45e9-8ab9-cc0189ed0327) (SelectExecutor): Selected 27/27 parts by partition key, 27 parts by primary key, 27/27 marks by primary key, 27 marks to read from 27 ranges
2026.03.18 22:24:35.195180 [ 45 ] {e791cd5e-fb61-457e-addf-d6cf312709c2} <Trace> test.grades_local (7b83862b-cceb-45e9-8ab9-cc0189ed0327) (SelectExecutor): Spreading mark ranges among streams (default reading)
2026.03.18 22:24:35.195833 [ 45 ] {e791cd5e-fb61-457e-addf-d6cf312709c2} <Debug> MergeTreeReadPool: min_marks_for_concurrent_read=24
2026.03.18 22:24:35.195849 [ 45 ] {e791cd5e-fb61-457e-addf-d6cf312709c2} <Debug> test.grades_local (7b83862b-cceb-45e9-8ab9-cc0189ed0327) (SelectExecutor): Reading approx. 1710 rows with 4 streams
2026.03.18 22:24:35.197038 [ 44 ] {eed0e1af-a908-4160-94db-00517b0aa24c} <Debug> test.grades_local (7b83862b-cceb-45e9-8ab9-cc0189ed0327) (SelectExecutor): Selected 27/27 parts by partition key, 27 parts by primary key, 27/27 marks by primary key, 27 marks to read from 27 ranges
2026.03.18 22:24:35.197062 [ 44 ] {eed0e1af-a908-4160-94db-00517b0aa24c} <Trace> test.grades_local (7b83862b-cceb-45e9-8ab9-cc0189ed0327) (SelectExecutor): Spreading mark ranges among streams (default reading)
2026.03.18 22:24:35.198423 [ 44 ] {eed0e1af-a908-4160-94db-00517b0aa24c} <Debug> MergeTreeReadPool: min_marks_for_concurrent_read=24
2026.03.18 22:24:35.198478 [ 44 ] {eed0e1af-a908-4160-94db-00517b0aa24c} <Debug> test.grades_local (7b83862b-cceb-45e9-8ab9-cc0189ed0327) (SelectExecutor): Reading approx. 1710 rows with 4 streams
2026.03.18 22:24:35.198661 [ 44 ] {eed0e1af-a908-4160-94db-00517b0aa24c} <Debug> JoiningTransform: Before join block: 'student_id String String(size = 0), full_name String String(size = 0), faculty_code String String(size = 0), group_code String String(size = 0), status String String(size = 0), gpa Float32 Float32(size = 0)'
2026.03.18 22:24:35.198674 [ 44 ] {eed0e1af-a908-4160-94db-00517b0aa24c} <Debug> JoiningTransform: After join block: 'student_id String String(size = 0), full_name String String(size = 0), faculty_code String String(size = 0), group_code String String(size = 0), status String String(size = 0), gpa Float32 Float32(size = 0), grade UInt8 UInt8(size = 0)'
2026.03.18 22:24:35.203347 [ 45 ] {e791cd5e-fb61-457e-addf-d6cf312709c2} <Debug> executeQuery: Read 1710 rows, 28.39 KiB in 0.0134 sec., 127611.94029850746 rows/sec., 2.07 MiB/sec.
2026.03.18 22:24:35.203398 [ 45 ] {e791cd5e-fb61-457e-addf-d6cf312709c2} <Debug> MemoryTracker: Peak memory usage (for query): 143.72 KiB.
2026.03.18 22:24:35.203402 [ 45 ] {e791cd5e-fb61-457e-addf-d6cf312709c2} <Debug> TCPHandler: Processed in 0.013829998 sec.
2026.03.18 22:24:35.205261 [ 306 ] {eed0e1af-a908-4160-94db-00517b0aa24c} <Trace> Connection (clickhouse-node1:9000): Connecting. Database: (not specified). User: default
2026.03.18 22:24:35.205291 [ 304 ] {eed0e1af-a908-4160-94db-00517b0aa24c} <Trace> Connection (clickhouse-node3:9000): Connecting. Database: (not specified). User: default
2026.03.18 22:24:35.209046 [ 306 ] {eed0e1af-a908-4160-94db-00517b0aa24c} <Trace> Connection (clickhouse-node1:9000): Connected to ClickHouse server version 23.8.16.
2026.03.18 22:24:35.209205 [ 46 ] {} <Trace> TCPHandlerFactory: TCP Request. Address: 172.18.0.5:41594
2026.03.18 22:24:35.210375 [ 46 ] {} <Debug> TCPHandler: Connected ClickHouse server version 23.8.0, revision: 54465, user: default.
2026.03.18 22:24:35.210426 [ 46 ] {} <Debug> TCP-Session: 65783e75-eca7-4fbd-9be1-cd69a0396d9e Authenticating user 'default' from 172.18.0.5:41594
2026.03.18 22:24:35.210435 [ 46 ] {} <Debug> TCP-Session: 65783e75-eca7-4fbd-9be1-cd69a0396d9e Authenticated with global context as user 94309d50-4f52-5250-31bd-74fecac179db
2026.03.18 22:24:35.210438 [ 46 ] {} <Debug> TCP-Session: 65783e75-eca7-4fbd-9be1-cd69a0396d9e Creating session context with user_id: 94309d50-4f52-5250-31bd-74fecac179db
2026.03.18 22:24:35.210521 [ 46 ] {} <Trace> ContextAccess (default): Settings: readonly = 0, allow_ddl = true, allow_introspection_functions = false
2026.03.18 22:24:35.210572 [ 46 ] {} <Trace> ContextAccess (default): List of all grants: GRANT SHOW, SELECT, INSERT, ALTER, CREATE, DROP, UNDROP TABLE, TRUNCATE, OPTIMIZE, BACKUP, KILL QUERY, KILL TRANSACTION, MOVE PARTITION BETWEEN SHARDS, SYSTEM, dictGet, displaySecretsInShowAndSelect, INTROSPECTION, SOURCES, CLUSTER ON *.*
2026.03.18 22:24:35.210578 [ 46 ] {} <Trace> ContextAccess (default): List of all grants including implicit: GRANT SHOW, SELECT, INSERT, ALTER, CREATE, DROP, UNDROP TABLE, TRUNCATE, OPTIMIZE, BACKUP, KILL QUERY, KILL TRANSACTION, MOVE PARTITION BETWEEN SHARDS, SYSTEM, dictGet, displaySecretsInShowAndSelect, INTROSPECTION, SOURCES, CLUSTER ON *.*
2026.03.18 22:24:35.210685 [ 306 ] {eed0e1af-a908-4160-94db-00517b0aa24c} <Debug> Connection (clickhouse-node1:9000): Sent data for 2 scalars, total 2 rows in 0.00116258 sec., 1719 rows/sec., 68.00 B (57.10 KiB/sec.), compressed 0.4594594594594595 times to 148.00 B (124.28 KiB/sec.)
2026.03.18 22:24:35.212588 [ 304 ] {eed0e1af-a908-4160-94db-00517b0aa24c} <Trace> Connection (clickhouse-node3:9000): Connected to ClickHouse server version 23.8.16.
2026.03.18 22:24:35.213011 [ 304 ] {eed0e1af-a908-4160-94db-00517b0aa24c} <Debug> Connection (clickhouse-node3:9000): Sent data for 2 scalars, total 2 rows in 6.5762e-05 sec., 30301 rows/sec., 68.00 B (1005.50 KiB/sec.), compressed 0.4594594594594595 times to 148.00 B (2.14 MiB/sec.)
2026.03.18 22:24:35.214640 [ 46 ] {} <Trace> TCP-Session: 65783e75-eca7-4fbd-9be1-cd69a0396d9e Creating query context from session context, user_id: 94309d50-4f52-5250-31bd-74fecac179db, parent context user: default
2026.03.18 22:24:35.214878 [ 46 ] {a2475bfc-3ebf-4d74-9293-919a6cb1ab2d} <Debug> executeQuery: (from 172.18.0.5:41594, initial_query_id: 63a00869-0de7-49cc-80a7-f1cc1c4f96cf) SELECT `student_id`, `grade` FROM `test`.`grades_local` (stage: Complete)
2026.03.18 22:24:35.215129 [ 46 ] {a2475bfc-3ebf-4d74-9293-919a6cb1ab2d} <Trace> ContextAccess (default): Access granted: SELECT(student_id, grade) ON test.grades_local
2026.03.18 22:24:35.215188 [ 46 ] {a2475bfc-3ebf-4d74-9293-919a6cb1ab2d} <Trace> InterpreterSelectQuery: FetchColumns -> Complete
2026.03.18 22:24:35.215253 [ 46 ] {a2475bfc-3ebf-4d74-9293-919a6cb1ab2d} <Debug> test.grades_local (7b83862b-cceb-45e9-8ab9-cc0189ed0327) (SelectExecutor): Key condition: unknown
2026.03.18 22:24:35.215285 [ 46 ] {a2475bfc-3ebf-4d74-9293-919a6cb1ab2d} <Debug> test.grades_local (7b83862b-cceb-45e9-8ab9-cc0189ed0327) (SelectExecutor): MinMax index condition: unknown
2026.03.18 22:24:35.220835 [ 46 ] {a2475bfc-3ebf-4d74-9293-919a6cb1ab2d} <Debug> test.grades_local (7b83862b-cceb-45e9-8ab9-cc0189ed0327) (SelectExecutor): Selected 27/27 parts by partition key, 27 parts by primary key, 27/27 marks by primary key, 27 marks to read from 27 ranges
2026.03.18 22:24:35.220854 [ 46 ] {a2475bfc-3ebf-4d74-9293-919a6cb1ab2d} <Trace> test.grades_local (7b83862b-cceb-45e9-8ab9-cc0189ed0327) (SelectExecutor): Spreading mark ranges among streams (default reading)
2026.03.18 22:24:35.221703 [ 46 ] {a2475bfc-3ebf-4d74-9293-919a6cb1ab2d} <Debug> MergeTreeReadPool: min_marks_for_concurrent_read=24
2026.03.18 22:24:35.221933 [ 46 ] {a2475bfc-3ebf-4d74-9293-919a6cb1ab2d} <Debug> test.grades_local (7b83862b-cceb-45e9-8ab9-cc0189ed0327) (SelectExecutor): Reading approx. 1710 rows with 4 streams
2026.03.18 22:24:35.232690 [ 46 ] {a2475bfc-3ebf-4d74-9293-919a6cb1ab2d} <Debug> executeQuery: Read 1710 rows, 28.39 KiB in 0.017906 sec., 95498.71551435273 rows/sec., 1.55 MiB/sec.
2026.03.18 22:24:35.232752 [ 46 ] {a2475bfc-3ebf-4d74-9293-919a6cb1ab2d} <Debug> MemoryTracker: Peak memory usage (for query): 137.37 KiB.
2026.03.18 22:24:35.232757 [ 46 ] {a2475bfc-3ebf-4d74-9293-919a6cb1ab2d} <Debug> TCPHandler: Processed in 0.01824097 sec.
2026.03.18 22:24:35.233230 [ 297 ] {eed0e1af-a908-4160-94db-00517b0aa24c} <Trace> AggregatingTransform: Aggregating
2026.03.18 22:24:35.233258 [ 297 ] {eed0e1af-a908-4160-94db-00517b0aa24c} <Trace> Aggregator: Aggregation method: serialized
2026.03.18 22:24:35.233323 [ 304 ] {eed0e1af-a908-4160-94db-00517b0aa24c} <Trace> AggregatingTransform: Aggregating
2026.03.18 22:24:35.233344 [ 304 ] {eed0e1af-a908-4160-94db-00517b0aa24c} <Trace> Aggregator: Aggregation method: serialized
2026.03.18 22:24:35.233568 [ 297 ] {eed0e1af-a908-4160-94db-00517b0aa24c} <Trace> AggregatingTransform: Aggregated. 673 to 128 rows (from 59.92 KiB) in 0.034323671 sec. (19607.460 rows/sec., 1.70 MiB/sec.)
2026.03.18 22:24:35.233572 [ 304 ] {eed0e1af-a908-4160-94db-00517b0aa24c} <Trace> AggregatingTransform: Aggregated. 545 to 121 rows (from 48.57 KiB) in 0.034309995 sec. (15884.584 rows/sec., 1.38 MiB/sec.)
2026.03.18 22:24:35.233582 [ 297 ] {eed0e1af-a908-4160-94db-00517b0aa24c} <Trace> AggregatingTransform: Aggregated. 0 to 0 rows (from 0.00 B) in 0.034316969 sec. (0.000 rows/sec., 0.00 B/sec.)
2026.03.18 22:24:35.233595 [ 300 ] {eed0e1af-a908-4160-94db-00517b0aa24c} <Trace> AggregatingTransform: Aggregated. 0 to 0 rows (from 0.00 B) in 0.034358516 sec. (0.000 rows/sec., 0.00 B/sec.)
2026.03.18 22:24:35.233598 [ 300 ] {eed0e1af-a908-4160-94db-00517b0aa24c} <Trace> Aggregator: Merging aggregated data
2026.03.18 22:24:35.233603 [ 300 ] {eed0e1af-a908-4160-94db-00517b0aa24c} <Trace> Aggregator: Statistics updated for key=4065113363608449451: new sum_of_sizes=249, median_size=121
2026.03.18 22:24:35.236024 [ 44 ] {eed0e1af-a908-4160-94db-00517b0aa24c} <Debug> executeQuery: Read 5348 rows, 124.44 KiB in 0.047828 sec., 111817.34548799865 rows/sec., 2.54 MiB/sec.
2026.03.18 22:24:35.236312 [ 44 ] {eed0e1af-a908-4160-94db-00517b0aa24c} <Trace> HashJoin: (0x764b08fa2798) Join data is being destroyed, 475392 bytes and 995 rows in hash table
2026.03.18 22:24:35.236398 [ 44 ] {eed0e1af-a908-4160-94db-00517b0aa24c} <Debug> MemoryTracker: Peak memory usage (for query): 7.76 MiB.
2026.03.18 22:24:35.236402 [ 44 ] {eed0e1af-a908-4160-94db-00517b0aa24c} <Debug> TCPHandler: Processed in 0.048783113 sec.
2026.03.18 22:24:35.687175 [ 93 ] {} <Debug> DNSResolver: Updating DNS cache
2026.03.18 22:24:35.688617 [ 93 ] {} <Debug> DNSResolver: Updated DNS cache
2026.03.18 22:24:36.002603 [ 290 ] {} <Trace> AsynchronousMetrics: MemoryTracking: was 410.02 MiB, peak 411.43 MiB, free memory in arenas 5.01 MiB, will set to 404.49 MiB (RSS), difference: -5.53 MiB
2026.03.18 22:24:38.499207 [ 44 ] {} <Trace> TCP-Session: 8fc074fa-5538-41aa-8316-8045d171ab08 Creating query context from session context, user_id: 94309d50-4f52-5250-31bd-74fecac179db, parent context user: default
2026.03.18 22:24:38.499512 [ 44 ] {37726dd2-7eae-49e8-b801-ced3ff07f488} <Debug> executeQuery: (from 172.18.0.6:57708, initial_query_id: d49dfb49-4e64-4229-bce1-8b51e1f52224) SELECT `faculty_code`, count() AS `student_count`, countIf(`status` = 'active') AS `active_count`, round(avg(`gpa`), 2) AS `avg_gpa`, min(`gpa`) AS `min_gpa`, max(`gpa`) AS `max_gpa` FROM `test`.`students_local` GROUP BY `faculty_code` ORDER BY `avg_gpa` DESC (stage: WithMergeableState)
2026.03.18 22:24:38.499868 [ 44 ] {37726dd2-7eae-49e8-b801-ced3ff07f488} <Trace> ContextAccess (default): Access granted: SELECT(faculty_code, status, gpa) ON test.students_local
2026.03.18 22:24:38.499905 [ 44 ] {37726dd2-7eae-49e8-b801-ced3ff07f488} <Trace> InterpreterSelectQuery: FetchColumns -> WithMergeableState
2026.03.18 22:24:38.500189 [ 44 ] {37726dd2-7eae-49e8-b801-ced3ff07f488} <Debug> test.students_local (adcc615b-4a80-499d-a267-5ed2e1cff73a) (SelectExecutor): Key condition: unknown
2026.03.18 22:24:38.500208 [ 44 ] {37726dd2-7eae-49e8-b801-ced3ff07f488} <Debug> test.students_local (adcc615b-4a80-499d-a267-5ed2e1cff73a) (SelectExecutor): MinMax index condition: unknown
2026.03.18 22:24:38.500467 [ 44 ] {37726dd2-7eae-49e8-b801-ced3ff07f488} <Debug> test.students_local (adcc615b-4a80-499d-a267-5ed2e1cff73a) (SelectExecutor): Selected 4/4 parts by partition key, 4 parts by primary key, 4/4 marks by primary key, 4 marks to read from 4 ranges
2026.03.18 22:24:38.500478 [ 44 ] {37726dd2-7eae-49e8-b801-ced3ff07f488} <Trace> test.students_local (adcc615b-4a80-499d-a267-5ed2e1cff73a) (SelectExecutor): Spreading mark ranges among streams (default reading)
2026.03.18 22:24:38.500512 [ 44 ] {37726dd2-7eae-49e8-b801-ced3ff07f488} <Debug> MergeTreeReadPool: min_marks_for_concurrent_read=24
2026.03.18 22:24:38.500521 [ 44 ] {37726dd2-7eae-49e8-b801-ced3ff07f488} <Debug> test.students_local (adcc615b-4a80-499d-a267-5ed2e1cff73a) (SelectExecutor): Reading approx. 348 rows with 4 streams
2026.03.18 22:24:38.501637 [ 297 ] {37726dd2-7eae-49e8-b801-ced3ff07f488} <Trace> AggregatingTransform: Aggregating
2026.03.18 22:24:38.501665 [ 297 ] {37726dd2-7eae-49e8-b801-ced3ff07f488} <Trace> Aggregator: Aggregation method: key_string
2026.03.18 22:24:38.501792 [ 297 ] {37726dd2-7eae-49e8-b801-ced3ff07f488} <Trace> AggregatingTransform: Aggregated. 256 to 5 rows (from 4.25 KiB) in 0.001117806 sec. (229020.063 rows/sec., 3.71 MiB/sec.)
2026.03.18 22:24:38.501802 [ 297 ] {37726dd2-7eae-49e8-b801-ced3ff07f488} <Trace> AggregatingTransform: Aggregated. 0 to 0 rows (from 0.00 B) in 0.001117285 sec. (0.000 rows/sec., 0.00 B/sec.)
2026.03.18 22:24:38.501808 [ 297 ] {37726dd2-7eae-49e8-b801-ced3ff07f488} <Trace> AggregatingTransform: Aggregated. 0 to 0 rows (from 0.00 B) in 0.001112826 sec. (0.000 rows/sec., 0.00 B/sec.)
2026.03.18 22:24:38.501892 [ 301 ] {37726dd2-7eae-49e8-b801-ced3ff07f488} <Trace> AggregatingTransform: Aggregating
2026.03.18 22:24:38.501906 [ 301 ] {37726dd2-7eae-49e8-b801-ced3ff07f488} <Trace> Aggregator: Aggregation method: key_string
2026.03.18 22:24:38.501929 [ 301 ] {37726dd2-7eae-49e8-b801-ced3ff07f488} <Trace> AggregatingTransform: Aggregated. 92 to 5 rows (from 1.53 KiB) in 0.001263598 sec. (72807.966 rows/sec., 1.18 MiB/sec.)
2026.03.18 22:24:38.501932 [ 301 ] {37726dd2-7eae-49e8-b801-ced3ff07f488} <Trace> Aggregator: Merging aggregated data
2026.03.18 22:24:38.501936 [ 301 ] {37726dd2-7eae-49e8-b801-ced3ff07f488} <Trace> Aggregator: Statistics updated for key=11893731310873864658: new sum_of_sizes=10, median_size=5
2026.03.18 22:24:38.502713 [ 44 ] {37726dd2-7eae-49e8-b801-ced3ff07f488} <Debug> executeQuery: Read 348 rows, 11.07 KiB in 0.003405 sec., 102202.64317180616 rows/sec., 3.18 MiB/sec.
2026.03.18 22:24:38.502780 [ 44 ] {37726dd2-7eae-49e8-b801-ced3ff07f488} <Debug> TCPHandler: Processed in 0.003640981 sec.
2026.03.18 22:24:45.159446 [ 45 ] {} <Trace> TCP-Session: b2406912-b07d-45fb-940b-fca8aff1d37b Creating query context from session context, user_id: 94309d50-4f52-5250-31bd-74fecac179db, parent context user: default
2026.03.18 22:24:45.159628 [ 45 ] {1e9a593b-4210-4d9e-8a2d-78ab2f6d0e8d} <Debug> executeQuery: (from 172.18.0.6:55674, initial_query_id: 2a19ca2f-a875-4947-9639-3b0c954f3c81) SELECT `g`.`course_code`, `c`.`course_name`, `g`.`grade`, `g`.`grade_type`, `g`.`grade_date`, `g`.`semester`, `g`.`academic_year` FROM `test`.`grades_local` AS `g` ALL LEFT JOIN `test`.`courses` AS `c` ON `g`.`course_code` = `c`.`course_code` WHERE `g`.`student_id` = 'STU1001' ORDER BY `g`.`grade_date` DESC (stage: WithMergeableStateAfterAggregationAndLimit)
2026.03.18 22:24:45.159810 [ 44 ] {} <Trace> TCP-Session: 8fc074fa-5538-41aa-8316-8045d171ab08 Creating query context from session context, user_id: 94309d50-4f52-5250-31bd-74fecac179db, parent context user: default
2026.03.18 22:24:45.159902 [ 44 ] {84bd487e-2180-4a2d-891a-78d3204aa592} <Debug> executeQuery: (from 172.18.0.6:57708, initial_query_id: 2a19ca2f-a875-4947-9639-3b0c954f3c81) SELECT `course_code`, `course_name` FROM `test`.`courses_local` (stage: Complete)
2026.03.18 22:24:45.160053 [ 44 ] {84bd487e-2180-4a2d-891a-78d3204aa592} <Trace> ContextAccess (default): Access granted: SELECT(course_code, course_name) ON test.courses_local
2026.03.18 22:24:45.160172 [ 44 ] {84bd487e-2180-4a2d-891a-78d3204aa592} <Trace> InterpreterSelectQuery: FetchColumns -> Complete
2026.03.18 22:24:45.160221 [ 44 ] {84bd487e-2180-4a2d-891a-78d3204aa592} <Debug> test.courses_local (459349ad-92fc-4b00-822f-1454403d3a61) (SelectExecutor): Key condition: unknown
2026.03.18 22:24:45.160234 [ 44 ] {84bd487e-2180-4a2d-891a-78d3204aa592} <Debug> test.courses_local (459349ad-92fc-4b00-822f-1454403d3a61) (SelectExecutor): Selected 1/1 parts by partition key, 1 parts by primary key, 1/1 marks by primary key, 1 marks to read from 1 ranges
2026.03.18 22:24:45.160239 [ 44 ] {84bd487e-2180-4a2d-891a-78d3204aa592} <Trace> test.courses_local (459349ad-92fc-4b00-822f-1454403d3a61) (SelectExecutor): Spreading mark ranges among streams (default reading)
2026.03.18 22:24:45.160252 [ 44 ] {84bd487e-2180-4a2d-891a-78d3204aa592} <Trace> MergeTreeInOrderSelectProcessor: Reading 1 ranges in order from part all_1_1_0, approx. 31 rows starting from 0
2026.03.18 22:24:45.160458 [ 45 ] {1e9a593b-4210-4d9e-8a2d-78ab2f6d0e8d} <Trace> ContextAccess (default): Access granted: SELECT(course_code, course_name) ON test.courses
2026.03.18 22:24:45.161032 [ 45 ] {1e9a593b-4210-4d9e-8a2d-78ab2f6d0e8d} <Trace> ContextAccess (default): Access granted: SELECT(course_code, course_name) ON test.courses
2026.03.18 22:24:45.161143 [ 45 ] {1e9a593b-4210-4d9e-8a2d-78ab2f6d0e8d} <Trace> ContextAccess (default): Access granted: SELECT(course_code, course_name) ON test.courses_local
2026.03.18 22:24:45.161158 [ 45 ] {1e9a593b-4210-4d9e-8a2d-78ab2f6d0e8d} <Trace> InterpreterSelectQuery: FetchColumns -> Complete
2026.03.18 22:24:45.161180 [ 45 ] {1e9a593b-4210-4d9e-8a2d-78ab2f6d0e8d} <Trace> InterpreterSelectQuery: Complete -> Complete
2026.03.18 22:24:45.161207 [ 45 ] {1e9a593b-4210-4d9e-8a2d-78ab2f6d0e8d} <Debug> HashJoin: (0x764b04e3aa18) Datatype: EMPTY, kind: Left, strictness: All, right header: c.course_code String String(size = 0), course_name String String(size = 0)
2026.03.18 22:24:45.161218 [ 45 ] {1e9a593b-4210-4d9e-8a2d-78ab2f6d0e8d} <Debug> HashJoin: (0x764b04e3aa18) Keys: [(course_code) = (c.course_code)]
2026.03.18 22:24:45.161326 [ 45 ] {1e9a593b-4210-4d9e-8a2d-78ab2f6d0e8d} <Trace> ContextAccess (default): Access granted: SELECT(student_id, course_code, grade, grade_type, grade_date, semester, academic_year) ON test.grades_local
2026.03.18 22:24:45.161348 [ 45 ] {1e9a593b-4210-4d9e-8a2d-78ab2f6d0e8d} <Trace> InterpreterSelectQuery: FetchColumns -> WithMergeableStateAfterAggregationAndLimit
2026.03.18 22:24:45.161437 [ 45 ] {1e9a593b-4210-4d9e-8a2d-78ab2f6d0e8d} <Debug> JoiningTransform: Before join block: 'student_id String String(size = 0), course_code String String(size = 0), grade UInt8 UInt8(size = 0), grade_type String String(size = 0), grade_date Date UInt16(size = 0), semester UInt8 UInt8(size = 0), academic_year String String(size = 0)'
2026.03.18 22:24:45.161451 [ 45 ] {1e9a593b-4210-4d9e-8a2d-78ab2f6d0e8d} <Debug> JoiningTransform: After join block: 'student_id String String(size = 0), course_code String String(size = 0), grade UInt8 UInt8(size = 0), grade_type String String(size = 0), grade_date Date UInt16(size = 0), semester UInt8 UInt8(size = 0), academic_year String String(size = 0), course_name String String(size = 0)'
2026.03.18 22:24:45.161536 [ 45 ] {1e9a593b-4210-4d9e-8a2d-78ab2f6d0e8d} <Debug> JoiningTransform: Before join block: 'student_id String String(size = 0), course_code String String(size = 0), grade UInt8 UInt8(size = 0), grade_type String String(size = 0), grade_date Date UInt16(size = 0), semester UInt8 UInt8(size = 0), academic_year String String(size = 0)'
2026.03.18 22:24:45.161544 [ 45 ] {1e9a593b-4210-4d9e-8a2d-78ab2f6d0e8d} <Debug> JoiningTransform: After join block: 'student_id String String(size = 0), course_code String String(size = 0), grade UInt8 UInt8(size = 0), grade_type String String(size = 0), grade_date Date UInt16(size = 0), semester UInt8 UInt8(size = 0), academic_year String String(size = 0), course_name String String(size = 0)'
2026.03.18 22:24:45.161557 [ 45 ] {1e9a593b-4210-4d9e-8a2d-78ab2f6d0e8d} <Debug> QueryPlanOptimizations: Pushed down filter equals(student_id, 'STU1001') to the Left side of join
2026.03.18 22:24:45.161672 [ 45 ] {1e9a593b-4210-4d9e-8a2d-78ab2f6d0e8d} <Debug> test.grades_local (7b83862b-cceb-45e9-8ab9-cc0189ed0327) (SelectExecutor): Key condition: (column 0 in ['STU1001', 'STU1001'])
2026.03.18 22:24:45.161698 [ 45 ] {1e9a593b-4210-4d9e-8a2d-78ab2f6d0e8d} <Debug> test.grades_local (7b83862b-cceb-45e9-8ab9-cc0189ed0327) (SelectExecutor): MinMax index condition: unknown
2026.03.18 22:24:45.161975 [ 44 ] {84bd487e-2180-4a2d-891a-78d3204aa592} <Debug> executeQuery: Read 31 rows, 2.03 KiB in 0.002093 sec., 14811.2756808409 rows/sec., 968.16 KiB/sec.
2026.03.18 22:24:45.161981 [ 302 ] {1e9a593b-4210-4d9e-8a2d-78ab2f6d0e8d} <Trace> test.grades_local (7b83862b-cceb-45e9-8ab9-cc0189ed0327) (SelectExecutor): Running binary search on index range for part 202210_22_22_0 (2 marks)
2026.03.18 22:24:45.161992 [ 302 ] {1e9a593b-4210-4d9e-8a2d-78ab2f6d0e8d} <Trace> test.grades_local (7b83862b-cceb-45e9-8ab9-cc0189ed0327) (SelectExecutor): Found (LEFT) boundary mark: 1
2026.03.18 22:24:45.161995 [ 302 ] {1e9a593b-4210-4d9e-8a2d-78ab2f6d0e8d} <Trace> test.grades_local (7b83862b-cceb-45e9-8ab9-cc0189ed0327) (SelectExecutor): Found (RIGHT) boundary mark: 2
2026.03.18 22:24:45.161997 [ 44 ] {84bd487e-2180-4a2d-891a-78d3204aa592} <Debug> TCPHandler: Processed in 0.002234221 sec.
2026.03.18 22:24:45.161999 [ 302 ] {1e9a593b-4210-4d9e-8a2d-78ab2f6d0e8d} <Trace> test.grades_local (7b83862b-cceb-45e9-8ab9-cc0189ed0327) (SelectExecutor): Found empty range in 1 steps
2026.03.18 22:24:45.162027 [ 302 ] {1e9a593b-4210-4d9e-8a2d-78ab2f6d0e8d} <Trace> test.grades_local (7b83862b-cceb-45e9-8ab9-cc0189ed0327) (SelectExecutor): Running binary search on index range for part 202211_1_1_0 (2 marks)
2026.03.18 22:24:45.162036 [ 302 ] {1e9a593b-4210-4d9e-8a2d-78ab2f6d0e8d} <Trace> test.grades_local (7b83862b-cceb-45e9-8ab9-cc0189ed0327) (SelectExecutor): Found (LEFT) boundary mark: 1
2026.03.18 22:24:45.162038 [ 302 ] {1e9a593b-4210-4d9e-8a2d-78ab2f6d0e8d} <Trace> test.grades_local (7b83862b-cceb-45e9-8ab9-cc0189ed0327) (SelectExecutor): Found (RIGHT) boundary mark: 2
2026.03.18 22:24:45.162040 [ 304 ] {1e9a593b-4210-4d9e-8a2d-78ab2f6d0e8d} <Trace> test.grades_local (7b83862b-cceb-45e9-8ab9-cc0189ed0327) (SelectExecutor): Running binary search on index range for part 202212_7_7_0 (2 marks)
2026.03.18 22:24:45.162081 [ 304 ] {1e9a593b-4210-4d9e-8a2d-78ab2f6d0e8d} <Trace> test.grades_local (7b83862b-cceb-45e9-8ab9-cc0189ed0327) (SelectExecutor): Found (LEFT) boundary mark: 1
2026.03.18 22:24:45.162087 [ 304 ] {1e9a593b-4210-4d9e-8a2d-78ab2f6d0e8d} <Trace> test.grades_local (7b83862b-cceb-45e9-8ab9-cc0189ed0327) (SelectExecutor): Found (RIGHT) boundary mark: 2
2026.03.18 22:24:45.162090 [ 304 ] {1e9a593b-4210-4d9e-8a2d-78ab2f6d0e8d} <Trace> test.grades_local (7b83862b-cceb-45e9-8ab9-cc0189ed0327) (SelectExecutor): Found empty range in 1 steps
2026.03.18 22:24:45.162041 [ 302 ] {1e9a593b-4210-4d9e-8a2d-78ab2f6d0e8d} <Trace> test.grades_local (7b83862b-cceb-45e9-8ab9-cc0189ed0327) (SelectExecutor): Found empty range in 1 steps
2026.03.18 22:24:45.162157 [ 302 ] {1e9a593b-4210-4d9e-8a2d-78ab2f6d0e8d} <Trace> test.grades_local (7b83862b-cceb-45e9-8ab9-cc0189ed0327) (SelectExecutor): Running binary search on index range for part 202301_4_4_0 (2 marks)
2026.03.18 22:24:45.162164 [ 302 ] {1e9a593b-4210-4d9e-8a2d-78ab2f6d0e8d} <Trace> test.grades_local (7b83862b-cceb-45e9-8ab9-cc0189ed0327) (SelectExecutor): Found (LEFT) boundary mark: 1
2026.03.18 22:24:45.162167 [ 302 ] {1e9a593b-4210-4d9e-8a2d-78ab2f6d0e8d} <Trace> test.grades_local (7b83862b-cceb-45e9-8ab9-cc0189ed0327) (SelectExecutor): Found (RIGHT) boundary mark: 2
2026.03.18 22:24:45.162170 [ 302 ] {1e9a593b-4210-4d9e-8a2d-78ab2f6d0e8d} <Trace> test.grades_local (7b83862b-cceb-45e9-8ab9-cc0189ed0327) (SelectExecutor): Found empty range in 1 steps
2026.03.18 22:24:45.162192 [ 300 ] {1e9a593b-4210-4d9e-8a2d-78ab2f6d0e8d} <Trace> test.grades_local (7b83862b-cceb-45e9-8ab9-cc0189ed0327) (SelectExecutor): Running binary search on index range for part 202302_20_20_0 (2 marks)
2026.03.18 22:24:45.162199 [ 300 ] {1e9a593b-4210-4d9e-8a2d-78ab2f6d0e8d} <Trace> test.grades_local (7b83862b-cceb-45e9-8ab9-cc0189ed0327) (SelectExecutor): Found (LEFT) boundary mark: 1
2026.03.18 22:24:45.162201 [ 302 ] {1e9a593b-4210-4d9e-8a2d-78ab2f6d0e8d} <Trace> test.grades_local (7b83862b-cceb-45e9-8ab9-cc0189ed0327) (SelectExecutor): Running binary search on index range for part 202303_24_24_0 (2 marks)
2026.03.18 22:24:45.162208 [ 302 ] {1e9a593b-4210-4d9e-8a2d-78ab2f6d0e8d} <Trace> test.grades_local (7b83862b-cceb-45e9-8ab9-cc0189ed0327) (SelectExecutor): Found (LEFT) boundary mark: 1
2026.03.18 22:24:45.162211 [ 302 ] {1e9a593b-4210-4d9e-8a2d-78ab2f6d0e8d} <Trace> test.grades_local (7b83862b-cceb-45e9-8ab9-cc0189ed0327) (SelectExecutor): Found (RIGHT) boundary mark: 2
2026.03.18 22:24:45.162214 [ 302 ] {1e9a593b-4210-4d9e-8a2d-78ab2f6d0e8d} <Trace> test.grades_local (7b83862b-cceb-45e9-8ab9-cc0189ed0327) (SelectExecutor): Found empty range in 1 steps
2026.03.18 22:24:45.162227 [ 296 ] {1e9a593b-4210-4d9e-8a2d-78ab2f6d0e8d} <Trace> test.grades_local (7b83862b-cceb-45e9-8ab9-cc0189ed0327) (SelectExecutor): Running binary search on index range for part 202209_23_23_0 (2 marks)
2026.03.18 22:24:45.162233 [ 296 ] {1e9a593b-4210-4d9e-8a2d-78ab2f6d0e8d} <Trace> test.grades_local (7b83862b-cceb-45e9-8ab9-cc0189ed0327) (SelectExecutor): Found (LEFT) boundary mark: 1
2026.03.18 22:24:45.162235 [ 296 ] {1e9a593b-4210-4d9e-8a2d-78ab2f6d0e8d} <Trace> test.grades_local (7b83862b-cceb-45e9-8ab9-cc0189ed0327) (SelectExecutor): Found (RIGHT) boundary mark: 2
2026.03.18 22:24:45.162238 [ 296 ] {1e9a593b-4210-4d9e-8a2d-78ab2f6d0e8d} <Trace> test.grades_local (7b83862b-cceb-45e9-8ab9-cc0189ed0327) (SelectExecutor): Found empty range in 1 steps
2026.03.18 22:24:45.162202 [ 300 ] {1e9a593b-4210-4d9e-8a2d-78ab2f6d0e8d} <Trace> test.grades_local (7b83862b-cceb-45e9-8ab9-cc0189ed0327) (SelectExecutor): Found (RIGHT) boundary mark: 2
2026.03.18 22:24:45.162374 [ 300 ] {1e9a593b-4210-4d9e-8a2d-78ab2f6d0e8d} <Trace> test.grades_local (7b83862b-cceb-45e9-8ab9-cc0189ed0327) (SelectExecutor): Found empty range in 1 steps
2026.03.18 22:24:45.162589 [ 296 ] {1e9a593b-4210-4d9e-8a2d-78ab2f6d0e8d} <Trace> test.grades_local (7b83862b-cceb-45e9-8ab9-cc0189ed0327) (SelectExecutor): Running binary search on index range for part 202304_27_27_0 (2 marks)
2026.03.18 22:24:45.162598 [ 296 ] {1e9a593b-4210-4d9e-8a2d-78ab2f6d0e8d} <Trace> test.grades_local (7b83862b-cceb-45e9-8ab9-cc0189ed0327) (SelectExecutor): Found (LEFT) boundary mark: 1
2026.03.18 22:24:45.162601 [ 296 ] {1e9a593b-4210-4d9e-8a2d-78ab2f6d0e8d} <Trace> test.grades_local (7b83862b-cceb-45e9-8ab9-cc0189ed0327) (SelectExecutor): Found (RIGHT) boundary mark: 2
2026.03.18 22:24:45.162604 [ 296 ] {1e9a593b-4210-4d9e-8a2d-78ab2f6d0e8d} <Trace> test.grades_local (7b83862b-cceb-45e9-8ab9-cc0189ed0327) (SelectExecutor): Found empty range in 1 steps
2026.03.18 22:24:45.162623 [ 296 ] {1e9a593b-4210-4d9e-8a2d-78ab2f6d0e8d} <Trace> test.grades_local (7b83862b-cceb-45e9-8ab9-cc0189ed0327) (SelectExecutor): Running binary search on index range for part 202305_13_13_0 (2 marks)
2026.03.18 22:24:45.162628 [ 296 ] {1e9a593b-4210-4d9e-8a2d-78ab2f6d0e8d} <Trace> test.grades_local (7b83862b-cceb-45e9-8ab9-cc0189ed0327) (SelectExecutor): Found (LEFT) boundary mark: 1
2026.03.18 22:24:45.162631 [ 296 ] {1e9a593b-4210-4d9e-8a2d-78ab2f6d0e8d} <Trace> test.grades_local (7b83862b-cceb-45e9-8ab9-cc0189ed0327) (SelectExecutor): Found (RIGHT) boundary mark: 2
2026.03.18 22:24:45.162633 [ 296 ] {1e9a593b-4210-4d9e-8a2d-78ab2f6d0e8d} <Trace> test.grades_local (7b83862b-cceb-45e9-8ab9-cc0189ed0327) (SelectExecutor): Found empty range in 1 steps
2026.03.18 22:24:45.162662 [ 300 ] {1e9a593b-4210-4d9e-8a2d-78ab2f6d0e8d} <Trace> test.grades_local (7b83862b-cceb-45e9-8ab9-cc0189ed0327) (SelectExecutor): Running binary search on index range for part 202306_16_16_0 (2 marks)
2026.03.18 22:24:45.162666 [ 300 ] {1e9a593b-4210-4d9e-8a2d-78ab2f6d0e8d} <Trace> test.grades_local (7b83862b-cceb-45e9-8ab9-cc0189ed0327) (SelectExecutor): Found (LEFT) boundary mark: 1
2026.03.18 22:24:45.162668 [ 300 ] {1e9a593b-4210-4d9e-8a2d-78ab2f6d0e8d} <Trace> test.grades_local (7b83862b-cceb-45e9-8ab9-cc0189ed0327) (SelectExecutor): Found (RIGHT) boundary mark: 2
2026.03.18 22:24:45.162671 [ 300 ] {1e9a593b-4210-4d9e-8a2d-78ab2f6d0e8d} <Trace> test.grades_local (7b83862b-cceb-45e9-8ab9-cc0189ed0327) (SelectExecutor): Found empty range in 1 steps
2026.03.18 22:24:45.162687 [ 300 ] {1e9a593b-4210-4d9e-8a2d-78ab2f6d0e8d} <Trace> test.grades_local (7b83862b-cceb-45e9-8ab9-cc0189ed0327) (SelectExecutor): Running binary search on index range for part 202307_5_5_0 (2 marks)
2026.03.18 22:24:45.162691 [ 300 ] {1e9a593b-4210-4d9e-8a2d-78ab2f6d0e8d} <Trace> test.grades_local (7b83862b-cceb-45e9-8ab9-cc0189ed0327) (SelectExecutor): Found (LEFT) boundary mark: 1
2026.03.18 22:24:45.162694 [ 300 ] {1e9a593b-4210-4d9e-8a2d-78ab2f6d0e8d} <Trace> test.grades_local (7b83862b-cceb-45e9-8ab9-cc0189ed0327) (SelectExecutor): Found (RIGHT) boundary mark: 2
2026.03.18 22:24:45.162696 [ 300 ] {1e9a593b-4210-4d9e-8a2d-78ab2f6d0e8d} <Trace> test.grades_local (7b83862b-cceb-45e9-8ab9-cc0189ed0327) (SelectExecutor): Found empty range in 1 steps
2026.03.18 22:24:45.162721 [ 304 ] {1e9a593b-4210-4d9e-8a2d-78ab2f6d0e8d} <Trace> test.grades_local (7b83862b-cceb-45e9-8ab9-cc0189ed0327) (SelectExecutor): Running binary search on index range for part 202308_8_8_0 (2 marks)
2026.03.18 22:24:45.162725 [ 304 ] {1e9a593b-4210-4d9e-8a2d-78ab2f6d0e8d} <Trace> test.grades_local (7b83862b-cceb-45e9-8ab9-cc0189ed0327) (SelectExecutor): Found (LEFT) boundary mark: 1
2026.03.18 22:24:45.162728 [ 304 ] {1e9a593b-4210-4d9e-8a2d-78ab2f6d0e8d} <Trace> test.grades_local (7b83862b-cceb-45e9-8ab9-cc0189ed0327) (SelectExecutor): Found (RIGHT) boundary mark: 2
2026.03.18 22:24:45.162756 [ 304 ] {1e9a593b-4210-4d9e-8a2d-78ab2f6d0e8d} <Trace> test.grades_local (7b83862b-cceb-45e9-8ab9-cc0189ed0327) (SelectExecutor): Found empty range in 1 steps
2026.03.18 22:24:45.162984 [ 302 ] {1e9a593b-4210-4d9e-8a2d-78ab2f6d0e8d} <Trace> test.grades_local (7b83862b-cceb-45e9-8ab9-cc0189ed0327) (SelectExecutor): Running binary search on index range for part 202309_12_12_0 (2 marks)
2026.03.18 22:24:45.162990 [ 300 ] {1e9a593b-4210-4d9e-8a2d-78ab2f6d0e8d} <Trace> test.grades_local (7b83862b-cceb-45e9-8ab9-cc0189ed0327) (SelectExecutor): Running binary search on index range for part 202310_14_14_0 (2 marks)
2026.03.18 22:24:45.163005 [ 300 ] {1e9a593b-4210-4d9e-8a2d-78ab2f6d0e8d} <Trace> test.grades_local (7b83862b-cceb-45e9-8ab9-cc0189ed0327) (SelectExecutor): Found (LEFT) boundary mark: 1
2026.03.18 22:24:45.163007 [ 300 ] {1e9a593b-4210-4d9e-8a2d-78ab2f6d0e8d} <Trace> test.grades_local (7b83862b-cceb-45e9-8ab9-cc0189ed0327) (SelectExecutor): Found (RIGHT) boundary mark: 2
2026.03.18 22:24:45.163011 [ 300 ] {1e9a593b-4210-4d9e-8a2d-78ab2f6d0e8d} <Trace> test.grades_local (7b83862b-cceb-45e9-8ab9-cc0189ed0327) (SelectExecutor): Found empty range in 1 steps
2026.03.18 22:24:45.163024 [ 296 ] {1e9a593b-4210-4d9e-8a2d-78ab2f6d0e8d} <Trace> test.grades_local (7b83862b-cceb-45e9-8ab9-cc0189ed0327) (SelectExecutor): Running binary search on index range for part 202311_2_2_0 (2 marks)
2026.03.18 22:24:45.162994 [ 302 ] {1e9a593b-4210-4d9e-8a2d-78ab2f6d0e8d} <Trace> test.grades_local (7b83862b-cceb-45e9-8ab9-cc0189ed0327) (SelectExecutor): Found (LEFT) boundary mark: 1
2026.03.18 22:24:45.163034 [ 296 ] {1e9a593b-4210-4d9e-8a2d-78ab2f6d0e8d} <Trace> test.grades_local (7b83862b-cceb-45e9-8ab9-cc0189ed0327) (SelectExecutor): Found (LEFT) boundary mark: 1
2026.03.18 22:24:45.163075 [ 296 ] {1e9a593b-4210-4d9e-8a2d-78ab2f6d0e8d} <Trace> test.grades_local (7b83862b-cceb-45e9-8ab9-cc0189ed0327) (SelectExecutor): Found (RIGHT) boundary mark: 2
2026.03.18 22:24:45.163083 [ 296 ] {1e9a593b-4210-4d9e-8a2d-78ab2f6d0e8d} <Trace> test.grades_local (7b83862b-cceb-45e9-8ab9-cc0189ed0327) (SelectExecutor): Found empty range in 1 steps
2026.03.18 22:24:45.163034 [ 302 ] {1e9a593b-4210-4d9e-8a2d-78ab2f6d0e8d} <Trace> test.grades_local (7b83862b-cceb-45e9-8ab9-cc0189ed0327) (SelectExecutor): Found (RIGHT) boundary mark: 2
2026.03.18 22:24:45.163147 [ 302 ] {1e9a593b-4210-4d9e-8a2d-78ab2f6d0e8d} <Trace> test.grades_local (7b83862b-cceb-45e9-8ab9-cc0189ed0327) (SelectExecutor): Found empty range in 1 steps
2026.03.18 22:24:45.163175 [ 302 ] {1e9a593b-4210-4d9e-8a2d-78ab2f6d0e8d} <Trace> test.grades_local (7b83862b-cceb-45e9-8ab9-cc0189ed0327) (SelectExecutor): Running binary search on index range for part 202401_21_21_0 (2 marks)
2026.03.18 22:24:45.163179 [ 302 ] {1e9a593b-4210-4d9e-8a2d-78ab2f6d0e8d} <Trace> test.grades_local (7b83862b-cceb-45e9-8ab9-cc0189ed0327) (SelectExecutor): Found (LEFT) boundary mark: 1
2026.03.18 22:24:45.163182 [ 302 ] {1e9a593b-4210-4d9e-8a2d-78ab2f6d0e8d} <Trace> test.grades_local (7b83862b-cceb-45e9-8ab9-cc0189ed0327) (SelectExecutor): Found (RIGHT) boundary mark: 2
2026.03.18 22:24:45.163185 [ 302 ] {1e9a593b-4210-4d9e-8a2d-78ab2f6d0e8d} <Trace> test.grades_local (7b83862b-cceb-45e9-8ab9-cc0189ed0327) (SelectExecutor): Found empty range in 1 steps
2026.03.18 22:24:45.163202 [ 302 ] {1e9a593b-4210-4d9e-8a2d-78ab2f6d0e8d} <Trace> test.grades_local (7b83862b-cceb-45e9-8ab9-cc0189ed0327) (SelectExecutor): Running binary search on index range for part 202402_6_6_0 (2 marks)
2026.03.18 22:24:45.163205 [ 302 ] {1e9a593b-4210-4d9e-8a2d-78ab2f6d0e8d} <Trace> test.grades_local (7b83862b-cceb-45e9-8ab9-cc0189ed0327) (SelectExecutor): Found (LEFT) boundary mark: 1
2026.03.18 22:24:45.163208 [ 302 ] {1e9a593b-4210-4d9e-8a2d-78ab2f6d0e8d} <Trace> test.grades_local (7b83862b-cceb-45e9-8ab9-cc0189ed0327) (SelectExecutor): Found (RIGHT) boundary mark: 2
2026.03.18 22:24:45.163210 [ 302 ] {1e9a593b-4210-4d9e-8a2d-78ab2f6d0e8d} <Trace> test.grades_local (7b83862b-cceb-45e9-8ab9-cc0189ed0327) (SelectExecutor): Found empty range in 1 steps
2026.03.18 22:24:45.163266 [ 300 ] {1e9a593b-4210-4d9e-8a2d-78ab2f6d0e8d} <Trace> test.grades_local (7b83862b-cceb-45e9-8ab9-cc0189ed0327) (SelectExecutor): Running binary search on index range for part 202312_3_3_0 (2 marks)
2026.03.18 22:24:45.163273 [ 300 ] {1e9a593b-4210-4d9e-8a2d-78ab2f6d0e8d} <Trace> test.grades_local (7b83862b-cceb-45e9-8ab9-cc0189ed0327) (SelectExecutor): Found (LEFT) boundary mark: 1
2026.03.18 22:24:45.163276 [ 300 ] {1e9a593b-4210-4d9e-8a2d-78ab2f6d0e8d} <Trace> test.grades_local (7b83862b-cceb-45e9-8ab9-cc0189ed0327) (SelectExecutor): Found (RIGHT) boundary mark: 2
2026.03.18 22:24:45.163279 [ 300 ] {1e9a593b-4210-4d9e-8a2d-78ab2f6d0e8d} <Trace> test.grades_local (7b83862b-cceb-45e9-8ab9-cc0189ed0327) (SelectExecutor): Found empty range in 1 steps
2026.03.18 22:24:45.163388 [ 300 ] {1e9a593b-4210-4d9e-8a2d-78ab2f6d0e8d} <Trace> test.grades_local (7b83862b-cceb-45e9-8ab9-cc0189ed0327) (SelectExecutor): Running binary search on index range for part 202403_25_25_0 (2 marks)
2026.03.18 22:24:45.163412 [ 300 ] {1e9a593b-4210-4d9e-8a2d-78ab2f6d0e8d} <Trace> test.grades_local (7b83862b-cceb-45e9-8ab9-cc0189ed0327) (SelectExecutor): Found (LEFT) boundary mark: 1
2026.03.18 22:24:45.163416 [ 300 ] {1e9a593b-4210-4d9e-8a2d-78ab2f6d0e8d} <Trace> test.grades_local (7b83862b-cceb-45e9-8ab9-cc0189ed0327) (SelectExecutor): Found (RIGHT) boundary mark: 2
2026.03.18 22:24:45.163419 [ 300 ] {1e9a593b-4210-4d9e-8a2d-78ab2f6d0e8d} <Trace> test.grades_local (7b83862b-cceb-45e9-8ab9-cc0189ed0327) (SelectExecutor): Found empty range in 1 steps
2026.03.18 22:24:45.163427 [ 304 ] {1e9a593b-4210-4d9e-8a2d-78ab2f6d0e8d} <Trace> test.grades_local (7b83862b-cceb-45e9-8ab9-cc0189ed0327) (SelectExecutor): Running binary search on index range for part 202404_19_19_0 (2 marks)
2026.03.18 22:24:45.163436 [ 304 ] {1e9a593b-4210-4d9e-8a2d-78ab2f6d0e8d} <Trace> test.grades_local (7b83862b-cceb-45e9-8ab9-cc0189ed0327) (SelectExecutor): Found (LEFT) boundary mark: 1
2026.03.18 22:24:45.163439 [ 304 ] {1e9a593b-4210-4d9e-8a2d-78ab2f6d0e8d} <Trace> test.grades_local (7b83862b-cceb-45e9-8ab9-cc0189ed0327) (SelectExecutor): Found (RIGHT) boundary mark: 2
2026.03.18 22:24:45.163440 [ 296 ] {1e9a593b-4210-4d9e-8a2d-78ab2f6d0e8d} <Trace> test.grades_local (7b83862b-cceb-45e9-8ab9-cc0189ed0327) (SelectExecutor): Running binary search on index range for part 202406_9_9_0 (2 marks)
2026.03.18 22:24:45.163446 [ 304 ] {1e9a593b-4210-4d9e-8a2d-78ab2f6d0e8d} <Trace> test.grades_local (7b83862b-cceb-45e9-8ab9-cc0189ed0327) (SelectExecutor): Found empty range in 1 steps
2026.03.18 22:24:45.163461 [ 302 ] {1e9a593b-4210-4d9e-8a2d-78ab2f6d0e8d} <Trace> test.grades_local (7b83862b-cceb-45e9-8ab9-cc0189ed0327) (SelectExecutor): Running binary search on index range for part 202407_17_17_0 (2 marks)
2026.03.18 22:24:45.163466 [ 302 ] {1e9a593b-4210-4d9e-8a2d-78ab2f6d0e8d} <Trace> test.grades_local (7b83862b-cceb-45e9-8ab9-cc0189ed0327) (SelectExecutor): Found (LEFT) boundary mark: 1
2026.03.18 22:24:45.163468 [ 302 ] {1e9a593b-4210-4d9e-8a2d-78ab2f6d0e8d} <Trace> test.grades_local (7b83862b-cceb-45e9-8ab9-cc0189ed0327) (SelectExecutor): Found (RIGHT) boundary mark: 2
2026.03.18 22:24:45.163471 [ 302 ] {1e9a593b-4210-4d9e-8a2d-78ab2f6d0e8d} <Trace> test.grades_local (7b83862b-cceb-45e9-8ab9-cc0189ed0327) (SelectExecutor): Found empty range in 1 steps
2026.03.18 22:24:45.163508 [ 304 ] {1e9a593b-4210-4d9e-8a2d-78ab2f6d0e8d} <Trace> test.grades_local (7b83862b-cceb-45e9-8ab9-cc0189ed0327) (SelectExecutor): Running binary search on index range for part 202408_10_10_0 (2 marks)
2026.03.18 22:24:45.163512 [ 302 ] {1e9a593b-4210-4d9e-8a2d-78ab2f6d0e8d} <Trace> test.grades_local (7b83862b-cceb-45e9-8ab9-cc0189ed0327) (SelectExecutor): Running binary search on index range for part 202409_26_26_0 (2 marks)
2026.03.18 22:24:45.163516 [ 304 ] {1e9a593b-4210-4d9e-8a2d-78ab2f6d0e8d} <Trace> test.grades_local (7b83862b-cceb-45e9-8ab9-cc0189ed0327) (SelectExecutor): Found (LEFT) boundary mark: 1
2026.03.18 22:24:45.163447 [ 296 ] {1e9a593b-4210-4d9e-8a2d-78ab2f6d0e8d} <Trace> test.grades_local (7b83862b-cceb-45e9-8ab9-cc0189ed0327) (SelectExecutor): Found (LEFT) boundary mark: 1
2026.03.18 22:24:45.163554 [ 304 ] {1e9a593b-4210-4d9e-8a2d-78ab2f6d0e8d} <Trace> test.grades_local (7b83862b-cceb-45e9-8ab9-cc0189ed0327) (SelectExecutor): Found (RIGHT) boundary mark: 2
2026.03.18 22:24:45.163561 [ 304 ] {1e9a593b-4210-4d9e-8a2d-78ab2f6d0e8d} <Trace> test.grades_local (7b83862b-cceb-45e9-8ab9-cc0189ed0327) (SelectExecutor): Found empty range in 1 steps
2026.03.18 22:24:45.163580 [ 296 ] {1e9a593b-4210-4d9e-8a2d-78ab2f6d0e8d} <Trace> test.grades_local (7b83862b-cceb-45e9-8ab9-cc0189ed0327) (SelectExecutor): Found (RIGHT) boundary mark: 2
2026.03.18 22:24:45.163588 [ 296 ] {1e9a593b-4210-4d9e-8a2d-78ab2f6d0e8d} <Trace> test.grades_local (7b83862b-cceb-45e9-8ab9-cc0189ed0327) (SelectExecutor): Found empty range in 1 steps
2026.03.18 22:24:45.163517 [ 302 ] {1e9a593b-4210-4d9e-8a2d-78ab2f6d0e8d} <Trace> test.grades_local (7b83862b-cceb-45e9-8ab9-cc0189ed0327) (SelectExecutor): Found (LEFT) boundary mark: 1
2026.03.18 22:24:45.163665 [ 302 ] {1e9a593b-4210-4d9e-8a2d-78ab2f6d0e8d} <Trace> test.grades_local (7b83862b-cceb-45e9-8ab9-cc0189ed0327) (SelectExecutor): Found (RIGHT) boundary mark: 2
2026.03.18 22:24:45.163670 [ 302 ] {1e9a593b-4210-4d9e-8a2d-78ab2f6d0e8d} <Trace> test.grades_local (7b83862b-cceb-45e9-8ab9-cc0189ed0327) (SelectExecutor): Found empty range in 1 steps
2026.03.18 22:24:45.163695 [ 302 ] {1e9a593b-4210-4d9e-8a2d-78ab2f6d0e8d} <Trace> test.grades_local (7b83862b-cceb-45e9-8ab9-cc0189ed0327) (SelectExecutor): Running binary search on index range for part 202410_11_11_0 (2 marks)
2026.03.18 22:24:45.163733 [ 304 ] {1e9a593b-4210-4d9e-8a2d-78ab2f6d0e8d} <Trace> test.grades_local (7b83862b-cceb-45e9-8ab9-cc0189ed0327) (SelectExecutor): Running binary search on index range for part 202411_15_15_0 (2 marks)
2026.03.18 22:24:45.163820 [ 304 ] {1e9a593b-4210-4d9e-8a2d-78ab2f6d0e8d} <Trace> test.grades_local (7b83862b-cceb-45e9-8ab9-cc0189ed0327) (SelectExecutor): Found (LEFT) boundary mark: 1
2026.03.18 22:24:45.163824 [ 304 ] {1e9a593b-4210-4d9e-8a2d-78ab2f6d0e8d} <Trace> test.grades_local (7b83862b-cceb-45e9-8ab9-cc0189ed0327) (SelectExecutor): Found (RIGHT) boundary mark: 2
2026.03.18 22:24:45.163827 [ 304 ] {1e9a593b-4210-4d9e-8a2d-78ab2f6d0e8d} <Trace> test.grades_local (7b83862b-cceb-45e9-8ab9-cc0189ed0327) (SelectExecutor): Found empty range in 1 steps
2026.03.18 22:24:45.163440 [ 300 ] {1e9a593b-4210-4d9e-8a2d-78ab2f6d0e8d} <Trace> test.grades_local (7b83862b-cceb-45e9-8ab9-cc0189ed0327) (SelectExecutor): Running binary search on index range for part 202405_18_18_0 (2 marks)
2026.03.18 22:24:45.163847 [ 300 ] {1e9a593b-4210-4d9e-8a2d-78ab2f6d0e8d} <Trace> test.grades_local (7b83862b-cceb-45e9-8ab9-cc0189ed0327) (SelectExecutor): Found (LEFT) boundary mark: 1
2026.03.18 22:24:45.163851 [ 300 ] {1e9a593b-4210-4d9e-8a2d-78ab2f6d0e8d} <Trace> test.grades_local (7b83862b-cceb-45e9-8ab9-cc0189ed0327) (SelectExecutor): Found (RIGHT) boundary mark: 2
2026.03.18 22:24:45.163854 [ 300 ] {1e9a593b-4210-4d9e-8a2d-78ab2f6d0e8d} <Trace> test.grades_local (7b83862b-cceb-45e9-8ab9-cc0189ed0327) (SelectExecutor): Found empty range in 1 steps
2026.03.18 22:24:45.163901 [ 302 ] {1e9a593b-4210-4d9e-8a2d-78ab2f6d0e8d} <Trace> test.grades_local (7b83862b-cceb-45e9-8ab9-cc0189ed0327) (SelectExecutor): Found (LEFT) boundary mark: 1
2026.03.18 22:24:45.163908 [ 302 ] {1e9a593b-4210-4d9e-8a2d-78ab2f6d0e8d} <Trace> test.grades_local (7b83862b-cceb-45e9-8ab9-cc0189ed0327) (SelectExecutor): Found (RIGHT) boundary mark: 2
2026.03.18 22:24:45.163914 [ 302 ] {1e9a593b-4210-4d9e-8a2d-78ab2f6d0e8d} <Trace> test.grades_local (7b83862b-cceb-45e9-8ab9-cc0189ed0327) (SelectExecutor): Found empty range in 1 steps
2026.03.18 22:24:45.164250 [ 45 ] {1e9a593b-4210-4d9e-8a2d-78ab2f6d0e8d} <Debug> test.grades_local (7b83862b-cceb-45e9-8ab9-cc0189ed0327) (SelectExecutor): Selected 27/27 parts by partition key, 0 parts by primary key, 0/27 marks by primary key, 0 marks to read from 0 ranges
2026.03.18 22:24:45.164337 [ 45 ] {1e9a593b-4210-4d9e-8a2d-78ab2f6d0e8d} <Debug> test.courses_local (459349ad-92fc-4b00-822f-1454403d3a61) (SelectExecutor): Key condition: unknown
2026.03.18 22:24:45.164349 [ 45 ] {1e9a593b-4210-4d9e-8a2d-78ab2f6d0e8d} <Debug> test.courses_local (459349ad-92fc-4b00-822f-1454403d3a61) (SelectExecutor): Selected 1/1 parts by partition key, 1 parts by primary key, 1/1 marks by primary key, 1 marks to read from 1 ranges
2026.03.18 22:24:45.164355 [ 45 ] {1e9a593b-4210-4d9e-8a2d-78ab2f6d0e8d} <Trace> test.courses_local (459349ad-92fc-4b00-822f-1454403d3a61) (SelectExecutor): Spreading mark ranges among streams (default reading)
2026.03.18 22:24:45.164366 [ 45 ] {1e9a593b-4210-4d9e-8a2d-78ab2f6d0e8d} <Trace> MergeTreeInOrderSelectProcessor: Reading 1 ranges in order from part all_1_1_0, approx. 31 rows starting from 0
2026.03.18 22:24:45.164566 [ 45 ] {1e9a593b-4210-4d9e-8a2d-78ab2f6d0e8d} <Debug> JoiningTransform: Before join block: 'student_id String String(size = 0), course_code String String(size = 0), grade UInt8 UInt8(size = 0), grade_type String String(size = 0), grade_date Date UInt16(size = 0), semester UInt8 UInt8(size = 0), academic_year String String(size = 0)'
2026.03.18 22:24:45.164581 [ 45 ] {1e9a593b-4210-4d9e-8a2d-78ab2f6d0e8d} <Debug> JoiningTransform: After join block: 'student_id String String(size = 0), course_code String String(size = 0), grade UInt8 UInt8(size = 0), grade_type String String(size = 0), grade_date Date UInt16(size = 0), semester UInt8 UInt8(size = 0), academic_year String String(size = 0), course_name String String(size = 0)'
2026.03.18 22:24:45.166566 [ 299 ] {1e9a593b-4210-4d9e-8a2d-78ab2f6d0e8d} <Debug> Connection (clickhouse-node3:9000): Sent data for 2 scalars, total 2 rows in 8.9116e-05 sec., 22342 rows/sec., 68.00 B (741.58 KiB/sec.), compressed 0.4594594594594595 times to 148.00 B (1.57 MiB/sec.)
2026.03.18 22:24:45.166852 [ 295 ] {1e9a593b-4210-4d9e-8a2d-78ab2f6d0e8d} <Debug> Connection (clickhouse-node1:9000): Sent data for 2 scalars, total 2 rows in 8.582e-05 sec., 23142 rows/sec., 68.00 B (768.14 KiB/sec.), compressed 0.4594594594594595 times to 148.00 B (1.63 MiB/sec.)
2026.03.18 22:24:45.169518 [ 46 ] {} <Trace> TCP-Session: 65783e75-eca7-4fbd-9be1-cd69a0396d9e Creating query context from session context, user_id: 94309d50-4f52-5250-31bd-74fecac179db, parent context user: default
2026.03.18 22:24:45.169609 [ 46 ] {0d73acd2-0c1e-4be4-b919-a2f14f910e98} <Debug> executeQuery: (from 172.18.0.5:41594, initial_query_id: 2a19ca2f-a875-4947-9639-3b0c954f3c81) SELECT `course_code`, `course_name` FROM `test`.`courses_local` (stage: Complete)
2026.03.18 22:24:45.169718 [ 46 ] {0d73acd2-0c1e-4be4-b919-a2f14f910e98} <Trace> ContextAccess (default): Access granted: SELECT(course_code, course_name) ON test.courses_local
2026.03.18 22:24:45.169825 [ 46 ] {0d73acd2-0c1e-4be4-b919-a2f14f910e98} <Trace> InterpreterSelectQuery: FetchColumns -> Complete
2026.03.18 22:24:45.169936 [ 46 ] {0d73acd2-0c1e-4be4-b919-a2f14f910e98} <Debug> test.courses_local (459349ad-92fc-4b00-822f-1454403d3a61) (SelectExecutor): Key condition: unknown
2026.03.18 22:24:45.169949 [ 46 ] {0d73acd2-0c1e-4be4-b919-a2f14f910e98} <Debug> test.courses_local (459349ad-92fc-4b00-822f-1454403d3a61) (SelectExecutor): Selected 1/1 parts by partition key, 1 parts by primary key, 1/1 marks by primary key, 1 marks to read from 1 ranges
2026.03.18 22:24:45.169954 [ 46 ] {0d73acd2-0c1e-4be4-b919-a2f14f910e98} <Trace> test.courses_local (459349ad-92fc-4b00-822f-1454403d3a61) (SelectExecutor): Spreading mark ranges among streams (default reading)
2026.03.18 22:24:45.170015 [ 46 ] {0d73acd2-0c1e-4be4-b919-a2f14f910e98} <Trace> MergeTreeInOrderSelectProcessor: Reading 1 ranges in order from part all_1_1_0, approx. 31 rows starting from 0
2026.03.18 22:24:45.171242 [ 46 ] {0d73acd2-0c1e-4be4-b919-a2f14f910e98} <Debug> executeQuery: Read 31 rows, 2.03 KiB in 0.001652 sec., 18765.133171912832 rows/sec., 1.20 MiB/sec.
2026.03.18 22:24:45.171619 [ 46 ] {0d73acd2-0c1e-4be4-b919-a2f14f910e98} <Debug> TCPHandler: Processed in 0.002146436 sec.
2026.03.18 22:24:45.171387 [ 45 ] {1e9a593b-4210-4d9e-8a2d-78ab2f6d0e8d} <Debug> executeQuery: Read 100 rows, 6.46 KiB in 0.011841 sec., 8445.232666159953 rows/sec., 545.81 KiB/sec.
2026.03.18 22:24:45.171923 [ 45 ] {1e9a593b-4210-4d9e-8a2d-78ab2f6d0e8d} <Trace> HashJoin: (0x764b04e3aa18) Join data is being destroyed, 24064 bytes and 99 rows in hash table
2026.03.18 22:24:45.171958 [ 45 ] {1e9a593b-4210-4d9e-8a2d-78ab2f6d0e8d} <Debug> MemoryTracker: Peak memory usage (for query): 749.36 KiB.
2026.03.18 22:24:45.171962 [ 45 ] {1e9a593b-4210-4d9e-8a2d-78ab2f6d0e8d} <Debug> TCPHandler: Processed in 0.012579552 sec.
2026.03.18 22:24:45.189714 [ 44 ] {} <Trace> TCP-Session: 8fc074fa-5538-41aa-8316-8045d171ab08 Creating query context from session context, user_id: 94309d50-4f52-5250-31bd-74fecac179db, parent context user: default
2026.03.18 22:24:45.189905 [ 44 ] {bdb8596c-9acc-45ed-b95a-99c88e4231b4} <Debug> executeQuery: (from 172.18.0.6:57708, initial_query_id: e9f99836-6392-4e59-9c82-f39784aea4eb) SELECT round(avg(`grade`), 2) FROM `test`.`grades_local` WHERE `student_id` = 'STU1001' (stage: WithMergeableState)
2026.03.18 22:24:45.190163 [ 44 ] {bdb8596c-9acc-45ed-b95a-99c88e4231b4} <Trace> InterpreterSelectQuery: The min valid primary key position for moving to the tail of PREWHERE is 0
2026.03.18 22:24:45.190174 [ 44 ] {bdb8596c-9acc-45ed-b95a-99c88e4231b4} <Debug> InterpreterSelectQuery: MergeTreeWhereOptimizer: condition "student_id = 'STU1001'" moved to PREWHERE
2026.03.18 22:24:45.190262 [ 44 ] {bdb8596c-9acc-45ed-b95a-99c88e4231b4} <Trace> ContextAccess (default): Access granted: SELECT(student_id, grade) ON test.grades_local
2026.03.18 22:24:45.190295 [ 44 ] {bdb8596c-9acc-45ed-b95a-99c88e4231b4} <Trace> InterpreterSelectQuery: FetchColumns -> WithMergeableState
2026.03.18 22:24:45.190550 [ 44 ] {bdb8596c-9acc-45ed-b95a-99c88e4231b4} <Debug> test.grades_local (7b83862b-cceb-45e9-8ab9-cc0189ed0327) (SelectExecutor): Key condition: (column 0 in ['STU1001', 'STU1001'])
2026.03.18 22:24:45.190579 [ 44 ] {bdb8596c-9acc-45ed-b95a-99c88e4231b4} <Debug> test.grades_local (7b83862b-cceb-45e9-8ab9-cc0189ed0327) (SelectExecutor): MinMax index condition: unknown
2026.03.18 22:24:45.193479 [ 304 ] {bdb8596c-9acc-45ed-b95a-99c88e4231b4} <Trace> test.grades_local (7b83862b-cceb-45e9-8ab9-cc0189ed0327) (SelectExecutor): Running binary search on index range for part 202209_23_23_0 (2 marks)
2026.03.18 22:24:45.193492 [ 304 ] {bdb8596c-9acc-45ed-b95a-99c88e4231b4} <Trace> test.grades_local (7b83862b-cceb-45e9-8ab9-cc0189ed0327) (SelectExecutor): Found (LEFT) boundary mark: 1
2026.03.18 22:24:45.193496 [ 304 ] {bdb8596c-9acc-45ed-b95a-99c88e4231b4} <Trace> test.grades_local (7b83862b-cceb-45e9-8ab9-cc0189ed0327) (SelectExecutor): Found (RIGHT) boundary mark: 2
2026.03.18 22:24:45.193499 [ 304 ] {bdb8596c-9acc-45ed-b95a-99c88e4231b4} <Trace> test.grades_local (7b83862b-cceb-45e9-8ab9-cc0189ed0327) (SelectExecutor): Found empty range in 1 steps
2026.03.18 22:24:45.193522 [ 304 ] {bdb8596c-9acc-45ed-b95a-99c88e4231b4} <Trace> test.grades_local (7b83862b-cceb-45e9-8ab9-cc0189ed0327) (SelectExecutor): Running binary search on index range for part 202210_22_22_0 (2 marks)
2026.03.18 22:24:45.193526 [ 304 ] {bdb8596c-9acc-45ed-b95a-99c88e4231b4} <Trace> test.grades_local (7b83862b-cceb-45e9-8ab9-cc0189ed0327) (SelectExecutor): Found (LEFT) boundary mark: 1
2026.03.18 22:24:45.193529 [ 304 ] {bdb8596c-9acc-45ed-b95a-99c88e4231b4} <Trace> test.grades_local (7b83862b-cceb-45e9-8ab9-cc0189ed0327) (SelectExecutor): Found (RIGHT) boundary mark: 2
2026.03.18 22:24:45.193532 [ 304 ] {bdb8596c-9acc-45ed-b95a-99c88e4231b4} <Trace> test.grades_local (7b83862b-cceb-45e9-8ab9-cc0189ed0327) (SelectExecutor): Found empty range in 1 steps
2026.03.18 22:24:45.193548 [ 304 ] {bdb8596c-9acc-45ed-b95a-99c88e4231b4} <Trace> test.grades_local (7b83862b-cceb-45e9-8ab9-cc0189ed0327) (SelectExecutor): Running binary search on index range for part 202212_7_7_0 (2 marks)
2026.03.18 22:24:45.193559 [ 304 ] {bdb8596c-9acc-45ed-b95a-99c88e4231b4} <Trace> test.grades_local (7b83862b-cceb-45e9-8ab9-cc0189ed0327) (SelectExecutor): Found (LEFT) boundary mark: 1
2026.03.18 22:24:45.193562 [ 304 ] {bdb8596c-9acc-45ed-b95a-99c88e4231b4} <Trace> test.grades_local (7b83862b-cceb-45e9-8ab9-cc0189ed0327) (SelectExecutor): Found (RIGHT) boundary mark: 2
2026.03.18 22:24:45.193565 [ 304 ] {bdb8596c-9acc-45ed-b95a-99c88e4231b4} <Trace> test.grades_local (7b83862b-cceb-45e9-8ab9-cc0189ed0327) (SelectExecutor): Found empty range in 1 steps
2026.03.18 22:24:45.193606 [ 304 ] {bdb8596c-9acc-45ed-b95a-99c88e4231b4} <Trace> test.grades_local (7b83862b-cceb-45e9-8ab9-cc0189ed0327) (SelectExecutor): Running binary search on index range for part 202301_4_4_0 (2 marks)
2026.03.18 22:24:45.193612 [ 304 ] {bdb8596c-9acc-45ed-b95a-99c88e4231b4} <Trace> test.grades_local (7b83862b-cceb-45e9-8ab9-cc0189ed0327) (SelectExecutor): Found (LEFT) boundary mark: 1
2026.03.18 22:24:45.193614 [ 304 ] {bdb8596c-9acc-45ed-b95a-99c88e4231b4} <Trace> test.grades_local (7b83862b-cceb-45e9-8ab9-cc0189ed0327) (SelectExecutor): Found (RIGHT) boundary mark: 2
2026.03.18 22:24:45.193617 [ 304 ] {bdb8596c-9acc-45ed-b95a-99c88e4231b4} <Trace> test.grades_local (7b83862b-cceb-45e9-8ab9-cc0189ed0327) (SelectExecutor): Found empty range in 1 steps
2026.03.18 22:24:45.193618 [ 297 ] {bdb8596c-9acc-45ed-b95a-99c88e4231b4} <Trace> test.grades_local (7b83862b-cceb-45e9-8ab9-cc0189ed0327) (SelectExecutor): Running binary search on index range for part 202211_1_1_0 (2 marks)
2026.03.18 22:24:45.193630 [ 297 ] {bdb8596c-9acc-45ed-b95a-99c88e4231b4} <Trace> test.grades_local (7b83862b-cceb-45e9-8ab9-cc0189ed0327) (SelectExecutor): Found (LEFT) boundary mark: 1
2026.03.18 22:24:45.193633 [ 297 ] {bdb8596c-9acc-45ed-b95a-99c88e4231b4} <Trace> test.grades_local (7b83862b-cceb-45e9-8ab9-cc0189ed0327) (SelectExecutor): Found (RIGHT) boundary mark: 2
2026.03.18 22:24:45.193636 [ 297 ] {bdb8596c-9acc-45ed-b95a-99c88e4231b4} <Trace> test.grades_local (7b83862b-cceb-45e9-8ab9-cc0189ed0327) (SelectExecutor): Found empty range in 1 steps
2026.03.18 22:24:45.193665 [ 301 ] {bdb8596c-9acc-45ed-b95a-99c88e4231b4} <Trace> test.grades_local (7b83862b-cceb-45e9-8ab9-cc0189ed0327) (SelectExecutor): Running binary search on index range for part 202302_20_20_0 (2 marks)
2026.03.18 22:24:45.193671 [ 301 ] {bdb8596c-9acc-45ed-b95a-99c88e4231b4} <Trace> test.grades_local (7b83862b-cceb-45e9-8ab9-cc0189ed0327) (SelectExecutor): Found (LEFT) boundary mark: 1
2026.03.18 22:24:45.193674 [ 301 ] {bdb8596c-9acc-45ed-b95a-99c88e4231b4} <Trace> test.grades_local (7b83862b-cceb-45e9-8ab9-cc0189ed0327) (SelectExecutor): Found (RIGHT) boundary mark: 2
2026.03.18 22:24:45.193677 [ 301 ] {bdb8596c-9acc-45ed-b95a-99c88e4231b4} <Trace> test.grades_local (7b83862b-cceb-45e9-8ab9-cc0189ed0327) (SelectExecutor): Found empty range in 1 steps
2026.03.18 22:24:45.193730 [ 305 ] {bdb8596c-9acc-45ed-b95a-99c88e4231b4} <Trace> test.grades_local (7b83862b-cceb-45e9-8ab9-cc0189ed0327) (SelectExecutor): Running binary search on index range for part 202303_24_24_0 (2 marks)
2026.03.18 22:24:45.193738 [ 305 ] {bdb8596c-9acc-45ed-b95a-99c88e4231b4} <Trace> test.grades_local (7b83862b-cceb-45e9-8ab9-cc0189ed0327) (SelectExecutor): Found (LEFT) boundary mark: 1
2026.03.18 22:24:45.193740 [ 305 ] {bdb8596c-9acc-45ed-b95a-99c88e4231b4} <Trace> test.grades_local (7b83862b-cceb-45e9-8ab9-cc0189ed0327) (SelectExecutor): Found (RIGHT) boundary mark: 2
2026.03.18 22:24:45.193743 [ 305 ] {bdb8596c-9acc-45ed-b95a-99c88e4231b4} <Trace> test.grades_local (7b83862b-cceb-45e9-8ab9-cc0189ed0327) (SelectExecutor): Found empty range in 1 steps
2026.03.18 22:24:45.193768 [ 304 ] {bdb8596c-9acc-45ed-b95a-99c88e4231b4} <Trace> test.grades_local (7b83862b-cceb-45e9-8ab9-cc0189ed0327) (SelectExecutor): Running binary search on index range for part 202304_27_27_0 (2 marks)
2026.03.18 22:24:45.193772 [ 304 ] {bdb8596c-9acc-45ed-b95a-99c88e4231b4} <Trace> test.grades_local (7b83862b-cceb-45e9-8ab9-cc0189ed0327) (SelectExecutor): Found (LEFT) boundary mark: 1
2026.03.18 22:24:45.193779 [ 304 ] {bdb8596c-9acc-45ed-b95a-99c88e4231b4} <Trace> test.grades_local (7b83862b-cceb-45e9-8ab9-cc0189ed0327) (SelectExecutor): Found (RIGHT) boundary mark: 2
2026.03.18 22:24:45.193782 [ 304 ] {bdb8596c-9acc-45ed-b95a-99c88e4231b4} <Trace> test.grades_local (7b83862b-cceb-45e9-8ab9-cc0189ed0327) (SelectExecutor): Found empty range in 1 steps
2026.03.18 22:24:45.195517 [ 297 ] {bdb8596c-9acc-45ed-b95a-99c88e4231b4} <Trace> test.grades_local (7b83862b-cceb-45e9-8ab9-cc0189ed0327) (SelectExecutor): Running binary search on index range for part 202305_13_13_0 (2 marks)
2026.03.18 22:24:45.195529 [ 297 ] {bdb8596c-9acc-45ed-b95a-99c88e4231b4} <Trace> test.grades_local (7b83862b-cceb-45e9-8ab9-cc0189ed0327) (SelectExecutor): Found (LEFT) boundary mark: 1
2026.03.18 22:24:45.195532 [ 297 ] {bdb8596c-9acc-45ed-b95a-99c88e4231b4} <Trace> test.grades_local (7b83862b-cceb-45e9-8ab9-cc0189ed0327) (SelectExecutor): Found (RIGHT) boundary mark: 2
2026.03.18 22:24:45.195535 [ 297 ] {bdb8596c-9acc-45ed-b95a-99c88e4231b4} <Trace> test.grades_local (7b83862b-cceb-45e9-8ab9-cc0189ed0327) (SelectExecutor): Found empty range in 1 steps
2026.03.18 22:24:45.196776 [ 305 ] {bdb8596c-9acc-45ed-b95a-99c88e4231b4} <Trace> test.grades_local (7b83862b-cceb-45e9-8ab9-cc0189ed0327) (SelectExecutor): Running binary search on index range for part 202306_16_16_0 (2 marks)
2026.03.18 22:24:45.196789 [ 305 ] {bdb8596c-9acc-45ed-b95a-99c88e4231b4} <Trace> test.grades_local (7b83862b-cceb-45e9-8ab9-cc0189ed0327) (SelectExecutor): Found (LEFT) boundary mark: 1
2026.03.18 22:24:45.196792 [ 305 ] {bdb8596c-9acc-45ed-b95a-99c88e4231b4} <Trace> test.grades_local (7b83862b-cceb-45e9-8ab9-cc0189ed0327) (SelectExecutor): Found (RIGHT) boundary mark: 2
2026.03.18 22:24:45.196796 [ 305 ] {bdb8596c-9acc-45ed-b95a-99c88e4231b4} <Trace> test.grades_local (7b83862b-cceb-45e9-8ab9-cc0189ed0327) (SelectExecutor): Found empty range in 1 steps
2026.03.18 22:24:45.196798 [ 301 ] {bdb8596c-9acc-45ed-b95a-99c88e4231b4} <Trace> test.grades_local (7b83862b-cceb-45e9-8ab9-cc0189ed0327) (SelectExecutor): Running binary search on index range for part 202307_5_5_0 (2 marks)
2026.03.18 22:24:45.196810 [ 301 ] {bdb8596c-9acc-45ed-b95a-99c88e4231b4} <Trace> test.grades_local (7b83862b-cceb-45e9-8ab9-cc0189ed0327) (SelectExecutor): Found (LEFT) boundary mark: 1
2026.03.18 22:24:45.196814 [ 301 ] {bdb8596c-9acc-45ed-b95a-99c88e4231b4} <Trace> test.grades_local (7b83862b-cceb-45e9-8ab9-cc0189ed0327) (SelectExecutor): Found (RIGHT) boundary mark: 2
2026.03.18 22:24:45.196818 [ 301 ] {bdb8596c-9acc-45ed-b95a-99c88e4231b4} <Trace> test.grades_local (7b83862b-cceb-45e9-8ab9-cc0189ed0327) (SelectExecutor): Found empty range in 1 steps
2026.03.18 22:24:45.196827 [ 304 ] {bdb8596c-9acc-45ed-b95a-99c88e4231b4} <Trace> test.grades_local (7b83862b-cceb-45e9-8ab9-cc0189ed0327) (SelectExecutor): Running binary search on index range for part 202308_8_8_0 (2 marks)
2026.03.18 22:24:45.196831 [ 304 ] {bdb8596c-9acc-45ed-b95a-99c88e4231b4} <Trace> test.grades_local (7b83862b-cceb-45e9-8ab9-cc0189ed0327) (SelectExecutor): Found (LEFT) boundary mark: 1
2026.03.18 22:24:45.196834 [ 304 ] {bdb8596c-9acc-45ed-b95a-99c88e4231b4} <Trace> test.grades_local (7b83862b-cceb-45e9-8ab9-cc0189ed0327) (SelectExecutor): Found (RIGHT) boundary mark: 2
2026.03.18 22:24:45.196836 [ 304 ] {bdb8596c-9acc-45ed-b95a-99c88e4231b4} <Trace> test.grades_local (7b83862b-cceb-45e9-8ab9-cc0189ed0327) (SelectExecutor): Found empty range in 1 steps
2026.03.18 22:24:45.197978 [ 297 ] {bdb8596c-9acc-45ed-b95a-99c88e4231b4} <Trace> test.grades_local (7b83862b-cceb-45e9-8ab9-cc0189ed0327) (SelectExecutor): Running binary search on index range for part 202309_12_12_0 (2 marks)
2026.03.18 22:24:45.197991 [ 297 ] {bdb8596c-9acc-45ed-b95a-99c88e4231b4} <Trace> test.grades_local (7b83862b-cceb-45e9-8ab9-cc0189ed0327) (SelectExecutor): Found (LEFT) boundary mark: 1
2026.03.18 22:24:45.197993 [ 305 ] {bdb8596c-9acc-45ed-b95a-99c88e4231b4} <Trace> test.grades_local (7b83862b-cceb-45e9-8ab9-cc0189ed0327) (SelectExecutor): Running binary search on index range for part 202310_14_14_0 (2 marks)
2026.03.18 22:24:45.198020 [ 305 ] {bdb8596c-9acc-45ed-b95a-99c88e4231b4} <Trace> test.grades_local (7b83862b-cceb-45e9-8ab9-cc0189ed0327) (SelectExecutor): Found (LEFT) boundary mark: 1
2026.03.18 22:24:45.198024 [ 305 ] {bdb8596c-9acc-45ed-b95a-99c88e4231b4} <Trace> test.grades_local (7b83862b-cceb-45e9-8ab9-cc0189ed0327) (SelectExecutor): Found (RIGHT) boundary mark: 2
2026.03.18 22:24:45.198029 [ 305 ] {bdb8596c-9acc-45ed-b95a-99c88e4231b4} <Trace> test.grades_local (7b83862b-cceb-45e9-8ab9-cc0189ed0327) (SelectExecutor): Found empty range in 1 steps
2026.03.18 22:24:45.197994 [ 297 ] {bdb8596c-9acc-45ed-b95a-99c88e4231b4} <Trace> test.grades_local (7b83862b-cceb-45e9-8ab9-cc0189ed0327) (SelectExecutor): Found (RIGHT) boundary mark: 2
2026.03.18 22:24:45.198058 [ 297 ] {bdb8596c-9acc-45ed-b95a-99c88e4231b4} <Trace> test.grades_local (7b83862b-cceb-45e9-8ab9-cc0189ed0327) (SelectExecutor): Found empty range in 1 steps
2026.03.18 22:24:45.198078 [ 297 ] {bdb8596c-9acc-45ed-b95a-99c88e4231b4} <Trace> test.grades_local (7b83862b-cceb-45e9-8ab9-cc0189ed0327) (SelectExecutor): Running binary search on index range for part 202311_2_2_0 (2 marks)
2026.03.18 22:24:45.198083 [ 297 ] {bdb8596c-9acc-45ed-b95a-99c88e4231b4} <Trace> test.grades_local (7b83862b-cceb-45e9-8ab9-cc0189ed0327) (SelectExecutor): Found (LEFT) boundary mark: 1
2026.03.18 22:24:45.198085 [ 297 ] {bdb8596c-9acc-45ed-b95a-99c88e4231b4} <Trace> test.grades_local (7b83862b-cceb-45e9-8ab9-cc0189ed0327) (SelectExecutor): Found (RIGHT) boundary mark: 2
2026.03.18 22:24:45.198088 [ 297 ] {bdb8596c-9acc-45ed-b95a-99c88e4231b4} <Trace> test.grades_local (7b83862b-cceb-45e9-8ab9-cc0189ed0327) (SelectExecutor): Found empty range in 1 steps
2026.03.18 22:24:45.198104 [ 297 ] {bdb8596c-9acc-45ed-b95a-99c88e4231b4} <Trace> test.grades_local (7b83862b-cceb-45e9-8ab9-cc0189ed0327) (SelectExecutor): Running binary search on index range for part 202312_3_3_0 (2 marks)
2026.03.18 22:24:45.198108 [ 297 ] {bdb8596c-9acc-45ed-b95a-99c88e4231b4} <Trace> test.grades_local (7b83862b-cceb-45e9-8ab9-cc0189ed0327) (SelectExecutor): Found (LEFT) boundary mark: 1
2026.03.18 22:24:45.198111 [ 297 ] {bdb8596c-9acc-45ed-b95a-99c88e4231b4} <Trace> test.grades_local (7b83862b-cceb-45e9-8ab9-cc0189ed0327) (SelectExecutor): Found (RIGHT) boundary mark: 2
2026.03.18 22:24:45.198113 [ 297 ] {bdb8596c-9acc-45ed-b95a-99c88e4231b4} <Trace> test.grades_local (7b83862b-cceb-45e9-8ab9-cc0189ed0327) (SelectExecutor): Found empty range in 1 steps
2026.03.18 22:24:45.199386 [ 305 ] {bdb8596c-9acc-45ed-b95a-99c88e4231b4} <Trace> test.grades_local (7b83862b-cceb-45e9-8ab9-cc0189ed0327) (SelectExecutor): Running binary search on index range for part 202401_21_21_0 (2 marks)
2026.03.18 22:24:45.199398 [ 305 ] {bdb8596c-9acc-45ed-b95a-99c88e4231b4} <Trace> test.grades_local (7b83862b-cceb-45e9-8ab9-cc0189ed0327) (SelectExecutor): Found (LEFT) boundary mark: 1
2026.03.18 22:24:45.199401 [ 305 ] {bdb8596c-9acc-45ed-b95a-99c88e4231b4} <Trace> test.grades_local (7b83862b-cceb-45e9-8ab9-cc0189ed0327) (SelectExecutor): Found (RIGHT) boundary mark: 2
2026.03.18 22:24:45.199405 [ 305 ] {bdb8596c-9acc-45ed-b95a-99c88e4231b4} <Trace> test.grades_local (7b83862b-cceb-45e9-8ab9-cc0189ed0327) (SelectExecutor): Found empty range in 1 steps
2026.03.18 22:24:45.199482 [ 297 ] {bdb8596c-9acc-45ed-b95a-99c88e4231b4} <Trace> test.grades_local (7b83862b-cceb-45e9-8ab9-cc0189ed0327) (SelectExecutor): Running binary search on index range for part 202403_25_25_0 (2 marks)
2026.03.18 22:24:45.199492 [ 297 ] {bdb8596c-9acc-45ed-b95a-99c88e4231b4} <Trace> test.grades_local (7b83862b-cceb-45e9-8ab9-cc0189ed0327) (SelectExecutor): Found (LEFT) boundary mark: 1
2026.03.18 22:24:45.199495 [ 297 ] {bdb8596c-9acc-45ed-b95a-99c88e4231b4} <Trace> test.grades_local (7b83862b-cceb-45e9-8ab9-cc0189ed0327) (SelectExecutor): Found (RIGHT) boundary mark: 2
2026.03.18 22:24:45.199498 [ 297 ] {bdb8596c-9acc-45ed-b95a-99c88e4231b4} <Trace> test.grades_local (7b83862b-cceb-45e9-8ab9-cc0189ed0327) (SelectExecutor): Found empty range in 1 steps
2026.03.18 22:24:45.200753 [ 301 ] {bdb8596c-9acc-45ed-b95a-99c88e4231b4} <Trace> test.grades_local (7b83862b-cceb-45e9-8ab9-cc0189ed0327) (SelectExecutor): Running binary search on index range for part 202402_6_6_0 (2 marks)
2026.03.18 22:24:45.200767 [ 301 ] {bdb8596c-9acc-45ed-b95a-99c88e4231b4} <Trace> test.grades_local (7b83862b-cceb-45e9-8ab9-cc0189ed0327) (SelectExecutor): Found (LEFT) boundary mark: 1
2026.03.18 22:24:45.200770 [ 301 ] {bdb8596c-9acc-45ed-b95a-99c88e4231b4} <Trace> test.grades_local (7b83862b-cceb-45e9-8ab9-cc0189ed0327) (SelectExecutor): Found (RIGHT) boundary mark: 2
2026.03.18 22:24:45.200773 [ 301 ] {bdb8596c-9acc-45ed-b95a-99c88e4231b4} <Trace> test.grades_local (7b83862b-cceb-45e9-8ab9-cc0189ed0327) (SelectExecutor): Found empty range in 1 steps
2026.03.18 22:24:45.202587 [ 297 ] {bdb8596c-9acc-45ed-b95a-99c88e4231b4} <Trace> test.grades_local (7b83862b-cceb-45e9-8ab9-cc0189ed0327) (SelectExecutor): Running binary search on index range for part 202405_18_18_0 (2 marks)
2026.03.18 22:24:45.202598 [ 297 ] {bdb8596c-9acc-45ed-b95a-99c88e4231b4} <Trace> test.grades_local (7b83862b-cceb-45e9-8ab9-cc0189ed0327) (SelectExecutor): Found (LEFT) boundary mark: 1
2026.03.18 22:24:45.202601 [ 297 ] {bdb8596c-9acc-45ed-b95a-99c88e4231b4} <Trace> test.grades_local (7b83862b-cceb-45e9-8ab9-cc0189ed0327) (SelectExecutor): Found (RIGHT) boundary mark: 2
2026.03.18 22:24:45.202604 [ 297 ] {bdb8596c-9acc-45ed-b95a-99c88e4231b4} <Trace> test.grades_local (7b83862b-cceb-45e9-8ab9-cc0189ed0327) (SelectExecutor): Found empty range in 1 steps
2026.03.18 22:24:45.202624 [ 297 ] {bdb8596c-9acc-45ed-b95a-99c88e4231b4} <Trace> test.grades_local (7b83862b-cceb-45e9-8ab9-cc0189ed0327) (SelectExecutor): Running binary search on index range for part 202404_19_19_0 (2 marks)
2026.03.18 22:24:45.202628 [ 297 ] {bdb8596c-9acc-45ed-b95a-99c88e4231b4} <Trace> test.grades_local (7b83862b-cceb-45e9-8ab9-cc0189ed0327) (SelectExecutor): Found (LEFT) boundary mark: 1
2026.03.18 22:24:45.202631 [ 297 ] {bdb8596c-9acc-45ed-b95a-99c88e4231b4} <Trace> test.grades_local (7b83862b-cceb-45e9-8ab9-cc0189ed0327) (SelectExecutor): Found (RIGHT) boundary mark: 2
2026.03.18 22:24:45.202633 [ 297 ] {bdb8596c-9acc-45ed-b95a-99c88e4231b4} <Trace> test.grades_local (7b83862b-cceb-45e9-8ab9-cc0189ed0327) (SelectExecutor): Found empty range in 1 steps
2026.03.18 22:24:45.202679 [ 304 ] {bdb8596c-9acc-45ed-b95a-99c88e4231b4} <Trace> test.grades_local (7b83862b-cceb-45e9-8ab9-cc0189ed0327) (SelectExecutor): Running binary search on index range for part 202406_9_9_0 (2 marks)
2026.03.18 22:24:45.202688 [ 304 ] {bdb8596c-9acc-45ed-b95a-99c88e4231b4} <Trace> test.grades_local (7b83862b-cceb-45e9-8ab9-cc0189ed0327) (SelectExecutor): Found (LEFT) boundary mark: 1
2026.03.18 22:24:45.202691 [ 304 ] {bdb8596c-9acc-45ed-b95a-99c88e4231b4} <Trace> test.grades_local (7b83862b-cceb-45e9-8ab9-cc0189ed0327) (SelectExecutor): Found (RIGHT) boundary mark: 2
2026.03.18 22:24:45.202694 [ 304 ] {bdb8596c-9acc-45ed-b95a-99c88e4231b4} <Trace> test.grades_local (7b83862b-cceb-45e9-8ab9-cc0189ed0327) (SelectExecutor): Found empty range in 1 steps
2026.03.18 22:24:45.202728 [ 304 ] {bdb8596c-9acc-45ed-b95a-99c88e4231b4} <Trace> test.grades_local (7b83862b-cceb-45e9-8ab9-cc0189ed0327) (SelectExecutor): Running binary search on index range for part 202407_17_17_0 (2 marks)
2026.03.18 22:24:45.202735 [ 304 ] {bdb8596c-9acc-45ed-b95a-99c88e4231b4} <Trace> test.grades_local (7b83862b-cceb-45e9-8ab9-cc0189ed0327) (SelectExecutor): Found (LEFT) boundary mark: 1
2026.03.18 22:24:45.202737 [ 304 ] {bdb8596c-9acc-45ed-b95a-99c88e4231b4} <Trace> test.grades_local (7b83862b-cceb-45e9-8ab9-cc0189ed0327) (SelectExecutor): Found (RIGHT) boundary mark: 2
2026.03.18 22:24:45.202742 [ 304 ] {bdb8596c-9acc-45ed-b95a-99c88e4231b4} <Trace> test.grades_local (7b83862b-cceb-45e9-8ab9-cc0189ed0327) (SelectExecutor): Found empty range in 1 steps
2026.03.18 22:24:45.202773 [ 305 ] {bdb8596c-9acc-45ed-b95a-99c88e4231b4} <Trace> test.grades_local (7b83862b-cceb-45e9-8ab9-cc0189ed0327) (SelectExecutor): Running binary search on index range for part 202408_10_10_0 (2 marks)
2026.03.18 22:24:45.202778 [ 305 ] {bdb8596c-9acc-45ed-b95a-99c88e4231b4} <Trace> test.grades_local (7b83862b-cceb-45e9-8ab9-cc0189ed0327) (SelectExecutor): Found (LEFT) boundary mark: 1
2026.03.18 22:24:45.202780 [ 305 ] {bdb8596c-9acc-45ed-b95a-99c88e4231b4} <Trace> test.grades_local (7b83862b-cceb-45e9-8ab9-cc0189ed0327) (SelectExecutor): Found (RIGHT) boundary mark: 2
2026.03.18 22:24:45.202783 [ 305 ] {bdb8596c-9acc-45ed-b95a-99c88e4231b4} <Trace> test.grades_local (7b83862b-cceb-45e9-8ab9-cc0189ed0327) (SelectExecutor): Found empty range in 1 steps
2026.03.18 22:24:45.202844 [ 301 ] {bdb8596c-9acc-45ed-b95a-99c88e4231b4} <Trace> test.grades_local (7b83862b-cceb-45e9-8ab9-cc0189ed0327) (SelectExecutor): Running binary search on index range for part 202409_26_26_0 (2 marks)
2026.03.18 22:24:45.202854 [ 301 ] {bdb8596c-9acc-45ed-b95a-99c88e4231b4} <Trace> test.grades_local (7b83862b-cceb-45e9-8ab9-cc0189ed0327) (SelectExecutor): Found (LEFT) boundary mark: 1
2026.03.18 22:24:45.202857 [ 301 ] {bdb8596c-9acc-45ed-b95a-99c88e4231b4} <Trace> test.grades_local (7b83862b-cceb-45e9-8ab9-cc0189ed0327) (SelectExecutor): Found (RIGHT) boundary mark: 2
2026.03.18 22:24:45.204546 [ 301 ] {bdb8596c-9acc-45ed-b95a-99c88e4231b4} <Trace> test.grades_local (7b83862b-cceb-45e9-8ab9-cc0189ed0327) (SelectExecutor): Found empty range in 1 steps
2026.03.18 22:24:45.205785 [ 297 ] {bdb8596c-9acc-45ed-b95a-99c88e4231b4} <Trace> test.grades_local (7b83862b-cceb-45e9-8ab9-cc0189ed0327) (SelectExecutor): Running binary search on index range for part 202410_11_11_0 (2 marks)
2026.03.18 22:24:45.205794 [ 297 ] {bdb8596c-9acc-45ed-b95a-99c88e4231b4} <Trace> test.grades_local (7b83862b-cceb-45e9-8ab9-cc0189ed0327) (SelectExecutor): Found (LEFT) boundary mark: 1
2026.03.18 22:24:45.205797 [ 297 ] {bdb8596c-9acc-45ed-b95a-99c88e4231b4} <Trace> test.grades_local (7b83862b-cceb-45e9-8ab9-cc0189ed0327) (SelectExecutor): Found (RIGHT) boundary mark: 2
2026.03.18 22:24:45.205800 [ 297 ] {bdb8596c-9acc-45ed-b95a-99c88e4231b4} <Trace> test.grades_local (7b83862b-cceb-45e9-8ab9-cc0189ed0327) (SelectExecutor): Found empty range in 1 steps
2026.03.18 22:24:45.205822 [ 297 ] {bdb8596c-9acc-45ed-b95a-99c88e4231b4} <Trace> test.grades_local (7b83862b-cceb-45e9-8ab9-cc0189ed0327) (SelectExecutor): Running binary search on index range for part 202411_15_15_0 (2 marks)
2026.03.18 22:24:45.205826 [ 297 ] {bdb8596c-9acc-45ed-b95a-99c88e4231b4} <Trace> test.grades_local (7b83862b-cceb-45e9-8ab9-cc0189ed0327) (SelectExecutor): Found (LEFT) boundary mark: 1
2026.03.18 22:24:45.205828 [ 297 ] {bdb8596c-9acc-45ed-b95a-99c88e4231b4} <Trace> test.grades_local (7b83862b-cceb-45e9-8ab9-cc0189ed0327) (SelectExecutor): Found (RIGHT) boundary mark: 2
2026.03.18 22:24:45.205831 [ 297 ] {bdb8596c-9acc-45ed-b95a-99c88e4231b4} <Trace> test.grades_local (7b83862b-cceb-45e9-8ab9-cc0189ed0327) (SelectExecutor): Found empty range in 1 steps
2026.03.18 22:24:45.209888 [ 44 ] {bdb8596c-9acc-45ed-b95a-99c88e4231b4} <Debug> test.grades_local (7b83862b-cceb-45e9-8ab9-cc0189ed0327) (SelectExecutor): Selected 27/27 parts by partition key, 0 parts by primary key, 0/27 marks by primary key, 0 marks to read from 0 ranges
2026.03.18 22:24:45.211098 [ 300 ] {bdb8596c-9acc-45ed-b95a-99c88e4231b4} <Trace> Aggregator: Aggregation method: without_key
2026.03.18 22:24:45.211118 [ 300 ] {bdb8596c-9acc-45ed-b95a-99c88e4231b4} <Trace> AggregatingTransform: Aggregated. 0 to 1 rows (from 0.00 B) in 0.000755028 sec. (0.000 rows/sec., 0.00 B/sec.)
2026.03.18 22:24:45.211123 [ 300 ] {bdb8596c-9acc-45ed-b95a-99c88e4231b4} <Trace> Aggregator: Merging aggregated data
2026.03.18 22:24:45.211127 [ 300 ] {bdb8596c-9acc-45ed-b95a-99c88e4231b4} <Trace> Aggregator: Statistics updated for key=8763066421949248324: new sum_of_sizes=1, median_size=1
2026.03.18 22:24:45.211449 [ 44 ] {bdb8596c-9acc-45ed-b95a-99c88e4231b4} <Debug> TCPHandler: Processed in 0.021809317 sec.
2026.03.18 22:24:50.706063 [ 106 ] {} <Debug> DNSResolver: Updating DNS cache
2026.03.18 22:24:50.707463 [ 106 ] {} <Debug> DNSResolver: Updated DNS cache
2026.03.18 22:24:56.406210 [ 45 ] {} <Trace> TCP-Session: b2406912-b07d-45fb-940b-fca8aff1d37b Creating query context from session context, user_id: 94309d50-4f52-5250-31bd-74fecac179db, parent context user: default
2026.03.18 22:24:56.406290 [ 44 ] {} <Trace> TCP-Session: 8fc074fa-5538-41aa-8316-8045d171ab08 Creating query context from session context, user_id: 94309d50-4f52-5250-31bd-74fecac179db, parent context user: default
2026.03.18 22:24:56.406410 [ 44 ] {dc97a1ac-c7b8-4126-8c56-73e8b314d13f} <Debug> executeQuery: (from 172.18.0.6:57708, initial_query_id: 7e0fc92e-957a-4bb5-8776-1c54323a9cd9) SELECT `course_code`, `course_name` FROM `test`.`courses_local` (stage: Complete)
2026.03.18 22:24:56.406440 [ 45 ] {32c58854-655f-490b-85de-0394a6e7996e} <Debug> executeQuery: (from 172.18.0.6:55674, initial_query_id: 7e0fc92e-957a-4bb5-8776-1c54323a9cd9) SELECT `g`.`course_code`, `c`.`course_name`, count() AS `grades_count`, round(avg(`g`.`grade`), 2) AS `avg_grade`, uniqExact(`g`.`student_id`) AS `students_count`, countIf(`g`.`grade` = 5) AS `excellent`, countIf(`g`.`grade` = 2) AS `failed` FROM `test`.`grades_local` AS `g` ALL LEFT JOIN `test`.`courses` AS `c` ON `g`.`course_code` = `c`.`course_code` GROUP BY `g`.`course_code`, `c`.`course_name` ORDER BY `avg_grade` DESC LIMIT 20 (stage: WithMergeableState)
2026.03.18 22:24:56.406570 [ 44 ] {dc97a1ac-c7b8-4126-8c56-73e8b314d13f} <Trace> ContextAccess (default): Access granted: SELECT(course_code, course_name) ON test.courses_local
2026.03.18 22:24:56.406596 [ 44 ] {dc97a1ac-c7b8-4126-8c56-73e8b314d13f} <Trace> InterpreterSelectQuery: FetchColumns -> Complete
2026.03.18 22:24:56.406641 [ 44 ] {dc97a1ac-c7b8-4126-8c56-73e8b314d13f} <Debug> test.courses_local (459349ad-92fc-4b00-822f-1454403d3a61) (SelectExecutor): Key condition: unknown
2026.03.18 22:24:56.406651 [ 44 ] {dc97a1ac-c7b8-4126-8c56-73e8b314d13f} <Debug> test.courses_local (459349ad-92fc-4b00-822f-1454403d3a61) (SelectExecutor): Selected 1/1 parts by partition key, 1 parts by primary key, 1/1 marks by primary key, 1 marks to read from 1 ranges
2026.03.18 22:24:56.406655 [ 44 ] {dc97a1ac-c7b8-4126-8c56-73e8b314d13f} <Trace> test.courses_local (459349ad-92fc-4b00-822f-1454403d3a61) (SelectExecutor): Spreading mark ranges among streams (default reading)
2026.03.18 22:24:56.406665 [ 44 ] {dc97a1ac-c7b8-4126-8c56-73e8b314d13f} <Trace> MergeTreeInOrderSelectProcessor: Reading 1 ranges in order from part all_1_1_0, approx. 31 rows starting from 0
2026.03.18 22:24:56.407296 [ 44 ] {dc97a1ac-c7b8-4126-8c56-73e8b314d13f} <Debug> executeQuery: Read 31 rows, 2.03 KiB in 0.000915 sec., 33879.78142076503 rows/sec., 2.16 MiB/sec.
2026.03.18 22:24:56.407328 [ 44 ] {dc97a1ac-c7b8-4126-8c56-73e8b314d13f} <Debug> TCPHandler: Processed in 0.001311217 sec.
2026.03.18 22:24:56.407547 [ 45 ] {32c58854-655f-490b-85de-0394a6e7996e} <Trace> ContextAccess (default): Access granted: SELECT(course_code, course_name) ON test.courses
2026.03.18 22:24:56.407606 [ 45 ] {32c58854-655f-490b-85de-0394a6e7996e} <Trace> ContextAccess (default): Access granted: SELECT(course_code, course_name) ON test.courses
2026.03.18 22:24:56.407706 [ 45 ] {32c58854-655f-490b-85de-0394a6e7996e} <Trace> ContextAccess (default): Access granted: SELECT(course_code, course_name) ON test.courses_local
2026.03.18 22:24:56.407721 [ 45 ] {32c58854-655f-490b-85de-0394a6e7996e} <Trace> InterpreterSelectQuery: FetchColumns -> Complete
2026.03.18 22:24:56.407771 [ 45 ] {32c58854-655f-490b-85de-0394a6e7996e} <Trace> InterpreterSelectQuery: Complete -> Complete
2026.03.18 22:24:56.408023 [ 45 ] {32c58854-655f-490b-85de-0394a6e7996e} <Debug> HashJoin: (0x764b04e2b518) Datatype: EMPTY, kind: Left, strictness: All, right header: c.course_code String String(size = 0), course_name String String(size = 0)
2026.03.18 22:24:56.408034 [ 45 ] {32c58854-655f-490b-85de-0394a6e7996e} <Debug> HashJoin: (0x764b04e2b518) Keys: [(course_code) = (c.course_code)]
2026.03.18 22:24:56.408135 [ 45 ] {32c58854-655f-490b-85de-0394a6e7996e} <Trace> ContextAccess (default): Access granted: SELECT(student_id, course_code, grade) ON test.grades_local
2026.03.18 22:24:56.408165 [ 45 ] {32c58854-655f-490b-85de-0394a6e7996e} <Trace> InterpreterSelectQuery: FetchColumns -> WithMergeableState
2026.03.18 22:24:56.408183 [ 45 ] {32c58854-655f-490b-85de-0394a6e7996e} <Debug> JoiningTransform: Before join block: 'student_id String String(size = 0), course_code String String(size = 0), grade UInt8 UInt8(size = 0)'
2026.03.18 22:24:56.408197 [ 45 ] {32c58854-655f-490b-85de-0394a6e7996e} <Debug> JoiningTransform: After join block: 'student_id String String(size = 0), course_code String String(size = 0), grade UInt8 UInt8(size = 0), course_name String String(size = 0)'
2026.03.18 22:24:56.409399 [ 45 ] {32c58854-655f-490b-85de-0394a6e7996e} <Debug> test.grades_local (7b83862b-cceb-45e9-8ab9-cc0189ed0327) (SelectExecutor): Key condition: unknown
2026.03.18 22:24:56.409432 [ 45 ] {32c58854-655f-490b-85de-0394a6e7996e} <Debug> test.grades_local (7b83862b-cceb-45e9-8ab9-cc0189ed0327) (SelectExecutor): MinMax index condition: unknown
2026.03.18 22:24:56.411540 [ 45 ] {32c58854-655f-490b-85de-0394a6e7996e} <Debug> test.grades_local (7b83862b-cceb-45e9-8ab9-cc0189ed0327) (SelectExecutor): Selected 27/27 parts by partition key, 27 parts by primary key, 27/27 marks by primary key, 27 marks to read from 27 ranges
2026.03.18 22:24:56.411562 [ 45 ] {32c58854-655f-490b-85de-0394a6e7996e} <Trace> test.grades_local (7b83862b-cceb-45e9-8ab9-cc0189ed0327) (SelectExecutor): Spreading mark ranges among streams (default reading)
2026.03.18 22:24:56.412532 [ 45 ] {32c58854-655f-490b-85de-0394a6e7996e} <Debug> MergeTreeReadPool: min_marks_for_concurrent_read=24
2026.03.18 22:24:56.412564 [ 45 ] {32c58854-655f-490b-85de-0394a6e7996e} <Debug> test.grades_local (7b83862b-cceb-45e9-8ab9-cc0189ed0327) (SelectExecutor): Reading approx. 1710 rows with 4 streams
2026.03.18 22:24:56.412701 [ 45 ] {32c58854-655f-490b-85de-0394a6e7996e} <Debug> test.courses_local (459349ad-92fc-4b00-822f-1454403d3a61) (SelectExecutor): Key condition: unknown
2026.03.18 22:24:56.412730 [ 45 ] {32c58854-655f-490b-85de-0394a6e7996e} <Debug> test.courses_local (459349ad-92fc-4b00-822f-1454403d3a61) (SelectExecutor): Selected 1/1 parts by partition key, 1 parts by primary key, 1/1 marks by primary key, 1 marks to read from 1 ranges
2026.03.18 22:24:56.412737 [ 45 ] {32c58854-655f-490b-85de-0394a6e7996e} <Trace> test.courses_local (459349ad-92fc-4b00-822f-1454403d3a61) (SelectExecutor): Spreading mark ranges among streams (default reading)
2026.03.18 22:24:56.412746 [ 45 ] {32c58854-655f-490b-85de-0394a6e7996e} <Trace> MergeTreeInOrderSelectProcessor: Reading 1 ranges in order from part all_1_1_0, approx. 31 rows starting from 0
2026.03.18 22:24:56.412824 [ 45 ] {32c58854-655f-490b-85de-0394a6e7996e} <Debug> JoiningTransform: Before join block: 'student_id String String(size = 0), course_code String String(size = 0), grade UInt8 UInt8(size = 0)'
2026.03.18 22:24:56.412921 [ 45 ] {32c58854-655f-490b-85de-0394a6e7996e} <Debug> JoiningTransform: After join block: 'student_id String String(size = 0), course_code String String(size = 0), grade UInt8 UInt8(size = 0), course_name String String(size = 0)'
2026.03.18 22:24:56.413633 [ 46 ] {} <Trace> TCP-Session: 65783e75-eca7-4fbd-9be1-cd69a0396d9e Creating query context from session context, user_id: 94309d50-4f52-5250-31bd-74fecac179db, parent context user: default
2026.03.18 22:24:56.413727 [ 46 ] {f192e533-20e4-4766-a1e2-4c60db902610} <Debug> executeQuery: (from 172.18.0.5:41594, initial_query_id: 7e0fc92e-957a-4bb5-8776-1c54323a9cd9) SELECT `course_code`, `course_name` FROM `test`.`courses_local` (stage: Complete)
2026.03.18 22:24:56.413924 [ 46 ] {f192e533-20e4-4766-a1e2-4c60db902610} <Trace> ContextAccess (default): Access granted: SELECT(course_code, course_name) ON test.courses_local
2026.03.18 22:24:56.413977 [ 46 ] {f192e533-20e4-4766-a1e2-4c60db902610} <Trace> InterpreterSelectQuery: FetchColumns -> Complete
2026.03.18 22:24:56.414031 [ 46 ] {f192e533-20e4-4766-a1e2-4c60db902610} <Debug> test.courses_local (459349ad-92fc-4b00-822f-1454403d3a61) (SelectExecutor): Key condition: unknown
2026.03.18 22:24:56.414040 [ 46 ] {f192e533-20e4-4766-a1e2-4c60db902610} <Debug> test.courses_local (459349ad-92fc-4b00-822f-1454403d3a61) (SelectExecutor): Selected 1/1 parts by partition key, 1 parts by primary key, 1/1 marks by primary key, 1 marks to read from 1 ranges
2026.03.18 22:24:56.414045 [ 46 ] {f192e533-20e4-4766-a1e2-4c60db902610} <Trace> test.courses_local (459349ad-92fc-4b00-822f-1454403d3a61) (SelectExecutor): Spreading mark ranges among streams (default reading)
2026.03.18 22:24:56.414053 [ 46 ] {f192e533-20e4-4766-a1e2-4c60db902610} <Trace> MergeTreeInOrderSelectProcessor: Reading 1 ranges in order from part all_1_1_0, approx. 31 rows starting from 0
2026.03.18 22:24:56.414573 [ 301 ] {32c58854-655f-490b-85de-0394a6e7996e} <Debug> Connection (clickhouse-node3:9000): Sent data for 2 scalars, total 2 rows in 0.000279402 sec., 7150 rows/sec., 68.00 B (237.39 KiB/sec.), compressed 0.4594594594594595 times to 148.00 B (516.62 KiB/sec.)
2026.03.18 22:24:56.414672 [ 305 ] {32c58854-655f-490b-85de-0394a6e7996e} <Debug> Connection (clickhouse-node1:9000): Sent data for 2 scalars, total 2 rows in 8.7263e-05 sec., 22848 rows/sec., 68.00 B (758.37 KiB/sec.), compressed 0.4594594594594595 times to 148.00 B (1.61 MiB/sec.)
2026.03.18 22:24:56.415126 [ 46 ] {f192e533-20e4-4766-a1e2-4c60db902610} <Debug> executeQuery: Read 31 rows, 2.03 KiB in 0.001418 sec., 21861.777150916783 rows/sec., 1.40 MiB/sec.
2026.03.18 22:24:56.415147 [ 46 ] {f192e533-20e4-4766-a1e2-4c60db902610} <Debug> TCPHandler: Processed in 0.001562456 sec.
2026.03.18 22:24:56.416797 [ 305 ] {32c58854-655f-490b-85de-0394a6e7996e} <Trace> AggregatingTransform: Aggregating
2026.03.18 22:24:56.416820 [ 301 ] {32c58854-655f-490b-85de-0394a6e7996e} <Trace> AggregatingTransform: Aggregating
2026.03.18 22:24:56.417011 [ 303 ] {32c58854-655f-490b-85de-0394a6e7996e} <Trace> AggregatingTransform: Aggregating
2026.03.18 22:24:56.417051 [ 301 ] {32c58854-655f-490b-85de-0394a6e7996e} <Trace> Aggregator: Aggregation method: serialized
2026.03.18 22:24:56.417160 [ 303 ] {32c58854-655f-490b-85de-0394a6e7996e} <Trace> Aggregator: Aggregation method: serialized
2026.03.18 22:24:56.416839 [ 305 ] {32c58854-655f-490b-85de-0394a6e7996e} <Trace> Aggregator: Aggregation method: serialized
2026.03.18 22:24:56.416998 [ 304 ] {32c58854-655f-490b-85de-0394a6e7996e} <Trace> AggregatingTransform: Aggregating
2026.03.18 22:24:56.418194 [ 304 ] {32c58854-655f-490b-85de-0394a6e7996e} <Trace> Aggregator: Aggregation method: serialized
2026.03.18 22:24:56.418980 [ 304 ] {32c58854-655f-490b-85de-0394a6e7996e} <Trace> AggregatingTransform: Aggregated. 398 to 352 rows (from 16.80 KiB) in 0.005788021 sec. (68762.708 rows/sec., 2.83 MiB/sec.)
2026.03.18 22:24:56.418995 [ 301 ] {32c58854-655f-490b-85de-0394a6e7996e} <Trace> AggregatingTransform: Aggregated. 628 to 552 rows (from 26.44 KiB) in 0.005844779 sec. (107446.321 rows/sec., 4.42 MiB/sec.)
2026.03.18 22:24:56.419017 [ 303 ] {32c58854-655f-490b-85de-0394a6e7996e} <Trace> AggregatingTransform: Aggregated. 615 to 545 rows (from 25.95 KiB) in 0.005832073 sec. (105451.355 rows/sec., 4.35 MiB/sec.)
2026.03.18 22:24:56.419677 [ 305 ] {32c58854-655f-490b-85de-0394a6e7996e} <Trace> AggregatingTransform: Aggregated. 69 to 63 rows (from 2.89 KiB) in 0.00654854 sec. (10536.700 rows/sec., 440.97 KiB/sec.)
2026.03.18 22:24:56.419703 [ 305 ] {32c58854-655f-490b-85de-0394a6e7996e} <Trace> Aggregator: Merging aggregated data
2026.03.18 22:24:56.419708 [ 305 ] {32c58854-655f-490b-85de-0394a6e7996e} <Trace> Aggregator: Statistics updated for key=8606792967265493120: new sum_of_sizes=1512, median_size=545
2026.03.18 22:24:56.421529 [ 45 ] {32c58854-655f-490b-85de-0394a6e7996e} <Debug> executeQuery: Read 1810 rows, 59.70 KiB in 0.015202 sec., 119063.28114721747 rows/sec., 3.84 MiB/sec.
2026.03.18 22:24:56.421744 [ 45 ] {32c58854-655f-490b-85de-0394a6e7996e} <Trace> HashJoin: (0x764b04e2b518) Join data is being destroyed, 24064 bytes and 99 rows in hash table
2026.03.18 22:24:56.421945 [ 45 ] {32c58854-655f-490b-85de-0394a6e7996e} <Debug> MemoryTracker: Peak memory usage (for query): 1.57 MiB.
2026.03.18 22:24:56.421951 [ 45 ] {32c58854-655f-490b-85de-0394a6e7996e} <Debug> TCPHandler: Processed in 0.015940718 sec.
2026.03.18 22:24:57.026115 [ 290 ] {} <Trace> AsynchronousMetrics: MemoryTracking: was 404.81 MiB, peak 411.43 MiB, free memory in arenas 8.04 MiB, will set to 406.13 MiB (RSS), difference: 1.31 MiB
2026.03.18 22:24:58.577506 [ 44 ] {} <Trace> TCP-Session: 8fc074fa-5538-41aa-8316-8045d171ab08 Creating query context from session context, user_id: 94309d50-4f52-5250-31bd-74fecac179db, parent context user: default
2026.03.18 22:24:58.577713 [ 44 ] {3478e860-0c89-4dcc-9946-37ffd933cd0c} <Debug> executeQuery: (from 172.18.0.6:57708, initial_query_id: f4616d99-cd04-45ec-acfb-f3f471926eb5) SELECT `grade`, count() AS `count`, round((count() * 100.) / sum(count()) OVER (), 2) AS `percentage` FROM `test`.`grades_local` GROUP BY `grade` ORDER BY `grade` ASC (stage: WithMergeableState)
2026.03.18 22:24:58.578480 [ 44 ] {3478e860-0c89-4dcc-9946-37ffd933cd0c} <Trace> ContextAccess (default): Access granted: SELECT(grade) ON test.grades_local
2026.03.18 22:24:58.578512 [ 44 ] {3478e860-0c89-4dcc-9946-37ffd933cd0c} <Trace> InterpreterSelectQuery: FetchColumns -> WithMergeableState
2026.03.18 22:24:58.578745 [ 44 ] {3478e860-0c89-4dcc-9946-37ffd933cd0c} <Debug> test.grades_local (7b83862b-cceb-45e9-8ab9-cc0189ed0327) (SelectExecutor): Key condition: unknown
2026.03.18 22:24:58.578775 [ 44 ] {3478e860-0c89-4dcc-9946-37ffd933cd0c} <Debug> test.grades_local (7b83862b-cceb-45e9-8ab9-cc0189ed0327) (SelectExecutor): MinMax index condition: unknown
2026.03.18 22:24:58.581372 [ 44 ] {3478e860-0c89-4dcc-9946-37ffd933cd0c} <Debug> test.grades_local (7b83862b-cceb-45e9-8ab9-cc0189ed0327) (SelectExecutor): Selected 27/27 parts by partition key, 27 parts by primary key, 27/27 marks by primary key, 27 marks to read from 27 ranges
2026.03.18 22:24:58.581488 [ 44 ] {3478e860-0c89-4dcc-9946-37ffd933cd0c} <Trace> test.grades_local (7b83862b-cceb-45e9-8ab9-cc0189ed0327) (SelectExecutor): Spreading mark ranges among streams (default reading)
2026.03.18 22:24:58.581689 [ 44 ] {3478e860-0c89-4dcc-9946-37ffd933cd0c} <Debug> MergeTreeReadPool: min_marks_for_concurrent_read=24
2026.03.18 22:24:58.581706 [ 44 ] {3478e860-0c89-4dcc-9946-37ffd933cd0c} <Debug> test.grades_local (7b83862b-cceb-45e9-8ab9-cc0189ed0327) (SelectExecutor): Reading approx. 1710 rows with 4 streams
2026.03.18 22:24:58.582616 [ 297 ] {3478e860-0c89-4dcc-9946-37ffd933cd0c} <Trace> AggregatingTransform: Aggregating
2026.03.18 22:24:58.582629 [ 297 ] {3478e860-0c89-4dcc-9946-37ffd933cd0c} <Trace> Aggregator: Aggregation method: key8
2026.03.18 22:24:58.582631 [ 301 ] {3478e860-0c89-4dcc-9946-37ffd933cd0c} <Trace> AggregatingTransform: Aggregating
2026.03.18 22:24:58.582639 [ 301 ] {3478e860-0c89-4dcc-9946-37ffd933cd0c} <Trace> Aggregator: Aggregation method: key8
2026.03.18 22:24:58.582665 [ 296 ] {3478e860-0c89-4dcc-9946-37ffd933cd0c} <Trace> AggregatingTransform: Aggregating
2026.03.18 22:24:58.582673 [ 296 ] {3478e860-0c89-4dcc-9946-37ffd933cd0c} <Trace> Aggregator: Aggregation method: key8
2026.03.18 22:24:58.582910 [ 295 ] {3478e860-0c89-4dcc-9946-37ffd933cd0c} <Trace> AggregatingTransform: Aggregating
2026.03.18 22:24:58.582921 [ 295 ] {3478e860-0c89-4dcc-9946-37ffd933cd0c} <Trace> Aggregator: Aggregation method: key8
2026.03.18 22:24:58.583125 [ 297 ] {3478e860-0c89-4dcc-9946-37ffd933cd0c} <Trace> AggregatingTransform: Aggregated. 744 to 4 rows (from 744.00 B) in 0.001195709 sec. (622224.973 rows/sec., 607.64 KiB/sec.)
2026.03.18 22:24:58.583140 [ 301 ] {3478e860-0c89-4dcc-9946-37ffd933cd0c} <Trace> AggregatingTransform: Aggregated. 498 to 4 rows (from 498.00 B) in 0.001210498 sec. (411400.928 rows/sec., 401.76 KiB/sec.)
2026.03.18 22:24:58.583210 [ 295 ] {3478e860-0c89-4dcc-9946-37ffd933cd0c} <Trace> AggregatingTransform: Aggregated. 71 to 4 rows (from 71.00 B) in 0.001272223 sec. (55807.826 rows/sec., 54.50 KiB/sec.)
2026.03.18 22:24:58.583142 [ 296 ] {3478e860-0c89-4dcc-9946-37ffd933cd0c} <Trace> AggregatingTransform: Aggregated. 397 to 4 rows (from 397.00 B) in 0.001206118 sec. (329155.190 rows/sec., 321.44 KiB/sec.)
2026.03.18 22:24:58.583252 [ 296 ] {3478e860-0c89-4dcc-9946-37ffd933cd0c} <Trace> Aggregator: Merging aggregated data
2026.03.18 22:24:58.583259 [ 296 ] {3478e860-0c89-4dcc-9946-37ffd933cd0c} <Trace> Aggregator: Statistics updated for key=6694794458551874275: new sum_of_sizes=16, median_size=4
2026.03.18 22:24:58.584117 [ 44 ] {3478e860-0c89-4dcc-9946-37ffd933cd0c} <Debug> executeQuery: Read 1710 rows, 1.67 KiB in 0.006497 sec., 263198.3992611975 rows/sec., 257.03 KiB/sec.
2026.03.18 22:24:58.584188 [ 44 ] {3478e860-0c89-4dcc-9946-37ffd933cd0c} <Debug> TCPHandler: Processed in 0.006760617 sec.
2026.03.18 22:25:04.237469 [ 44 ] {} <Trace> TCP-Session: 8fc074fa-5538-41aa-8316-8045d171ab08 Creating query context from session context, user_id: 94309d50-4f52-5250-31bd-74fecac179db, parent context user: default
2026.03.18 22:25:04.237660 [ 44 ] {0d7d06fb-58b1-447f-887b-383e80989913} <Debug> executeQuery: (from 172.18.0.6:57708, initial_query_id: f708fa93-0b8d-425a-9f11-22cea3760f58) SELECT `teacher_id`, `full_name`, `position`, `degree`, `hire_date`, `current_hours`, `max_hours` FROM `test`.`teachers_local` ORDER BY `position` ASC, `full_name` ASC LIMIT 30 (stage: WithMergeableStateAfterAggregationAndLimit)
2026.03.18 22:25:04.241006 [ 44 ] {0d7d06fb-58b1-447f-887b-383e80989913} <Trace> ContextAccess (default): Access granted: SELECT(teacher_id, full_name, position, degree, hire_date, max_hours, current_hours) ON test.teachers_local
2026.03.18 22:25:04.241140 [ 44 ] {0d7d06fb-58b1-447f-887b-383e80989913} <Trace> InterpreterSelectQuery: FetchColumns -> WithMergeableStateAfterAggregationAndLimit
2026.03.18 22:25:04.241301 [ 44 ] {0d7d06fb-58b1-447f-887b-383e80989913} <Debug> test.teachers_local (e100a84f-1a8b-456d-baae-1ca19e5e5ecb) (SelectExecutor): Key condition: unknown
2026.03.18 22:25:04.241317 [ 44 ] {0d7d06fb-58b1-447f-887b-383e80989913} <Debug> test.teachers_local (e100a84f-1a8b-456d-baae-1ca19e5e5ecb) (SelectExecutor): MinMax index condition: unknown
2026.03.18 22:25:04.246385 [ 44 ] {0d7d06fb-58b1-447f-887b-383e80989913} <Debug> test.teachers_local (e100a84f-1a8b-456d-baae-1ca19e5e5ecb) (SelectExecutor): Selected 9/9 parts by partition key, 9 parts by primary key, 9/9 marks by primary key, 9 marks to read from 9 ranges
2026.03.18 22:25:04.246410 [ 44 ] {0d7d06fb-58b1-447f-887b-383e80989913} <Trace> test.teachers_local (e100a84f-1a8b-456d-baae-1ca19e5e5ecb) (SelectExecutor): Spreading mark ranges among streams (default reading)
2026.03.18 22:25:04.246504 [ 44 ] {0d7d06fb-58b1-447f-887b-383e80989913} <Debug> MergeTreeReadPool: min_marks_for_concurrent_read=24
2026.03.18 22:25:04.246513 [ 44 ] {0d7d06fb-58b1-447f-887b-383e80989913} <Debug> test.teachers_local (e100a84f-1a8b-456d-baae-1ca19e5e5ecb) (SelectExecutor): Reading approx. 30 rows with 4 streams
2026.03.18 22:25:04.248787 [ 306 ] {0d7d06fb-58b1-447f-887b-383e80989913} <Debug> MergingSortedTransform: Merge sorted 3 blocks, 30 rows in 0.002000005 sec., 14999.96250009375 rows/sec., 18.80 MiB/sec
2026.03.18 22:25:04.249679 [ 44 ] {0d7d06fb-58b1-447f-887b-383e80989913} <Debug> executeQuery: Read 30 rows, 3.16 KiB in 0.012016 sec., 2496.6711051930756 rows/sec., 263.32 KiB/sec.
2026.03.18 22:25:04.249840 [ 44 ] {0d7d06fb-58b1-447f-887b-383e80989913} <Debug> MemoryTracker: Peak memory usage (for query): 130.01 KiB.
2026.03.18 22:25:04.249845 [ 44 ] {0d7d06fb-58b1-447f-887b-383e80989913} <Debug> TCPHandler: Processed in 0.012441254 sec.
2026.03.18 22:25:04.249952 [ 44 ] {} <Information> TCPHandler: Change cancellation status from NOT_CANCELLED to FULLY_CANCELLED. Log message: Received 'Cancel' packet from the client, canceling the query.
2026.03.18 22:25:05.724801 [ 103 ] {} <Debug> DNSResolver: Updating DNS cache
2026.03.18 22:25:05.726113 [ 103 ] {} <Debug> DNSResolver: Updated DNS cache
2026.03.18 22:25:08.191796 [ 45 ] {} <Trace> TCP-Session: b2406912-b07d-45fb-940b-fca8aff1d37b Creating query context from session context, user_id: 94309d50-4f52-5250-31bd-74fecac179db, parent context user: default
2026.03.18 22:25:08.191887 [ 44 ] {} <Trace> TCP-Session: 8fc074fa-5538-41aa-8316-8045d171ab08 Creating query context from session context, user_id: 94309d50-4f52-5250-31bd-74fecac179db, parent context user: default
2026.03.18 22:25:08.192133 [ 44 ] {625dfad0-a263-4fd9-8a13-2b71e66ab68f} <Debug> executeQuery: (from 172.18.0.6:57708, initial_query_id: ee2ef8d6-ba00-4b82-b8af-fbcdf2138e25) SELECT `course_code`, `teacher_id` FROM `test`.`schedule_local` (stage: Complete)
2026.03.18 22:25:08.192200 [ 45 ] {031e1074-ed42-4e05-9688-6a6e93eb182c} <Debug> executeQuery: (from 172.18.0.6:55674, initial_query_id: ee2ef8d6-ba00-4b82-b8af-fbcdf2138e25) SELECT `t`.`full_name`, `t`.`position`, `t`.`current_hours`, `t`.`max_hours`, round((`t`.`current_hours` * 100.) / `t`.`max_hours`, 1) AS `workload_percent`, uniqExact(`s`.`course_code`) AS `courses_count` FROM `test`.`teachers_local` AS `t` ALL LEFT JOIN `test`.`schedule` AS `s` ON `t`.`teacher_id` = `s`.`teacher_id` GROUP BY `t`.`full_name`, `t`.`position`, `t`.`current_hours`, `t`.`max_hours` ORDER BY `workload_percent` DESC LIMIT 20 (stage: WithMergeableState)
2026.03.18 22:25:08.192541 [ 44 ] {625dfad0-a263-4fd9-8a13-2b71e66ab68f} <Trace> ContextAccess (default): Access granted: SELECT(course_code, teacher_id) ON test.schedule_local
2026.03.18 22:25:08.192569 [ 44 ] {625dfad0-a263-4fd9-8a13-2b71e66ab68f} <Trace> InterpreterSelectQuery: FetchColumns -> Complete
2026.03.18 22:25:08.192637 [ 44 ] {625dfad0-a263-4fd9-8a13-2b71e66ab68f} <Debug> test.schedule_local (c5a236a4-b19d-49e9-bdcd-89504d35b521) (SelectExecutor): Key condition: unknown
2026.03.18 22:25:08.192652 [ 44 ] {625dfad0-a263-4fd9-8a13-2b71e66ab68f} <Debug> test.schedule_local (c5a236a4-b19d-49e9-bdcd-89504d35b521) (SelectExecutor): MinMax index condition: unknown
2026.03.18 22:25:08.192778 [ 45 ] {031e1074-ed42-4e05-9688-6a6e93eb182c} <Trace> ContextAccess (default): Access granted: SELECT(course_code, teacher_id) ON test.schedule
2026.03.18 22:25:08.192842 [ 45 ] {031e1074-ed42-4e05-9688-6a6e93eb182c} <Trace> ContextAccess (default): Access granted: SELECT(course_code, teacher_id) ON test.schedule
2026.03.18 22:25:08.192966 [ 45 ] {031e1074-ed42-4e05-9688-6a6e93eb182c} <Trace> ContextAccess (default): Access granted: SELECT(course_code, teacher_id) ON test.schedule_local
2026.03.18 22:25:08.193166 [ 45 ] {031e1074-ed42-4e05-9688-6a6e93eb182c} <Trace> InterpreterSelectQuery: FetchColumns -> Complete
2026.03.18 22:25:08.193197 [ 45 ] {031e1074-ed42-4e05-9688-6a6e93eb182c} <Trace> InterpreterSelectQuery: Complete -> Complete
2026.03.18 22:25:08.193223 [ 45 ] {031e1074-ed42-4e05-9688-6a6e93eb182c} <Debug> HashJoin: (0x764b04e2b518) Datatype: EMPTY, kind: Left, strictness: All, right header: s.teacher_id String String(size = 0), course_code String String(size = 0)
2026.03.18 22:25:08.193228 [ 45 ] {031e1074-ed42-4e05-9688-6a6e93eb182c} <Debug> HashJoin: (0x764b04e2b518) Keys: [(teacher_id) = (s.teacher_id)]
2026.03.18 22:25:08.193277 [ 44 ] {625dfad0-a263-4fd9-8a13-2b71e66ab68f} <Debug> test.schedule_local (c5a236a4-b19d-49e9-bdcd-89504d35b521) (SelectExecutor): Selected 6/6 parts by partition key, 6 parts by primary key, 6/6 marks by primary key, 6 marks to read from 6 ranges
2026.03.18 22:25:08.193288 [ 44 ] {625dfad0-a263-4fd9-8a13-2b71e66ab68f} <Trace> test.schedule_local (c5a236a4-b19d-49e9-bdcd-89504d35b521) (SelectExecutor): Spreading mark ranges among streams (default reading)
2026.03.18 22:25:08.193329 [ 45 ] {031e1074-ed42-4e05-9688-6a6e93eb182c} <Trace> ContextAccess (default): Access granted: SELECT(teacher_id, full_name, position, max_hours, current_hours) ON test.teachers_local
2026.03.18 22:25:08.193331 [ 44 ] {625dfad0-a263-4fd9-8a13-2b71e66ab68f} <Debug> MergeTreeReadPool: min_marks_for_concurrent_read=24
2026.03.18 22:25:08.193432 [ 45 ] {031e1074-ed42-4e05-9688-6a6e93eb182c} <Trace> InterpreterSelectQuery: FetchColumns -> WithMergeableState
2026.03.18 22:25:08.193509 [ 45 ] {031e1074-ed42-4e05-9688-6a6e93eb182c} <Debug> JoiningTransform: Before join block: 'teacher_id String String(size = 0), full_name String String(size = 0), position String String(size = 0), max_hours UInt16 UInt16(size = 0), current_hours UInt16 UInt16(size = 0)'
2026.03.18 22:25:08.193525 [ 45 ] {031e1074-ed42-4e05-9688-6a6e93eb182c} <Debug> JoiningTransform: After join block: 'teacher_id String String(size = 0), full_name String String(size = 0), position String String(size = 0), max_hours UInt16 UInt16(size = 0), current_hours UInt16 UInt16(size = 0), course_code String String(size = 0)'
2026.03.18 22:25:08.193441 [ 44 ] {625dfad0-a263-4fd9-8a13-2b71e66ab68f} <Debug> test.schedule_local (c5a236a4-b19d-49e9-bdcd-89504d35b521) (SelectExecutor): Reading approx. 189 rows with 4 streams
2026.03.18 22:25:08.193622 [ 45 ] {031e1074-ed42-4e05-9688-6a6e93eb182c} <Debug> test.teachers_local (e100a84f-1a8b-456d-baae-1ca19e5e5ecb) (SelectExecutor): Key condition: unknown
2026.03.18 22:25:08.193635 [ 45 ] {031e1074-ed42-4e05-9688-6a6e93eb182c} <Debug> test.teachers_local (e100a84f-1a8b-456d-baae-1ca19e5e5ecb) (SelectExecutor): MinMax index condition: unknown
2026.03.18 22:25:08.194878 [ 45 ] {031e1074-ed42-4e05-9688-6a6e93eb182c} <Debug> test.teachers_local (e100a84f-1a8b-456d-baae-1ca19e5e5ecb) (SelectExecutor): Selected 9/9 parts by partition key, 9 parts by primary key, 9/9 marks by primary key, 9 marks to read from 9 ranges
2026.03.18 22:25:08.194892 [ 45 ] {031e1074-ed42-4e05-9688-6a6e93eb182c} <Trace> test.teachers_local (e100a84f-1a8b-456d-baae-1ca19e5e5ecb) (SelectExecutor): Spreading mark ranges among streams (default reading)
2026.03.18 22:25:08.195139 [ 45 ] {031e1074-ed42-4e05-9688-6a6e93eb182c} <Debug> MergeTreeReadPool: min_marks_for_concurrent_read=24
2026.03.18 22:25:08.195154 [ 45 ] {031e1074-ed42-4e05-9688-6a6e93eb182c} <Debug> test.teachers_local (e100a84f-1a8b-456d-baae-1ca19e5e5ecb) (SelectExecutor): Reading approx. 30 rows with 4 streams
2026.03.18 22:25:08.195221 [ 45 ] {031e1074-ed42-4e05-9688-6a6e93eb182c} <Debug> test.schedule_local (c5a236a4-b19d-49e9-bdcd-89504d35b521) (SelectExecutor): Key condition: unknown
2026.03.18 22:25:08.195230 [ 45 ] {031e1074-ed42-4e05-9688-6a6e93eb182c} <Debug> test.schedule_local (c5a236a4-b19d-49e9-bdcd-89504d35b521) (SelectExecutor): MinMax index condition: unknown
2026.03.18 22:25:08.203442 [ 44 ] {625dfad0-a263-4fd9-8a13-2b71e66ab68f} <Debug> executeQuery: Read 189 rows, 5.32 KiB in 0.011476 sec., 16469.1530149878 rows/sec., 463.52 KiB/sec.
2026.03.18 22:25:08.203519 [ 44 ] {625dfad0-a263-4fd9-8a13-2b71e66ab68f} <Debug> TCPHandler: Processed in 0.011678545 sec.
2026.03.18 22:25:08.204340 [ 45 ] {031e1074-ed42-4e05-9688-6a6e93eb182c} <Debug> test.schedule_local (c5a236a4-b19d-49e9-bdcd-89504d35b521) (SelectExecutor): Selected 6/6 parts by partition key, 6 parts by primary key, 6/6 marks by primary key, 6 marks to read from 6 ranges
2026.03.18 22:25:08.204356 [ 45 ] {031e1074-ed42-4e05-9688-6a6e93eb182c} <Trace> test.schedule_local (c5a236a4-b19d-49e9-bdcd-89504d35b521) (SelectExecutor): Spreading mark ranges among streams (default reading)
2026.03.18 22:25:08.204402 [ 45 ] {031e1074-ed42-4e05-9688-6a6e93eb182c} <Debug> MergeTreeReadPool: min_marks_for_concurrent_read=24
2026.03.18 22:25:08.204415 [ 45 ] {031e1074-ed42-4e05-9688-6a6e93eb182c} <Debug> test.schedule_local (c5a236a4-b19d-49e9-bdcd-89504d35b521) (SelectExecutor): Reading approx. 189 rows with 4 streams
2026.03.18 22:25:08.204509 [ 45 ] {031e1074-ed42-4e05-9688-6a6e93eb182c} <Debug> JoiningTransform: Before join block: 'teacher_id String String(size = 0), full_name String String(size = 0), position String String(size = 0), max_hours UInt16 UInt16(size = 0), current_hours UInt16 UInt16(size = 0)'
2026.03.18 22:25:08.204526 [ 45 ] {031e1074-ed42-4e05-9688-6a6e93eb182c} <Debug> JoiningTransform: After join block: 'teacher_id String String(size = 0), full_name String String(size = 0), position String String(size = 0), max_hours UInt16 UInt16(size = 0), current_hours UInt16 UInt16(size = 0), course_code String String(size = 0)'
2026.03.18 22:25:08.209025 [ 306 ] {031e1074-ed42-4e05-9688-6a6e93eb182c} <Debug> Connection (clickhouse-node1:9000): Sent data for 2 scalars, total 2 rows in 0.000204391 sec., 9766 rows/sec., 68.00 B (324.23 KiB/sec.), compressed 0.4594594594594595 times to 148.00 B (705.30 KiB/sec.)
2026.03.18 22:25:08.209026 [ 297 ] {031e1074-ed42-4e05-9688-6a6e93eb182c} <Debug> Connection (clickhouse-node3:9000): Sent data for 2 scalars, total 2 rows in 0.00043952 sec., 4546 rows/sec., 68.00 B (150.93 KiB/sec.), compressed 0.4594594594594595 times to 148.00 B (328.48 KiB/sec.)
2026.03.18 22:25:08.212964 [ 46 ] {} <Trace> TCP-Session: 65783e75-eca7-4fbd-9be1-cd69a0396d9e Creating query context from session context, user_id: 94309d50-4f52-5250-31bd-74fecac179db, parent context user: default
2026.03.18 22:25:08.213225 [ 46 ] {8419b32a-58f8-4c4b-8344-2ceb23f115ac} <Debug> executeQuery: (from 172.18.0.5:41594, initial_query_id: ee2ef8d6-ba00-4b82-b8af-fbcdf2138e25) SELECT `course_code`, `teacher_id` FROM `test`.`schedule_local` (stage: Complete)
2026.03.18 22:25:08.213334 [ 46 ] {8419b32a-58f8-4c4b-8344-2ceb23f115ac} <Trace> ContextAccess (default): Access granted: SELECT(course_code, teacher_id) ON test.schedule_local
2026.03.18 22:25:08.213353 [ 46 ] {8419b32a-58f8-4c4b-8344-2ceb23f115ac} <Trace> InterpreterSelectQuery: FetchColumns -> Complete
2026.03.18 22:25:08.213399 [ 46 ] {8419b32a-58f8-4c4b-8344-2ceb23f115ac} <Debug> test.schedule_local (c5a236a4-b19d-49e9-bdcd-89504d35b521) (SelectExecutor): Key condition: unknown
2026.03.18 22:25:08.213410 [ 46 ] {8419b32a-58f8-4c4b-8344-2ceb23f115ac} <Debug> test.schedule_local (c5a236a4-b19d-49e9-bdcd-89504d35b521) (SelectExecutor): MinMax index condition: unknown
2026.03.18 22:25:08.214256 [ 46 ] {8419b32a-58f8-4c4b-8344-2ceb23f115ac} <Debug> test.schedule_local (c5a236a4-b19d-49e9-bdcd-89504d35b521) (SelectExecutor): Selected 6/6 parts by partition key, 6 parts by primary key, 6/6 marks by primary key, 6 marks to read from 6 ranges
2026.03.18 22:25:08.214268 [ 46 ] {8419b32a-58f8-4c4b-8344-2ceb23f115ac} <Trace> test.schedule_local (c5a236a4-b19d-49e9-bdcd-89504d35b521) (SelectExecutor): Spreading mark ranges among streams (default reading)
2026.03.18 22:25:08.214698 [ 46 ] {8419b32a-58f8-4c4b-8344-2ceb23f115ac} <Debug> MergeTreeReadPool: min_marks_for_concurrent_read=24
2026.03.18 22:25:08.214729 [ 46 ] {8419b32a-58f8-4c4b-8344-2ceb23f115ac} <Debug> test.schedule_local (c5a236a4-b19d-49e9-bdcd-89504d35b521) (SelectExecutor): Reading approx. 189 rows with 4 streams
2026.03.18 22:25:08.215443 [ 297 ] {031e1074-ed42-4e05-9688-6a6e93eb182c} <Trace> AggregatingTransform: Aggregating
2026.03.18 22:25:08.215457 [ 297 ] {031e1074-ed42-4e05-9688-6a6e93eb182c} <Trace> Aggregator: Aggregation method: serialized
2026.03.18 22:25:08.215484 [ 306 ] {031e1074-ed42-4e05-9688-6a6e93eb182c} <Trace> AggregatingTransform: Aggregating
2026.03.18 22:25:08.215495 [ 306 ] {031e1074-ed42-4e05-9688-6a6e93eb182c} <Trace> Aggregator: Aggregation method: serialized
2026.03.18 22:25:08.215561 [ 302 ] {031e1074-ed42-4e05-9688-6a6e93eb182c} <Trace> AggregatingTransform: Aggregating
2026.03.18 22:25:08.215573 [ 302 ] {031e1074-ed42-4e05-9688-6a6e93eb182c} <Trace> Aggregator: Aggregation method: serialized
2026.03.18 22:25:08.215651 [ 306 ] {031e1074-ed42-4e05-9688-6a6e93eb182c} <Trace> AggregatingTransform: Aggregated. 104 to 9 rows (from 10.82 KiB) in 0.01096557 sec. (9484.231 rows/sec., 986.75 KiB/sec.)
2026.03.18 22:25:08.215665 [ 306 ] {031e1074-ed42-4e05-9688-6a6e93eb182c} <Trace> AggregatingTransform: Aggregated. 0 to 0 rows (from 0.00 B) in 0.010971511 sec. (0.000 rows/sec., 0.00 B/sec.)
2026.03.18 22:25:08.215666 [ 302 ] {031e1074-ed42-4e05-9688-6a6e93eb182c} <Trace> AggregatingTransform: Aggregated. 60 to 6 rows (from 6.57 KiB) in 0.010975058 sec. (5466.941 rows/sec., 598.84 KiB/sec.)
2026.03.18 22:25:08.215669 [ 297 ] {031e1074-ed42-4e05-9688-6a6e93eb182c} <Trace> AggregatingTransform: Aggregated. 139 to 15 rows (from 14.84 KiB) in 0.010990577 sec. (12647.198 rows/sec., 1.32 MiB/sec.)
2026.03.18 22:25:08.215796 [ 297 ] {031e1074-ed42-4e05-9688-6a6e93eb182c} <Trace> Aggregator: Merging aggregated data
2026.03.18 22:25:08.215803 [ 297 ] {031e1074-ed42-4e05-9688-6a6e93eb182c} <Trace> Aggregator: Statistics updated for key=10903878320770153668: new sum_of_sizes=30, median_size=9
2026.03.18 22:25:08.218071 [ 46 ] {8419b32a-58f8-4c4b-8344-2ceb23f115ac} <Debug> executeQuery: Read 189 rows, 5.32 KiB in 0.004945 sec., 38220.42467138524 rows/sec., 1.05 MiB/sec.
2026.03.18 22:25:08.218114 [ 46 ] {8419b32a-58f8-4c4b-8344-2ceb23f115ac} <Debug> TCPHandler: Processed in 0.005259285 sec.
2026.03.18 22:25:08.218828 [ 45 ] {031e1074-ed42-4e05-9688-6a6e93eb182c} <Debug> executeQuery: Read 1030 rows, 30.89 KiB in 0.026851 sec., 38359.83762243492 rows/sec., 1.12 MiB/sec.
2026.03.18 22:25:08.219051 [ 45 ] {031e1074-ed42-4e05-9688-6a6e93eb182c} <Trace> HashJoin: (0x764b04e2b518) Join data is being destroyed, 69888 bytes and 100 rows in hash table
2026.03.18 22:25:08.219117 [ 45 ] {031e1074-ed42-4e05-9688-6a6e93eb182c} <Debug> MemoryTracker: Peak memory usage (for query): 914.87 KiB.
2026.03.18 22:25:08.219121 [ 45 ] {031e1074-ed42-4e05-9688-6a6e93eb182c} <Debug> TCPHandler: Processed in 0.027389191 sec.
2026.03.18 22:25:19.967629 [ 44 ] {} <Trace> TCP-Session: 8fc074fa-5538-41aa-8316-8045d171ab08 Creating query context from session context, user_id: 94309d50-4f52-5250-31bd-74fecac179db, parent context user: default
2026.03.18 22:25:19.967779 [ 44 ] {e30760d1-eca2-44ca-aa97-03bad30ff772} <Debug> executeQuery: (from 172.18.0.6:57708, initial_query_id: 5a88ebbb-9744-4970-a96f-09030e0adf88) SELECT `teacher_id`, `full_name` FROM `test`.`teachers_local` (stage: Complete)
2026.03.18 22:25:19.967976 [ 44 ] {e30760d1-eca2-44ca-aa97-03bad30ff772} <Trace> ContextAccess (default): Access granted: SELECT(teacher_id, full_name) ON test.teachers_local
2026.03.18 22:25:19.968006 [ 44 ] {e30760d1-eca2-44ca-aa97-03bad30ff772} <Trace> InterpreterSelectQuery: FetchColumns -> Complete
2026.03.18 22:25:19.968078 [ 44 ] {e30760d1-eca2-44ca-aa97-03bad30ff772} <Debug> test.teachers_local (e100a84f-1a8b-456d-baae-1ca19e5e5ecb) (SelectExecutor): Key condition: unknown
2026.03.18 22:25:19.968097 [ 44 ] {e30760d1-eca2-44ca-aa97-03bad30ff772} <Debug> test.teachers_local (e100a84f-1a8b-456d-baae-1ca19e5e5ecb) (SelectExecutor): MinMax index condition: unknown
2026.03.18 22:25:19.968131 [ 45 ] {} <Trace> TCP-Session: b2406912-b07d-45fb-940b-fca8aff1d37b Creating query context from session context, user_id: 94309d50-4f52-5250-31bd-74fecac179db, parent context user: default
2026.03.18 22:25:19.968429 [ 45 ] {7dff4618-5614-49de-81dc-701957d614a8} <Debug> executeQuery: (from 172.18.0.6:55674, initial_query_id: 5a88ebbb-9744-4970-a96f-09030e0adf88) SELECT `day_of_week`, `pair_number`, `course_code`, `t`.`full_name` AS `teacher`, `classroom`, `week_type` FROM `test`.`schedule_local` AS `s` ALL LEFT JOIN `test`.`teachers` AS `t` ON `s`.`teacher_id` = `t`.`teacher_id` WHERE `group_code` = 'FIT-21-1' ORDER BY `day_of_week` ASC, `pair_number` ASC (stage: WithMergeableStateAfterAggregationAndLimit)
2026.03.18 22:25:19.969068 [ 45 ] {7dff4618-5614-49de-81dc-701957d614a8} <Trace> ContextAccess (default): Access granted: SELECT(teacher_id, full_name) ON test.teachers
2026.03.18 22:25:19.969129 [ 45 ] {7dff4618-5614-49de-81dc-701957d614a8} <Trace> ContextAccess (default): Access granted: SELECT(teacher_id, full_name) ON test.teachers
2026.03.18 22:25:19.969214 [ 45 ] {7dff4618-5614-49de-81dc-701957d614a8} <Trace> ContextAccess (default): Access granted: SELECT(teacher_id, full_name) ON test.teachers_local
2026.03.18 22:25:19.969231 [ 45 ] {7dff4618-5614-49de-81dc-701957d614a8} <Trace> InterpreterSelectQuery: FetchColumns -> Complete
2026.03.18 22:25:19.969260 [ 45 ] {7dff4618-5614-49de-81dc-701957d614a8} <Trace> InterpreterSelectQuery: Complete -> Complete
2026.03.18 22:25:19.969289 [ 45 ] {7dff4618-5614-49de-81dc-701957d614a8} <Debug> HashJoin: (0x764b0283ba18) Datatype: EMPTY, kind: Left, strictness: All, right header: t.teacher_id String String(size = 0), full_name String String(size = 0)
2026.03.18 22:25:19.969305 [ 45 ] {7dff4618-5614-49de-81dc-701957d614a8} <Debug> HashJoin: (0x764b0283ba18) Keys: [(teacher_id) = (t.teacher_id)]
2026.03.18 22:25:19.969386 [ 45 ] {7dff4618-5614-49de-81dc-701957d614a8} <Trace> ContextAccess (default): Access granted: SELECT(group_code, course_code, teacher_id, day_of_week, pair_number, week_type, classroom) ON test.schedule_local
2026.03.18 22:25:19.969407 [ 45 ] {7dff4618-5614-49de-81dc-701957d614a8} <Trace> InterpreterSelectQuery: FetchColumns -> WithMergeableStateAfterAggregationAndLimit
2026.03.18 22:25:19.969426 [ 45 ] {7dff4618-5614-49de-81dc-701957d614a8} <Debug> JoiningTransform: Before join block: 'group_code String String(size = 0), course_code String String(size = 0), teacher_id String String(size = 0), day_of_week UInt8 UInt8(size = 0), pair_number UInt8 UInt8(size = 0), week_type String String(size = 0), classroom String String(size = 0)'
2026.03.18 22:25:19.969438 [ 45 ] {7dff4618-5614-49de-81dc-701957d614a8} <Debug> JoiningTransform: After join block: 'group_code String String(size = 0), course_code String String(size = 0), teacher_id String String(size = 0), day_of_week UInt8 UInt8(size = 0), pair_number UInt8 UInt8(size = 0), week_type String String(size = 0), classroom String String(size = 0), full_name String String(size = 0)'
2026.03.18 22:25:19.969502 [ 44 ] {e30760d1-eca2-44ca-aa97-03bad30ff772} <Debug> test.teachers_local (e100a84f-1a8b-456d-baae-1ca19e5e5ecb) (SelectExecutor): Selected 9/9 parts by partition key, 9 parts by primary key, 9/9 marks by primary key, 9 marks to read from 9 ranges
2026.03.18 22:25:19.969515 [ 44 ] {e30760d1-eca2-44ca-aa97-03bad30ff772} <Trace> test.teachers_local (e100a84f-1a8b-456d-baae-1ca19e5e5ecb) (SelectExecutor): Spreading mark ranges among streams (default reading)
2026.03.18 22:25:19.969521 [ 45 ] {7dff4618-5614-49de-81dc-701957d614a8} <Debug> JoiningTransform: Before join block: 'group_code String String(size = 0), course_code String String(size = 0), teacher_id String String(size = 0), day_of_week UInt8 UInt8(size = 0), pair_number UInt8 UInt8(size = 0), week_type String String(size = 0), classroom String String(size = 0)'
2026.03.18 22:25:19.969530 [ 45 ] {7dff4618-5614-49de-81dc-701957d614a8} <Debug> JoiningTransform: After join block: 'group_code String String(size = 0), course_code String String(size = 0), teacher_id String String(size = 0), day_of_week UInt8 UInt8(size = 0), pair_number UInt8 UInt8(size = 0), week_type String String(size = 0), classroom String String(size = 0), full_name String String(size = 0)'
2026.03.18 22:25:19.969541 [ 45 ] {7dff4618-5614-49de-81dc-701957d614a8} <Debug> QueryPlanOptimizations: Pushed down filter equals(group_code, 'FIT-21-1') to the Left side of join
2026.03.18 22:25:19.969689 [ 44 ] {e30760d1-eca2-44ca-aa97-03bad30ff772} <Debug> MergeTreeReadPool: min_marks_for_concurrent_read=24
2026.03.18 22:25:19.969702 [ 44 ] {e30760d1-eca2-44ca-aa97-03bad30ff772} <Debug> test.teachers_local (e100a84f-1a8b-456d-baae-1ca19e5e5ecb) (SelectExecutor): Reading approx. 30 rows with 4 streams
2026.03.18 22:25:19.969753 [ 45 ] {7dff4618-5614-49de-81dc-701957d614a8} <Debug> test.schedule_local (c5a236a4-b19d-49e9-bdcd-89504d35b521) (SelectExecutor): Key condition: (column 0 in ['FIT-21-1', 'FIT-21-1'])
2026.03.18 22:25:19.969767 [ 45 ] {7dff4618-5614-49de-81dc-701957d614a8} <Debug> test.schedule_local (c5a236a4-b19d-49e9-bdcd-89504d35b521) (SelectExecutor): MinMax index condition: unknown
2026.03.18 22:25:19.970302 [ 305 ] {7dff4618-5614-49de-81dc-701957d614a8} <Trace> test.schedule_local (c5a236a4-b19d-49e9-bdcd-89504d35b521) (SelectExecutor): Running binary search on index range for part 1_3_3_0 (2 marks)
2026.03.18 22:25:19.970316 [ 305 ] {7dff4618-5614-49de-81dc-701957d614a8} <Trace> test.schedule_local (c5a236a4-b19d-49e9-bdcd-89504d35b521) (SelectExecutor): Found (LEFT) boundary mark: 1
2026.03.18 22:25:19.970320 [ 305 ] {7dff4618-5614-49de-81dc-701957d614a8} <Trace> test.schedule_local (c5a236a4-b19d-49e9-bdcd-89504d35b521) (SelectExecutor): Found (RIGHT) boundary mark: 2
2026.03.18 22:25:19.970329 [ 305 ] {7dff4618-5614-49de-81dc-701957d614a8} <Trace> test.schedule_local (c5a236a4-b19d-49e9-bdcd-89504d35b521) (SelectExecutor): Found empty range in 1 steps
2026.03.18 22:25:19.970350 [ 305 ] {7dff4618-5614-49de-81dc-701957d614a8} <Trace> test.schedule_local (c5a236a4-b19d-49e9-bdcd-89504d35b521) (SelectExecutor): Running binary search on index range for part 5_2_2_0 (2 marks)
2026.03.18 22:25:19.970353 [ 304 ] {7dff4618-5614-49de-81dc-701957d614a8} <Trace> test.schedule_local (c5a236a4-b19d-49e9-bdcd-89504d35b521) (SelectExecutor): Running binary search on index range for part 2_6_6_0 (2 marks)
2026.03.18 22:25:19.970368 [ 304 ] {7dff4618-5614-49de-81dc-701957d614a8} <Trace> test.schedule_local (c5a236a4-b19d-49e9-bdcd-89504d35b521) (SelectExecutor): Found (LEFT) boundary mark: 1
2026.03.18 22:25:19.970371 [ 304 ] {7dff4618-5614-49de-81dc-701957d614a8} <Trace> test.schedule_local (c5a236a4-b19d-49e9-bdcd-89504d35b521) (SelectExecutor): Found (RIGHT) boundary mark: 2
2026.03.18 22:25:19.970375 [ 304 ] {7dff4618-5614-49de-81dc-701957d614a8} <Trace> test.schedule_local (c5a236a4-b19d-49e9-bdcd-89504d35b521) (SelectExecutor): Found empty range in 1 steps
2026.03.18 22:25:19.970398 [ 301 ] {7dff4618-5614-49de-81dc-701957d614a8} <Trace> test.schedule_local (c5a236a4-b19d-49e9-bdcd-89504d35b521) (SelectExecutor): Running binary search on index range for part 4_4_4_0 (2 marks)
2026.03.18 22:25:19.970405 [ 301 ] {7dff4618-5614-49de-81dc-701957d614a8} <Trace> test.schedule_local (c5a236a4-b19d-49e9-bdcd-89504d35b521) (SelectExecutor): Found (LEFT) boundary mark: 1
2026.03.18 22:25:19.970408 [ 301 ] {7dff4618-5614-49de-81dc-701957d614a8} <Trace> test.schedule_local (c5a236a4-b19d-49e9-bdcd-89504d35b521) (SelectExecutor): Found (RIGHT) boundary mark: 2
2026.03.18 22:25:19.970411 [ 301 ] {7dff4618-5614-49de-81dc-701957d614a8} <Trace> test.schedule_local (c5a236a4-b19d-49e9-bdcd-89504d35b521) (SelectExecutor): Found empty range in 1 steps
2026.03.18 22:25:19.970355 [ 305 ] {7dff4618-5614-49de-81dc-701957d614a8} <Trace> test.schedule_local (c5a236a4-b19d-49e9-bdcd-89504d35b521) (SelectExecutor): Found (LEFT) boundary mark: 1
2026.03.18 22:25:19.970430 [ 305 ] {7dff4618-5614-49de-81dc-701957d614a8} <Trace> test.schedule_local (c5a236a4-b19d-49e9-bdcd-89504d35b521) (SelectExecutor): Found (RIGHT) boundary mark: 2
2026.03.18 22:25:19.970433 [ 305 ] {7dff4618-5614-49de-81dc-701957d614a8} <Trace> test.schedule_local (c5a236a4-b19d-49e9-bdcd-89504d35b521) (SelectExecutor): Found empty range in 1 steps
2026.03.18 22:25:19.970523 [ 301 ] {7dff4618-5614-49de-81dc-701957d614a8} <Trace> test.schedule_local (c5a236a4-b19d-49e9-bdcd-89504d35b521) (SelectExecutor): Running binary search on index range for part 6_5_5_0 (2 marks)
2026.03.18 22:25:19.970531 [ 301 ] {7dff4618-5614-49de-81dc-701957d614a8} <Trace> test.schedule_local (c5a236a4-b19d-49e9-bdcd-89504d35b521) (SelectExecutor): Found (LEFT) boundary mark: 1
2026.03.18 22:25:19.970535 [ 301 ] {7dff4618-5614-49de-81dc-701957d614a8} <Trace> test.schedule_local (c5a236a4-b19d-49e9-bdcd-89504d35b521) (SelectExecutor): Found (RIGHT) boundary mark: 2
2026.03.18 22:25:19.970540 [ 301 ] {7dff4618-5614-49de-81dc-701957d614a8} <Trace> test.schedule_local (c5a236a4-b19d-49e9-bdcd-89504d35b521) (SelectExecutor): Found empty range in 1 steps
2026.03.18 22:25:19.970625 [ 297 ] {7dff4618-5614-49de-81dc-701957d614a8} <Trace> test.schedule_local (c5a236a4-b19d-49e9-bdcd-89504d35b521) (SelectExecutor): Running binary search on index range for part 8_1_1_0 (2 marks)
2026.03.18 22:25:19.970638 [ 297 ] {7dff4618-5614-49de-81dc-701957d614a8} <Trace> test.schedule_local (c5a236a4-b19d-49e9-bdcd-89504d35b521) (SelectExecutor): Found (LEFT) boundary mark: 1
2026.03.18 22:25:19.970641 [ 297 ] {7dff4618-5614-49de-81dc-701957d614a8} <Trace> test.schedule_local (c5a236a4-b19d-49e9-bdcd-89504d35b521) (SelectExecutor): Found (RIGHT) boundary mark: 2
2026.03.18 22:25:19.970649 [ 297 ] {7dff4618-5614-49de-81dc-701957d614a8} <Trace> test.schedule_local (c5a236a4-b19d-49e9-bdcd-89504d35b521) (SelectExecutor): Found empty range in 1 steps
2026.03.18 22:25:19.971106 [ 45 ] {7dff4618-5614-49de-81dc-701957d614a8} <Debug> test.schedule_local (c5a236a4-b19d-49e9-bdcd-89504d35b521) (SelectExecutor): Selected 6/6 parts by partition key, 0 parts by primary key, 0/6 marks by primary key, 0 marks to read from 0 ranges
2026.03.18 22:25:19.971368 [ 45 ] {7dff4618-5614-49de-81dc-701957d614a8} <Debug> test.teachers_local (e100a84f-1a8b-456d-baae-1ca19e5e5ecb) (SelectExecutor): Key condition: unknown
2026.03.18 22:25:19.971380 [ 45 ] {7dff4618-5614-49de-81dc-701957d614a8} <Debug> test.teachers_local (e100a84f-1a8b-456d-baae-1ca19e5e5ecb) (SelectExecutor): MinMax index condition: unknown
2026.03.18 22:25:19.973746 [ 45 ] {7dff4618-5614-49de-81dc-701957d614a8} <Debug> test.teachers_local (e100a84f-1a8b-456d-baae-1ca19e5e5ecb) (SelectExecutor): Selected 9/9 parts by partition key, 9 parts by primary key, 9/9 marks by primary key, 9 marks to read from 9 ranges
2026.03.18 22:25:19.973762 [ 45 ] {7dff4618-5614-49de-81dc-701957d614a8} <Trace> test.teachers_local (e100a84f-1a8b-456d-baae-1ca19e5e5ecb) (SelectExecutor): Spreading mark ranges among streams (default reading)
2026.03.18 22:25:19.973813 [ 45 ] {7dff4618-5614-49de-81dc-701957d614a8} <Debug> MergeTreeReadPool: min_marks_for_concurrent_read=24
2026.03.18 22:25:19.973820 [ 45 ] {7dff4618-5614-49de-81dc-701957d614a8} <Debug> test.teachers_local (e100a84f-1a8b-456d-baae-1ca19e5e5ecb) (SelectExecutor): Reading approx. 30 rows with 4 streams
2026.03.18 22:25:19.973890 [ 45 ] {7dff4618-5614-49de-81dc-701957d614a8} <Debug> JoiningTransform: Before join block: 'group_code String String(size = 0), course_code String String(size = 0), teacher_id String String(size = 0), day_of_week UInt8 UInt8(size = 0), pair_number UInt8 UInt8(size = 0), week_type String String(size = 0), classroom String String(size = 0)'
2026.03.18 22:25:19.973901 [ 45 ] {7dff4618-5614-49de-81dc-701957d614a8} <Debug> JoiningTransform: After join block: 'group_code String String(size = 0), course_code String String(size = 0), teacher_id String String(size = 0), day_of_week UInt8 UInt8(size = 0), pair_number UInt8 UInt8(size = 0), week_type String String(size = 0), classroom String String(size = 0), full_name String String(size = 0)'
2026.03.18 22:25:19.974510 [ 44 ] {e30760d1-eca2-44ca-aa97-03bad30ff772} <Debug> executeQuery: Read 30 rows, 2.06 KiB in 0.006775 sec., 4428.044280442805 rows/sec., 304.43 KiB/sec.
2026.03.18 22:25:19.974555 [ 44 ] {e30760d1-eca2-44ca-aa97-03bad30ff772} <Debug> TCPHandler: Processed in 0.006990414 sec.
2026.03.18 22:25:19.976221 [ 306 ] {7dff4618-5614-49de-81dc-701957d614a8} <Debug> Connection (clickhouse-node1:9000): Sent data for 2 scalars, total 2 rows in 4.5956e-05 sec., 43274 rows/sec., 68.00 B (1.40 MiB/sec.), compressed 0.4594594594594595 times to 148.00 B (3.05 MiB/sec.)
2026.03.18 22:25:19.976399 [ 46 ] {} <Trace> TCP-Session: 65783e75-eca7-4fbd-9be1-cd69a0396d9e Creating query context from session context, user_id: 94309d50-4f52-5250-31bd-74fecac179db, parent context user: default
2026.03.18 22:25:19.976492 [ 46 ] {6cc80794-0065-4d2d-9155-61a529bdd8fb} <Debug> executeQuery: (from 172.18.0.5:41594, initial_query_id: 5a88ebbb-9744-4970-a96f-09030e0adf88) SELECT `teacher_id`, `full_name` FROM `test`.`teachers_local` (stage: Complete)
2026.03.18 22:25:19.976582 [ 46 ] {6cc80794-0065-4d2d-9155-61a529bdd8fb} <Trace> ContextAccess (default): Access granted: SELECT(teacher_id, full_name) ON test.teachers_local
2026.03.18 22:25:19.976599 [ 46 ] {6cc80794-0065-4d2d-9155-61a529bdd8fb} <Trace> InterpreterSelectQuery: FetchColumns -> Complete
2026.03.18 22:25:19.976637 [ 46 ] {6cc80794-0065-4d2d-9155-61a529bdd8fb} <Debug> test.teachers_local (e100a84f-1a8b-456d-baae-1ca19e5e5ecb) (SelectExecutor): Key condition: unknown
2026.03.18 22:25:19.976647 [ 46 ] {6cc80794-0065-4d2d-9155-61a529bdd8fb} <Debug> test.teachers_local (e100a84f-1a8b-456d-baae-1ca19e5e5ecb) (SelectExecutor): MinMax index condition: unknown
2026.03.18 22:25:19.977367 [ 306 ] {7dff4618-5614-49de-81dc-701957d614a8} <Debug> Connection (clickhouse-node3:9000): Sent data for 2 scalars, total 2 rows in 0.000303336 sec., 6584 rows/sec., 68.00 B (218.57 KiB/sec.), compressed 0.4594594594594595 times to 148.00 B (475.69 KiB/sec.)
2026.03.18 22:25:19.978342 [ 46 ] {6cc80794-0065-4d2d-9155-61a529bdd8fb} <Debug> test.teachers_local (e100a84f-1a8b-456d-baae-1ca19e5e5ecb) (SelectExecutor): Selected 9/9 parts by partition key, 9 parts by primary key, 9/9 marks by primary key, 9 marks to read from 9 ranges
2026.03.18 22:25:19.978358 [ 46 ] {6cc80794-0065-4d2d-9155-61a529bdd8fb} <Trace> test.teachers_local (e100a84f-1a8b-456d-baae-1ca19e5e5ecb) (SelectExecutor): Spreading mark ranges among streams (default reading)
2026.03.18 22:25:19.978401 [ 46 ] {6cc80794-0065-4d2d-9155-61a529bdd8fb} <Debug> MergeTreeReadPool: min_marks_for_concurrent_read=24
2026.03.18 22:25:19.978409 [ 46 ] {6cc80794-0065-4d2d-9155-61a529bdd8fb} <Debug> test.teachers_local (e100a84f-1a8b-456d-baae-1ca19e5e5ecb) (SelectExecutor): Reading approx. 30 rows with 4 streams
2026.03.18 22:25:19.980694 [ 46 ] {6cc80794-0065-4d2d-9155-61a529bdd8fb} <Debug> executeQuery: Read 30 rows, 2.06 KiB in 0.00422 sec., 7109.004739336493 rows/sec., 488.74 KiB/sec.
2026.03.18 22:25:19.980866 [ 46 ] {6cc80794-0065-4d2d-9155-61a529bdd8fb} <Debug> TCPHandler: Processed in 0.004511737 sec.
2026.03.18 22:25:19.986853 [ 45 ] {7dff4618-5614-49de-81dc-701957d614a8} <Debug> executeQuery: Read 100 rows, 6.86 KiB in 0.01848 sec., 5411.255411255412 rows/sec., 371.07 KiB/sec.
2026.03.18 22:25:19.987058 [ 45 ] {7dff4618-5614-49de-81dc-701957d614a8} <Trace> HashJoin: (0x764b0283ba18) Join data is being destroyed, 36096 bytes and 100 rows in hash table
2026.03.18 22:25:19.987102 [ 45 ] {7dff4618-5614-49de-81dc-701957d614a8} <Debug> MemoryTracker: Peak memory usage (for query): 1.33 MiB.
2026.03.18 22:25:19.987106 [ 45 ] {7dff4618-5614-49de-81dc-701957d614a8} <Debug> TCPHandler: Processed in 0.019032424 sec.
2026.03.18 22:25:20.726718 [ 92 ] {} <Debug> DNSResolver: Updating DNS cache
2026.03.18 22:25:20.728185 [ 92 ] {} <Debug> DNSResolver: Updated DNS cache
2026.03.18 22:25:30.583576 [ 44 ] {} <Trace> TCP-Session: 8fc074fa-5538-41aa-8316-8045d171ab08 Creating query context from session context, user_id: 94309d50-4f52-5250-31bd-74fecac179db, parent context user: default
2026.03.18 22:25:30.583881 [ 44 ] {6bd5b0aa-c37c-4ef1-9a41-4d32f892efc5} <Debug> executeQuery: (from 172.18.0.6:57708, initial_query_id: 4ce89228-d631-4112-b124-172da289bbce) SELECT `s`.`group_code`, `s`.`course_code`, `s`.`day_of_week`, `s`.`pair_number`, `s`.`classroom`, `s`.`week_type` FROM `test`.`schedule_local` AS `s` WHERE `teacher_id` = 'TCH001' ORDER BY `day_of_week` ASC, `pair_number` ASC (stage: WithMergeableStateAfterAggregationAndLimit)
2026.03.18 22:25:30.584091 [ 44 ] {6bd5b0aa-c37c-4ef1-9a41-4d32f892efc5} <Trace> InterpreterSelectQuery: The min valid primary key position for moving to the tail of PREWHERE is -1
2026.03.18 22:25:30.584101 [ 44 ] {6bd5b0aa-c37c-4ef1-9a41-4d32f892efc5} <Debug> InterpreterSelectQuery: MergeTreeWhereOptimizer: condition "teacher_id = 'TCH001'" moved to PREWHERE
2026.03.18 22:25:30.584272 [ 44 ] {6bd5b0aa-c37c-4ef1-9a41-4d32f892efc5} <Trace> ContextAccess (default): Access granted: SELECT(group_code, course_code, teacher_id, day_of_week, pair_number, week_type, classroom) ON test.schedule_local
2026.03.18 22:25:30.584310 [ 44 ] {6bd5b0aa-c37c-4ef1-9a41-4d32f892efc5} <Trace> InterpreterSelectQuery: FetchColumns -> WithMergeableStateAfterAggregationAndLimit
2026.03.18 22:25:30.584401 [ 44 ] {6bd5b0aa-c37c-4ef1-9a41-4d32f892efc5} <Debug> test.schedule_local (c5a236a4-b19d-49e9-bdcd-89504d35b521) (SelectExecutor): Key condition: unknown
2026.03.18 22:25:30.584412 [ 44 ] {6bd5b0aa-c37c-4ef1-9a41-4d32f892efc5} <Debug> test.schedule_local (c5a236a4-b19d-49e9-bdcd-89504d35b521) (SelectExecutor): MinMax index condition: unknown
2026.03.18 22:25:30.585687 [ 44 ] {6bd5b0aa-c37c-4ef1-9a41-4d32f892efc5} <Debug> test.schedule_local (c5a236a4-b19d-49e9-bdcd-89504d35b521) (SelectExecutor): Selected 6/6 parts by partition key, 6 parts by primary key, 6/6 marks by primary key, 6 marks to read from 6 ranges
2026.03.18 22:25:30.585706 [ 44 ] {6bd5b0aa-c37c-4ef1-9a41-4d32f892efc5} <Trace> test.schedule_local (c5a236a4-b19d-49e9-bdcd-89504d35b521) (SelectExecutor): Spreading mark ranges among streams (default reading)
2026.03.18 22:25:30.585862 [ 44 ] {6bd5b0aa-c37c-4ef1-9a41-4d32f892efc5} <Debug> MergeTreeReadPool: min_marks_for_concurrent_read=24
2026.03.18 22:25:30.585874 [ 44 ] {6bd5b0aa-c37c-4ef1-9a41-4d32f892efc5} <Debug> test.schedule_local (c5a236a4-b19d-49e9-bdcd-89504d35b521) (SelectExecutor): Reading approx. 189 rows with 4 streams
2026.03.18 22:25:30.585889 [ 44 ] {6bd5b0aa-c37c-4ef1-9a41-4d32f892efc5} <Trace> MergeTreeBaseSelectProcessor: PREWHERE condition was split into 1 steps: "equals(teacher_id, 'TCH001')"
2026.03.18 22:25:30.585903 [ 44 ] {6bd5b0aa-c37c-4ef1-9a41-4d32f892efc5} <Trace> MergeTreeBaseSelectProcessor: PREWHERE condition was split into 1 steps: "equals(teacher_id, 'TCH001')"
2026.03.18 22:25:30.585917 [ 44 ] {6bd5b0aa-c37c-4ef1-9a41-4d32f892efc5} <Trace> MergeTreeBaseSelectProcessor: PREWHERE condition was split into 1 steps: "equals(teacher_id, 'TCH001')"
2026.03.18 22:25:30.585929 [ 44 ] {6bd5b0aa-c37c-4ef1-9a41-4d32f892efc5} <Trace> MergeTreeBaseSelectProcessor: PREWHERE condition was split into 1 steps: "equals(teacher_id, 'TCH001')"
2026.03.18 22:25:30.586528 [ 304 ] {6bd5b0aa-c37c-4ef1-9a41-4d32f892efc5} <Debug> MergingSortedTransform: Merge sorted 1 blocks, 0 rows in 0 sec.
2026.03.18 22:25:30.588323 [ 44 ] {6bd5b0aa-c37c-4ef1-9a41-4d32f892efc5} <Debug> executeQuery: Read 189 rows, 2.57 KiB in 0.004499 sec., 42009.33540786841 rows/sec., 571.09 KiB/sec.
2026.03.18 22:25:30.588400 [ 44 ] {6bd5b0aa-c37c-4ef1-9a41-4d32f892efc5} <Debug> TCPHandler: Processed in 0.00488624 sec.
2026.03.18 22:25:32.002597 [ 290 ] {} <Trace> AsynchronousMetrics: Update heavy metrics. Update period 1 sec. Update heavy metrics period 120 sec. Heavy metrics calculation elapsed: 0.000201175 sec.
2026.03.18 22:25:35.786042 [ 91 ] {} <Debug> DNSResolver: Updating DNS cache
2026.03.18 22:25:35.787128 [ 91 ] {} <Debug> DNSResolver: Updated DNS cache
2026.03.18 22:25:41.624396 [ 44 ] {} <Trace> TCP-Session: 8fc074fa-5538-41aa-8316-8045d171ab08 Creating query context from session context, user_id: 94309d50-4f52-5250-31bd-74fecac179db, parent context user: default
2026.03.18 22:25:41.624581 [ 44 ] {639b4944-c83e-40c7-a729-3a97c784cfe8} <Debug> executeQuery: (from 172.18.0.6:57708, initial_query_id: 18e8a9af-20cb-4d61-9733-d0675b7cccb3) SELECT `s`.`group_code`, `s`.`course_code`, `s`.`day_of_week`, `s`.`pair_number`, `s`.`classroom`, `s`.`week_type` FROM `test`.`schedule_local` AS `s` WHERE `teacher_id` = 'TCH001' ORDER BY `day_of_week` ASC, `pair_number` ASC (stage: WithMergeableStateAfterAggregationAndLimit)
2026.03.18 22:25:41.624784 [ 44 ] {639b4944-c83e-40c7-a729-3a97c784cfe8} <Trace> InterpreterSelectQuery: The min valid primary key position for moving to the tail of PREWHERE is -1
2026.03.18 22:25:41.624797 [ 44 ] {639b4944-c83e-40c7-a729-3a97c784cfe8} <Debug> InterpreterSelectQuery: MergeTreeWhereOptimizer: condition "teacher_id = 'TCH001'" moved to PREWHERE
2026.03.18 22:25:41.624877 [ 44 ] {639b4944-c83e-40c7-a729-3a97c784cfe8} <Trace> ContextAccess (default): Access granted: SELECT(group_code, course_code, teacher_id, day_of_week, pair_number, week_type, classroom) ON test.schedule_local
2026.03.18 22:25:41.624908 [ 44 ] {639b4944-c83e-40c7-a729-3a97c784cfe8} <Trace> InterpreterSelectQuery: FetchColumns -> WithMergeableStateAfterAggregationAndLimit
2026.03.18 22:25:41.625033 [ 44 ] {639b4944-c83e-40c7-a729-3a97c784cfe8} <Debug> test.schedule_local (c5a236a4-b19d-49e9-bdcd-89504d35b521) (SelectExecutor): Key condition: unknown
2026.03.18 22:25:41.625047 [ 44 ] {639b4944-c83e-40c7-a729-3a97c784cfe8} <Debug> test.schedule_local (c5a236a4-b19d-49e9-bdcd-89504d35b521) (SelectExecutor): MinMax index condition: unknown
2026.03.18 22:25:41.625758 [ 44 ] {639b4944-c83e-40c7-a729-3a97c784cfe8} <Debug> test.schedule_local (c5a236a4-b19d-49e9-bdcd-89504d35b521) (SelectExecutor): Selected 6/6 parts by partition key, 6 parts by primary key, 6/6 marks by primary key, 6 marks to read from 6 ranges
2026.03.18 22:25:41.625773 [ 44 ] {639b4944-c83e-40c7-a729-3a97c784cfe8} <Trace> test.schedule_local (c5a236a4-b19d-49e9-bdcd-89504d35b521) (SelectExecutor): Spreading mark ranges among streams (default reading)
2026.03.18 22:25:41.625849 [ 44 ] {639b4944-c83e-40c7-a729-3a97c784cfe8} <Debug> MergeTreeReadPool: min_marks_for_concurrent_read=24
2026.03.18 22:25:41.625857 [ 44 ] {639b4944-c83e-40c7-a729-3a97c784cfe8} <Debug> test.schedule_local (c5a236a4-b19d-49e9-bdcd-89504d35b521) (SelectExecutor): Reading approx. 189 rows with 4 streams
2026.03.18 22:25:41.625872 [ 44 ] {639b4944-c83e-40c7-a729-3a97c784cfe8} <Trace> MergeTreeBaseSelectProcessor: PREWHERE condition was split into 1 steps: "equals(teacher_id, 'TCH001')"
2026.03.18 22:25:41.625887 [ 44 ] {639b4944-c83e-40c7-a729-3a97c784cfe8} <Trace> MergeTreeBaseSelectProcessor: PREWHERE condition was split into 1 steps: "equals(teacher_id, 'TCH001')"
2026.03.18 22:25:41.625899 [ 44 ] {639b4944-c83e-40c7-a729-3a97c784cfe8} <Trace> MergeTreeBaseSelectProcessor: PREWHERE condition was split into 1 steps: "equals(teacher_id, 'TCH001')"
2026.03.18 22:25:41.625910 [ 44 ] {639b4944-c83e-40c7-a729-3a97c784cfe8} <Trace> MergeTreeBaseSelectProcessor: PREWHERE condition was split into 1 steps: "equals(teacher_id, 'TCH001')"
2026.03.18 22:25:41.625984 [ 44 ] {639b4944-c83e-40c7-a729-3a97c784cfe8} <Trace> SortDescription: Compile sort description UInt8 1 1UInt8 1 1
2026.03.18 22:25:41.633361 [ 303 ] {639b4944-c83e-40c7-a729-3a97c784cfe8} <Debug> MergingSortedTransform: Merge sorted 1 blocks, 0 rows in 0.005000014 sec., 0 rows/sec., 248.83 KiB/sec
2026.03.18 22:25:41.634480 [ 44 ] {639b4944-c83e-40c7-a729-3a97c784cfe8} <Debug> executeQuery: Read 189 rows, 2.57 KiB in 0.009983 sec., 18932.184714013823 rows/sec., 257.37 KiB/sec.
2026.03.18 22:25:41.634658 [ 44 ] {639b4944-c83e-40c7-a729-3a97c784cfe8} <Debug> TCPHandler: Processed in 0.010330467 sec.
2026.03.18 22:25:42.018105 [ 290 ] {} <Trace> AsynchronousMetrics: MemoryTracking: was 406.10 MiB, peak 411.43 MiB, free memory in arenas 4.37 MiB, will set to 408.91 MiB (RSS), difference: 2.82 MiB
2026.03.18 22:25:45.009691 [ 290 ] {} <Trace> AsynchronousMetrics: Scanning /sys/block
2026.03.18 22:25:50.788009 [ 95 ] {} <Debug> DNSResolver: Updating DNS cache
2026.03.18 22:25:50.789159 [ 95 ] {} <Debug> DNSResolver: Updated DNS cache
2026.03.18 22:25:53.732533 [ 44 ] {} <Trace> TCP-Session: 8fc074fa-5538-41aa-8316-8045d171ab08 Creating query context from session context, user_id: 94309d50-4f52-5250-31bd-74fecac179db, parent context user: default
2026.03.18 22:25:53.732707 [ 44 ] {7921f9b5-3502-41aa-9571-44f0d659122a} <Debug> executeQuery: (from 172.18.0.6:57708, initial_query_id: cf90ca78-c481-4a6d-ac4b-cc52e73c559e) SELECT `s`.`group_code`, `s`.`course_code`, `s`.`day_of_week`, `s`.`pair_number`, `s`.`classroom`, `s`.`week_type` FROM `test`.`schedule_local` AS `s` WHERE `teacher_id` = 'TCH002' ORDER BY `day_of_week` ASC, `pair_number` ASC (stage: WithMergeableStateAfterAggregationAndLimit)
2026.03.18 22:25:53.733119 [ 44 ] {7921f9b5-3502-41aa-9571-44f0d659122a} <Trace> InterpreterSelectQuery: The min valid primary key position for moving to the tail of PREWHERE is -1
2026.03.18 22:25:53.733134 [ 44 ] {7921f9b5-3502-41aa-9571-44f0d659122a} <Debug> InterpreterSelectQuery: MergeTreeWhereOptimizer: condition "teacher_id = 'TCH002'" moved to PREWHERE
2026.03.18 22:25:53.733221 [ 44 ] {7921f9b5-3502-41aa-9571-44f0d659122a} <Trace> ContextAccess (default): Access granted: SELECT(group_code, course_code, teacher_id, day_of_week, pair_number, week_type, classroom) ON test.schedule_local
2026.03.18 22:25:53.733255 [ 44 ] {7921f9b5-3502-41aa-9571-44f0d659122a} <Trace> InterpreterSelectQuery: FetchColumns -> WithMergeableStateAfterAggregationAndLimit
2026.03.18 22:25:53.733367 [ 44 ] {7921f9b5-3502-41aa-9571-44f0d659122a} <Debug> test.schedule_local (c5a236a4-b19d-49e9-bdcd-89504d35b521) (SelectExecutor): Key condition: unknown
2026.03.18 22:25:53.733380 [ 44 ] {7921f9b5-3502-41aa-9571-44f0d659122a} <Debug> test.schedule_local (c5a236a4-b19d-49e9-bdcd-89504d35b521) (SelectExecutor): MinMax index condition: unknown
2026.03.18 22:25:53.734242 [ 44 ] {7921f9b5-3502-41aa-9571-44f0d659122a} <Debug> test.schedule_local (c5a236a4-b19d-49e9-bdcd-89504d35b521) (SelectExecutor): Selected 6/6 parts by partition key, 6 parts by primary key, 6/6 marks by primary key, 6 marks to read from 6 ranges
2026.03.18 22:25:53.734259 [ 44 ] {7921f9b5-3502-41aa-9571-44f0d659122a} <Trace> test.schedule_local (c5a236a4-b19d-49e9-bdcd-89504d35b521) (SelectExecutor): Spreading mark ranges among streams (default reading)
2026.03.18 22:25:53.734363 [ 44 ] {7921f9b5-3502-41aa-9571-44f0d659122a} <Debug> MergeTreeReadPool: min_marks_for_concurrent_read=24
2026.03.18 22:25:53.734373 [ 44 ] {7921f9b5-3502-41aa-9571-44f0d659122a} <Debug> test.schedule_local (c5a236a4-b19d-49e9-bdcd-89504d35b521) (SelectExecutor): Reading approx. 189 rows with 4 streams
2026.03.18 22:25:53.734391 [ 44 ] {7921f9b5-3502-41aa-9571-44f0d659122a} <Trace> MergeTreeBaseSelectProcessor: PREWHERE condition was split into 1 steps: "equals(teacher_id, 'TCH002')"
2026.03.18 22:25:53.734412 [ 44 ] {7921f9b5-3502-41aa-9571-44f0d659122a} <Trace> MergeTreeBaseSelectProcessor: PREWHERE condition was split into 1 steps: "equals(teacher_id, 'TCH002')"
2026.03.18 22:25:53.734429 [ 44 ] {7921f9b5-3502-41aa-9571-44f0d659122a} <Trace> MergeTreeBaseSelectProcessor: PREWHERE condition was split into 1 steps: "equals(teacher_id, 'TCH002')"
2026.03.18 22:25:53.734443 [ 44 ] {7921f9b5-3502-41aa-9571-44f0d659122a} <Trace> MergeTreeBaseSelectProcessor: PREWHERE condition was split into 1 steps: "equals(teacher_id, 'TCH002')"
2026.03.18 22:25:53.735601 [ 297 ] {7921f9b5-3502-41aa-9571-44f0d659122a} <Debug> MergingSortedTransform: Merge sorted 1 blocks, 0 rows in 0.001000002 sec., 0 rows/sec., 1.21 MiB/sec
2026.03.18 22:25:53.737029 [ 44 ] {7921f9b5-3502-41aa-9571-44f0d659122a} <Debug> executeQuery: Read 189 rows, 2.57 KiB in 0.004389 sec., 43062.2009569378 rows/sec., 585.40 KiB/sec.
2026.03.18 22:25:53.737109 [ 44 ] {7921f9b5-3502-41aa-9571-44f0d659122a} <Debug> TCPHandler: Processed in 0.004644748 sec.
2026.03.18 22:26:05.754063 [ 44 ] {} <Trace> TCP-Session: 8fc074fa-5538-41aa-8316-8045d171ab08 Creating query context from session context, user_id: 94309d50-4f52-5250-31bd-74fecac179db, parent context user: default
2026.03.18 22:26:05.754339 [ 44 ] {f5f4d1b2-534d-49b8-ad54-045b3e1347a0} <Debug> executeQuery: (from 172.18.0.6:57708, initial_query_id: 4c7b12c4-bf13-4db0-9e52-55291377972e) SELECT `s`.`group_code`, `s`.`course_code`, `s`.`day_of_week`, `s`.`pair_number`, `s`.`classroom`, `s`.`week_type` FROM `test`.`schedule_local` AS `s` WHERE `teacher_id` = 'TCH001' ORDER BY `day_of_week` ASC, `pair_number` ASC (stage: WithMergeableStateAfterAggregationAndLimit)
2026.03.18 22:26:05.754738 [ 44 ] {f5f4d1b2-534d-49b8-ad54-045b3e1347a0} <Trace> InterpreterSelectQuery: The min valid primary key position for moving to the tail of PREWHERE is -1
2026.03.18 22:26:05.754750 [ 44 ] {f5f4d1b2-534d-49b8-ad54-045b3e1347a0} <Debug> InterpreterSelectQuery: MergeTreeWhereOptimizer: condition "teacher_id = 'TCH001'" moved to PREWHERE
2026.03.18 22:26:05.754835 [ 44 ] {f5f4d1b2-534d-49b8-ad54-045b3e1347a0} <Trace> ContextAccess (default): Access granted: SELECT(group_code, course_code, teacher_id, day_of_week, pair_number, week_type, classroom) ON test.schedule_local
2026.03.18 22:26:05.754863 [ 44 ] {f5f4d1b2-534d-49b8-ad54-045b3e1347a0} <Trace> InterpreterSelectQuery: FetchColumns -> WithMergeableStateAfterAggregationAndLimit
2026.03.18 22:26:05.754948 [ 44 ] {f5f4d1b2-534d-49b8-ad54-045b3e1347a0} <Debug> test.schedule_local (c5a236a4-b19d-49e9-bdcd-89504d35b521) (SelectExecutor): Key condition: unknown
2026.03.18 22:26:05.754960 [ 44 ] {f5f4d1b2-534d-49b8-ad54-045b3e1347a0} <Debug> test.schedule_local (c5a236a4-b19d-49e9-bdcd-89504d35b521) (SelectExecutor): MinMax index condition: unknown
2026.03.18 22:26:05.755605 [ 44 ] {f5f4d1b2-534d-49b8-ad54-045b3e1347a0} <Debug> test.schedule_local (c5a236a4-b19d-49e9-bdcd-89504d35b521) (SelectExecutor): Selected 6/6 parts by partition key, 6 parts by primary key, 6/6 marks by primary key, 6 marks to read from 6 ranges
2026.03.18 22:26:05.755621 [ 44 ] {f5f4d1b2-534d-49b8-ad54-045b3e1347a0} <Trace> test.schedule_local (c5a236a4-b19d-49e9-bdcd-89504d35b521) (SelectExecutor): Spreading mark ranges among streams (default reading)
2026.03.18 22:26:05.755826 [ 44 ] {f5f4d1b2-534d-49b8-ad54-045b3e1347a0} <Debug> MergeTreeReadPool: min_marks_for_concurrent_read=24
2026.03.18 22:26:05.755841 [ 44 ] {f5f4d1b2-534d-49b8-ad54-045b3e1347a0} <Debug> test.schedule_local (c5a236a4-b19d-49e9-bdcd-89504d35b521) (SelectExecutor): Reading approx. 189 rows with 4 streams
2026.03.18 22:26:05.755860 [ 44 ] {f5f4d1b2-534d-49b8-ad54-045b3e1347a0} <Trace> MergeTreeBaseSelectProcessor: PREWHERE condition was split into 1 steps: "equals(teacher_id, 'TCH001')"
2026.03.18 22:26:05.755881 [ 44 ] {f5f4d1b2-534d-49b8-ad54-045b3e1347a0} <Trace> MergeTreeBaseSelectProcessor: PREWHERE condition was split into 1 steps: "equals(teacher_id, 'TCH001')"
2026.03.18 22:26:05.755900 [ 44 ] {f5f4d1b2-534d-49b8-ad54-045b3e1347a0} <Trace> MergeTreeBaseSelectProcessor: PREWHERE condition was split into 1 steps: "equals(teacher_id, 'TCH001')"
2026.03.18 22:26:05.755916 [ 44 ] {f5f4d1b2-534d-49b8-ad54-045b3e1347a0} <Trace> MergeTreeBaseSelectProcessor: PREWHERE condition was split into 1 steps: "equals(teacher_id, 'TCH001')"
2026.03.18 22:26:05.757049 [ 306 ] {f5f4d1b2-534d-49b8-ad54-045b3e1347a0} <Debug> MergingSortedTransform: Merge sorted 1 blocks, 0 rows in 0.001000003 sec., 0 rows/sec., 1.21 MiB/sec
2026.03.18 22:26:05.758150 [ 44 ] {f5f4d1b2-534d-49b8-ad54-045b3e1347a0} <Debug> executeQuery: Read 189 rows, 2.57 KiB in 0.003874 sec., 48786.78368611255 rows/sec., 663.23 KiB/sec.
2026.03.18 22:26:05.758302 [ 44 ] {f5f4d1b2-534d-49b8-ad54-045b3e1347a0} <Debug> TCPHandler: Processed in 0.004331203 sec.
2026.03.18 22:26:05.790390 [ 101 ] {} <Debug> DNSResolver: Updating DNS cache
2026.03.18 22:26:05.791912 [ 101 ] {} <Debug> DNSResolver: Updated DNS cache
2026.03.18 22:26:20.792595 [ 104 ] {} <Debug> DNSResolver: Updating DNS cache
2026.03.18 22:26:20.794358 [ 104 ] {} <Debug> DNSResolver: Updated DNS cache
2026.03.18 22:26:35.794819 [ 102 ] {} <Debug> DNSResolver: Updating DNS cache
2026.03.18 22:26:35.797821 [ 102 ] {} <Debug> DNSResolver: Updated DNS cache
2026.03.18 22:26:50.811048 [ 113 ] {} <Debug> DNSResolver: Updating DNS cache
2026.03.18 22:26:50.812690 [ 113 ] {} <Debug> DNSResolver: Updated DNS cache
2026.03.18 22:27:03.017170 [ 44 ] {} <Trace> TCP-Session: 8fc074fa-5538-41aa-8316-8045d171ab08 Creating query context from session context, user_id: 94309d50-4f52-5250-31bd-74fecac179db, parent context user: default
2026.03.18 22:27:03.017369 [ 44 ] {c251bfb4-e7cf-4958-befd-61eb5d992e78} <Debug> executeQuery: (from 172.18.0.6:57708, initial_query_id: efb460de-0925-49cd-bdb5-ca065ef114be) SELECT `s`.`group_code`, `s`.`course_code`, `s`.`day_of_week`, `s`.`pair_number`, `s`.`classroom`, `s`.`week_type` FROM `test`.`schedule_local` AS `s` WHERE `teacher_id` = 'TCH100' ORDER BY `day_of_week` ASC, `pair_number` ASC (stage: WithMergeableStateAfterAggregationAndLimit)
2026.03.18 22:27:03.017599 [ 44 ] {c251bfb4-e7cf-4958-befd-61eb5d992e78} <Trace> InterpreterSelectQuery: The min valid primary key position for moving to the tail of PREWHERE is -1
2026.03.18 22:27:03.017611 [ 44 ] {c251bfb4-e7cf-4958-befd-61eb5d992e78} <Debug> InterpreterSelectQuery: MergeTreeWhereOptimizer: condition "teacher_id = 'TCH100'" moved to PREWHERE
2026.03.18 22:27:03.017692 [ 44 ] {c251bfb4-e7cf-4958-befd-61eb5d992e78} <Trace> ContextAccess (default): Access granted: SELECT(group_code, course_code, teacher_id, day_of_week, pair_number, week_type, classroom) ON test.schedule_local
2026.03.18 22:27:03.017838 [ 44 ] {c251bfb4-e7cf-4958-befd-61eb5d992e78} <Trace> InterpreterSelectQuery: FetchColumns -> WithMergeableStateAfterAggregationAndLimit
2026.03.18 22:27:03.017971 [ 44 ] {c251bfb4-e7cf-4958-befd-61eb5d992e78} <Debug> test.schedule_local (c5a236a4-b19d-49e9-bdcd-89504d35b521) (SelectExecutor): Key condition: unknown
2026.03.18 22:27:03.017985 [ 44 ] {c251bfb4-e7cf-4958-befd-61eb5d992e78} <Debug> test.schedule_local (c5a236a4-b19d-49e9-bdcd-89504d35b521) (SelectExecutor): MinMax index condition: unknown
2026.03.18 22:27:03.019020 [ 44 ] {c251bfb4-e7cf-4958-befd-61eb5d992e78} <Debug> test.schedule_local (c5a236a4-b19d-49e9-bdcd-89504d35b521) (SelectExecutor): Selected 6/6 parts by partition key, 6 parts by primary key, 6/6 marks by primary key, 6 marks to read from 6 ranges
2026.03.18 22:27:03.019035 [ 44 ] {c251bfb4-e7cf-4958-befd-61eb5d992e78} <Trace> test.schedule_local (c5a236a4-b19d-49e9-bdcd-89504d35b521) (SelectExecutor): Spreading mark ranges among streams (default reading)
2026.03.18 22:27:03.019145 [ 44 ] {c251bfb4-e7cf-4958-befd-61eb5d992e78} <Debug> MergeTreeReadPool: min_marks_for_concurrent_read=24
2026.03.18 22:27:03.019166 [ 44 ] {c251bfb4-e7cf-4958-befd-61eb5d992e78} <Debug> test.schedule_local (c5a236a4-b19d-49e9-bdcd-89504d35b521) (SelectExecutor): Reading approx. 189 rows with 4 streams
2026.03.18 22:27:03.019184 [ 44 ] {c251bfb4-e7cf-4958-befd-61eb5d992e78} <Trace> MergeTreeBaseSelectProcessor: PREWHERE condition was split into 1 steps: "equals(teacher_id, 'TCH100')"
2026.03.18 22:27:03.019201 [ 44 ] {c251bfb4-e7cf-4958-befd-61eb5d992e78} <Trace> MergeTreeBaseSelectProcessor: PREWHERE condition was split into 1 steps: "equals(teacher_id, 'TCH100')"
2026.03.18 22:27:03.019214 [ 44 ] {c251bfb4-e7cf-4958-befd-61eb5d992e78} <Trace> MergeTreeBaseSelectProcessor: PREWHERE condition was split into 1 steps: "equals(teacher_id, 'TCH100')"
2026.03.18 22:27:03.019234 [ 44 ] {c251bfb4-e7cf-4958-befd-61eb5d992e78} <Trace> MergeTreeBaseSelectProcessor: PREWHERE condition was split into 1 steps: "equals(teacher_id, 'TCH100')"
2026.03.18 22:27:03.020103 [ 301 ] {c251bfb4-e7cf-4958-befd-61eb5d992e78} <Debug> MergingSortedTransform: Merge sorted 1 blocks, 4 rows in 0 sec.
2026.03.18 22:27:03.021439 [ 44 ] {c251bfb4-e7cf-4958-befd-61eb5d992e78} <Debug> executeQuery: Read 189 rows, 8.47 KiB in 0.004144 sec., 45608.10810810811 rows/sec., 2.00 MiB/sec.
2026.03.18 22:27:03.021524 [ 44 ] {c251bfb4-e7cf-4958-befd-61eb5d992e78} <Debug> TCPHandler: Processed in 0.004423229 sec.
2026.03.18 22:27:05.833865 [ 105 ] {} <Debug> DNSResolver: Updating DNS cache
2026.03.18 22:27:05.835165 [ 105 ] {} <Debug> DNSResolver: Updated DNS cache
2026.03.18 22:27:14.981053 [ 44 ] {} <Trace> TCP-Session: 8fc074fa-5538-41aa-8316-8045d171ab08 Creating query context from session context, user_id: 94309d50-4f52-5250-31bd-74fecac179db, parent context user: default
2026.03.18 22:27:14.981221 [ 44 ] {cad0dba4-da4b-4ec6-97bb-79af9ed1e6a3} <Debug> executeQuery: (from 172.18.0.6:57708, initial_query_id: e40c96fd-c1a3-4ecd-af2a-2682f954128f) SELECT count() FROM `test`.`students_local` (stage: WithMergeableState)
2026.03.18 22:27:14.981434 [ 44 ] {cad0dba4-da4b-4ec6-97bb-79af9ed1e6a3} <Trace> ContextAccess (default): Access granted: SELECT(student_id) ON test.students_local
2026.03.18 22:27:14.981453 [ 44 ] {cad0dba4-da4b-4ec6-97bb-79af9ed1e6a3} <Trace> InterpreterSelectQuery: WithMergeableState -> WithMergeableState
2026.03.18 22:27:14.981946 [ 44 ] {cad0dba4-da4b-4ec6-97bb-79af9ed1e6a3} <Debug> executeQuery: Read 1 rows, 16.00 B in 0.000774 sec., 1291.9896640826873 rows/sec., 20.19 KiB/sec.
2026.03.18 22:27:14.981960 [ 44 ] {cad0dba4-da4b-4ec6-97bb-79af9ed1e6a3} <Debug> TCPHandler: Processed in 0.001115802 sec.
2026.03.18 22:27:14.988136 [ 44 ] {} <Trace> TCP-Session: 8fc074fa-5538-41aa-8316-8045d171ab08 Creating query context from session context, user_id: 94309d50-4f52-5250-31bd-74fecac179db, parent context user: default
2026.03.18 22:27:14.988253 [ 44 ] {7826dc7c-4b78-499a-98f9-7711149eb1ff} <Debug> executeQuery: (from 172.18.0.6:57708, initial_query_id: b6cf5269-4294-4d26-b7a7-a723ae3ea989) SELECT count() FROM `test`.`teachers_local` (stage: WithMergeableState)
2026.03.18 22:27:14.988399 [ 44 ] {7826dc7c-4b78-499a-98f9-7711149eb1ff} <Trace> ContextAccess (default): Access granted: SELECT(teacher_id) ON test.teachers_local
2026.03.18 22:27:14.988417 [ 44 ] {7826dc7c-4b78-499a-98f9-7711149eb1ff} <Trace> InterpreterSelectQuery: WithMergeableState -> WithMergeableState
2026.03.18 22:27:14.989821 [ 44 ] {7826dc7c-4b78-499a-98f9-7711149eb1ff} <Debug> executeQuery: Read 1 rows, 16.00 B in 0.001599 sec., 625.3908692933084 rows/sec., 9.77 KiB/sec.
2026.03.18 22:27:14.989840 [ 44 ] {7826dc7c-4b78-499a-98f9-7711149eb1ff} <Debug> TCPHandler: Processed in 0.001764763 sec.
2026.03.18 22:27:14.995172 [ 44 ] {} <Trace> TCP-Session: 8fc074fa-5538-41aa-8316-8045d171ab08 Creating query context from session context, user_id: 94309d50-4f52-5250-31bd-74fecac179db, parent context user: default
2026.03.18 22:27:14.995260 [ 44 ] {dbffbaa2-f4eb-4645-be92-9bfef9bba6d6} <Debug> executeQuery: (from 172.18.0.6:57708, initial_query_id: aeed57d3-7658-4a14-a7db-ccad4c7825e8) SELECT count() FROM `test`.`courses_local` (stage: WithMergeableState)
2026.03.18 22:27:14.995356 [ 44 ] {dbffbaa2-f4eb-4645-be92-9bfef9bba6d6} <Trace> ContextAccess (default): Access granted: SELECT(course_code) ON test.courses_local
2026.03.18 22:27:14.995373 [ 44 ] {dbffbaa2-f4eb-4645-be92-9bfef9bba6d6} <Trace> InterpreterSelectQuery: WithMergeableState -> WithMergeableState
2026.03.18 22:27:14.995891 [ 44 ] {dbffbaa2-f4eb-4645-be92-9bfef9bba6d6} <Debug> executeQuery: Read 1 rows, 16.00 B in 0.000651 sec., 1536.0983102918588 rows/sec., 24.00 KiB/sec.
2026.03.18 22:27:14.995906 [ 44 ] {dbffbaa2-f4eb-4645-be92-9bfef9bba6d6} <Debug> TCPHandler: Processed in 0.000777843 sec.
2026.03.18 22:27:15.002389 [ 44 ] {} <Trace> TCP-Session: 8fc074fa-5538-41aa-8316-8045d171ab08 Creating query context from session context, user_id: 94309d50-4f52-5250-31bd-74fecac179db, parent context user: default
2026.03.18 22:27:15.002485 [ 44 ] {4dbf2c98-6cbd-443e-805d-dc1fb177e7e1} <Debug> executeQuery: (from 172.18.0.6:57708, initial_query_id: acb4ed2c-8e3a-4876-8a21-e4a74d34f2e8) SELECT count() FROM `test`.`grades_local` (stage: WithMergeableState)
2026.03.18 22:27:15.002617 [ 44 ] {4dbf2c98-6cbd-443e-805d-dc1fb177e7e1} <Trace> ContextAccess (default): Access granted: SELECT(grade_id) ON test.grades_local
2026.03.18 22:27:15.003076 [ 44 ] {4dbf2c98-6cbd-443e-805d-dc1fb177e7e1} <Trace> InterpreterSelectQuery: WithMergeableState -> WithMergeableState
2026.03.18 22:27:15.003610 [ 44 ] {4dbf2c98-6cbd-443e-805d-dc1fb177e7e1} <Debug> executeQuery: Read 1 rows, 16.00 B in 0.001149 sec., 870.3220191470843 rows/sec., 13.60 KiB/sec.
2026.03.18 22:27:15.003696 [ 44 ] {4dbf2c98-6cbd-443e-805d-dc1fb177e7e1} <Debug> TCPHandler: Processed in 0.00128097 sec.
2026.03.18 22:27:15.008425 [ 44 ] {} <Trace> TCP-Session: 8fc074fa-5538-41aa-8316-8045d171ab08 Creating query context from session context, user_id: 94309d50-4f52-5250-31bd-74fecac179db, parent context user: default
2026.03.18 22:27:15.008516 [ 44 ] {3a0e1951-e29a-4f17-8c0b-9bcb99da562f} <Debug> executeQuery: (from 172.18.0.6:57708, initial_query_id: 0230873d-51df-4680-b428-5071ae17080a) SELECT count() FROM `test`.`schedule_local` (stage: WithMergeableState)
2026.03.18 22:27:15.008617 [ 44 ] {3a0e1951-e29a-4f17-8c0b-9bcb99da562f} <Trace> ContextAccess (default): Access granted: SELECT(schedule_id) ON test.schedule_local
2026.03.18 22:27:15.008633 [ 44 ] {3a0e1951-e29a-4f17-8c0b-9bcb99da562f} <Trace> InterpreterSelectQuery: WithMergeableState -> WithMergeableState
2026.03.18 22:27:15.009204 [ 44 ] {3a0e1951-e29a-4f17-8c0b-9bcb99da562f} <Debug> executeQuery: Read 1 rows, 16.00 B in 0.000716 sec., 1396.6480446927376 rows/sec., 21.82 KiB/sec.
2026.03.18 22:27:15.009218 [ 44 ] {3a0e1951-e29a-4f17-8c0b-9bcb99da562f} <Debug> TCPHandler: Processed in 0.000834978 sec.
2026.03.18 22:27:15.014929 [ 44 ] {} <Trace> TCP-Session: 8fc074fa-5538-41aa-8316-8045d171ab08 Creating query context from session context, user_id: 94309d50-4f52-5250-31bd-74fecac179db, parent context user: default
2026.03.18 22:27:15.015020 [ 44 ] {6315ae0e-121f-450e-b9df-a9bef97628c3} <Debug> executeQuery: (from 172.18.0.6:57708, initial_query_id: c17e6e17-5493-4f71-9342-137a6970d367) SELECT count() FROM `test`.`departments_local` (stage: WithMergeableState)
2026.03.18 22:27:15.015115 [ 44 ] {6315ae0e-121f-450e-b9df-a9bef97628c3} <Trace> ContextAccess (default): Access granted: SELECT(department_id) ON test.departments_local
2026.03.18 22:27:15.015129 [ 44 ] {6315ae0e-121f-450e-b9df-a9bef97628c3} <Trace> InterpreterSelectQuery: WithMergeableState -> WithMergeableState
2026.03.18 22:27:15.015546 [ 44 ] {6315ae0e-121f-450e-b9df-a9bef97628c3} <Debug> executeQuery: Read 1 rows, 16.00 B in 0.000544 sec., 1838.235294117647 rows/sec., 28.72 KiB/sec.
2026.03.18 22:27:15.015559 [ 44 ] {6315ae0e-121f-450e-b9df-a9bef97628c3} <Debug> TCPHandler: Processed in 0.000671876 sec.
2026.03.18 22:27:15.022306 [ 44 ] {} <Trace> TCP-Session: 8fc074fa-5538-41aa-8316-8045d171ab08 Creating query context from session context, user_id: 94309d50-4f52-5250-31bd-74fecac179db, parent context user: default
2026.03.18 22:27:15.022438 [ 44 ] {070ced69-5ab1-47ff-9a97-2f0f6c7f2a33} <Debug> executeQuery: (from 172.18.0.6:57708, initial_query_id: 1d5a178d-2a5d-4792-8cdb-eb41492f4aa2) SELECT count() FROM `test`.`students_local` WHERE `status` = 'active' (stage: WithMergeableState)
2026.03.18 22:27:15.022864 [ 44 ] {070ced69-5ab1-47ff-9a97-2f0f6c7f2a33} <Trace> InterpreterSelectQuery: The min valid primary key position for moving to the tail of PREWHERE is -1
2026.03.18 22:27:15.022927 [ 44 ] {070ced69-5ab1-47ff-9a97-2f0f6c7f2a33} <Trace> ContextAccess (default): Access granted: SELECT(status) ON test.students_local
2026.03.18 22:27:15.022949 [ 44 ] {070ced69-5ab1-47ff-9a97-2f0f6c7f2a33} <Trace> InterpreterSelectQuery: FetchColumns -> WithMergeableState
2026.03.18 22:27:15.023341 [ 44 ] {070ced69-5ab1-47ff-9a97-2f0f6c7f2a33} <Debug> test.students_local (adcc615b-4a80-499d-a267-5ed2e1cff73a) (SelectExecutor): Key condition: unknown
2026.03.18 22:27:15.023353 [ 44 ] {070ced69-5ab1-47ff-9a97-2f0f6c7f2a33} <Debug> test.students_local (adcc615b-4a80-499d-a267-5ed2e1cff73a) (SelectExecutor): MinMax index condition: unknown
2026.03.18 22:27:15.024237 [ 44 ] {070ced69-5ab1-47ff-9a97-2f0f6c7f2a33} <Debug> test.students_local (adcc615b-4a80-499d-a267-5ed2e1cff73a) (SelectExecutor): Selected 4/4 parts by partition key, 4 parts by primary key, 4/4 marks by primary key, 4 marks to read from 4 ranges
2026.03.18 22:27:15.024249 [ 44 ] {070ced69-5ab1-47ff-9a97-2f0f6c7f2a33} <Trace> test.students_local (adcc615b-4a80-499d-a267-5ed2e1cff73a) (SelectExecutor): Spreading mark ranges among streams (default reading)
2026.03.18 22:27:15.024292 [ 44 ] {070ced69-5ab1-47ff-9a97-2f0f6c7f2a33} <Debug> MergeTreeReadPool: min_marks_for_concurrent_read=24
2026.03.18 22:27:15.024300 [ 44 ] {070ced69-5ab1-47ff-9a97-2f0f6c7f2a33} <Debug> test.students_local (adcc615b-4a80-499d-a267-5ed2e1cff73a) (SelectExecutor): Reading approx. 348 rows with 4 streams
2026.03.18 22:27:15.024876 [ 296 ] {070ced69-5ab1-47ff-9a97-2f0f6c7f2a33} <Trace> AggregatingTransform: Aggregating
2026.03.18 22:27:15.024887 [ 296 ] {070ced69-5ab1-47ff-9a97-2f0f6c7f2a33} <Trace> Aggregator: Aggregation method: without_key
2026.03.18 22:27:15.025088 [ 296 ] {070ced69-5ab1-47ff-9a97-2f0f6c7f2a33} <Trace> AggregatingTransform: Aggregated. 249 to 1 rows (from 0.00 B) in 0.000691901 sec. (359878.075 rows/sec., 0.00 B/sec.)
2026.03.18 22:27:15.025097 [ 296 ] {070ced69-5ab1-47ff-9a97-2f0f6c7f2a33} <Trace> Aggregator: Aggregation method: without_key
2026.03.18 22:27:15.025101 [ 296 ] {070ced69-5ab1-47ff-9a97-2f0f6c7f2a33} <Trace> AggregatingTransform: Aggregated. 0 to 1 rows (from 0.00 B) in 0.000706018 sec. (0.000 rows/sec., 0.00 B/sec.)
2026.03.18 22:27:15.025254 [ 299 ] {070ced69-5ab1-47ff-9a97-2f0f6c7f2a33} <Trace> Aggregator: Aggregation method: without_key
2026.03.18 22:27:15.025856 [ 299 ] {070ced69-5ab1-47ff-9a97-2f0f6c7f2a33} <Trace> AggregatingTransform: Aggregated. 0 to 1 rows (from 0.00 B) in 0.00145343 sec. (0.000 rows/sec., 0.00 B/sec.)
2026.03.18 22:27:15.025300 [ 300 ] {070ced69-5ab1-47ff-9a97-2f0f6c7f2a33} <Trace> Aggregator: Aggregation method: without_key
2026.03.18 22:27:15.025876 [ 300 ] {070ced69-5ab1-47ff-9a97-2f0f6c7f2a33} <Trace> AggregatingTransform: Aggregated. 0 to 1 rows (from 0.00 B) in 0.001473338 sec. (0.000 rows/sec., 0.00 B/sec.)
2026.03.18 22:27:15.025883 [ 296 ] {070ced69-5ab1-47ff-9a97-2f0f6c7f2a33} <Trace> Aggregator: Merging aggregated data
2026.03.18 22:27:15.025887 [ 296 ] {070ced69-5ab1-47ff-9a97-2f0f6c7f2a33} <Trace> Aggregator: Statistics updated for key=17515768429586070911: new sum_of_sizes=4, median_size=1
2026.03.18 22:27:15.026859 [ 44 ] {070ced69-5ab1-47ff-9a97-2f0f6c7f2a33} <Debug> executeQuery: Read 348 rows, 5.64 KiB in 0.004467 sec., 77904.63398253862 rows/sec., 1.23 MiB/sec.
2026.03.18 22:27:15.026914 [ 44 ] {070ced69-5ab1-47ff-9a97-2f0f6c7f2a33} <Debug> TCPHandler: Processed in 0.004664764 sec.
2026.03.18 22:27:15.052379 [ 44 ] {} <Trace> TCP-Session: 8fc074fa-5538-41aa-8316-8045d171ab08 Creating query context from session context, user_id: 94309d50-4f52-5250-31bd-74fecac179db, parent context user: default
2026.03.18 22:27:15.052645 [ 44 ] {09888f25-f794-4f78-9e3a-b7271b243662} <Debug> executeQuery: (from 172.18.0.6:57708, initial_query_id: 73988d3c-080e-4f9c-8e1f-b1ee2862a899) SELECT round(avg(`gpa`), 2) FROM `test`.`students_local` WHERE `status` = 'active' (stage: WithMergeableState)
2026.03.18 22:27:15.053561 [ 44 ] {09888f25-f794-4f78-9e3a-b7271b243662} <Trace> InterpreterSelectQuery: The min valid primary key position for moving to the tail of PREWHERE is -1
2026.03.18 22:27:15.053584 [ 44 ] {09888f25-f794-4f78-9e3a-b7271b243662} <Debug> InterpreterSelectQuery: MergeTreeWhereOptimizer: condition "status = 'active'" moved to PREWHERE
2026.03.18 22:27:15.053716 [ 44 ] {09888f25-f794-4f78-9e3a-b7271b243662} <Trace> ContextAccess (default): Access granted: SELECT(status, gpa) ON test.students_local
2026.03.18 22:27:15.053775 [ 44 ] {09888f25-f794-4f78-9e3a-b7271b243662} <Trace> InterpreterSelectQuery: FetchColumns -> WithMergeableState
2026.03.18 22:27:15.054144 [ 44 ] {09888f25-f794-4f78-9e3a-b7271b243662} <Debug> test.students_local (adcc615b-4a80-499d-a267-5ed2e1cff73a) (SelectExecutor): Key condition: unknown
2026.03.18 22:27:15.054167 [ 44 ] {09888f25-f794-4f78-9e3a-b7271b243662} <Debug> test.students_local (adcc615b-4a80-499d-a267-5ed2e1cff73a) (SelectExecutor): MinMax index condition: unknown
2026.03.18 22:27:15.055617 [ 44 ] {09888f25-f794-4f78-9e3a-b7271b243662} <Debug> test.students_local (adcc615b-4a80-499d-a267-5ed2e1cff73a) (SelectExecutor): Selected 4/4 parts by partition key, 4 parts by primary key, 4/4 marks by primary key, 4 marks to read from 4 ranges
2026.03.18 22:27:15.055634 [ 44 ] {09888f25-f794-4f78-9e3a-b7271b243662} <Trace> test.students_local (adcc615b-4a80-499d-a267-5ed2e1cff73a) (SelectExecutor): Spreading mark ranges among streams (default reading)
2026.03.18 22:27:15.055694 [ 44 ] {09888f25-f794-4f78-9e3a-b7271b243662} <Debug> MergeTreeReadPool: min_marks_for_concurrent_read=24
2026.03.18 22:27:15.055704 [ 44 ] {09888f25-f794-4f78-9e3a-b7271b243662} <Debug> test.students_local (adcc615b-4a80-499d-a267-5ed2e1cff73a) (SelectExecutor): Reading approx. 348 rows with 4 streams
2026.03.18 22:27:15.055720 [ 44 ] {09888f25-f794-4f78-9e3a-b7271b243662} <Trace> MergeTreeBaseSelectProcessor: PREWHERE condition was split into 1 steps: "equals(status, 'active')"
2026.03.18 22:27:15.055732 [ 44 ] {09888f25-f794-4f78-9e3a-b7271b243662} <Trace> MergeTreeBaseSelectProcessor: PREWHERE condition was split into 1 steps: "equals(status, 'active')"
2026.03.18 22:27:15.055741 [ 44 ] {09888f25-f794-4f78-9e3a-b7271b243662} <Trace> MergeTreeBaseSelectProcessor: PREWHERE condition was split into 1 steps: "equals(status, 'active')"
2026.03.18 22:27:15.055750 [ 44 ] {09888f25-f794-4f78-9e3a-b7271b243662} <Trace> MergeTreeBaseSelectProcessor: PREWHERE condition was split into 1 steps: "equals(status, 'active')"
2026.03.18 22:27:15.056504 [ 297 ] {09888f25-f794-4f78-9e3a-b7271b243662} <Trace> AggregatingTransform: Aggregating
2026.03.18 22:27:15.056525 [ 297 ] {09888f25-f794-4f78-9e3a-b7271b243662} <Trace> Aggregator: Aggregation method: without_key
2026.03.18 22:27:15.056709 [ 297 ] {09888f25-f794-4f78-9e3a-b7271b243662} <Trace> AggregatingTransform: Aggregated. 249 to 1 rows (from 996.00 B) in 0.000745962 sec. (333797.164 rows/sec., 1.27 MiB/sec.)
2026.03.18 22:27:15.056718 [ 297 ] {09888f25-f794-4f78-9e3a-b7271b243662} <Trace> Aggregator: Aggregation method: without_key
2026.03.18 22:27:15.056722 [ 297 ] {09888f25-f794-4f78-9e3a-b7271b243662} <Trace> AggregatingTransform: Aggregated. 0 to 1 rows (from 0.00 B) in 0.000762102 sec. (0.000 rows/sec., 0.00 B/sec.)
2026.03.18 22:27:15.056726 [ 297 ] {09888f25-f794-4f78-9e3a-b7271b243662} <Trace> Aggregator: Aggregation method: without_key
2026.03.18 22:27:15.056729 [ 297 ] {09888f25-f794-4f78-9e3a-b7271b243662} <Trace> AggregatingTransform: Aggregated. 0 to 1 rows (from 0.00 B) in 0.00076598 sec. (0.000 rows/sec., 0.00 B/sec.)
2026.03.18 22:27:15.056734 [ 297 ] {09888f25-f794-4f78-9e3a-b7271b243662} <Trace> Aggregator: Aggregation method: without_key
2026.03.18 22:27:15.056737 [ 297 ] {09888f25-f794-4f78-9e3a-b7271b243662} <Trace> AggregatingTransform: Aggregated. 0 to 1 rows (from 0.00 B) in 0.000766911 sec. (0.000 rows/sec., 0.00 B/sec.)
2026.03.18 22:27:15.056740 [ 297 ] {09888f25-f794-4f78-9e3a-b7271b243662} <Trace> Aggregator: Merging aggregated data
2026.03.18 22:27:15.056744 [ 297 ] {09888f25-f794-4f78-9e3a-b7271b243662} <Trace> Aggregator: Statistics updated for key=6856492789708720764: new sum_of_sizes=4, median_size=1
2026.03.18 22:27:15.058027 [ 44 ] {09888f25-f794-4f78-9e3a-b7271b243662} <Debug> executeQuery: Read 348 rows, 7.00 KiB in 0.005485 sec., 63445.76116681859 rows/sec., 1.25 MiB/sec.
2026.03.18 22:27:15.058095 [ 44 ] {09888f25-f794-4f78-9e3a-b7271b243662} <Debug> TCPHandler: Processed in 0.005848414 sec.
2026.03.18 22:27:15.082580 [ 44 ] {} <Trace> TCP-Session: 8fc074fa-5538-41aa-8316-8045d171ab08 Creating query context from session context, user_id: 94309d50-4f52-5250-31bd-74fecac179db, parent context user: default
2026.03.18 22:27:15.082712 [ 44 ] {1d150bab-335c-462f-84ab-805a96461f6b} <Debug> executeQuery: (from 172.18.0.6:57708, initial_query_id: 13db2227-0616-45cb-b5ae-cec5af9d27ad) SELECT round(avg(`grade`), 2) FROM `test`.`grades_local` (stage: WithMergeableState)
2026.03.18 22:27:15.082882 [ 44 ] {1d150bab-335c-462f-84ab-805a96461f6b} <Trace> ContextAccess (default): Access granted: SELECT(grade) ON test.grades_local
2026.03.18 22:27:15.082903 [ 44 ] {1d150bab-335c-462f-84ab-805a96461f6b} <Trace> InterpreterSelectQuery: FetchColumns -> WithMergeableState
2026.03.18 22:27:15.083119 [ 44 ] {1d150bab-335c-462f-84ab-805a96461f6b} <Debug> test.grades_local (7b83862b-cceb-45e9-8ab9-cc0189ed0327) (SelectExecutor): Key condition: unknown
2026.03.18 22:27:15.083149 [ 44 ] {1d150bab-335c-462f-84ab-805a96461f6b} <Debug> test.grades_local (7b83862b-cceb-45e9-8ab9-cc0189ed0327) (SelectExecutor): MinMax index condition: unknown
2026.03.18 22:27:15.084571 [ 44 ] {1d150bab-335c-462f-84ab-805a96461f6b} <Debug> test.grades_local (7b83862b-cceb-45e9-8ab9-cc0189ed0327) (SelectExecutor): Selected 27/27 parts by partition key, 27 parts by primary key, 27/27 marks by primary key, 27 marks to read from 27 ranges
2026.03.18 22:27:15.084602 [ 44 ] {1d150bab-335c-462f-84ab-805a96461f6b} <Trace> test.grades_local (7b83862b-cceb-45e9-8ab9-cc0189ed0327) (SelectExecutor): Spreading mark ranges among streams (default reading)
2026.03.18 22:27:15.084892 [ 44 ] {1d150bab-335c-462f-84ab-805a96461f6b} <Debug> MergeTreeReadPool: min_marks_for_concurrent_read=24
2026.03.18 22:27:15.084912 [ 44 ] {1d150bab-335c-462f-84ab-805a96461f6b} <Debug> test.grades_local (7b83862b-cceb-45e9-8ab9-cc0189ed0327) (SelectExecutor): Reading approx. 1710 rows with 4 streams
2026.03.18 22:27:15.085659 [ 303 ] {1d150bab-335c-462f-84ab-805a96461f6b} <Trace> AggregatingTransform: Aggregating
2026.03.18 22:27:15.085672 [ 303 ] {1d150bab-335c-462f-84ab-805a96461f6b} <Trace> Aggregator: An entry for key=8763066421949248324 found in cache: sum_of_sizes=1, median_size=1
2026.03.18 22:27:15.085684 [ 303 ] {1d150bab-335c-462f-84ab-805a96461f6b} <Trace> Aggregator: Aggregation method: without_key
2026.03.18 22:27:15.085801 [ 295 ] {1d150bab-335c-462f-84ab-805a96461f6b} <Trace> AggregatingTransform: Aggregating
2026.03.18 22:27:15.085811 [ 295 ] {1d150bab-335c-462f-84ab-805a96461f6b} <Trace> Aggregator: An entry for key=8763066421949248324 found in cache: sum_of_sizes=1, median_size=1
2026.03.18 22:27:15.085815 [ 295 ] {1d150bab-335c-462f-84ab-805a96461f6b} <Trace> Aggregator: Aggregation method: without_key
2026.03.18 22:27:15.086886 [ 295 ] {1d150bab-335c-462f-84ab-805a96461f6b} <Trace> AggregatingTransform: Aggregated. 673 to 1 rows (from 673.00 B) in 0.001746068 sec. (385437.451 rows/sec., 376.40 KiB/sec.)
2026.03.18 22:27:15.086893 [ 303 ] {1d150bab-335c-462f-84ab-805a96461f6b} <Trace> AggregatingTransform: Aggregated. 955 to 1 rows (from 955.00 B) in 0.001765424 sec. (540946.537 rows/sec., 528.27 KiB/sec.)
2026.03.18 22:27:15.086975 [ 297 ] {1d150bab-335c-462f-84ab-805a96461f6b} <Trace> AggregatingTransform: Aggregating
2026.03.18 22:27:15.086984 [ 297 ] {1d150bab-335c-462f-84ab-805a96461f6b} <Trace> Aggregator: An entry for key=8763066421949248324 found in cache: sum_of_sizes=1, median_size=1
2026.03.18 22:27:15.086988 [ 297 ] {1d150bab-335c-462f-84ab-805a96461f6b} <Trace> Aggregator: Aggregation method: without_key
2026.03.18 22:27:15.086999 [ 297 ] {1d150bab-335c-462f-84ab-805a96461f6b} <Trace> AggregatingTransform: Aggregated. 69 to 1 rows (from 69.00 B) in 0.001875329 sec. (36793.544 rows/sec., 35.93 KiB/sec.)
2026.03.18 22:27:15.086888 [ 306 ] {1d150bab-335c-462f-84ab-805a96461f6b} <Trace> AggregatingTransform: Aggregating
2026.03.18 22:27:15.087010 [ 306 ] {1d150bab-335c-462f-84ab-805a96461f6b} <Trace> Aggregator: An entry for key=8763066421949248324 found in cache: sum_of_sizes=1, median_size=1
2026.03.18 22:27:15.087013 [ 306 ] {1d150bab-335c-462f-84ab-805a96461f6b} <Trace> Aggregator: Aggregation method: without_key
2026.03.18 22:27:15.087018 [ 306 ] {1d150bab-335c-462f-84ab-805a96461f6b} <Trace> AggregatingTransform: Aggregated. 13 to 1 rows (from 13.00 B) in 0.001886531 sec. (6890.955 rows/sec., 6.73 KiB/sec.)
2026.03.18 22:27:15.087021 [ 306 ] {1d150bab-335c-462f-84ab-805a96461f6b} <Trace> Aggregator: Merging aggregated data
2026.03.18 22:27:15.087025 [ 306 ] {1d150bab-335c-462f-84ab-805a96461f6b} <Trace> Aggregator: Statistics updated for key=8763066421949248324: new sum_of_sizes=4, median_size=1
2026.03.18 22:27:15.092084 [ 44 ] {1d150bab-335c-462f-84ab-805a96461f6b} <Debug> executeQuery: Read 1710 rows, 1.67 KiB in 0.009393 sec., 182050.4631108272 rows/sec., 177.78 KiB/sec.
2026.03.18 22:27:15.092258 [ 44 ] {1d150bab-335c-462f-84ab-805a96461f6b} <Debug> MemoryTracker: Peak memory usage (for query): 151.51 KiB.
2026.03.18 22:27:15.092336 [ 44 ] {1d150bab-335c-462f-84ab-805a96461f6b} <Debug> TCPHandler: Processed in 0.009819945 sec.
2026.03.18 22:27:19.219702 [ 307 ] {} <Trace> TCPHandlerFactory: TCP Request. Address: 172.18.0.1:34640
2026.03.18 22:27:19.219807 [ 307 ] {} <Debug> TCPHandler: Connected ClickHouse python-driver version 20.10.0, revision: 54468, database: university, user: default.
2026.03.18 22:27:19.219827 [ 307 ] {} <Debug> TCP-Session: 4b75c4f3-cd97-4d87-a9b9-1308c8760e06 Authenticating user 'default' from 172.18.0.1:34640
2026.03.18 22:27:19.219841 [ 307 ] {} <Debug> TCP-Session: 4b75c4f3-cd97-4d87-a9b9-1308c8760e06 Authenticated with global context as user 94309d50-4f52-5250-31bd-74fecac179db
2026.03.18 22:27:19.219845 [ 307 ] {} <Debug> TCP-Session: 4b75c4f3-cd97-4d87-a9b9-1308c8760e06 Creating session context with user_id: 94309d50-4f52-5250-31bd-74fecac179db
2026.03.18 22:27:19.219908 [ 307 ] {} <Trace> ContextAccess (default): Settings: readonly = 0, allow_ddl = true, allow_introspection_functions = false
2026.03.18 22:27:19.219923 [ 307 ] {} <Trace> ContextAccess (default): List of all grants: GRANT SHOW, SELECT, INSERT, ALTER, CREATE, DROP, UNDROP TABLE, TRUNCATE, OPTIMIZE, BACKUP, KILL QUERY, KILL TRANSACTION, MOVE PARTITION BETWEEN SHARDS, SYSTEM, dictGet, displaySecretsInShowAndSelect, INTROSPECTION, SOURCES, CLUSTER ON *.*
2026.03.18 22:27:19.219936 [ 307 ] {} <Trace> ContextAccess (default): List of all grants including implicit: GRANT SHOW, SELECT, INSERT, ALTER, CREATE, DROP, UNDROP TABLE, TRUNCATE, OPTIMIZE, BACKUP, KILL QUERY, KILL TRANSACTION, MOVE PARTITION BETWEEN SHARDS, SYSTEM, dictGet, displaySecretsInShowAndSelect, INTROSPECTION, SOURCES, CLUSTER ON *.*
2026.03.18 22:27:19.220833 [ 307 ] {} <Error> ServerErrorHandler: Code: 81. DB::Exception: Database university does not exist. (UNKNOWN_DATABASE), Stack trace (when copying this message, always include the lines below):

0. DB::Exception::Exception(DB::Exception::MessageMasked&&, int, bool) @ 0x000000000c6251d7 in /usr/bin/clickhouse
1. DB::Exception::Exception<String>(int, FormatStringHelperImpl<std::type_identity<String>::type>, String&&) @ 0x0000000007133ded in /usr/bin/clickhouse
2. DB::DatabaseCatalog::assertDatabaseExists(String const&) const @ 0x00000000116e954f in /usr/bin/clickhouse
3. DB::Context::setCurrentDatabase(String const&) @ 0x0000000011637842 in /usr/bin/clickhouse
4. DB::TCPHandler::runImpl() @ 0x0000000013145c69 in /usr/bin/clickhouse
5. DB::TCPHandler::run() @ 0x00000000131533d9 in /usr/bin/clickhouse
6. Poco::Net::TCPServerConnection::start() @ 0x0000000015b4dc74 in /usr/bin/clickhouse
7. Poco::Net::TCPServerDispatcher::run() @ 0x0000000015b4ee71 in /usr/bin/clickhouse
8. Poco::PooledThread::run() @ 0x0000000015c85aa7 in /usr/bin/clickhouse
9. Poco::ThreadImpl::runnableEntry(void*) @ 0x0000000015c83d7c in /usr/bin/clickhouse
10. ? @ 0x0000764baa2ae609 in ?
11. ? @ 0x0000764baa1d3353 in ?
 (version 23.8.16.16 (official build))
2026.03.18 22:27:19.220861 [ 307 ] {} <Debug> TCP-Session: 4b75c4f3-cd97-4d87-a9b9-1308c8760e06 Logout, user_id: 94309d50-4f52-5250-31bd-74fecac179db
2026.03.18 22:27:20.835574 [ 98 ] {} <Debug> DNSResolver: Updating DNS cache
2026.03.18 22:27:20.836870 [ 98 ] {} <Debug> DNSResolver: Updated DNS cache
2026.03.18 22:27:29.287410 [ 45 ] {} <Trace> TCP-Session: b2406912-b07d-45fb-940b-fca8aff1d37b Creating query context from session context, user_id: 94309d50-4f52-5250-31bd-74fecac179db, parent context user: default
2026.03.18 22:27:29.287726 [ 44 ] {} <Trace> TCP-Session: 8fc074fa-5538-41aa-8316-8045d171ab08 Creating query context from session context, user_id: 94309d50-4f52-5250-31bd-74fecac179db, parent context user: default
2026.03.18 22:27:29.287890 [ 44 ] {78647ebb-4ebe-44d6-b7e1-52065be27ab0} <Debug> executeQuery: (from 172.18.0.6:57708, initial_query_id: 2fed5a79-4c5d-443d-875f-949b6f0b1ad3) SELECT `student_id`, `grade` FROM `test`.`grades_local` (stage: Complete)
2026.03.18 22:27:29.288338 [ 45 ] {ceb070f3-580b-4bdf-ad87-a8f068ce69af} <Debug> executeQuery: (from 172.18.0.6:55674, initial_query_id: 2fed5a79-4c5d-443d-875f-949b6f0b1ad3) SELECT `s`.`student_id`, `s`.`full_name`, `s`.`group_code`, round(avg(`g`.`grade`), 2) AS `avg_grade`, count(`g`.`grade`) AS `grades_count`, `s`.`gpa` FROM `test`.`students_local` AS `s` ALL INNER JOIN `test`.`grades` AS `g` ON `s`.`student_id` = `g`.`student_id` GROUP BY `s`.`student_id`, `s`.`full_name`, `s`.`group_code`, `s`.`gpa` HAVING count(`g`.`grade`) > 5 ORDER BY `avg_grade` DESC LIMIT 15 (stage: WithMergeableState)
2026.03.18 22:27:29.288673 [ 44 ] {78647ebb-4ebe-44d6-b7e1-52065be27ab0} <Trace> ContextAccess (default): Access granted: SELECT(student_id, grade) ON test.grades_local
2026.03.18 22:27:29.288712 [ 44 ] {78647ebb-4ebe-44d6-b7e1-52065be27ab0} <Trace> InterpreterSelectQuery: FetchColumns -> Complete
2026.03.18 22:27:29.288806 [ 44 ] {78647ebb-4ebe-44d6-b7e1-52065be27ab0} <Debug> test.grades_local (7b83862b-cceb-45e9-8ab9-cc0189ed0327) (SelectExecutor): Key condition: unknown
2026.03.18 22:27:29.288841 [ 44 ] {78647ebb-4ebe-44d6-b7e1-52065be27ab0} <Debug> test.grades_local (7b83862b-cceb-45e9-8ab9-cc0189ed0327) (SelectExecutor): MinMax index condition: unknown
2026.03.18 22:27:29.291044 [ 45 ] {ceb070f3-580b-4bdf-ad87-a8f068ce69af} <Trace> ContextAccess (default): Access granted: SELECT(student_id, grade) ON test.grades
2026.03.18 22:27:29.291209 [ 45 ] {ceb070f3-580b-4bdf-ad87-a8f068ce69af} <Trace> ContextAccess (default): Access granted: SELECT(student_id, grade) ON test.grades
2026.03.18 22:27:29.291470 [ 45 ] {ceb070f3-580b-4bdf-ad87-a8f068ce69af} <Trace> ContextAccess (default): Access granted: SELECT(student_id, grade) ON test.grades_local
2026.03.18 22:27:29.291494 [ 45 ] {ceb070f3-580b-4bdf-ad87-a8f068ce69af} <Trace> InterpreterSelectQuery: FetchColumns -> Complete
2026.03.18 22:27:29.291527 [ 45 ] {ceb070f3-580b-4bdf-ad87-a8f068ce69af} <Trace> InterpreterSelectQuery: Complete -> Complete
2026.03.18 22:27:29.292000 [ 45 ] {ceb070f3-580b-4bdf-ad87-a8f068ce69af} <Debug> HashJoin: (0x764b0283ba18) Datatype: EMPTY, kind: Inner, strictness: All, right header: g.student_id String String(size = 0), grade UInt8 UInt8(size = 0)
2026.03.18 22:27:29.292001 [ 44 ] {78647ebb-4ebe-44d6-b7e1-52065be27ab0} <Debug> test.grades_local (7b83862b-cceb-45e9-8ab9-cc0189ed0327) (SelectExecutor): Selected 27/27 parts by partition key, 27 parts by primary key, 27/27 marks by primary key, 27 marks to read from 27 ranges
2026.03.18 22:27:29.292207 [ 44 ] {78647ebb-4ebe-44d6-b7e1-52065be27ab0} <Trace> test.grades_local (7b83862b-cceb-45e9-8ab9-cc0189ed0327) (SelectExecutor): Spreading mark ranges among streams (default reading)
2026.03.18 22:27:29.292244 [ 45 ] {ceb070f3-580b-4bdf-ad87-a8f068ce69af} <Debug> HashJoin: (0x764b0283ba18) Keys: [(student_id) = (g.student_id)]
2026.03.18 22:27:29.292396 [ 45 ] {ceb070f3-580b-4bdf-ad87-a8f068ce69af} <Trace> ContextAccess (default): Access granted: SELECT(student_id, full_name, group_code, gpa) ON test.students_local
2026.03.18 22:27:29.292487 [ 45 ] {ceb070f3-580b-4bdf-ad87-a8f068ce69af} <Trace> InterpreterSelectQuery: FetchColumns -> WithMergeableState
2026.03.18 22:27:29.292511 [ 45 ] {ceb070f3-580b-4bdf-ad87-a8f068ce69af} <Debug> JoiningTransform: Before join block: 'student_id String String(size = 0), full_name String String(size = 0), group_code String String(size = 0), gpa Float32 Float32(size = 0)'
2026.03.18 22:27:29.292577 [ 44 ] {78647ebb-4ebe-44d6-b7e1-52065be27ab0} <Debug> MergeTreeReadPool: min_marks_for_concurrent_read=24
2026.03.18 22:27:29.292710 [ 45 ] {ceb070f3-580b-4bdf-ad87-a8f068ce69af} <Debug> JoiningTransform: After join block: 'student_id String String(size = 0), full_name String String(size = 0), group_code String String(size = 0), gpa Float32 Float32(size = 0), grade UInt8 UInt8(size = 0)'
2026.03.18 22:27:29.292961 [ 44 ] {78647ebb-4ebe-44d6-b7e1-52065be27ab0} <Debug> test.grades_local (7b83862b-cceb-45e9-8ab9-cc0189ed0327) (SelectExecutor): Reading approx. 1710 rows with 4 streams
2026.03.18 22:27:29.293310 [ 45 ] {ceb070f3-580b-4bdf-ad87-a8f068ce69af} <Debug> test.students_local (adcc615b-4a80-499d-a267-5ed2e1cff73a) (SelectExecutor): Key condition: unknown
2026.03.18 22:27:29.293326 [ 45 ] {ceb070f3-580b-4bdf-ad87-a8f068ce69af} <Debug> test.students_local (adcc615b-4a80-499d-a267-5ed2e1cff73a) (SelectExecutor): MinMax index condition: unknown
2026.03.18 22:27:29.294502 [ 45 ] {ceb070f3-580b-4bdf-ad87-a8f068ce69af} <Debug> test.students_local (adcc615b-4a80-499d-a267-5ed2e1cff73a) (SelectExecutor): Selected 4/4 parts by partition key, 4 parts by primary key, 4/4 marks by primary key, 4 marks to read from 4 ranges
2026.03.18 22:27:29.294514 [ 45 ] {ceb070f3-580b-4bdf-ad87-a8f068ce69af} <Trace> test.students_local (adcc615b-4a80-499d-a267-5ed2e1cff73a) (SelectExecutor): Spreading mark ranges among streams (default reading)
2026.03.18 22:27:29.294544 [ 45 ] {ceb070f3-580b-4bdf-ad87-a8f068ce69af} <Debug> MergeTreeReadPool: min_marks_for_concurrent_read=24
2026.03.18 22:27:29.294552 [ 45 ] {ceb070f3-580b-4bdf-ad87-a8f068ce69af} <Debug> test.students_local (adcc615b-4a80-499d-a267-5ed2e1cff73a) (SelectExecutor): Reading approx. 348 rows with 4 streams
2026.03.18 22:27:29.294643 [ 45 ] {ceb070f3-580b-4bdf-ad87-a8f068ce69af} <Debug> test.grades_local (7b83862b-cceb-45e9-8ab9-cc0189ed0327) (SelectExecutor): Key condition: unknown
2026.03.18 22:27:29.294678 [ 45 ] {ceb070f3-580b-4bdf-ad87-a8f068ce69af} <Debug> test.grades_local (7b83862b-cceb-45e9-8ab9-cc0189ed0327) (SelectExecutor): MinMax index condition: unknown
2026.03.18 22:27:29.298669 [ 45 ] {ceb070f3-580b-4bdf-ad87-a8f068ce69af} <Debug> test.grades_local (7b83862b-cceb-45e9-8ab9-cc0189ed0327) (SelectExecutor): Selected 27/27 parts by partition key, 27 parts by primary key, 27/27 marks by primary key, 27 marks to read from 27 ranges
2026.03.18 22:27:29.298689 [ 45 ] {ceb070f3-580b-4bdf-ad87-a8f068ce69af} <Trace> test.grades_local (7b83862b-cceb-45e9-8ab9-cc0189ed0327) (SelectExecutor): Spreading mark ranges among streams (default reading)
2026.03.18 22:27:29.300083 [ 45 ] {ceb070f3-580b-4bdf-ad87-a8f068ce69af} <Debug> MergeTreeReadPool: min_marks_for_concurrent_read=24
2026.03.18 22:27:29.300107 [ 45 ] {ceb070f3-580b-4bdf-ad87-a8f068ce69af} <Debug> test.grades_local (7b83862b-cceb-45e9-8ab9-cc0189ed0327) (SelectExecutor): Reading approx. 1710 rows with 4 streams
2026.03.18 22:27:29.300388 [ 45 ] {ceb070f3-580b-4bdf-ad87-a8f068ce69af} <Debug> JoiningTransform: Before join block: 'student_id String String(size = 0), full_name String String(size = 0), group_code String String(size = 0), gpa Float32 Float32(size = 0)'
2026.03.18 22:27:29.300403 [ 45 ] {ceb070f3-580b-4bdf-ad87-a8f068ce69af} <Debug> JoiningTransform: After join block: 'student_id String String(size = 0), full_name String String(size = 0), group_code String String(size = 0), gpa Float32 Float32(size = 0), grade UInt8 UInt8(size = 0)'
2026.03.18 22:27:29.300493 [ 44 ] {78647ebb-4ebe-44d6-b7e1-52065be27ab0} <Debug> executeQuery: Read 1710 rows, 28.39 KiB in 0.012649 sec., 135188.5524547395 rows/sec., 2.19 MiB/sec.
2026.03.18 22:27:29.300555 [ 44 ] {78647ebb-4ebe-44d6-b7e1-52065be27ab0} <Debug> MemoryTracker: Peak memory usage (for query): 141.50 KiB.
2026.03.18 22:27:29.300559 [ 44 ] {78647ebb-4ebe-44d6-b7e1-52065be27ab0} <Debug> TCPHandler: Processed in 0.01288233 sec.
2026.03.18 22:27:29.305008 [ 298 ] {ceb070f3-580b-4bdf-ad87-a8f068ce69af} <Debug> Connection (clickhouse-node1:9000): Sent data for 2 scalars, total 2 rows in 0.000329565 sec., 6059 rows/sec., 68.00 B (201.18 KiB/sec.), compressed 0.4594594594594595 times to 148.00 B (437.75 KiB/sec.)
2026.03.18 22:27:29.305053 [ 296 ] {ceb070f3-580b-4bdf-ad87-a8f068ce69af} <Debug> Connection (clickhouse-node3:9000): Sent data for 2 scalars, total 2 rows in 0.000851418 sec., 2348 rows/sec., 68.00 B (77.97 KiB/sec.), compressed 0.4594594594594595 times to 148.00 B (169.69 KiB/sec.)
2026.03.18 22:27:29.305539 [ 46 ] {} <Trace> TCP-Session: 65783e75-eca7-4fbd-9be1-cd69a0396d9e Creating query context from session context, user_id: 94309d50-4f52-5250-31bd-74fecac179db, parent context user: default
2026.03.18 22:27:29.305629 [ 46 ] {28f1538d-9185-49d9-8bc9-84e1d33e6fa2} <Debug> executeQuery: (from 172.18.0.5:41594, initial_query_id: 2fed5a79-4c5d-443d-875f-949b6f0b1ad3) SELECT `student_id`, `grade` FROM `test`.`grades_local` (stage: Complete)
2026.03.18 22:27:29.305788 [ 46 ] {28f1538d-9185-49d9-8bc9-84e1d33e6fa2} <Trace> ContextAccess (default): Access granted: SELECT(student_id, grade) ON test.grades_local
2026.03.18 22:27:29.305808 [ 46 ] {28f1538d-9185-49d9-8bc9-84e1d33e6fa2} <Trace> InterpreterSelectQuery: FetchColumns -> Complete
2026.03.18 22:27:29.305851 [ 46 ] {28f1538d-9185-49d9-8bc9-84e1d33e6fa2} <Debug> test.grades_local (7b83862b-cceb-45e9-8ab9-cc0189ed0327) (SelectExecutor): Key condition: unknown
2026.03.18 22:27:29.305892 [ 46 ] {28f1538d-9185-49d9-8bc9-84e1d33e6fa2} <Debug> test.grades_local (7b83862b-cceb-45e9-8ab9-cc0189ed0327) (SelectExecutor): MinMax index condition: unknown
2026.03.18 22:27:29.306983 [ 46 ] {28f1538d-9185-49d9-8bc9-84e1d33e6fa2} <Debug> test.grades_local (7b83862b-cceb-45e9-8ab9-cc0189ed0327) (SelectExecutor): Selected 27/27 parts by partition key, 27 parts by primary key, 27/27 marks by primary key, 27 marks to read from 27 ranges
2026.03.18 22:27:29.307003 [ 46 ] {28f1538d-9185-49d9-8bc9-84e1d33e6fa2} <Trace> test.grades_local (7b83862b-cceb-45e9-8ab9-cc0189ed0327) (SelectExecutor): Spreading mark ranges among streams (default reading)
2026.03.18 22:27:29.307389 [ 46 ] {28f1538d-9185-49d9-8bc9-84e1d33e6fa2} <Debug> MergeTreeReadPool: min_marks_for_concurrent_read=24
2026.03.18 22:27:29.307403 [ 46 ] {28f1538d-9185-49d9-8bc9-84e1d33e6fa2} <Debug> test.grades_local (7b83862b-cceb-45e9-8ab9-cc0189ed0327) (SelectExecutor): Reading approx. 1710 rows with 4 streams
2026.03.18 22:27:29.319314 [ 300 ] {ceb070f3-580b-4bdf-ad87-a8f068ce69af} <Trace> AggregatingTransform: Aggregating
2026.03.18 22:27:29.319330 [ 300 ] {ceb070f3-580b-4bdf-ad87-a8f068ce69af} <Trace> Aggregator: Aggregation method: serialized
2026.03.18 22:27:29.319535 [ 298 ] {ceb070f3-580b-4bdf-ad87-a8f068ce69af} <Trace> AggregatingTransform: Aggregating
2026.03.18 22:27:29.319543 [ 298 ] {ceb070f3-580b-4bdf-ad87-a8f068ce69af} <Trace> Aggregator: Aggregation method: serialized
2026.03.18 22:27:29.319659 [ 300 ] {ceb070f3-580b-4bdf-ad87-a8f068ce69af} <Trace> AggregatingTransform: Aggregated. 835 to 172 rows (from 77.36 KiB) in 0.019096135 sec. (43726.126 rows/sec., 3.96 MiB/sec.)
2026.03.18 22:27:29.319671 [ 300 ] {ceb070f3-580b-4bdf-ad87-a8f068ce69af} <Trace> AggregatingTransform: Aggregated. 0 to 0 rows (from 0.00 B) in 0.019104711 sec. (0.000 rows/sec., 0.00 B/sec.)
2026.03.18 22:27:29.319687 [ 301 ] {ceb070f3-580b-4bdf-ad87-a8f068ce69af} <Trace> AggregatingTransform: Aggregated. 0 to 0 rows (from 0.00 B) in 0.019135538 sec. (0.000 rows/sec., 0.00 B/sec.)
2026.03.18 22:27:29.319768 [ 298 ] {ceb070f3-580b-4bdf-ad87-a8f068ce69af} <Trace> AggregatingTransform: Aggregated. 875 to 172 rows (from 80.71 KiB) in 0.019197555 sec. (45578.721 rows/sec., 4.11 MiB/sec.)
2026.03.18 22:27:29.319775 [ 298 ] {ceb070f3-580b-4bdf-ad87-a8f068ce69af} <Trace> Aggregator: Merging aggregated data
2026.03.18 22:27:29.319780 [ 298 ] {ceb070f3-580b-4bdf-ad87-a8f068ce69af} <Trace> Aggregator: Statistics updated for key=8589799312961776098: new sum_of_sizes=344, median_size=172
2026.03.18 22:27:29.321434 [ 45 ] {ceb070f3-580b-4bdf-ad87-a8f068ce69af} <Debug> executeQuery: Read 5348 rows, 114.73 KiB in 0.033861 sec., 157939.8127639467 rows/sec., 3.31 MiB/sec.
2026.03.18 22:27:29.322117 [ 45 ] {ceb070f3-580b-4bdf-ad87-a8f068ce69af} <Trace> HashJoin: (0x764b0283ba18) Join data is being destroyed, 475392 bytes and 995 rows in hash table
2026.03.18 22:27:29.322220 [ 45 ] {ceb070f3-580b-4bdf-ad87-a8f068ce69af} <Debug> MemoryTracker: Peak memory usage (for query): 1.43 MiB.
2026.03.18 22:27:29.322225 [ 45 ] {ceb070f3-580b-4bdf-ad87-a8f068ce69af} <Debug> TCPHandler: Processed in 0.034923119 sec.
2026.03.18 22:27:29.322808 [ 46 ] {28f1538d-9185-49d9-8bc9-84e1d33e6fa2} <Debug> executeQuery: Read 1710 rows, 28.39 KiB in 0.017194 sec., 99453.2976619751 rows/sec., 1.61 MiB/sec.
2026.03.18 22:27:29.322866 [ 46 ] {28f1538d-9185-49d9-8bc9-84e1d33e6fa2} <Debug> MemoryTracker: Peak memory usage (for query): 134.19 KiB.
2026.03.18 22:27:29.322870 [ 46 ] {28f1538d-9185-49d9-8bc9-84e1d33e6fa2} <Debug> TCPHandler: Processed in 0.017379431 sec.
2026.03.18 22:27:30.033487 [ 290 ] {} <Trace> AsynchronousMetrics: MemoryTracking: was 409.14 MiB, peak 411.43 MiB, free memory in arenas 5.28 MiB, will set to 410.29 MiB (RSS), difference: 1.14 MiB
2026.03.18 22:27:32.039252 [ 290 ] {} <Trace> AsynchronousMetrics: Update heavy metrics. Update period 1 sec. Update heavy metrics period 120 sec. Heavy metrics calculation elapsed: 0.000196697 sec.
2026.03.18 22:27:35.699217 [ 44 ] {} <Trace> TCP-Session: 8fc074fa-5538-41aa-8316-8045d171ab08 Creating query context from session context, user_id: 94309d50-4f52-5250-31bd-74fecac179db, parent context user: default
2026.03.18 22:27:35.699398 [ 44 ] {106d8e8d-9814-41a9-a134-9fe9e4688c75} <Debug> executeQuery: (from 172.18.0.6:57708, initial_query_id: ec887414-5747-4844-bad9-1b5255b4f573) SELECT `group_code`, `course_code`, `teacher_id` FROM `test`.`schedule_local` (stage: Complete)
2026.03.18 22:27:35.700604 [ 44 ] {106d8e8d-9814-41a9-a134-9fe9e4688c75} <Trace> ContextAccess (default): Access granted: SELECT(group_code, course_code, teacher_id) ON test.schedule_local
2026.03.18 22:27:35.700652 [ 44 ] {106d8e8d-9814-41a9-a134-9fe9e4688c75} <Trace> InterpreterSelectQuery: FetchColumns -> Complete
2026.03.18 22:27:35.700733 [ 44 ] {106d8e8d-9814-41a9-a134-9fe9e4688c75} <Debug> test.schedule_local (c5a236a4-b19d-49e9-bdcd-89504d35b521) (SelectExecutor): Key condition: unknown
2026.03.18 22:27:35.700747 [ 44 ] {106d8e8d-9814-41a9-a134-9fe9e4688c75} <Debug> test.schedule_local (c5a236a4-b19d-49e9-bdcd-89504d35b521) (SelectExecutor): MinMax index condition: unknown
2026.03.18 22:27:35.702124 [ 44 ] {106d8e8d-9814-41a9-a134-9fe9e4688c75} <Debug> test.schedule_local (c5a236a4-b19d-49e9-bdcd-89504d35b521) (SelectExecutor): Selected 6/6 parts by partition key, 6 parts by primary key, 6/6 marks by primary key, 6 marks to read from 6 ranges
2026.03.18 22:27:35.702143 [ 44 ] {106d8e8d-9814-41a9-a134-9fe9e4688c75} <Trace> test.schedule_local (c5a236a4-b19d-49e9-bdcd-89504d35b521) (SelectExecutor): Spreading mark ranges among streams (default reading)
2026.03.18 22:27:35.702207 [ 44 ] {106d8e8d-9814-41a9-a134-9fe9e4688c75} <Debug> MergeTreeReadPool: min_marks_for_concurrent_read=24
2026.03.18 22:27:35.702220 [ 44 ] {106d8e8d-9814-41a9-a134-9fe9e4688c75} <Debug> test.schedule_local (c5a236a4-b19d-49e9-bdcd-89504d35b521) (SelectExecutor): Reading approx. 189 rows with 4 streams
2026.03.18 22:27:35.703467 [ 45 ] {} <Trace> TCP-Session: b2406912-b07d-45fb-940b-fca8aff1d37b Creating query context from session context, user_id: 94309d50-4f52-5250-31bd-74fecac179db, parent context user: default
2026.03.18 22:27:35.704067 [ 45 ] {3a80db9e-a5c1-49f3-9fc9-648443aa62fc} <Debug> executeQuery: (from 172.18.0.6:55674, initial_query_id: ec887414-5747-4844-bad9-1b5255b4f573) SELECT `t`.`full_name`, `t`.`position`, uniqExact(`s`.`course_code`) AS `courses`, uniqExact(`s`.`group_code`) AS `groups` FROM `test`.`teachers_local` AS `t` ALL INNER JOIN `test`.`schedule` AS `s` ON `t`.`teacher_id` = `s`.`teacher_id` GROUP BY `t`.`full_name`, `t`.`position` ORDER BY `courses` DESC LIMIT 15 (stage: WithMergeableState)
2026.03.18 22:27:35.705303 [ 45 ] {3a80db9e-a5c1-49f3-9fc9-648443aa62fc} <Trace> ContextAccess (default): Access granted: SELECT(group_code, course_code, teacher_id) ON test.schedule
2026.03.18 22:27:35.705377 [ 45 ] {3a80db9e-a5c1-49f3-9fc9-648443aa62fc} <Trace> ContextAccess (default): Access granted: SELECT(group_code, course_code, teacher_id) ON test.schedule
2026.03.18 22:27:35.705586 [ 44 ] {106d8e8d-9814-41a9-a134-9fe9e4688c75} <Debug> executeQuery: Read 189 rows, 8.46 KiB in 0.006147 sec., 30746.70571010249 rows/sec., 1.34 MiB/sec.
2026.03.18 22:27:35.705720 [ 44 ] {106d8e8d-9814-41a9-a134-9fe9e4688c75} <Debug> TCPHandler: Processed in 0.00772597 sec.
2026.03.18 22:27:35.705873 [ 45 ] {3a80db9e-a5c1-49f3-9fc9-648443aa62fc} <Trace> ContextAccess (default): Access granted: SELECT(group_code, course_code, teacher_id) ON test.schedule_local
2026.03.18 22:27:35.705898 [ 45 ] {3a80db9e-a5c1-49f3-9fc9-648443aa62fc} <Trace> InterpreterSelectQuery: FetchColumns -> Complete
2026.03.18 22:27:35.705930 [ 45 ] {3a80db9e-a5c1-49f3-9fc9-648443aa62fc} <Trace> InterpreterSelectQuery: Complete -> Complete
2026.03.18 22:27:35.705971 [ 45 ] {3a80db9e-a5c1-49f3-9fc9-648443aa62fc} <Debug> HashJoin: (0x764b03451918) Datatype: EMPTY, kind: Inner, strictness: All, right header: s.teacher_id String String(size = 0), course_code String String(size = 0), group_code String String(size = 0)
2026.03.18 22:27:35.705977 [ 45 ] {3a80db9e-a5c1-49f3-9fc9-648443aa62fc} <Debug> HashJoin: (0x764b03451918) Keys: [(teacher_id) = (s.teacher_id)]
2026.03.18 22:27:35.706020 [ 45 ] {3a80db9e-a5c1-49f3-9fc9-648443aa62fc} <Trace> ContextAccess (default): Access granted: SELECT(teacher_id, full_name, position) ON test.teachers_local
2026.03.18 22:27:35.706043 [ 45 ] {3a80db9e-a5c1-49f3-9fc9-648443aa62fc} <Trace> InterpreterSelectQuery: FetchColumns -> WithMergeableState
2026.03.18 22:27:35.706054 [ 45 ] {3a80db9e-a5c1-49f3-9fc9-648443aa62fc} <Debug> JoiningTransform: Before join block: 'teacher_id String String(size = 0), full_name String String(size = 0), position String String(size = 0)'
2026.03.18 22:27:35.706070 [ 45 ] {3a80db9e-a5c1-49f3-9fc9-648443aa62fc} <Debug> JoiningTransform: After join block: 'teacher_id String String(size = 0), full_name String String(size = 0), position String String(size = 0), course_code String String(size = 0), group_code String String(size = 0)'
2026.03.18 22:27:35.706196 [ 45 ] {3a80db9e-a5c1-49f3-9fc9-648443aa62fc} <Debug> test.teachers_local (e100a84f-1a8b-456d-baae-1ca19e5e5ecb) (SelectExecutor): Key condition: unknown
2026.03.18 22:27:35.706210 [ 45 ] {3a80db9e-a5c1-49f3-9fc9-648443aa62fc} <Debug> test.teachers_local (e100a84f-1a8b-456d-baae-1ca19e5e5ecb) (SelectExecutor): MinMax index condition: unknown
2026.03.18 22:27:35.707889 [ 45 ] {3a80db9e-a5c1-49f3-9fc9-648443aa62fc} <Debug> test.teachers_local (e100a84f-1a8b-456d-baae-1ca19e5e5ecb) (SelectExecutor): Selected 9/9 parts by partition key, 9 parts by primary key, 9/9 marks by primary key, 9 marks to read from 9 ranges
2026.03.18 22:27:35.707903 [ 45 ] {3a80db9e-a5c1-49f3-9fc9-648443aa62fc} <Trace> test.teachers_local (e100a84f-1a8b-456d-baae-1ca19e5e5ecb) (SelectExecutor): Spreading mark ranges among streams (default reading)
2026.03.18 22:27:35.707950 [ 45 ] {3a80db9e-a5c1-49f3-9fc9-648443aa62fc} <Debug> MergeTreeReadPool: min_marks_for_concurrent_read=24
2026.03.18 22:27:35.707957 [ 45 ] {3a80db9e-a5c1-49f3-9fc9-648443aa62fc} <Debug> test.teachers_local (e100a84f-1a8b-456d-baae-1ca19e5e5ecb) (SelectExecutor): Reading approx. 30 rows with 4 streams
2026.03.18 22:27:35.708017 [ 45 ] {3a80db9e-a5c1-49f3-9fc9-648443aa62fc} <Debug> test.schedule_local (c5a236a4-b19d-49e9-bdcd-89504d35b521) (SelectExecutor): Key condition: unknown
2026.03.18 22:27:35.708027 [ 45 ] {3a80db9e-a5c1-49f3-9fc9-648443aa62fc} <Debug> test.schedule_local (c5a236a4-b19d-49e9-bdcd-89504d35b521) (SelectExecutor): MinMax index condition: unknown
2026.03.18 22:27:35.709367 [ 45 ] {3a80db9e-a5c1-49f3-9fc9-648443aa62fc} <Debug> test.schedule_local (c5a236a4-b19d-49e9-bdcd-89504d35b521) (SelectExecutor): Selected 6/6 parts by partition key, 6 parts by primary key, 6/6 marks by primary key, 6 marks to read from 6 ranges
2026.03.18 22:27:35.709381 [ 45 ] {3a80db9e-a5c1-49f3-9fc9-648443aa62fc} <Trace> test.schedule_local (c5a236a4-b19d-49e9-bdcd-89504d35b521) (SelectExecutor): Spreading mark ranges among streams (default reading)
2026.03.18 22:27:35.709422 [ 45 ] {3a80db9e-a5c1-49f3-9fc9-648443aa62fc} <Debug> MergeTreeReadPool: min_marks_for_concurrent_read=24
2026.03.18 22:27:35.709429 [ 45 ] {3a80db9e-a5c1-49f3-9fc9-648443aa62fc} <Debug> test.schedule_local (c5a236a4-b19d-49e9-bdcd-89504d35b521) (SelectExecutor): Reading approx. 189 rows with 4 streams
2026.03.18 22:27:35.709509 [ 45 ] {3a80db9e-a5c1-49f3-9fc9-648443aa62fc} <Debug> JoiningTransform: Before join block: 'teacher_id String String(size = 0), full_name String String(size = 0), position String String(size = 0)'
2026.03.18 22:27:35.709540 [ 45 ] {3a80db9e-a5c1-49f3-9fc9-648443aa62fc} <Debug> JoiningTransform: After join block: 'teacher_id String String(size = 0), full_name String String(size = 0), position String String(size = 0), course_code String String(size = 0), group_code String String(size = 0)'
2026.03.18 22:27:35.710954 [ 300 ] {3a80db9e-a5c1-49f3-9fc9-648443aa62fc} <Debug> Connection (clickhouse-node1:9000): Sent data for 2 scalars, total 2 rows in 3.9884e-05 sec., 49831 rows/sec., 68.00 B (1.61 MiB/sec.), compressed 0.4594594594594595 times to 148.00 B (3.51 MiB/sec.)
2026.03.18 22:27:35.712298 [ 297 ] {3a80db9e-a5c1-49f3-9fc9-648443aa62fc} <Debug> Connection (clickhouse-node3:9000): Sent data for 2 scalars, total 2 rows in 4.6567e-05 sec., 42419 rows/sec., 68.00 B (1.37 MiB/sec.), compressed 0.4594594594594595 times to 148.00 B (2.99 MiB/sec.)
2026.03.18 22:27:35.714450 [ 46 ] {} <Trace> TCP-Session: 65783e75-eca7-4fbd-9be1-cd69a0396d9e Creating query context from session context, user_id: 94309d50-4f52-5250-31bd-74fecac179db, parent context user: default
2026.03.18 22:27:35.714556 [ 46 ] {5ca56deb-d65a-4ce0-9953-e2b5c53a4818} <Debug> executeQuery: (from 172.18.0.5:41594, initial_query_id: ec887414-5747-4844-bad9-1b5255b4f573) SELECT `group_code`, `course_code`, `teacher_id` FROM `test`.`schedule_local` (stage: Complete)
2026.03.18 22:27:35.714964 [ 46 ] {5ca56deb-d65a-4ce0-9953-e2b5c53a4818} <Trace> ContextAccess (default): Access granted: SELECT(group_code, course_code, teacher_id) ON test.schedule_local
2026.03.18 22:27:35.714988 [ 46 ] {5ca56deb-d65a-4ce0-9953-e2b5c53a4818} <Trace> InterpreterSelectQuery: FetchColumns -> Complete
2026.03.18 22:27:35.715036 [ 46 ] {5ca56deb-d65a-4ce0-9953-e2b5c53a4818} <Debug> test.schedule_local (c5a236a4-b19d-49e9-bdcd-89504d35b521) (SelectExecutor): Key condition: unknown
2026.03.18 22:27:35.715044 [ 46 ] {5ca56deb-d65a-4ce0-9953-e2b5c53a4818} <Debug> test.schedule_local (c5a236a4-b19d-49e9-bdcd-89504d35b521) (SelectExecutor): MinMax index condition: unknown
2026.03.18 22:27:35.717049 [ 46 ] {5ca56deb-d65a-4ce0-9953-e2b5c53a4818} <Debug> test.schedule_local (c5a236a4-b19d-49e9-bdcd-89504d35b521) (SelectExecutor): Selected 6/6 parts by partition key, 6 parts by primary key, 6/6 marks by primary key, 6 marks to read from 6 ranges
2026.03.18 22:27:35.717061 [ 46 ] {5ca56deb-d65a-4ce0-9953-e2b5c53a4818} <Trace> test.schedule_local (c5a236a4-b19d-49e9-bdcd-89504d35b521) (SelectExecutor): Spreading mark ranges among streams (default reading)
2026.03.18 22:27:35.717096 [ 46 ] {5ca56deb-d65a-4ce0-9953-e2b5c53a4818} <Debug> MergeTreeReadPool: min_marks_for_concurrent_read=24
2026.03.18 22:27:35.717103 [ 46 ] {5ca56deb-d65a-4ce0-9953-e2b5c53a4818} <Debug> test.schedule_local (c5a236a4-b19d-49e9-bdcd-89504d35b521) (SelectExecutor): Reading approx. 189 rows with 4 streams
2026.03.18 22:27:35.720399 [ 46 ] {5ca56deb-d65a-4ce0-9953-e2b5c53a4818} <Debug> executeQuery: Read 189 rows, 8.46 KiB in 0.005863 sec., 32236.056626300528 rows/sec., 1.41 MiB/sec.
2026.03.18 22:27:35.720438 [ 46 ] {5ca56deb-d65a-4ce0-9953-e2b5c53a4818} <Debug> TCPHandler: Processed in 0.006034834 sec.
2026.03.18 22:27:35.722466 [ 297 ] {3a80db9e-a5c1-49f3-9fc9-648443aa62fc} <Trace> AggregatingTransform: Aggregating
2026.03.18 22:27:35.722501 [ 297 ] {3a80db9e-a5c1-49f3-9fc9-648443aa62fc} <Trace> Aggregator: Aggregation method: serialized
2026.03.18 22:27:35.722537 [ 302 ] {3a80db9e-a5c1-49f3-9fc9-648443aa62fc} <Trace> AggregatingTransform: Aggregating
2026.03.18 22:27:35.722546 [ 302 ] {3a80db9e-a5c1-49f3-9fc9-648443aa62fc} <Trace> Aggregator: Aggregation method: serialized
2026.03.18 22:27:35.722625 [ 298 ] {3a80db9e-a5c1-49f3-9fc9-648443aa62fc} <Trace> AggregatingTransform: Aggregating
2026.03.18 22:27:35.722634 [ 298 ] {3a80db9e-a5c1-49f3-9fc9-648443aa62fc} <Trace> Aggregator: Aggregation method: serialized
2026.03.18 22:27:35.722681 [ 296 ] {3a80db9e-a5c1-49f3-9fc9-648443aa62fc} <Trace> AggregatingTransform: Aggregating
2026.03.18 22:27:35.722692 [ 297 ] {3a80db9e-a5c1-49f3-9fc9-648443aa62fc} <Trace> AggregatingTransform: Aggregated. 93 to 8 rows (from 11.22 KiB) in 0.013051816 sec. (7125.445 rows/sec., 859.63 KiB/sec.)
2026.03.18 22:27:35.722694 [ 302 ] {3a80db9e-a5c1-49f3-9fc9-648443aa62fc} <Trace> AggregatingTransform: Aggregated. 104 to 7 rows (from 12.14 KiB) in 0.013050392 sec. (7969.109 rows/sec., 930.29 KiB/sec.)
2026.03.18 22:27:35.722715 [ 296 ] {3a80db9e-a5c1-49f3-9fc9-648443aa62fc} <Trace> Aggregator: Aggregation method: serialized
2026.03.18 22:27:35.722719 [ 298 ] {3a80db9e-a5c1-49f3-9fc9-648443aa62fc} <Trace> AggregatingTransform: Aggregated. 98 to 9 rows (from 11.78 KiB) in 0.01307112 sec. (7497.445 rows/sec., 901.32 KiB/sec.)
2026.03.18 22:27:35.722727 [ 296 ] {3a80db9e-a5c1-49f3-9fc9-648443aa62fc} <Trace> AggregatingTransform: Aggregated. 8 to 2 rows (from 962.00 B) in 0.013076391 sec. (611.790 rows/sec., 71.84 KiB/sec.)
2026.03.18 22:27:35.722730 [ 296 ] {3a80db9e-a5c1-49f3-9fc9-648443aa62fc} <Trace> Aggregator: Merging aggregated data
2026.03.18 22:27:35.722734 [ 296 ] {3a80db9e-a5c1-49f3-9fc9-648443aa62fc} <Trace> Aggregator: Statistics updated for key=6451855701582130716: new sum_of_sizes=26, median_size=8
2026.03.18 22:27:35.724376 [ 45 ] {3a80db9e-a5c1-49f3-9fc9-648443aa62fc} <Debug> executeQuery: Read 1030 rows, 47.37 KiB in 0.020804 sec., 49509.709671217075 rows/sec., 2.22 MiB/sec.
2026.03.18 22:27:35.724605 [ 45 ] {3a80db9e-a5c1-49f3-9fc9-648443aa62fc} <Trace> HashJoin: (0x764b03451918) Join data is being destroyed, 105216 bytes and 100 rows in hash table
2026.03.18 22:27:35.724663 [ 45 ] {3a80db9e-a5c1-49f3-9fc9-648443aa62fc} <Debug> MemoryTracker: Peak memory usage (for query): 991.37 KiB.
2026.03.18 22:27:35.724667 [ 45 ] {3a80db9e-a5c1-49f3-9fc9-648443aa62fc} <Debug> TCPHandler: Processed in 0.021262818 sec.
2026.03.18 22:27:35.840174 [ 89 ] {} <Debug> DNSResolver: Updating DNS cache
2026.03.18 22:27:35.841482 [ 89 ] {} <Debug> DNSResolver: Updated DNS cache
2026.03.18 22:27:38.964168 [ 44 ] {} <Trace> TCP-Session: 8fc074fa-5538-41aa-8316-8045d171ab08 Creating query context from session context, user_id: 94309d50-4f52-5250-31bd-74fecac179db, parent context user: default
2026.03.18 22:27:38.964355 [ 44 ] {fe78950c-7a33-487a-bf0a-60a89c2183a1} <Debug> executeQuery: (from 172.18.0.6:57708, initial_query_id: a605278e-4810-429e-8b7b-e3fea247dabe) SELECT `student_id`, `grade` FROM `test`.`grades_local` (stage: Complete)
2026.03.18 22:27:38.964536 [ 44 ] {fe78950c-7a33-487a-bf0a-60a89c2183a1} <Trace> ContextAccess (default): Access granted: SELECT(student_id, grade) ON test.grades_local
2026.03.18 22:27:38.964565 [ 44 ] {fe78950c-7a33-487a-bf0a-60a89c2183a1} <Trace> InterpreterSelectQuery: FetchColumns -> Complete
2026.03.18 22:27:38.964639 [ 44 ] {fe78950c-7a33-487a-bf0a-60a89c2183a1} <Debug> test.grades_local (7b83862b-cceb-45e9-8ab9-cc0189ed0327) (SelectExecutor): Key condition: unknown
2026.03.18 22:27:38.964667 [ 44 ] {fe78950c-7a33-487a-bf0a-60a89c2183a1} <Debug> test.grades_local (7b83862b-cceb-45e9-8ab9-cc0189ed0327) (SelectExecutor): MinMax index condition: unknown
2026.03.18 22:27:38.964927 [ 45 ] {} <Trace> TCP-Session: b2406912-b07d-45fb-940b-fca8aff1d37b Creating query context from session context, user_id: 94309d50-4f52-5250-31bd-74fecac179db, parent context user: default
2026.03.18 22:27:38.965097 [ 45 ] {ea9d6f9a-3923-4cae-8bef-4a51189607c6} <Debug> executeQuery: (from 172.18.0.6:55674, initial_query_id: a605278e-4810-429e-8b7b-e3fea247dabe) SELECT `s`.`group_code`, uniqExact(`s`.`student_id`) AS `students`, round(avg(`g`.`grade`), 2) AS `avg_grade`, round(avg(`s`.`gpa`), 2) AS `avg_gpa` FROM `test`.`students_local` AS `s` ALL LEFT JOIN `test`.`grades` AS `g` ON `s`.`student_id` = `g`.`student_id` GROUP BY `s`.`group_code` HAVING uniqExact(`s`.`student_id`) > 0 ORDER BY `avg_grade` DESC LIMIT 15 (stage: WithMergeableState)
2026.03.18 22:27:38.965686 [ 45 ] {ea9d6f9a-3923-4cae-8bef-4a51189607c6} <Trace> ContextAccess (default): Access granted: SELECT(student_id, grade) ON test.grades
2026.03.18 22:27:38.965745 [ 45 ] {ea9d6f9a-3923-4cae-8bef-4a51189607c6} <Trace> ContextAccess (default): Access granted: SELECT(student_id, grade) ON test.grades
2026.03.18 22:27:38.965831 [ 45 ] {ea9d6f9a-3923-4cae-8bef-4a51189607c6} <Trace> ContextAccess (default): Access granted: SELECT(student_id, grade) ON test.grades_local
2026.03.18 22:27:38.966058 [ 45 ] {ea9d6f9a-3923-4cae-8bef-4a51189607c6} <Trace> InterpreterSelectQuery: FetchColumns -> Complete
2026.03.18 22:27:38.966096 [ 45 ] {ea9d6f9a-3923-4cae-8bef-4a51189607c6} <Trace> InterpreterSelectQuery: Complete -> Complete
2026.03.18 22:27:38.966128 [ 45 ] {ea9d6f9a-3923-4cae-8bef-4a51189607c6} <Debug> HashJoin: (0x764b04e2d318) Datatype: EMPTY, kind: Left, strictness: All, right header: g.student_id String String(size = 0), grade UInt8 UInt8(size = 0)
2026.03.18 22:27:38.966133 [ 45 ] {ea9d6f9a-3923-4cae-8bef-4a51189607c6} <Debug> HashJoin: (0x764b04e2d318) Keys: [(student_id) = (g.student_id)]
2026.03.18 22:27:38.966213 [ 45 ] {ea9d6f9a-3923-4cae-8bef-4a51189607c6} <Trace> ContextAccess (default): Access granted: SELECT(student_id, group_code, gpa) ON test.students_local
2026.03.18 22:27:38.966236 [ 45 ] {ea9d6f9a-3923-4cae-8bef-4a51189607c6} <Trace> InterpreterSelectQuery: FetchColumns -> WithMergeableState
2026.03.18 22:27:38.966258 [ 45 ] {ea9d6f9a-3923-4cae-8bef-4a51189607c6} <Debug> JoiningTransform: Before join block: 'student_id String String(size = 0), group_code String String(size = 0), gpa Float32 Float32(size = 0)'
2026.03.18 22:27:38.966270 [ 45 ] {ea9d6f9a-3923-4cae-8bef-4a51189607c6} <Debug> JoiningTransform: After join block: 'student_id String String(size = 0), group_code String String(size = 0), gpa Float32 Float32(size = 0), grade UInt8 UInt8(size = 0)'
2026.03.18 22:27:38.966365 [ 45 ] {ea9d6f9a-3923-4cae-8bef-4a51189607c6} <Debug> test.students_local (adcc615b-4a80-499d-a267-5ed2e1cff73a) (SelectExecutor): Key condition: unknown
2026.03.18 22:27:38.966375 [ 45 ] {ea9d6f9a-3923-4cae-8bef-4a51189607c6} <Debug> test.students_local (adcc615b-4a80-499d-a267-5ed2e1cff73a) (SelectExecutor): MinMax index condition: unknown
2026.03.18 22:27:38.966843 [ 45 ] {ea9d6f9a-3923-4cae-8bef-4a51189607c6} <Debug> test.students_local (adcc615b-4a80-499d-a267-5ed2e1cff73a) (SelectExecutor): Selected 4/4 parts by partition key, 4 parts by primary key, 4/4 marks by primary key, 4 marks to read from 4 ranges
2026.03.18 22:27:38.966858 [ 45 ] {ea9d6f9a-3923-4cae-8bef-4a51189607c6} <Trace> test.students_local (adcc615b-4a80-499d-a267-5ed2e1cff73a) (SelectExecutor): Spreading mark ranges among streams (default reading)
2026.03.18 22:27:38.966890 [ 45 ] {ea9d6f9a-3923-4cae-8bef-4a51189607c6} <Debug> MergeTreeReadPool: min_marks_for_concurrent_read=24
2026.03.18 22:27:38.966957 [ 45 ] {ea9d6f9a-3923-4cae-8bef-4a51189607c6} <Debug> test.students_local (adcc615b-4a80-499d-a267-5ed2e1cff73a) (SelectExecutor): Reading approx. 348 rows with 4 streams
2026.03.18 22:27:38.967032 [ 45 ] {ea9d6f9a-3923-4cae-8bef-4a51189607c6} <Debug> test.grades_local (7b83862b-cceb-45e9-8ab9-cc0189ed0327) (SelectExecutor): Key condition: unknown
2026.03.18 22:27:38.967067 [ 45 ] {ea9d6f9a-3923-4cae-8bef-4a51189607c6} <Debug> test.grades_local (7b83862b-cceb-45e9-8ab9-cc0189ed0327) (SelectExecutor): MinMax index condition: unknown
2026.03.18 22:27:38.967895 [ 44 ] {fe78950c-7a33-487a-bf0a-60a89c2183a1} <Debug> test.grades_local (7b83862b-cceb-45e9-8ab9-cc0189ed0327) (SelectExecutor): Selected 27/27 parts by partition key, 27 parts by primary key, 27/27 marks by primary key, 27 marks to read from 27 ranges
2026.03.18 22:27:38.968038 [ 44 ] {fe78950c-7a33-487a-bf0a-60a89c2183a1} <Trace> test.grades_local (7b83862b-cceb-45e9-8ab9-cc0189ed0327) (SelectExecutor): Spreading mark ranges among streams (default reading)
2026.03.18 22:27:38.968236 [ 44 ] {fe78950c-7a33-487a-bf0a-60a89c2183a1} <Debug> MergeTreeReadPool: min_marks_for_concurrent_read=24
2026.03.18 22:27:38.968254 [ 44 ] {fe78950c-7a33-487a-bf0a-60a89c2183a1} <Debug> test.grades_local (7b83862b-cceb-45e9-8ab9-cc0189ed0327) (SelectExecutor): Reading approx. 1710 rows with 4 streams
2026.03.18 22:27:38.968956 [ 45 ] {ea9d6f9a-3923-4cae-8bef-4a51189607c6} <Debug> test.grades_local (7b83862b-cceb-45e9-8ab9-cc0189ed0327) (SelectExecutor): Selected 27/27 parts by partition key, 27 parts by primary key, 27/27 marks by primary key, 27 marks to read from 27 ranges
2026.03.18 22:27:38.968973 [ 45 ] {ea9d6f9a-3923-4cae-8bef-4a51189607c6} <Trace> test.grades_local (7b83862b-cceb-45e9-8ab9-cc0189ed0327) (SelectExecutor): Spreading mark ranges among streams (default reading)
2026.03.18 22:27:38.969102 [ 45 ] {ea9d6f9a-3923-4cae-8bef-4a51189607c6} <Debug> MergeTreeReadPool: min_marks_for_concurrent_read=24
2026.03.18 22:27:38.969116 [ 45 ] {ea9d6f9a-3923-4cae-8bef-4a51189607c6} <Debug> test.grades_local (7b83862b-cceb-45e9-8ab9-cc0189ed0327) (SelectExecutor): Reading approx. 1710 rows with 4 streams
2026.03.18 22:27:38.969284 [ 45 ] {ea9d6f9a-3923-4cae-8bef-4a51189607c6} <Debug> JoiningTransform: Before join block: 'student_id String String(size = 0), group_code String String(size = 0), gpa Float32 Float32(size = 0)'
2026.03.18 22:27:38.969296 [ 45 ] {ea9d6f9a-3923-4cae-8bef-4a51189607c6} <Debug> JoiningTransform: After join block: 'student_id String String(size = 0), group_code String String(size = 0), gpa Float32 Float32(size = 0), grade UInt8 UInt8(size = 0)'
2026.03.18 22:27:38.974268 [ 299 ] {ea9d6f9a-3923-4cae-8bef-4a51189607c6} <Debug> Connection (clickhouse-node1:9000): Sent data for 2 scalars, total 2 rows in 4.0455e-05 sec., 49048 rows/sec., 68.00 B (1.59 MiB/sec.), compressed 0.4594594594594595 times to 148.00 B (3.46 MiB/sec.)
2026.03.18 22:27:38.976299 [ 299 ] {ea9d6f9a-3923-4cae-8bef-4a51189607c6} <Debug> Connection (clickhouse-node3:9000): Sent data for 2 scalars, total 2 rows in 9.1621e-05 sec., 21757 rows/sec., 68.00 B (722.18 KiB/sec.), compressed 0.4594594594594595 times to 148.00 B (1.53 MiB/sec.)
2026.03.18 22:27:38.977960 [ 44 ] {fe78950c-7a33-487a-bf0a-60a89c2183a1} <Debug> executeQuery: Read 1710 rows, 28.39 KiB in 0.013658 sec., 125201.3471957827 rows/sec., 2.03 MiB/sec.
2026.03.18 22:27:38.978035 [ 44 ] {fe78950c-7a33-487a-bf0a-60a89c2183a1} <Debug> MemoryTracker: Peak memory usage (for query): 136.34 KiB.
2026.03.18 22:27:38.978041 [ 44 ] {fe78950c-7a33-487a-bf0a-60a89c2183a1} <Debug> TCPHandler: Processed in 0.013949911 sec.
2026.03.18 22:27:38.980374 [ 46 ] {} <Trace> TCP-Session: 65783e75-eca7-4fbd-9be1-cd69a0396d9e Creating query context from session context, user_id: 94309d50-4f52-5250-31bd-74fecac179db, parent context user: default
2026.03.18 22:27:38.980464 [ 46 ] {3e1d997e-1ea2-4eec-98b9-aa8e482ec4c8} <Debug> executeQuery: (from 172.18.0.5:41594, initial_query_id: a605278e-4810-429e-8b7b-e3fea247dabe) SELECT `student_id`, `grade` FROM `test`.`grades_local` (stage: Complete)
2026.03.18 22:27:38.980786 [ 46 ] {3e1d997e-1ea2-4eec-98b9-aa8e482ec4c8} <Trace> ContextAccess (default): Access granted: SELECT(student_id, grade) ON test.grades_local
2026.03.18 22:27:38.980817 [ 46 ] {3e1d997e-1ea2-4eec-98b9-aa8e482ec4c8} <Trace> InterpreterSelectQuery: FetchColumns -> Complete
2026.03.18 22:27:38.980862 [ 46 ] {3e1d997e-1ea2-4eec-98b9-aa8e482ec4c8} <Debug> test.grades_local (7b83862b-cceb-45e9-8ab9-cc0189ed0327) (SelectExecutor): Key condition: unknown
2026.03.18 22:27:38.980879 [ 46 ] {3e1d997e-1ea2-4eec-98b9-aa8e482ec4c8} <Debug> test.grades_local (7b83862b-cceb-45e9-8ab9-cc0189ed0327) (SelectExecutor): MinMax index condition: unknown
2026.03.18 22:27:38.983111 [ 46 ] {3e1d997e-1ea2-4eec-98b9-aa8e482ec4c8} <Debug> test.grades_local (7b83862b-cceb-45e9-8ab9-cc0189ed0327) (SelectExecutor): Selected 27/27 parts by partition key, 27 parts by primary key, 27/27 marks by primary key, 27 marks to read from 27 ranges
2026.03.18 22:27:38.983133 [ 46 ] {3e1d997e-1ea2-4eec-98b9-aa8e482ec4c8} <Trace> test.grades_local (7b83862b-cceb-45e9-8ab9-cc0189ed0327) (SelectExecutor): Spreading mark ranges among streams (default reading)
2026.03.18 22:27:38.983222 [ 46 ] {3e1d997e-1ea2-4eec-98b9-aa8e482ec4c8} <Debug> MergeTreeReadPool: min_marks_for_concurrent_read=24
2026.03.18 22:27:38.983234 [ 46 ] {3e1d997e-1ea2-4eec-98b9-aa8e482ec4c8} <Debug> test.grades_local (7b83862b-cceb-45e9-8ab9-cc0189ed0327) (SelectExecutor): Reading approx. 1710 rows with 4 streams
2026.03.18 22:27:38.988529 [ 46 ] {3e1d997e-1ea2-4eec-98b9-aa8e482ec4c8} <Debug> executeQuery: Read 1710 rows, 28.39 KiB in 0.008081 sec., 211607.47432248486 rows/sec., 3.43 MiB/sec.
2026.03.18 22:27:38.988578 [ 46 ] {3e1d997e-1ea2-4eec-98b9-aa8e482ec4c8} <Debug> MemoryTracker: Peak memory usage (for query): 135.80 KiB.
2026.03.18 22:27:38.988582 [ 46 ] {3e1d997e-1ea2-4eec-98b9-aa8e482ec4c8} <Debug> TCPHandler: Processed in 0.008254733 sec.
2026.03.18 22:27:38.993451 [ 299 ] {ea9d6f9a-3923-4cae-8bef-4a51189607c6} <Trace> AggregatingTransform: Aggregating
2026.03.18 22:27:38.993591 [ 299 ] {ea9d6f9a-3923-4cae-8bef-4a51189607c6} <Trace> Aggregator: Aggregation method: key_string
2026.03.18 22:27:38.993747 [ 306 ] {ea9d6f9a-3923-4cae-8bef-4a51189607c6} <Trace> AggregatingTransform: Aggregating
2026.03.18 22:27:38.993772 [ 306 ] {ea9d6f9a-3923-4cae-8bef-4a51189607c6} <Trace> Aggregator: Aggregation method: key_string
2026.03.18 22:27:38.993782 [ 305 ] {ea9d6f9a-3923-4cae-8bef-4a51189607c6} <Trace> AggregatingTransform: Aggregating
2026.03.18 22:27:38.993806 [ 305 ] {ea9d6f9a-3923-4cae-8bef-4a51189607c6} <Trace> Aggregator: Aggregation method: key_string
2026.03.18 22:27:38.993809 [ 306 ] {ea9d6f9a-3923-4cae-8bef-4a51189607c6} <Trace> AggregatingTransform: Aggregated. 370 to 24 rows (from 13.73 KiB) in 0.024123081 sec. (15338.008 rows/sec., 569.18 KiB/sec.)
2026.03.18 22:27:38.993819 [ 306 ] {ea9d6f9a-3923-4cae-8bef-4a51189607c6} <Trace> AggregatingTransform: Aggregated. 0 to 0 rows (from 0.00 B) in 0.024123962 sec. (0.000 rows/sec., 0.00 B/sec.)
2026.03.18 22:27:38.993831 [ 305 ] {ea9d6f9a-3923-4cae-8bef-4a51189607c6} <Trace> AggregatingTransform: Aggregated. 443 to 25 rows (from 16.44 KiB) in 0.024226458 sec. (18285.793 rows/sec., 678.57 KiB/sec.)
2026.03.18 22:27:38.993981 [ 299 ] {ea9d6f9a-3923-4cae-8bef-4a51189607c6} <Trace> AggregatingTransform: Aggregated. 901 to 49 rows (from 33.44 KiB) in 0.024384362 sec. (36949.911 rows/sec., 1.34 MiB/sec.)
2026.03.18 22:27:38.993987 [ 299 ] {ea9d6f9a-3923-4cae-8bef-4a51189607c6} <Trace> Aggregator: Merging aggregated data
2026.03.18 22:27:38.993992 [ 299 ] {ea9d6f9a-3923-4cae-8bef-4a51189607c6} <Trace> Aggregator: Statistics updated for key=15350514525722223843: new sum_of_sizes=98, median_size=25
2026.03.18 22:27:38.995131 [ 45 ] {ea9d6f9a-3923-4cae-8bef-4a51189607c6} <Debug> executeQuery: Read 5348 rows, 95.58 KiB in 0.03012 sec., 177556.44090305443 rows/sec., 3.10 MiB/sec.
2026.03.18 22:27:38.995362 [ 45 ] {ea9d6f9a-3923-4cae-8bef-4a51189607c6} <Trace> HashJoin: (0x764b04e2d318) Join data is being destroyed, 475392 bytes and 995 rows in hash table
2026.03.18 22:27:38.995514 [ 45 ] {ea9d6f9a-3923-4cae-8bef-4a51189607c6} <Debug> MemoryTracker: Peak memory usage (for query): 1.52 MiB.
2026.03.18 22:27:38.995521 [ 45 ] {ea9d6f9a-3923-4cae-8bef-4a51189607c6} <Debug> TCPHandler: Processed in 0.030640528 sec.
2026.03.18 22:27:43.132888 [ 44 ] {} <Trace> TCP-Session: 8fc074fa-5538-41aa-8316-8045d171ab08 Creating query context from session context, user_id: 94309d50-4f52-5250-31bd-74fecac179db, parent context user: default
2026.03.18 22:27:43.133017 [ 44 ] {7d4a43d0-c149-4356-bc90-82a3f1e28584} <Debug> executeQuery: (from 172.18.0.6:57708, initial_query_id: d490558a-e2e8-41e3-b58e-0faeaf4c89d1) SELECT `student_id`, `full_name`, `group_code` FROM `test`.`students_local` (stage: Complete)
2026.03.18 22:27:43.133208 [ 44 ] {7d4a43d0-c149-4356-bc90-82a3f1e28584} <Trace> ContextAccess (default): Access granted: SELECT(student_id, full_name, group_code) ON test.students_local
2026.03.18 22:27:43.133241 [ 44 ] {7d4a43d0-c149-4356-bc90-82a3f1e28584} <Trace> InterpreterSelectQuery: FetchColumns -> Complete
2026.03.18 22:27:43.133320 [ 44 ] {7d4a43d0-c149-4356-bc90-82a3f1e28584} <Debug> test.students_local (adcc615b-4a80-499d-a267-5ed2e1cff73a) (SelectExecutor): Key condition: unknown
2026.03.18 22:27:43.133332 [ 44 ] {7d4a43d0-c149-4356-bc90-82a3f1e28584} <Debug> test.students_local (adcc615b-4a80-499d-a267-5ed2e1cff73a) (SelectExecutor): MinMax index condition: unknown
2026.03.18 22:27:43.133361 [ 45 ] {} <Trace> TCP-Session: b2406912-b07d-45fb-940b-fca8aff1d37b Creating query context from session context, user_id: 94309d50-4f52-5250-31bd-74fecac179db, parent context user: default
2026.03.18 22:27:43.133552 [ 45 ] {6b9d4ce3-8ced-42ff-b39f-5c96d30505b0} <Debug> executeQuery: (from 172.18.0.6:55674, initial_query_id: d490558a-e2e8-41e3-b58e-0faeaf4c89d1) SELECT `s`.`full_name`, `s`.`group_code`, `g`.`course_code`, `g`.`grade`, row_number() OVER (PARTITION BY `g`.`course_code` ORDER BY `g`.`grade` DESC) AS `rn` FROM `test`.`grades_local` AS `g` ALL INNER JOIN `test`.`students` AS `s` ON `g`.`student_id` = `s`.`student_id` (stage: WithMergeableState)
2026.03.18 22:27:43.133980 [ 44 ] {7d4a43d0-c149-4356-bc90-82a3f1e28584} <Debug> test.students_local (adcc615b-4a80-499d-a267-5ed2e1cff73a) (SelectExecutor): Selected 4/4 parts by partition key, 4 parts by primary key, 4/4 marks by primary key, 4 marks to read from 4 ranges
2026.03.18 22:27:43.133994 [ 44 ] {7d4a43d0-c149-4356-bc90-82a3f1e28584} <Trace> test.students_local (adcc615b-4a80-499d-a267-5ed2e1cff73a) (SelectExecutor): Spreading mark ranges among streams (default reading)
2026.03.18 22:27:43.134044 [ 44 ] {7d4a43d0-c149-4356-bc90-82a3f1e28584} <Debug> MergeTreeReadPool: min_marks_for_concurrent_read=24
2026.03.18 22:27:43.134051 [ 44 ] {7d4a43d0-c149-4356-bc90-82a3f1e28584} <Debug> test.students_local (adcc615b-4a80-499d-a267-5ed2e1cff73a) (SelectExecutor): Reading approx. 348 rows with 4 streams
2026.03.18 22:27:43.134202 [ 45 ] {6b9d4ce3-8ced-42ff-b39f-5c96d30505b0} <Trace> ContextAccess (default): Access granted: SELECT(student_id, full_name, group_code) ON test.students
2026.03.18 22:27:43.134272 [ 45 ] {6b9d4ce3-8ced-42ff-b39f-5c96d30505b0} <Trace> ContextAccess (default): Access granted: SELECT(student_id, full_name, group_code) ON test.students
2026.03.18 22:27:43.134472 [ 45 ] {6b9d4ce3-8ced-42ff-b39f-5c96d30505b0} <Trace> ContextAccess (default): Access granted: SELECT(student_id, full_name, group_code) ON test.students_local
2026.03.18 22:27:43.134489 [ 45 ] {6b9d4ce3-8ced-42ff-b39f-5c96d30505b0} <Trace> InterpreterSelectQuery: FetchColumns -> Complete
2026.03.18 22:27:43.134524 [ 45 ] {6b9d4ce3-8ced-42ff-b39f-5c96d30505b0} <Trace> InterpreterSelectQuery: Complete -> Complete
2026.03.18 22:27:43.134559 [ 45 ] {6b9d4ce3-8ced-42ff-b39f-5c96d30505b0} <Debug> HashJoin: (0x764b0344b298) Datatype: EMPTY, kind: Inner, strictness: All, right header: s.student_id String String(size = 0), full_name String String(size = 0), group_code String String(size = 0)
2026.03.18 22:27:43.134565 [ 45 ] {6b9d4ce3-8ced-42ff-b39f-5c96d30505b0} <Debug> HashJoin: (0x764b0344b298) Keys: [(student_id) = (s.student_id)]
2026.03.18 22:27:43.134923 [ 45 ] {6b9d4ce3-8ced-42ff-b39f-5c96d30505b0} <Trace> ContextAccess (default): Access granted: SELECT(student_id, course_code, grade) ON test.grades_local
2026.03.18 22:27:43.134950 [ 45 ] {6b9d4ce3-8ced-42ff-b39f-5c96d30505b0} <Trace> InterpreterSelectQuery: FetchColumns -> WithMergeableState
2026.03.18 22:27:43.134965 [ 45 ] {6b9d4ce3-8ced-42ff-b39f-5c96d30505b0} <Debug> JoiningTransform: Before join block: 'student_id String String(size = 0), course_code String String(size = 0), grade UInt8 UInt8(size = 0)'
2026.03.18 22:27:43.134978 [ 45 ] {6b9d4ce3-8ced-42ff-b39f-5c96d30505b0} <Debug> JoiningTransform: After join block: 'student_id String String(size = 0), course_code String String(size = 0), grade UInt8 UInt8(size = 0), full_name String String(size = 0), group_code String String(size = 0)'
2026.03.18 22:27:43.135094 [ 45 ] {6b9d4ce3-8ced-42ff-b39f-5c96d30505b0} <Debug> test.grades_local (7b83862b-cceb-45e9-8ab9-cc0189ed0327) (SelectExecutor): Key condition: unknown
2026.03.18 22:27:43.135118 [ 45 ] {6b9d4ce3-8ced-42ff-b39f-5c96d30505b0} <Debug> test.grades_local (7b83862b-cceb-45e9-8ab9-cc0189ed0327) (SelectExecutor): MinMax index condition: unknown
2026.03.18 22:27:43.137152 [ 44 ] {7d4a43d0-c149-4356-bc90-82a3f1e28584} <Debug> executeQuery: Read 348 rows, 30.36 KiB in 0.004171 sec., 83433.22944138096 rows/sec., 7.11 MiB/sec.
2026.03.18 22:27:43.137198 [ 44 ] {7d4a43d0-c149-4356-bc90-82a3f1e28584} <Debug> MemoryTracker: Peak memory usage (for query): 134.13 KiB.
2026.03.18 22:27:43.137202 [ 44 ] {7d4a43d0-c149-4356-bc90-82a3f1e28584} <Debug> TCPHandler: Processed in 0.004378621 sec.
2026.03.18 22:27:43.138995 [ 45 ] {6b9d4ce3-8ced-42ff-b39f-5c96d30505b0} <Debug> test.grades_local (7b83862b-cceb-45e9-8ab9-cc0189ed0327) (SelectExecutor): Selected 27/27 parts by partition key, 27 parts by primary key, 27/27 marks by primary key, 27 marks to read from 27 ranges
2026.03.18 22:27:43.139014 [ 45 ] {6b9d4ce3-8ced-42ff-b39f-5c96d30505b0} <Trace> test.grades_local (7b83862b-cceb-45e9-8ab9-cc0189ed0327) (SelectExecutor): Spreading mark ranges among streams (default reading)
2026.03.18 22:27:43.139144 [ 45 ] {6b9d4ce3-8ced-42ff-b39f-5c96d30505b0} <Debug> MergeTreeReadPool: min_marks_for_concurrent_read=24
2026.03.18 22:27:43.139157 [ 45 ] {6b9d4ce3-8ced-42ff-b39f-5c96d30505b0} <Debug> test.grades_local (7b83862b-cceb-45e9-8ab9-cc0189ed0327) (SelectExecutor): Reading approx. 1710 rows with 4 streams
2026.03.18 22:27:43.139218 [ 45 ] {6b9d4ce3-8ced-42ff-b39f-5c96d30505b0} <Debug> test.students_local (adcc615b-4a80-499d-a267-5ed2e1cff73a) (SelectExecutor): Key condition: unknown
2026.03.18 22:27:43.139227 [ 45 ] {6b9d4ce3-8ced-42ff-b39f-5c96d30505b0} <Debug> test.students_local (adcc615b-4a80-499d-a267-5ed2e1cff73a) (SelectExecutor): MinMax index condition: unknown
2026.03.18 22:27:43.140487 [ 45 ] {6b9d4ce3-8ced-42ff-b39f-5c96d30505b0} <Debug> test.students_local (adcc615b-4a80-499d-a267-5ed2e1cff73a) (SelectExecutor): Selected 4/4 parts by partition key, 4 parts by primary key, 4/4 marks by primary key, 4 marks to read from 4 ranges
2026.03.18 22:27:43.140501 [ 45 ] {6b9d4ce3-8ced-42ff-b39f-5c96d30505b0} <Trace> test.students_local (adcc615b-4a80-499d-a267-5ed2e1cff73a) (SelectExecutor): Spreading mark ranges among streams (default reading)
2026.03.18 22:27:43.140524 [ 45 ] {6b9d4ce3-8ced-42ff-b39f-5c96d30505b0} <Debug> MergeTreeReadPool: min_marks_for_concurrent_read=24
2026.03.18 22:27:43.140529 [ 45 ] {6b9d4ce3-8ced-42ff-b39f-5c96d30505b0} <Debug> test.students_local (adcc615b-4a80-499d-a267-5ed2e1cff73a) (SelectExecutor): Reading approx. 348 rows with 4 streams
2026.03.18 22:27:43.140603 [ 45 ] {6b9d4ce3-8ced-42ff-b39f-5c96d30505b0} <Debug> JoiningTransform: Before join block: 'student_id String String(size = 0), course_code String String(size = 0), grade UInt8 UInt8(size = 0)'
2026.03.18 22:27:43.140613 [ 45 ] {6b9d4ce3-8ced-42ff-b39f-5c96d30505b0} <Debug> JoiningTransform: After join block: 'student_id String String(size = 0), course_code String String(size = 0), grade UInt8 UInt8(size = 0), full_name String String(size = 0), group_code String String(size = 0)'
2026.03.18 22:27:43.140683 [ 46 ] {} <Trace> TCP-Session: 65783e75-eca7-4fbd-9be1-cd69a0396d9e Creating query context from session context, user_id: 94309d50-4f52-5250-31bd-74fecac179db, parent context user: default
2026.03.18 22:27:43.140927 [ 46 ] {b4b51cd0-f74a-4ea9-9a0b-aed04cb44f78} <Debug> executeQuery: (from 172.18.0.5:41594, initial_query_id: d490558a-e2e8-41e3-b58e-0faeaf4c89d1) SELECT `student_id`, `full_name`, `group_code` FROM `test`.`students_local` (stage: Complete)
2026.03.18 22:27:43.141047 [ 46 ] {b4b51cd0-f74a-4ea9-9a0b-aed04cb44f78} <Trace> ContextAccess (default): Access granted: SELECT(student_id, full_name, group_code) ON test.students_local
2026.03.18 22:27:43.141067 [ 46 ] {b4b51cd0-f74a-4ea9-9a0b-aed04cb44f78} <Trace> InterpreterSelectQuery: FetchColumns -> Complete
2026.03.18 22:27:43.141113 [ 46 ] {b4b51cd0-f74a-4ea9-9a0b-aed04cb44f78} <Debug> test.students_local (adcc615b-4a80-499d-a267-5ed2e1cff73a) (SelectExecutor): Key condition: unknown
2026.03.18 22:27:43.141121 [ 46 ] {b4b51cd0-f74a-4ea9-9a0b-aed04cb44f78} <Debug> test.students_local (adcc615b-4a80-499d-a267-5ed2e1cff73a) (SelectExecutor): MinMax index condition: unknown
2026.03.18 22:27:43.141671 [ 46 ] {b4b51cd0-f74a-4ea9-9a0b-aed04cb44f78} <Debug> test.students_local (adcc615b-4a80-499d-a267-5ed2e1cff73a) (SelectExecutor): Selected 4/4 parts by partition key, 4 parts by primary key, 4/4 marks by primary key, 4 marks to read from 4 ranges
2026.03.18 22:27:43.141680 [ 46 ] {b4b51cd0-f74a-4ea9-9a0b-aed04cb44f78} <Trace> test.students_local (adcc615b-4a80-499d-a267-5ed2e1cff73a) (SelectExecutor): Spreading mark ranges among streams (default reading)
2026.03.18 22:27:43.141706 [ 46 ] {b4b51cd0-f74a-4ea9-9a0b-aed04cb44f78} <Debug> MergeTreeReadPool: min_marks_for_concurrent_read=24
2026.03.18 22:27:43.141711 [ 46 ] {b4b51cd0-f74a-4ea9-9a0b-aed04cb44f78} <Debug> test.students_local (adcc615b-4a80-499d-a267-5ed2e1cff73a) (SelectExecutor): Reading approx. 348 rows with 4 streams
2026.03.18 22:27:43.142360 [ 299 ] {6b9d4ce3-8ced-42ff-b39f-5c96d30505b0} <Debug> Connection (clickhouse-node3:9000): Sent data for 2 scalars, total 2 rows in 8.9867e-05 sec., 22158 rows/sec., 68.00 B (735.49 KiB/sec.), compressed 0.4594594594594595 times to 148.00 B (1.56 MiB/sec.)
2026.03.18 22:27:43.142829 [ 306 ] {6b9d4ce3-8ced-42ff-b39f-5c96d30505b0} <Debug> Connection (clickhouse-node1:9000): Sent data for 2 scalars, total 2 rows in 0.000132317 sec., 15078 rows/sec., 68.00 B (500.51 KiB/sec.), compressed 0.4594594594594595 times to 148.00 B (1.06 MiB/sec.)
2026.03.18 22:27:43.145709 [ 46 ] {b4b51cd0-f74a-4ea9-9a0b-aed04cb44f78} <Debug> executeQuery: Read 348 rows, 30.36 KiB in 0.004804 sec., 72439.63363863446 rows/sec., 6.17 MiB/sec.
2026.03.18 22:27:43.145753 [ 46 ] {b4b51cd0-f74a-4ea9-9a0b-aed04cb44f78} <Debug> MemoryTracker: Peak memory usage (for query): 134.12 KiB.
2026.03.18 22:27:43.145757 [ 46 ] {b4b51cd0-f74a-4ea9-9a0b-aed04cb44f78} <Debug> TCPHandler: Processed in 0.005121568 sec.
2026.03.18 22:27:43.153601 [ 45 ] {6b9d4ce3-8ced-42ff-b39f-5c96d30505b0} <Debug> executeQuery: Read 2710 rows, 140.17 KiB in 0.020166 sec., 134384.6077556283 rows/sec., 6.79 MiB/sec.
2026.03.18 22:27:43.153894 [ 45 ] {6b9d4ce3-8ced-42ff-b39f-5c96d30505b0} <Trace> HashJoin: (0x764b0344b298) Join data is being destroyed, 315392 bytes and 1000 rows in hash table
2026.03.18 22:27:43.154250 [ 45 ] {6b9d4ce3-8ced-42ff-b39f-5c96d30505b0} <Debug> MemoryTracker: Peak memory usage (for query): 1.53 MiB.
2026.03.18 22:27:43.154255 [ 45 ] {6b9d4ce3-8ced-42ff-b39f-5c96d30505b0} <Debug> TCPHandler: Processed in 0.020939775 sec.
2026.03.18 22:27:50.855017 [ 109 ] {} <Debug> DNSResolver: Updating DNS cache
2026.03.18 22:27:50.859583 [ 109 ] {} <Debug> DNSResolver: Updated DNS cache
2026.03.18 22:28:05.889928 [ 100 ] {} <Debug> DNSResolver: Updating DNS cache
2026.03.18 22:28:05.891428 [ 100 ] {} <Debug> DNSResolver: Updated DNS cache
2026.03.18 22:28:20.897456 [ 107 ] {} <Debug> DNSResolver: Updating DNS cache
2026.03.18 22:28:20.898851 [ 107 ] {} <Debug> DNSResolver: Updated DNS cache
2026.03.18 22:28:35.918521 [ 110 ] {} <Debug> DNSResolver: Updating DNS cache
2026.03.18 22:28:35.919940 [ 110 ] {} <Debug> DNSResolver: Updated DNS cache
2026.03.18 22:28:50.941931 [ 108 ] {} <Debug> DNSResolver: Updating DNS cache
2026.03.18 22:28:50.943495 [ 108 ] {} <Debug> DNSResolver: Updated DNS cache
2026.03.18 22:29:05.947396 [ 121 ] {} <Debug> DNSResolver: Updating DNS cache
2026.03.18 22:29:05.949281 [ 121 ] {} <Debug> DNSResolver: Updated DNS cache
2026.03.18 22:29:20.988032 [ 124 ] {} <Debug> DNSResolver: Updating DNS cache
2026.03.18 22:29:20.989525 [ 124 ] {} <Debug> DNSResolver: Updated DNS cache
2026.03.18 22:29:32.002827 [ 290 ] {} <Trace> AsynchronousMetrics: Update heavy metrics. Update period 1 sec. Update heavy metrics period 120 sec. Heavy metrics calculation elapsed: 0.000201155 sec.
2026.03.18 22:29:36.087687 [ 163 ] {} <Debug> DNSResolver: Updating DNS cache
2026.03.18 22:29:36.089657 [ 163 ] {} <Debug> DNSResolver: Updated DNS cache
2026.03.18 22:29:51.172255 [ 119 ] {} <Debug> DNSResolver: Updating DNS cache
2026.03.18 22:29:51.173810 [ 119 ] {} <Debug> DNSResolver: Updated DNS cache
2026.03.18 22:30:06.174713 [ 164 ] {} <Debug> DNSResolver: Updating DNS cache
2026.03.18 22:30:06.175990 [ 164 ] {} <Debug> DNSResolver: Updated DNS cache
2026.03.18 22:30:21.183269 [ 150 ] {} <Debug> DNSResolver: Updating DNS cache
2026.03.18 22:30:21.184796 [ 150 ] {} <Debug> DNSResolver: Updated DNS cache
2026.03.18 22:30:36.185986 [ 126 ] {} <Debug> DNSResolver: Updating DNS cache
2026.03.18 22:30:36.188143 [ 126 ] {} <Debug> DNSResolver: Updated DNS cache
2026.03.18 22:30:46.001023 [ 290 ] {} <Trace> AsynchronousMetrics: Scanning /sys/block
2026.03.18 22:30:51.188889 [ 133 ] {} <Debug> DNSResolver: Updating DNS cache
2026.03.18 22:30:51.189929 [ 133 ] {} <Debug> DNSResolver: Updated DNS cache
2026.03.18 22:30:52.642652 [ 43 ] {} <Trace> BaseDaemon: Received signal 15
2026.03.18 22:30:52.643327 [ 43 ] {} <Information> Application: Received termination signal (Terminated)
2026.03.18 22:30:52.643352 [ 1 ] {} <Debug> Application: Received termination signal.
2026.03.18 22:30:52.643663 [ 1 ] {} <Debug> Application: Waiting for current connections to close.
2026.03.18 22:30:53.790160 [ 45 ] {} <Debug> TCPHandler: Done processing connection.
2026.03.18 22:30:53.790198 [ 45 ] {} <Debug> TCP-Session: b2406912-b07d-45fb-940b-fca8aff1d37b Logout, user_id: 94309d50-4f52-5250-31bd-74fecac179db
2026.03.18 22:30:53.790257 [ 44 ] {} <Debug> TCPHandler: Done processing connection.
2026.03.18 22:30:53.790272 [ 44 ] {} <Debug> TCP-Session: 8fc074fa-5538-41aa-8316-8045d171ab08 Logout, user_id: 94309d50-4f52-5250-31bd-74fecac179db
2026.03.18 22:30:54.366051 [ 1 ] {} <Warning> Application: Closed all listening sockets. Waiting for 1 outstanding connections.
2026.03.18 22:30:54.366762 [ 46 ] {} <Debug> TCPHandler: Done processing connection.
2026.03.18 22:30:54.366807 [ 46 ] {} <Debug> TCP-Session: 65783e75-eca7-4fbd-9be1-cd69a0396d9e Logout, user_id: 94309d50-4f52-5250-31bd-74fecac179db
2026.03.18 22:30:55.261915 [ 290 ] {} <Trace> AsynchronousMetrics: MemoryTracking: was 403.41 MiB, peak 412.32 MiB, free memory in arenas 8.00 MiB, will set to 409.52 MiB (RSS), difference: 6.10 MiB
2026.03.18 22:30:55.265995 [ 1 ] {} <Information> Application: Closed connections.
2026.03.18 22:30:55.266576 [ 1 ] {} <Information> Application: Shutting down storages.
2026.03.18 22:30:55.266588 [ 1 ] {} <Information> Context: Shutdown disk default
2026.03.18 22:30:55.266595 [ 1 ] {} <Trace> AsynchronousInsertQueue: Shutting down the asynchronous insertion queue
2026.03.18 22:30:55.273421 [ 1 ] {} <Trace> AsynchronousInsertQueue: Asynchronous insertion queue finished
2026.03.18 22:30:55.273437 [ 1 ] {} <Debug> Context: Shutting down dictionaries loader
2026.03.18 22:30:55.273558 [ 1 ] {} <Debug> Context: Shutting down UDFs loader
2026.03.18 22:30:55.276243 [ 1 ] {} <Debug> Context: Shutting down another UDFs loader
2026.03.18 22:30:55.276254 [ 1 ] {} <Trace> Context: Shutting down named sessions
2026.03.18 22:30:55.276264 [ 1 ] {} <Debug> Context: Shutting down system logs
2026.03.18 22:30:55.276267 [ 1 ] {} <Trace> Context: Shutting down database catalog
2026.03.18 22:30:55.276321 [ 1 ] {} <Trace> DatabaseCatalog: Shutting down database INFORMATION_SCHEMA
2026.03.18 22:30:55.276544 [ 1 ] {} <Trace> DatabaseCatalog: Shutting down database default
2026.03.18 22:30:55.276549 [ 1 ] {} <Trace> DatabaseCatalog: Shutting down database information_schema
2026.03.18 22:30:55.276692 [ 1 ] {} <Trace> DatabaseCatalog: Shutting down database test
2026.03.18 22:30:55.276710 [ 1 ] {} <Debug> StorageDistributed (courses): Joining background threads for async INSERT
2026.03.18 22:30:55.276713 [ 1 ] {} <Debug> StorageDistributed (courses): Background threads for async INSERT joined
2026.03.18 22:30:55.277007 [ 1 ] {} <Debug> StorageDistributed (departments): Joining background threads for async INSERT
2026.03.18 22:30:55.277013 [ 1 ] {} <Debug> StorageDistributed (departments): Background threads for async INSERT joined
2026.03.18 22:30:55.277225 [ 1 ] {} <Debug> StorageDistributed (grades): Joining background threads for async INSERT
2026.03.18 22:30:55.277231 [ 1 ] {} <Debug> StorageDistributed (grades): Background threads for async INSERT joined
2026.03.18 22:30:55.277429 [ 1 ] {} <Debug> StorageDistributed (schedule): Joining background threads for async INSERT
2026.03.18 22:30:55.277434 [ 1 ] {} <Debug> StorageDistributed (schedule): Background threads for async INSERT joined
2026.03.18 22:30:55.277631 [ 1 ] {} <Debug> StorageDistributed (students): Joining background threads for async INSERT
2026.03.18 22:30:55.277636 [ 1 ] {} <Debug> StorageDistributed (students): Background threads for async INSERT joined
2026.03.18 22:30:55.278024 [ 1 ] {} <Debug> StorageDistributed (teachers): Joining background threads for async INSERT
2026.03.18 22:30:55.278031 [ 1 ] {} <Debug> StorageDistributed (teachers): Background threads for async INSERT joined
2026.03.18 22:30:55.280543 [ 1 ] {} <Trace> DatabaseCatalog: Shutting down system databases
2026.03.18 22:30:55.283135 [ 1 ] {} <Debug> Context: Shutting down merges executor
2026.03.18 22:30:55.286492 [ 1 ] {} <Debug> Context: Shutting down fetches executor
2026.03.18 22:30:55.287006 [ 1 ] {} <Debug> Context: Shutting down moves executor
2026.03.18 22:30:55.287895 [ 1 ] {} <Debug> Context: Shutting down common executor
2026.03.18 22:30:55.300775 [ 1 ] {} <Trace> Context: Shutting down DDLWorker
2026.03.18 22:30:55.301113 [ 1 ] {} <Trace> Context: Shutting down caches
2026.03.18 22:30:55.301121 [ 1 ] {} <Trace> Context: Shutting down AccessControl
2026.03.18 22:30:55.301181 [ 1 ] {} <Information> ZooKeeperClient: Finalizing session 3. finalization_started: false, queue_finished: false, reason: 'Destructor called'
2026.03.18 22:30:55.305789 [ 1 ] {} <Trace> BackgroundSchedulePool/BgBufSchPool: Waiting for threads to finish.
2026.03.18 22:30:55.311164 [ 1 ] {} <Trace> BackgroundSchedulePool/BgSchPool: Waiting for threads to finish.
2026.03.18 22:30:55.312020 [ 1 ] {} <Trace> BackgroundSchedulePool/BgDistSchPool: Waiting for threads to finish.
2026.03.18 22:30:55.312218 [ 1 ] {} <Trace> BackgroundSchedulePool/BgMBSchPool: Waiting for threads to finish.
2026.03.18 22:30:55.312314 [ 1 ] {} <Debug> Application: Shut down storages.
2026.03.18 22:30:55.312319 [ 1 ] {} <Debug> Application: Waiting for current connections to servers for tables to finish.
2026.03.18 22:30:56.274966 [ 1 ] {} <Information> Application: Closed all listening sockets.
2026.03.18 22:30:56.274983 [ 1 ] {} <Information> Application: Closed connections to servers for tables.
2026.03.18 22:30:56.275256 [ 1 ] {} <Debug> Context: Destructing local fs threadpool reader
2026.03.18 22:30:56.281088 [ 1 ] {} <Debug> Application: Destroyed global context.
2026.03.18 22:30:56.282136 [ 1 ] {} <Information> Application: shutting down
2026.03.18 22:30:56.282146 [ 1 ] {} <Debug> Application: Uninitializing subsystem: Logging Subsystem
2026.03.18 22:30:56.283549 [ 43 ] {} <Trace> BaseDaemon: Received signal -2
2026.03.18 22:30:56.283562 [ 43 ] {} <Information> BaseDaemon: Stop SignalListener thread
