2026.03.18 20:29:35.431027 [ 1 ] {} <Information> SentryWriter: Sending crash reports is disabled
2026.03.18 20:29:35.431076 [ 1 ] {} <Trace> Pipe: Pipe capacity is 1.00 MiB
2026.03.18 20:29:35.477697 [ 1 ] {} <Information> Application: Starting ClickHouse 23.8.16.16 (revision: 54477, git hash: b80cac57eadd2bdad0ea44f54a262f5bd79e70b8, build id: 7D8F3AE700A95C8301ADF246CAD61375591B4B2E), PID 1
2026.03.18 20:29:35.477769 [ 1 ] {} <Information> Application: starting up
2026.03.18 20:29:35.477782 [ 1 ] {} <Information> Application: OS name: Linux, version: 6.17.0-14-generic, architecture: x86_64
2026.03.18 20:29:35.480226 [ 1 ] {} <Information> Application: Available RAM: 15.62 GiB; physical cores: 4; logical cores: 4.
2026.03.18 20:29:35.482013 [ 1 ] {} <Trace> AsynchronousMetrics: Scanning /sys/class/thermal
2026.03.18 20:29:35.482035 [ 1 ] {} <Trace> AsynchronousMetrics: Scanning /sys/block
2026.03.18 20:29:35.482128 [ 1 ] {} <Trace> AsynchronousMetrics: Scanning /sys/devices/system/edac
2026.03.18 20:29:35.482154 [ 1 ] {} <Trace> AsynchronousMetrics: Scanning /sys/class/hwmon
2026.03.18 20:29:35.595928 [ 1 ] {} <Information> Application: Integrity check of the executable successfully passed (checksum: DADF777B514BD5BBFF1D30DA842D5DCF)
2026.03.18 20:29:35.601676 [ 1 ] {} <Debug> Application: Set max number of file descriptors to 524288 (was 1024).
2026.03.18 20:29:35.601686 [ 1 ] {} <Debug> Application: rlimit on number of threads is 63649
2026.03.18 20:29:35.601691 [ 1 ] {} <Debug> Application: Initializing DateLUT.
2026.03.18 20:29:35.601695 [ 1 ] {} <Trace> Application: Initialized DateLUT with time zone 'Europe/Moscow'.
2026.03.18 20:29:35.601710 [ 1 ] {} <Debug> Context: Setting up /var/lib/clickhouse/tmp/ to store temporary data in it
2026.03.18 20:29:35.602288 [ 1 ] {} <Debug> Application: Configuration parameter 'interserver_http_host' doesn't exist or exists and empty. Will use 'clickhouse-node3' as replica host.
2026.03.18 20:29:35.602299 [ 1 ] {} <Debug> Application: Initializing interserver credentials.
2026.03.18 20:29:35.602324 [ 1 ] {} <Trace> NamedCollectionsUtils: Loaded 0 collections from config
2026.03.18 20:29:35.602388 [ 1 ] {} <Trace> NamedCollectionsUtils: Loaded 0 collections from SQL
2026.03.18 20:29:35.602941 [ 1 ] {} <Debug> ConfigReloader: Loading config '/etc/clickhouse-server/config.xml'
2026.03.18 20:29:35.605134 [ 1 ] {} <Debug> ConfigReloader: Loaded config '/etc/clickhouse-server/config.xml', performing update on configuration
2026.03.18 20:29:35.605952 [ 1 ] {} <Information> Application: Setting max_server_memory_usage was set to 14.06 GiB (15.62 GiB available * 0.90 max_server_memory_usage_to_ram_ratio)
2026.03.18 20:29:35.605963 [ 1 ] {} <Information> Application: Setting merges_mutations_memory_usage_soft_limit was set to 7.81 GiB (15.62 GiB available * 0.50 merges_mutations_memory_usage_to_ram_ratio)
2026.03.18 20:29:35.605967 [ 1 ] {} <Information> Application: Merges and mutations memory limit is set to 7.81 GiB
2026.03.18 20:29:35.607725 [ 1 ] {} <Information> BackgroundSchedulePool/BgBufSchPool: Create BackgroundSchedulePool with 16 threads
2026.03.18 20:29:35.609999 [ 1 ] {} <Information> BackgroundSchedulePool/BgSchPool: Create BackgroundSchedulePool with 128 threads
2026.03.18 20:29:35.632535 [ 1 ] {} <Information> BackgroundSchedulePool/BgMBSchPool: Create BackgroundSchedulePool with 16 threads
2026.03.18 20:29:35.636545 [ 1 ] {} <Information> BackgroundSchedulePool/BgDistSchPool: Create BackgroundSchedulePool with 16 threads
2026.03.18 20:29:35.640392 [ 1 ] {} <Information> CertificateReloader: One of paths is empty. Cannot apply new configuration for certificates. Fill all paths and try again.
2026.03.18 20:29:35.640408 [ 1 ] {} <Debug> ConfigReloader: Loaded config '/etc/clickhouse-server/config.xml', performed update on configuration
2026.03.18 20:29:35.641412 [ 1 ] {} <Warning> Application: Listen [::]:9009 failed: Poco::Exception. Code: 1000, e.code() = 0, DNS error: EAI: Address family for hostname not supported (version 23.8.16.16 (official build)). If it is an IPv6 or IPv4 address and your host has disabled IPv6 or IPv4, then consider to specify not disabled IPv4 or IPv6 address to listen in <listen_host> element of configuration file. Example for disabled IPv6: <listen_host>0.0.0.0</listen_host> . Example for disabled IPv4: <listen_host>::</listen_host>
2026.03.18 20:29:35.641929 [ 1 ] {} <Information> Application: Listening for replica communication (interserver): http://0.0.0.0:9009
2026.03.18 20:29:35.653202 [ 1 ] {} <Debug> ConfigReloader: Loading config '/etc/clickhouse-server/users.xml'
2026.03.18 20:29:35.655100 [ 1 ] {} <Debug> ConfigReloader: Loaded config '/etc/clickhouse-server/users.xml', performing update on configuration
2026.03.18 20:29:35.656076 [ 1 ] {} <Debug> ConfigReloader: Loaded config '/etc/clickhouse-server/users.xml', performed update on configuration
2026.03.18 20:29:35.656431 [ 1 ] {} <Debug> Access(user directories): Added users_xml access storage 'users_xml', path: /etc/clickhouse-server/users.xml
2026.03.18 20:29:35.658389 [ 1 ] {} <Information> Context: Initialized background executor for merges and mutations with num_threads=16, num_tasks=32, scheduling_policy=round_robin
2026.03.18 20:29:35.659408 [ 1 ] {} <Information> Context: Initialized background executor for move operations with num_threads=8, num_tasks=8
2026.03.18 20:29:35.660418 [ 1 ] {} <Information> Context: Initialized background executor for fetches with num_threads=8, num_tasks=8
2026.03.18 20:29:35.668282 [ 1 ] {} <Information> Context: Initialized background executor for common operations (e.g. clearing old parts) with num_threads=8, num_tasks=8
2026.03.18 20:29:35.672303 [ 1 ] {} <Information> DNSCacheUpdater: Update period 15 seconds
2026.03.18 20:29:35.672320 [ 1 ] {} <Information> Application: Loading metadata from /var/lib/clickhouse/
2026.03.18 20:29:35.674261 [ 64 ] {} <Debug> DNSResolver: Updating DNS cache
2026.03.18 20:29:35.678986 [ 64 ] {} <Debug> DNSResolver: Updated DNS cache
2026.03.18 20:29:35.689926 [ 1 ] {} <Information> DatabaseAtomic (system): Metadata processed, database system has 0 tables and 0 dictionaries in total.
2026.03.18 20:29:35.689938 [ 1 ] {} <Information> TablesLoader: Parsed metadata of 0 tables in 1 databases in 7.017e-05 sec
2026.03.18 20:29:35.689942 [ 1 ] {} <Trace> ReferentialDeps: No tables
2026.03.18 20:29:35.689945 [ 1 ] {} <Trace> LoadingDeps: No tables
2026.03.18 20:29:35.689965 [ 1 ] {} <Information> DatabaseAtomic (system): Starting up tables.
2026.03.18 20:29:35.689976 [ 1 ] {} <Debug> SystemLog: Not creating system.query_log since corresponding section 'query_log' is missing from config
2026.03.18 20:29:35.689980 [ 1 ] {} <Debug> SystemLog: Not creating system.query_thread_log since corresponding section 'query_thread_log' is missing from config
2026.03.18 20:29:35.689983 [ 1 ] {} <Debug> SystemLog: Not creating system.part_log since corresponding section 'part_log' is missing from config
2026.03.18 20:29:35.689986 [ 1 ] {} <Debug> SystemLog: Not creating system.trace_log since corresponding section 'trace_log' is missing from config
2026.03.18 20:29:35.689989 [ 1 ] {} <Debug> SystemLog: Not creating system.crash_log since corresponding section 'crash_log' is missing from config
2026.03.18 20:29:35.689993 [ 1 ] {} <Debug> SystemLog: Not creating system.text_log since corresponding section 'text_log' is missing from config
2026.03.18 20:29:35.689997 [ 1 ] {} <Debug> SystemLog: Not creating system.metric_log since corresponding section 'metric_log' is missing from config
2026.03.18 20:29:35.690000 [ 1 ] {} <Debug> SystemLog: Not creating system.filesystem_cache_log since corresponding section 'filesystem_cache_log' is missing from config
2026.03.18 20:29:35.690003 [ 1 ] {} <Debug> SystemLog: Not creating system.filesystem_read_prefetches_log since corresponding section 'filesystem_read_prefetches_log' is missing from config
2026.03.18 20:29:35.690007 [ 1 ] {} <Debug> SystemLog: Not creating system.asynchronous_metric_log since corresponding section 'asynchronous_metric_log' is missing from config
2026.03.18 20:29:35.690010 [ 1 ] {} <Debug> SystemLog: Not creating system.opentelemetry_span_log since corresponding section 'opentelemetry_span_log' is missing from config
2026.03.18 20:29:35.690018 [ 1 ] {} <Debug> SystemLog: Not creating system.query_views_log since corresponding section 'query_views_log' is missing from config
2026.03.18 20:29:35.690021 [ 1 ] {} <Debug> SystemLog: Not creating system.zookeeper_log since corresponding section 'zookeeper_log' is missing from config
2026.03.18 20:29:35.690025 [ 1 ] {} <Debug> SystemLog: Not creating system.session_log since corresponding section 'session_log' is missing from config
2026.03.18 20:29:35.690028 [ 1 ] {} <Debug> SystemLog: Not creating system.transactions_info_log since corresponding section 'transactions_info_log' is missing from config
2026.03.18 20:29:35.690031 [ 1 ] {} <Debug> SystemLog: Not creating system.processors_profile_log since corresponding section 'processors_profile_log' is missing from config
2026.03.18 20:29:35.690034 [ 1 ] {} <Debug> SystemLog: Not creating system.asynchronous_insert_log since corresponding section 'asynchronous_insert_log' is missing from config
2026.03.18 20:29:35.709736 [ 1 ] {} <Information> DatabaseCatalog: Found 0 partially dropped tables. Will load them and retry removal.
2026.03.18 20:29:35.713949 [ 1 ] {} <Information> DatabaseAtomic (default): Metadata processed, database default has 0 tables and 0 dictionaries in total.
2026.03.18 20:29:35.713958 [ 1 ] {} <Information> TablesLoader: Parsed metadata of 0 tables in 1 databases in 3.3533e-05 sec
2026.03.18 20:29:35.713962 [ 1 ] {} <Trace> ReferentialDeps: No tables
2026.03.18 20:29:35.713965 [ 1 ] {} <Trace> LoadingDeps: No tables
2026.03.18 20:29:35.713976 [ 1 ] {} <Information> DatabaseAtomic (default): Starting up tables.
2026.03.18 20:29:35.714204 [ 1 ] {} <Information> UserDefinedSQLObjectsLoaderFromDisk: Loading user defined objects from /var/lib/clickhouse/user_defined/
2026.03.18 20:29:35.714237 [ 1 ] {} <Debug> UserDefinedSQLObjectsLoaderFromDisk: User defined objects loaded
2026.03.18 20:29:35.714240 [ 1 ] {} <Debug> Application: Loaded metadata.
2026.03.18 20:29:35.714274 [ 1 ] {} <Information> Application: Tasks stats provider: procfs
2026.03.18 20:29:35.714277 [ 1 ] {} <Information> Application: It looks like the process has no CAP_SYS_NICE capability, the setting 'os_thread_priority' will have no effect. It could happen due to incorrect ClickHouse package installation. You could resolve the problem manually with 'sudo setcap cap_sys_nice=+ep /usr/bin/clickhouse'. Note that it will not work on 'nosuid' mounted filesystems.
2026.03.18 20:29:35.714439 [ 1 ] {} <Warning> Application: Listen [::]:8123 failed: Poco::Exception. Code: 1000, e.code() = 0, DNS error: EAI: Address family for hostname not supported (version 23.8.16.16 (official build)). If it is an IPv6 or IPv4 address and your host has disabled IPv6 or IPv4, then consider to specify not disabled IPv4 or IPv6 address to listen in <listen_host> element of configuration file. Example for disabled IPv6: <listen_host>0.0.0.0</listen_host> . Example for disabled IPv4: <listen_host>::</listen_host>
2026.03.18 20:29:35.714555 [ 1 ] {} <Warning> Application: Listen [::]:9000 failed: Poco::Exception. Code: 1000, e.code() = 0, DNS error: EAI: Address family for hostname not supported (version 23.8.16.16 (official build)). If it is an IPv6 or IPv4 address and your host has disabled IPv6 or IPv4, then consider to specify not disabled IPv4 or IPv6 address to listen in <listen_host> element of configuration file. Example for disabled IPv6: <listen_host>0.0.0.0</listen_host> . Example for disabled IPv4: <listen_host>::</listen_host>
2026.03.18 20:29:35.714612 [ 1 ] {} <Information> CertificateReloader: One of paths is empty. Cannot apply new configuration for certificates. Fill all paths and try again.
2026.03.18 20:29:35.715062 [ 1 ] {} <Trace> AsynchronousMetrics: MemoryTracking: was 13.66 MiB, peak 13.66 MiB, free memory in arenas 21.65 MiB, will set to 402.63 MiB (RSS), difference: 388.96 MiB
2026.03.18 20:29:35.715454 [ 1 ] {} <Trace> AsynchronousMetrics: Update heavy metrics. Update period 1 sec. Update heavy metrics period 120 sec. Heavy metrics calculation elapsed: 1.0439e-05 sec.
2026.03.18 20:29:35.717284 [ 1 ] {} <Information> Application: Listening for http://0.0.0.0:8123
2026.03.18 20:29:35.717418 [ 1 ] {} <Information> Application: Listening for native protocol (tcp): 0.0.0.0:9000
2026.03.18 20:29:35.717467 [ 1 ] {} <Information> Application: Ready for connections.
2026.03.18 20:29:35.718100 [ 286 ] {} <Debug> DDLWorker: Starting DDLWorker thread
2026.03.18 20:29:35.718383 [ 286 ] {} <Debug> DDLWorker: Initializing DDLWorker thread
2026.03.18 20:29:35.718462 [ 285 ] {} <Debug> DDLWorker: Started DDLWorker cleanup thread
2026.03.18 20:29:35.719219 [ 286 ] {} <Error> DDLWorker: ZooKeeper error: Code: 999. Coordination::Exception: Unknown key host in config file. (KEEPER_EXCEPTION), Stack trace (when copying this message, always include the lines below):

0. DB::Exception::Exception(DB::Exception::MessageMasked&&, int, bool) @ 0x000000000c6251d7 in /usr/bin/clickhouse
1. DB::Exception::Exception<String const&>(int, FormatStringHelperImpl<std::type_identity<String const&>::type>, String const&) @ 0x00000000074ae38d in /usr/bin/clickhouse
2. Coordination::Exception::Exception<String const&>(Coordination::Error, FormatStringHelperImpl<std::type_identity<String const&>::type>, String const&) @ 0x000000001276578a in /usr/bin/clickhouse
3. zkutil::ZooKeeperArgs::initFromKeeperSection(Poco::Util::AbstractConfiguration const&, String const&) @ 0x0000000013813c10 in /usr/bin/clickhouse
4. zkutil::ZooKeeperArgs::ZooKeeperArgs(Poco::Util::AbstractConfiguration const&, String const&) @ 0x000000001380f986 in /usr/bin/clickhouse
5. zkutil::ZooKeeper::ZooKeeper(Poco::Util::AbstractConfiguration const&, String const&, std::shared_ptr<DB::ZooKeeperLog>) @ 0x00000000137e48cc in /usr/bin/clickhouse
6. DB::Context::getZooKeeper() const @ 0x000000001164aa4a in /usr/bin/clickhouse
7. DB::DDLWorker::getAndSetZooKeeper() @ 0x00000000116cc32d in /usr/bin/clickhouse
8. DB::DDLWorker::initializeMainThread() @ 0x00000000116dca3b in /usr/bin/clickhouse
9. DB::DDLWorker::runMainThread() @ 0x00000000116c73c0 in /usr/bin/clickhouse
10. void std::__function::__policy_invoker<void ()>::__call_impl<std::__function::__default_alloc_func<ThreadFromGlobalPoolImpl<true>::ThreadFromGlobalPoolImpl<void (DB::DDLWorker::*)(), DB::DDLWorker*>(void (DB::DDLWorker::*&&)(), DB::DDLWorker*&&)::'lambda'(), void ()>>(std::__function::__policy_storage const*) @ 0x00000000116ddb4c in /usr/bin/clickhouse
11. void* std::__thread_proxy[abi:v15000]<std::tuple<std::unique_ptr<std::__thread_struct, std::default_delete<std::__thread_struct>>, void ThreadPoolImpl<std::thread>::scheduleImpl<void>(std::function<void ()>, Priority, std::optional<unsigned long>, bool)::'lambda0'()>>(void*) @ 0x000000000c706104 in /usr/bin/clickhouse
12. ? @ 0x00007d53c9f52609 in ?
13. ? @ 0x00007d53c9e77353 in ?
 (version 23.8.16.16 (official build)). Failed to start DDLWorker.
2026.03.18 20:29:35.719245 [ 286 ] {} <Error> virtual bool DB::DDLWorker::initializeMainThread(): Code: 999. Coordination::Exception: Unknown key host in config file. (KEEPER_EXCEPTION), Stack trace (when copying this message, always include the lines below):

0. DB::Exception::Exception(DB::Exception::MessageMasked&&, int, bool) @ 0x000000000c6251d7 in /usr/bin/clickhouse
1. DB::Exception::Exception<String const&>(int, FormatStringHelperImpl<std::type_identity<String const&>::type>, String const&) @ 0x00000000074ae38d in /usr/bin/clickhouse
2. Coordination::Exception::Exception<String const&>(Coordination::Error, FormatStringHelperImpl<std::type_identity<String const&>::type>, String const&) @ 0x000000001276578a in /usr/bin/clickhouse
3. zkutil::ZooKeeperArgs::initFromKeeperSection(Poco::Util::AbstractConfiguration const&, String const&) @ 0x0000000013813c10 in /usr/bin/clickhouse
4. zkutil::ZooKeeperArgs::ZooKeeperArgs(Poco::Util::AbstractConfiguration const&, String const&) @ 0x000000001380f986 in /usr/bin/clickhouse
5. zkutil::ZooKeeper::ZooKeeper(Poco::Util::AbstractConfiguration const&, String const&, std::shared_ptr<DB::ZooKeeperLog>) @ 0x00000000137e48cc in /usr/bin/clickhouse
6. DB::Context::getZooKeeper() const @ 0x000000001164aa4a in /usr/bin/clickhouse
7. DB::DDLWorker::getAndSetZooKeeper() @ 0x00000000116cc32d in /usr/bin/clickhouse
8. DB::DDLWorker::initializeMainThread() @ 0x00000000116dca3b in /usr/bin/clickhouse
9. DB::DDLWorker::runMainThread() @ 0x00000000116c73c0 in /usr/bin/clickhouse
10. void std::__function::__policy_invoker<void ()>::__call_impl<std::__function::__default_alloc_func<ThreadFromGlobalPoolImpl<true>::ThreadFromGlobalPoolImpl<void (DB::DDLWorker::*)(), DB::DDLWorker*>(void (DB::DDLWorker::*&&)(), DB::DDLWorker*&&)::'lambda'(), void ()>>(std::__function::__policy_storage const*) @ 0x00000000116ddb4c in /usr/bin/clickhouse
11. void* std::__thread_proxy[abi:v15000]<std::tuple<std::unique_ptr<std::__thread_struct, std::default_delete<std::__thread_struct>>, void ThreadPoolImpl<std::thread>::scheduleImpl<void>(std::function<void ()>, Priority, std::optional<unsigned long>, bool)::'lambda0'()>>(void*) @ 0x000000000c706104 in /usr/bin/clickhouse
12. ? @ 0x00007d53c9f52609 in ?
13. ? @ 0x00007d53c9e77353 in ?
 (version 23.8.16.16 (official build))
2026.03.18 20:29:36.005574 [ 288 ] {} <Trace> AsynchronousMetrics: MemoryTracking: was 402.65 MiB, peak 402.65 MiB, free memory in arenas 21.52 MiB, will set to 405.05 MiB (RSS), difference: 2.40 MiB
2026.03.18 20:29:40.723915 [ 286 ] {} <Error> DDLWorker: ZooKeeper error: Code: 999. Coordination::Exception: Unknown key host in config file. (KEEPER_EXCEPTION), Stack trace (when copying this message, always include the lines below):

0. DB::Exception::Exception(DB::Exception::MessageMasked&&, int, bool) @ 0x000000000c6251d7 in /usr/bin/clickhouse
1. DB::Exception::Exception<String const&>(int, FormatStringHelperImpl<std::type_identity<String const&>::type>, String const&) @ 0x00000000074ae38d in /usr/bin/clickhouse
2. Coordination::Exception::Exception<String const&>(Coordination::Error, FormatStringHelperImpl<std::type_identity<String const&>::type>, String const&) @ 0x000000001276578a in /usr/bin/clickhouse
3. zkutil::ZooKeeperArgs::initFromKeeperSection(Poco::Util::AbstractConfiguration const&, String const&) @ 0x0000000013813c10 in /usr/bin/clickhouse
4. zkutil::ZooKeeperArgs::ZooKeeperArgs(Poco::Util::AbstractConfiguration const&, String const&) @ 0x000000001380f986 in /usr/bin/clickhouse
5. zkutil::ZooKeeper::ZooKeeper(Poco::Util::AbstractConfiguration const&, String const&, std::shared_ptr<DB::ZooKeeperLog>) @ 0x00000000137e48cc in /usr/bin/clickhouse
6. DB::Context::getZooKeeper() const @ 0x000000001164aa4a in /usr/bin/clickhouse
7. DB::DDLWorker::getAndSetZooKeeper() @ 0x00000000116cc32d in /usr/bin/clickhouse
8. DB::DDLWorker::initializeMainThread() @ 0x00000000116dca3b in /usr/bin/clickhouse
9. DB::DDLWorker::runMainThread() @ 0x00000000116c73c0 in /usr/bin/clickhouse
10. void std::__function::__policy_invoker<void ()>::__call_impl<std::__function::__default_alloc_func<ThreadFromGlobalPoolImpl<true>::ThreadFromGlobalPoolImpl<void (DB::DDLWorker::*)(), DB::DDLWorker*>(void (DB::DDLWorker::*&&)(), DB::DDLWorker*&&)::'lambda'(), void ()>>(std::__function::__policy_storage const*) @ 0x00000000116ddb4c in /usr/bin/clickhouse
11. void* std::__thread_proxy[abi:v15000]<std::tuple<std::unique_ptr<std::__thread_struct, std::default_delete<std::__thread_struct>>, void ThreadPoolImpl<std::thread>::scheduleImpl<void>(std::function<void ()>, Priority, std::optional<unsigned long>, bool)::'lambda0'()>>(void*) @ 0x000000000c706104 in /usr/bin/clickhouse
12. ? @ 0x00007d53c9f52609 in ?
13. ? @ 0x00007d53c9e77353 in ?
 (version 23.8.16.16 (official build)). Failed to start DDLWorker.
2026.03.18 20:29:40.723968 [ 286 ] {} <Error> virtual bool DB::DDLWorker::initializeMainThread(): Code: 999. Coordination::Exception: Unknown key host in config file. (KEEPER_EXCEPTION), Stack trace (when copying this message, always include the lines below):

0. DB::Exception::Exception(DB::Exception::MessageMasked&&, int, bool) @ 0x000000000c6251d7 in /usr/bin/clickhouse
1. DB::Exception::Exception<String const&>(int, FormatStringHelperImpl<std::type_identity<String const&>::type>, String const&) @ 0x00000000074ae38d in /usr/bin/clickhouse
2. Coordination::Exception::Exception<String const&>(Coordination::Error, FormatStringHelperImpl<std::type_identity<String const&>::type>, String const&) @ 0x000000001276578a in /usr/bin/clickhouse
3. zkutil::ZooKeeperArgs::initFromKeeperSection(Poco::Util::AbstractConfiguration const&, String const&) @ 0x0000000013813c10 in /usr/bin/clickhouse
4. zkutil::ZooKeeperArgs::ZooKeeperArgs(Poco::Util::AbstractConfiguration const&, String const&) @ 0x000000001380f986 in /usr/bin/clickhouse
5. zkutil::ZooKeeper::ZooKeeper(Poco::Util::AbstractConfiguration const&, String const&, std::shared_ptr<DB::ZooKeeperLog>) @ 0x00000000137e48cc in /usr/bin/clickhouse
6. DB::Context::getZooKeeper() const @ 0x000000001164aa4a in /usr/bin/clickhouse
7. DB::DDLWorker::getAndSetZooKeeper() @ 0x00000000116cc32d in /usr/bin/clickhouse
8. DB::DDLWorker::initializeMainThread() @ 0x00000000116dca3b in /usr/bin/clickhouse
9. DB::DDLWorker::runMainThread() @ 0x00000000116c73c0 in /usr/bin/clickhouse
10. void std::__function::__policy_invoker<void ()>::__call_impl<std::__function::__default_alloc_func<ThreadFromGlobalPoolImpl<true>::ThreadFromGlobalPoolImpl<void (DB::DDLWorker::*)(), DB::DDLWorker*>(void (DB::DDLWorker::*&&)(), DB::DDLWorker*&&)::'lambda'(), void ()>>(std::__function::__policy_storage const*) @ 0x00000000116ddb4c in /usr/bin/clickhouse
11. void* std::__thread_proxy[abi:v15000]<std::tuple<std::unique_ptr<std::__thread_struct, std::default_delete<std::__thread_struct>>, void ThreadPoolImpl<std::thread>::scheduleImpl<void>(std::function<void ()>, Priority, std::optional<unsigned long>, bool)::'lambda0'()>>(void*) @ 0x000000000c706104 in /usr/bin/clickhouse
12. ? @ 0x00007d53c9f52609 in ?
13. ? @ 0x00007d53c9e77353 in ?
 (version 23.8.16.16 (official build))
2026.03.18 20:29:45.728314 [ 286 ] {} <Error> DDLWorker: ZooKeeper error: Code: 999. Coordination::Exception: Unknown key host in config file. (KEEPER_EXCEPTION), Stack trace (when copying this message, always include the lines below):

0. DB::Exception::Exception(DB::Exception::MessageMasked&&, int, bool) @ 0x000000000c6251d7 in /usr/bin/clickhouse
1. DB::Exception::Exception<String const&>(int, FormatStringHelperImpl<std::type_identity<String const&>::type>, String const&) @ 0x00000000074ae38d in /usr/bin/clickhouse
2. Coordination::Exception::Exception<String const&>(Coordination::Error, FormatStringHelperImpl<std::type_identity<String const&>::type>, String const&) @ 0x000000001276578a in /usr/bin/clickhouse
3. zkutil::ZooKeeperArgs::initFromKeeperSection(Poco::Util::AbstractConfiguration const&, String const&) @ 0x0000000013813c10 in /usr/bin/clickhouse
4. zkutil::ZooKeeperArgs::ZooKeeperArgs(Poco::Util::AbstractConfiguration const&, String const&) @ 0x000000001380f986 in /usr/bin/clickhouse
5. zkutil::ZooKeeper::ZooKeeper(Poco::Util::AbstractConfiguration const&, String const&, std::shared_ptr<DB::ZooKeeperLog>) @ 0x00000000137e48cc in /usr/bin/clickhouse
6. DB::Context::getZooKeeper() const @ 0x000000001164aa4a in /usr/bin/clickhouse
7. DB::DDLWorker::getAndSetZooKeeper() @ 0x00000000116cc32d in /usr/bin/clickhouse
8. DB::DDLWorker::initializeMainThread() @ 0x00000000116dca3b in /usr/bin/clickhouse
9. DB::DDLWorker::runMainThread() @ 0x00000000116c73c0 in /usr/bin/clickhouse
10. void std::__function::__policy_invoker<void ()>::__call_impl<std::__function::__default_alloc_func<ThreadFromGlobalPoolImpl<true>::ThreadFromGlobalPoolImpl<void (DB::DDLWorker::*)(), DB::DDLWorker*>(void (DB::DDLWorker::*&&)(), DB::DDLWorker*&&)::'lambda'(), void ()>>(std::__function::__policy_storage const*) @ 0x00000000116ddb4c in /usr/bin/clickhouse
11. void* std::__thread_proxy[abi:v15000]<std::tuple<std::unique_ptr<std::__thread_struct, std::default_delete<std::__thread_struct>>, void ThreadPoolImpl<std::thread>::scheduleImpl<void>(std::function<void ()>, Priority, std::optional<unsigned long>, bool)::'lambda0'()>>(void*) @ 0x000000000c706104 in /usr/bin/clickhouse
12. ? @ 0x00007d53c9f52609 in ?
13. ? @ 0x00007d53c9e77353 in ?
 (version 23.8.16.16 (official build)). Failed to start DDLWorker.
2026.03.18 20:29:45.728382 [ 286 ] {} <Error> virtual bool DB::DDLWorker::initializeMainThread(): Code: 999. Coordination::Exception: Unknown key host in config file. (KEEPER_EXCEPTION), Stack trace (when copying this message, always include the lines below):

0. DB::Exception::Exception(DB::Exception::MessageMasked&&, int, bool) @ 0x000000000c6251d7 in /usr/bin/clickhouse
1. DB::Exception::Exception<String const&>(int, FormatStringHelperImpl<std::type_identity<String const&>::type>, String const&) @ 0x00000000074ae38d in /usr/bin/clickhouse
2. Coordination::Exception::Exception<String const&>(Coordination::Error, FormatStringHelperImpl<std::type_identity<String const&>::type>, String const&) @ 0x000000001276578a in /usr/bin/clickhouse
3. zkutil::ZooKeeperArgs::initFromKeeperSection(Poco::Util::AbstractConfiguration const&, String const&) @ 0x0000000013813c10 in /usr/bin/clickhouse
4. zkutil::ZooKeeperArgs::ZooKeeperArgs(Poco::Util::AbstractConfiguration const&, String const&) @ 0x000000001380f986 in /usr/bin/clickhouse
5. zkutil::ZooKeeper::ZooKeeper(Poco::Util::AbstractConfiguration const&, String const&, std::shared_ptr<DB::ZooKeeperLog>) @ 0x00000000137e48cc in /usr/bin/clickhouse
6. DB::Context::getZooKeeper() const @ 0x000000001164aa4a in /usr/bin/clickhouse
7. DB::DDLWorker::getAndSetZooKeeper() @ 0x00000000116cc32d in /usr/bin/clickhouse
8. DB::DDLWorker::initializeMainThread() @ 0x00000000116dca3b in /usr/bin/clickhouse
9. DB::DDLWorker::runMainThread() @ 0x00000000116c73c0 in /usr/bin/clickhouse
10. void std::__function::__policy_invoker<void ()>::__call_impl<std::__function::__default_alloc_func<ThreadFromGlobalPoolImpl<true>::ThreadFromGlobalPoolImpl<void (DB::DDLWorker::*)(), DB::DDLWorker*>(void (DB::DDLWorker::*&&)(), DB::DDLWorker*&&)::'lambda'(), void ()>>(std::__function::__policy_storage const*) @ 0x00000000116ddb4c in /usr/bin/clickhouse
11. void* std::__thread_proxy[abi:v15000]<std::tuple<std::unique_ptr<std::__thread_struct, std::default_delete<std::__thread_struct>>, void ThreadPoolImpl<std::thread>::scheduleImpl<void>(std::function<void ()>, Priority, std::optional<unsigned long>, bool)::'lambda0'()>>(void*) @ 0x000000000c706104 in /usr/bin/clickhouse
12. ? @ 0x00007d53c9f52609 in ?
13. ? @ 0x00007d53c9e77353 in ?
 (version 23.8.16.16 (official build))
2026.03.18 20:29:50.682919 [ 68 ] {} <Debug> DNSResolver: Updating DNS cache
2026.03.18 20:29:50.684116 [ 68 ] {} <Debug> DNSResolver: Updated DNS cache
2026.03.18 20:29:50.732063 [ 286 ] {} <Error> DDLWorker: ZooKeeper error: Code: 999. Coordination::Exception: Unknown key host in config file. (KEEPER_EXCEPTION), Stack trace (when copying this message, always include the lines below):

0. DB::Exception::Exception(DB::Exception::MessageMasked&&, int, bool) @ 0x000000000c6251d7 in /usr/bin/clickhouse
1. DB::Exception::Exception<String const&>(int, FormatStringHelperImpl<std::type_identity<String const&>::type>, String const&) @ 0x00000000074ae38d in /usr/bin/clickhouse
2. Coordination::Exception::Exception<String const&>(Coordination::Error, FormatStringHelperImpl<std::type_identity<String const&>::type>, String const&) @ 0x000000001276578a in /usr/bin/clickhouse
3. zkutil::ZooKeeperArgs::initFromKeeperSection(Poco::Util::AbstractConfiguration const&, String const&) @ 0x0000000013813c10 in /usr/bin/clickhouse
4. zkutil::ZooKeeperArgs::ZooKeeperArgs(Poco::Util::AbstractConfiguration const&, String const&) @ 0x000000001380f986 in /usr/bin/clickhouse
5. zkutil::ZooKeeper::ZooKeeper(Poco::Util::AbstractConfiguration const&, String const&, std::shared_ptr<DB::ZooKeeperLog>) @ 0x00000000137e48cc in /usr/bin/clickhouse
6. DB::Context::getZooKeeper() const @ 0x000000001164aa4a in /usr/bin/clickhouse
7. DB::DDLWorker::getAndSetZooKeeper() @ 0x00000000116cc32d in /usr/bin/clickhouse
8. DB::DDLWorker::initializeMainThread() @ 0x00000000116dca3b in /usr/bin/clickhouse
9. DB::DDLWorker::runMainThread() @ 0x00000000116c73c0 in /usr/bin/clickhouse
10. void std::__function::__policy_invoker<void ()>::__call_impl<std::__function::__default_alloc_func<ThreadFromGlobalPoolImpl<true>::ThreadFromGlobalPoolImpl<void (DB::DDLWorker::*)(), DB::DDLWorker*>(void (DB::DDLWorker::*&&)(), DB::DDLWorker*&&)::'lambda'(), void ()>>(std::__function::__policy_storage const*) @ 0x00000000116ddb4c in /usr/bin/clickhouse
11. void* std::__thread_proxy[abi:v15000]<std::tuple<std::unique_ptr<std::__thread_struct, std::default_delete<std::__thread_struct>>, void ThreadPoolImpl<std::thread>::scheduleImpl<void>(std::function<void ()>, Priority, std::optional<unsigned long>, bool)::'lambda0'()>>(void*) @ 0x000000000c706104 in /usr/bin/clickhouse
12. ? @ 0x00007d53c9f52609 in ?
13. ? @ 0x00007d53c9e77353 in ?
 (version 23.8.16.16 (official build)). Failed to start DDLWorker.
2026.03.18 20:29:50.732133 [ 286 ] {} <Error> virtual bool DB::DDLWorker::initializeMainThread(): Code: 999. Coordination::Exception: Unknown key host in config file. (KEEPER_EXCEPTION), Stack trace (when copying this message, always include the lines below):

0. DB::Exception::Exception(DB::Exception::MessageMasked&&, int, bool) @ 0x000000000c6251d7 in /usr/bin/clickhouse
1. DB::Exception::Exception<String const&>(int, FormatStringHelperImpl<std::type_identity<String const&>::type>, String const&) @ 0x00000000074ae38d in /usr/bin/clickhouse
2. Coordination::Exception::Exception<String const&>(Coordination::Error, FormatStringHelperImpl<std::type_identity<String const&>::type>, String const&) @ 0x000000001276578a in /usr/bin/clickhouse
3. zkutil::ZooKeeperArgs::initFromKeeperSection(Poco::Util::AbstractConfiguration const&, String const&) @ 0x0000000013813c10 in /usr/bin/clickhouse
4. zkutil::ZooKeeperArgs::ZooKeeperArgs(Poco::Util::AbstractConfiguration const&, String const&) @ 0x000000001380f986 in /usr/bin/clickhouse
5. zkutil::ZooKeeper::ZooKeeper(Poco::Util::AbstractConfiguration const&, String const&, std::shared_ptr<DB::ZooKeeperLog>) @ 0x00000000137e48cc in /usr/bin/clickhouse
6. DB::Context::getZooKeeper() const @ 0x000000001164aa4a in /usr/bin/clickhouse
7. DB::DDLWorker::getAndSetZooKeeper() @ 0x00000000116cc32d in /usr/bin/clickhouse
8. DB::DDLWorker::initializeMainThread() @ 0x00000000116dca3b in /usr/bin/clickhouse
9. DB::DDLWorker::runMainThread() @ 0x00000000116c73c0 in /usr/bin/clickhouse
10. void std::__function::__policy_invoker<void ()>::__call_impl<std::__function::__default_alloc_func<ThreadFromGlobalPoolImpl<true>::ThreadFromGlobalPoolImpl<void (DB::DDLWorker::*)(), DB::DDLWorker*>(void (DB::DDLWorker::*&&)(), DB::DDLWorker*&&)::'lambda'(), void ()>>(std::__function::__policy_storage const*) @ 0x00000000116ddb4c in /usr/bin/clickhouse
11. void* std::__thread_proxy[abi:v15000]<std::tuple<std::unique_ptr<std::__thread_struct, std::default_delete<std::__thread_struct>>, void ThreadPoolImpl<std::thread>::scheduleImpl<void>(std::function<void ()>, Priority, std::optional<unsigned long>, bool)::'lambda0'()>>(void*) @ 0x000000000c706104 in /usr/bin/clickhouse
12. ? @ 0x00007d53c9f52609 in ?
13. ? @ 0x00007d53c9e77353 in ?
 (version 23.8.16.16 (official build))
2026.03.18 20:29:55.732888 [ 286 ] {} <Error> DDLWorker: ZooKeeper error: Code: 999. Coordination::Exception: Unknown key host in config file. (KEEPER_EXCEPTION), Stack trace (when copying this message, always include the lines below):

0. DB::Exception::Exception(DB::Exception::MessageMasked&&, int, bool) @ 0x000000000c6251d7 in /usr/bin/clickhouse
1. DB::Exception::Exception<String const&>(int, FormatStringHelperImpl<std::type_identity<String const&>::type>, String const&) @ 0x00000000074ae38d in /usr/bin/clickhouse
2. Coordination::Exception::Exception<String const&>(Coordination::Error, FormatStringHelperImpl<std::type_identity<String const&>::type>, String const&) @ 0x000000001276578a in /usr/bin/clickhouse
3. zkutil::ZooKeeperArgs::initFromKeeperSection(Poco::Util::AbstractConfiguration const&, String const&) @ 0x0000000013813c10 in /usr/bin/clickhouse
4. zkutil::ZooKeeperArgs::ZooKeeperArgs(Poco::Util::AbstractConfiguration const&, String const&) @ 0x000000001380f986 in /usr/bin/clickhouse
5. zkutil::ZooKeeper::ZooKeeper(Poco::Util::AbstractConfiguration const&, String const&, std::shared_ptr<DB::ZooKeeperLog>) @ 0x00000000137e48cc in /usr/bin/clickhouse
6. DB::Context::getZooKeeper() const @ 0x000000001164aa4a in /usr/bin/clickhouse
7. DB::DDLWorker::getAndSetZooKeeper() @ 0x00000000116cc32d in /usr/bin/clickhouse
8. DB::DDLWorker::initializeMainThread() @ 0x00000000116dca3b in /usr/bin/clickhouse
9. DB::DDLWorker::runMainThread() @ 0x00000000116c73c0 in /usr/bin/clickhouse
10. void std::__function::__policy_invoker<void ()>::__call_impl<std::__function::__default_alloc_func<ThreadFromGlobalPoolImpl<true>::ThreadFromGlobalPoolImpl<void (DB::DDLWorker::*)(), DB::DDLWorker*>(void (DB::DDLWorker::*&&)(), DB::DDLWorker*&&)::'lambda'(), void ()>>(std::__function::__policy_storage const*) @ 0x00000000116ddb4c in /usr/bin/clickhouse
11. void* std::__thread_proxy[abi:v15000]<std::tuple<std::unique_ptr<std::__thread_struct, std::default_delete<std::__thread_struct>>, void ThreadPoolImpl<std::thread>::scheduleImpl<void>(std::function<void ()>, Priority, std::optional<unsigned long>, bool)::'lambda0'()>>(void*) @ 0x000000000c706104 in /usr/bin/clickhouse
12. ? @ 0x00007d53c9f52609 in ?
13. ? @ 0x00007d53c9e77353 in ?
 (version 23.8.16.16 (official build)). Failed to start DDLWorker.
2026.03.18 20:29:55.732957 [ 286 ] {} <Error> virtual bool DB::DDLWorker::initializeMainThread(): Code: 999. Coordination::Exception: Unknown key host in config file. (KEEPER_EXCEPTION), Stack trace (when copying this message, always include the lines below):

0. DB::Exception::Exception(DB::Exception::MessageMasked&&, int, bool) @ 0x000000000c6251d7 in /usr/bin/clickhouse
1. DB::Exception::Exception<String const&>(int, FormatStringHelperImpl<std::type_identity<String const&>::type>, String const&) @ 0x00000000074ae38d in /usr/bin/clickhouse
2. Coordination::Exception::Exception<String const&>(Coordination::Error, FormatStringHelperImpl<std::type_identity<String const&>::type>, String const&) @ 0x000000001276578a in /usr/bin/clickhouse
3. zkutil::ZooKeeperArgs::initFromKeeperSection(Poco::Util::AbstractConfiguration const&, String const&) @ 0x0000000013813c10 in /usr/bin/clickhouse
4. zkutil::ZooKeeperArgs::ZooKeeperArgs(Poco::Util::AbstractConfiguration const&, String const&) @ 0x000000001380f986 in /usr/bin/clickhouse
5. zkutil::ZooKeeper::ZooKeeper(Poco::Util::AbstractConfiguration const&, String const&, std::shared_ptr<DB::ZooKeeperLog>) @ 0x00000000137e48cc in /usr/bin/clickhouse
6. DB::Context::getZooKeeper() const @ 0x000000001164aa4a in /usr/bin/clickhouse
7. DB::DDLWorker::getAndSetZooKeeper() @ 0x00000000116cc32d in /usr/bin/clickhouse
8. DB::DDLWorker::initializeMainThread() @ 0x00000000116dca3b in /usr/bin/clickhouse
9. DB::DDLWorker::runMainThread() @ 0x00000000116c73c0 in /usr/bin/clickhouse
10. void std::__function::__policy_invoker<void ()>::__call_impl<std::__function::__default_alloc_func<ThreadFromGlobalPoolImpl<true>::ThreadFromGlobalPoolImpl<void (DB::DDLWorker::*)(), DB::DDLWorker*>(void (DB::DDLWorker::*&&)(), DB::DDLWorker*&&)::'lambda'(), void ()>>(std::__function::__policy_storage const*) @ 0x00000000116ddb4c in /usr/bin/clickhouse
11. void* std::__thread_proxy[abi:v15000]<std::tuple<std::unique_ptr<std::__thread_struct, std::default_delete<std::__thread_struct>>, void ThreadPoolImpl<std::thread>::scheduleImpl<void>(std::function<void ()>, Priority, std::optional<unsigned long>, bool)::'lambda0'()>>(void*) @ 0x000000000c706104 in /usr/bin/clickhouse
12. ? @ 0x00007d53c9f52609 in ?
13. ? @ 0x00007d53c9e77353 in ?
 (version 23.8.16.16 (official build))
2026.03.18 20:30:00.733680 [ 286 ] {} <Error> DDLWorker: ZooKeeper error: Code: 999. Coordination::Exception: Unknown key host in config file. (KEEPER_EXCEPTION), Stack trace (when copying this message, always include the lines below):

0. DB::Exception::Exception(DB::Exception::MessageMasked&&, int, bool) @ 0x000000000c6251d7 in /usr/bin/clickhouse
1. DB::Exception::Exception<String const&>(int, FormatStringHelperImpl<std::type_identity<String const&>::type>, String const&) @ 0x00000000074ae38d in /usr/bin/clickhouse
2. Coordination::Exception::Exception<String const&>(Coordination::Error, FormatStringHelperImpl<std::type_identity<String const&>::type>, String const&) @ 0x000000001276578a in /usr/bin/clickhouse
3. zkutil::ZooKeeperArgs::initFromKeeperSection(Poco::Util::AbstractConfiguration const&, String const&) @ 0x0000000013813c10 in /usr/bin/clickhouse
4. zkutil::ZooKeeperArgs::ZooKeeperArgs(Poco::Util::AbstractConfiguration const&, String const&) @ 0x000000001380f986 in /usr/bin/clickhouse
5. zkutil::ZooKeeper::ZooKeeper(Poco::Util::AbstractConfiguration const&, String const&, std::shared_ptr<DB::ZooKeeperLog>) @ 0x00000000137e48cc in /usr/bin/clickhouse
6. DB::Context::getZooKeeper() const @ 0x000000001164aa4a in /usr/bin/clickhouse
7. DB::DDLWorker::getAndSetZooKeeper() @ 0x00000000116cc32d in /usr/bin/clickhouse
8. DB::DDLWorker::initializeMainThread() @ 0x00000000116dca3b in /usr/bin/clickhouse
9. DB::DDLWorker::runMainThread() @ 0x00000000116c73c0 in /usr/bin/clickhouse
10. void std::__function::__policy_invoker<void ()>::__call_impl<std::__function::__default_alloc_func<ThreadFromGlobalPoolImpl<true>::ThreadFromGlobalPoolImpl<void (DB::DDLWorker::*)(), DB::DDLWorker*>(void (DB::DDLWorker::*&&)(), DB::DDLWorker*&&)::'lambda'(), void ()>>(std::__function::__policy_storage const*) @ 0x00000000116ddb4c in /usr/bin/clickhouse
11. void* std::__thread_proxy[abi:v15000]<std::tuple<std::unique_ptr<std::__thread_struct, std::default_delete<std::__thread_struct>>, void ThreadPoolImpl<std::thread>::scheduleImpl<void>(std::function<void ()>, Priority, std::optional<unsigned long>, bool)::'lambda0'()>>(void*) @ 0x000000000c706104 in /usr/bin/clickhouse
12. ? @ 0x00007d53c9f52609 in ?
13. ? @ 0x00007d53c9e77353 in ?
 (version 23.8.16.16 (official build)). Failed to start DDLWorker.
2026.03.18 20:30:00.733721 [ 286 ] {} <Error> virtual bool DB::DDLWorker::initializeMainThread(): Code: 999. Coordination::Exception: Unknown key host in config file. (KEEPER_EXCEPTION), Stack trace (when copying this message, always include the lines below):

0. DB::Exception::Exception(DB::Exception::MessageMasked&&, int, bool) @ 0x000000000c6251d7 in /usr/bin/clickhouse
1. DB::Exception::Exception<String const&>(int, FormatStringHelperImpl<std::type_identity<String const&>::type>, String const&) @ 0x00000000074ae38d in /usr/bin/clickhouse
2. Coordination::Exception::Exception<String const&>(Coordination::Error, FormatStringHelperImpl<std::type_identity<String const&>::type>, String const&) @ 0x000000001276578a in /usr/bin/clickhouse
3. zkutil::ZooKeeperArgs::initFromKeeperSection(Poco::Util::AbstractConfiguration const&, String const&) @ 0x0000000013813c10 in /usr/bin/clickhouse
4. zkutil::ZooKeeperArgs::ZooKeeperArgs(Poco::Util::AbstractConfiguration const&, String const&) @ 0x000000001380f986 in /usr/bin/clickhouse
5. zkutil::ZooKeeper::ZooKeeper(Poco::Util::AbstractConfiguration const&, String const&, std::shared_ptr<DB::ZooKeeperLog>) @ 0x00000000137e48cc in /usr/bin/clickhouse
6. DB::Context::getZooKeeper() const @ 0x000000001164aa4a in /usr/bin/clickhouse
7. DB::DDLWorker::getAndSetZooKeeper() @ 0x00000000116cc32d in /usr/bin/clickhouse
8. DB::DDLWorker::initializeMainThread() @ 0x00000000116dca3b in /usr/bin/clickhouse
9. DB::DDLWorker::runMainThread() @ 0x00000000116c73c0 in /usr/bin/clickhouse
10. void std::__function::__policy_invoker<void ()>::__call_impl<std::__function::__default_alloc_func<ThreadFromGlobalPoolImpl<true>::ThreadFromGlobalPoolImpl<void (DB::DDLWorker::*)(), DB::DDLWorker*>(void (DB::DDLWorker::*&&)(), DB::DDLWorker*&&)::'lambda'(), void ()>>(std::__function::__policy_storage const*) @ 0x00000000116ddb4c in /usr/bin/clickhouse
11. void* std::__thread_proxy[abi:v15000]<std::tuple<std::unique_ptr<std::__thread_struct, std::default_delete<std::__thread_struct>>, void ThreadPoolImpl<std::thread>::scheduleImpl<void>(std::function<void ()>, Priority, std::optional<unsigned long>, bool)::'lambda0'()>>(void*) @ 0x000000000c706104 in /usr/bin/clickhouse
12. ? @ 0x00007d53c9f52609 in ?
13. ? @ 0x00007d53c9e77353 in ?
 (version 23.8.16.16 (official build))
2026.03.18 20:30:05.897587 [ 67 ] {} <Debug> DNSResolver: Updating DNS cache
2026.03.18 20:30:05.899067 [ 67 ] {} <Debug> DNSResolver: Updated DNS cache
2026.03.18 20:30:05.899608 [ 286 ] {} <Error> DDLWorker: ZooKeeper error: Code: 999. Coordination::Exception: Unknown key host in config file. (KEEPER_EXCEPTION), Stack trace (when copying this message, always include the lines below):

0. DB::Exception::Exception(DB::Exception::MessageMasked&&, int, bool) @ 0x000000000c6251d7 in /usr/bin/clickhouse
1. DB::Exception::Exception<String const&>(int, FormatStringHelperImpl<std::type_identity<String const&>::type>, String const&) @ 0x00000000074ae38d in /usr/bin/clickhouse
2. Coordination::Exception::Exception<String const&>(Coordination::Error, FormatStringHelperImpl<std::type_identity<String const&>::type>, String const&) @ 0x000000001276578a in /usr/bin/clickhouse
3. zkutil::ZooKeeperArgs::initFromKeeperSection(Poco::Util::AbstractConfiguration const&, String const&) @ 0x0000000013813c10 in /usr/bin/clickhouse
4. zkutil::ZooKeeperArgs::ZooKeeperArgs(Poco::Util::AbstractConfiguration const&, String const&) @ 0x000000001380f986 in /usr/bin/clickhouse
5. zkutil::ZooKeeper::ZooKeeper(Poco::Util::AbstractConfiguration const&, String const&, std::shared_ptr<DB::ZooKeeperLog>) @ 0x00000000137e48cc in /usr/bin/clickhouse
6. DB::Context::getZooKeeper() const @ 0x000000001164aa4a in /usr/bin/clickhouse
7. DB::DDLWorker::getAndSetZooKeeper() @ 0x00000000116cc32d in /usr/bin/clickhouse
8. DB::DDLWorker::initializeMainThread() @ 0x00000000116dca3b in /usr/bin/clickhouse
9. DB::DDLWorker::runMainThread() @ 0x00000000116c73c0 in /usr/bin/clickhouse
10. void std::__function::__policy_invoker<void ()>::__call_impl<std::__function::__default_alloc_func<ThreadFromGlobalPoolImpl<true>::ThreadFromGlobalPoolImpl<void (DB::DDLWorker::*)(), DB::DDLWorker*>(void (DB::DDLWorker::*&&)(), DB::DDLWorker*&&)::'lambda'(), void ()>>(std::__function::__policy_storage const*) @ 0x00000000116ddb4c in /usr/bin/clickhouse
11. void* std::__thread_proxy[abi:v15000]<std::tuple<std::unique_ptr<std::__thread_struct, std::default_delete<std::__thread_struct>>, void ThreadPoolImpl<std::thread>::scheduleImpl<void>(std::function<void ()>, Priority, std::optional<unsigned long>, bool)::'lambda0'()>>(void*) @ 0x000000000c706104 in /usr/bin/clickhouse
12. ? @ 0x00007d53c9f52609 in ?
13. ? @ 0x00007d53c9e77353 in ?
 (version 23.8.16.16 (official build)). Failed to start DDLWorker.
2026.03.18 20:30:05.899641 [ 286 ] {} <Error> virtual bool DB::DDLWorker::initializeMainThread(): Code: 999. Coordination::Exception: Unknown key host in config file. (KEEPER_EXCEPTION), Stack trace (when copying this message, always include the lines below):

0. DB::Exception::Exception(DB::Exception::MessageMasked&&, int, bool) @ 0x000000000c6251d7 in /usr/bin/clickhouse
1. DB::Exception::Exception<String const&>(int, FormatStringHelperImpl<std::type_identity<String const&>::type>, String const&) @ 0x00000000074ae38d in /usr/bin/clickhouse
2. Coordination::Exception::Exception<String const&>(Coordination::Error, FormatStringHelperImpl<std::type_identity<String const&>::type>, String const&) @ 0x000000001276578a in /usr/bin/clickhouse
3. zkutil::ZooKeeperArgs::initFromKeeperSection(Poco::Util::AbstractConfiguration const&, String const&) @ 0x0000000013813c10 in /usr/bin/clickhouse
4. zkutil::ZooKeeperArgs::ZooKeeperArgs(Poco::Util::AbstractConfiguration const&, String const&) @ 0x000000001380f986 in /usr/bin/clickhouse
5. zkutil::ZooKeeper::ZooKeeper(Poco::Util::AbstractConfiguration const&, String const&, std::shared_ptr<DB::ZooKeeperLog>) @ 0x00000000137e48cc in /usr/bin/clickhouse
6. DB::Context::getZooKeeper() const @ 0x000000001164aa4a in /usr/bin/clickhouse
7. DB::DDLWorker::getAndSetZooKeeper() @ 0x00000000116cc32d in /usr/bin/clickhouse
8. DB::DDLWorker::initializeMainThread() @ 0x00000000116dca3b in /usr/bin/clickhouse
9. DB::DDLWorker::runMainThread() @ 0x00000000116c73c0 in /usr/bin/clickhouse
10. void std::__function::__policy_invoker<void ()>::__call_impl<std::__function::__default_alloc_func<ThreadFromGlobalPoolImpl<true>::ThreadFromGlobalPoolImpl<void (DB::DDLWorker::*)(), DB::DDLWorker*>(void (DB::DDLWorker::*&&)(), DB::DDLWorker*&&)::'lambda'(), void ()>>(std::__function::__policy_storage const*) @ 0x00000000116ddb4c in /usr/bin/clickhouse
11. void* std::__thread_proxy[abi:v15000]<std::tuple<std::unique_ptr<std::__thread_struct, std::default_delete<std::__thread_struct>>, void ThreadPoolImpl<std::thread>::scheduleImpl<void>(std::function<void ()>, Priority, std::optional<unsigned long>, bool)::'lambda0'()>>(void*) @ 0x000000000c706104 in /usr/bin/clickhouse
12. ? @ 0x00007d53c9f52609 in ?
13. ? @ 0x00007d53c9e77353 in ?
 (version 23.8.16.16 (official build))
2026.03.18 20:30:10.903229 [ 286 ] {} <Error> DDLWorker: ZooKeeper error: Code: 999. Coordination::Exception: Unknown key host in config file. (KEEPER_EXCEPTION), Stack trace (when copying this message, always include the lines below):

0. DB::Exception::Exception(DB::Exception::MessageMasked&&, int, bool) @ 0x000000000c6251d7 in /usr/bin/clickhouse
1. DB::Exception::Exception<String const&>(int, FormatStringHelperImpl<std::type_identity<String const&>::type>, String const&) @ 0x00000000074ae38d in /usr/bin/clickhouse
2. Coordination::Exception::Exception<String const&>(Coordination::Error, FormatStringHelperImpl<std::type_identity<String const&>::type>, String const&) @ 0x000000001276578a in /usr/bin/clickhouse
3. zkutil::ZooKeeperArgs::initFromKeeperSection(Poco::Util::AbstractConfiguration const&, String const&) @ 0x0000000013813c10 in /usr/bin/clickhouse
4. zkutil::ZooKeeperArgs::ZooKeeperArgs(Poco::Util::AbstractConfiguration const&, String const&) @ 0x000000001380f986 in /usr/bin/clickhouse
5. zkutil::ZooKeeper::ZooKeeper(Poco::Util::AbstractConfiguration const&, String const&, std::shared_ptr<DB::ZooKeeperLog>) @ 0x00000000137e48cc in /usr/bin/clickhouse
6. DB::Context::getZooKeeper() const @ 0x000000001164aa4a in /usr/bin/clickhouse
7. DB::DDLWorker::getAndSetZooKeeper() @ 0x00000000116cc32d in /usr/bin/clickhouse
8. DB::DDLWorker::initializeMainThread() @ 0x00000000116dca3b in /usr/bin/clickhouse
9. DB::DDLWorker::runMainThread() @ 0x00000000116c73c0 in /usr/bin/clickhouse
10. void std::__function::__policy_invoker<void ()>::__call_impl<std::__function::__default_alloc_func<ThreadFromGlobalPoolImpl<true>::ThreadFromGlobalPoolImpl<void (DB::DDLWorker::*)(), DB::DDLWorker*>(void (DB::DDLWorker::*&&)(), DB::DDLWorker*&&)::'lambda'(), void ()>>(std::__function::__policy_storage const*) @ 0x00000000116ddb4c in /usr/bin/clickhouse
11. void* std::__thread_proxy[abi:v15000]<std::tuple<std::unique_ptr<std::__thread_struct, std::default_delete<std::__thread_struct>>, void ThreadPoolImpl<std::thread>::scheduleImpl<void>(std::function<void ()>, Priority, std::optional<unsigned long>, bool)::'lambda0'()>>(void*) @ 0x000000000c706104 in /usr/bin/clickhouse
12. ? @ 0x00007d53c9f52609 in ?
13. ? @ 0x00007d53c9e77353 in ?
 (version 23.8.16.16 (official build)). Failed to start DDLWorker.
2026.03.18 20:30:10.903282 [ 286 ] {} <Error> virtual bool DB::DDLWorker::initializeMainThread(): Code: 999. Coordination::Exception: Unknown key host in config file. (KEEPER_EXCEPTION), Stack trace (when copying this message, always include the lines below):

0. DB::Exception::Exception(DB::Exception::MessageMasked&&, int, bool) @ 0x000000000c6251d7 in /usr/bin/clickhouse
1. DB::Exception::Exception<String const&>(int, FormatStringHelperImpl<std::type_identity<String const&>::type>, String const&) @ 0x00000000074ae38d in /usr/bin/clickhouse
2. Coordination::Exception::Exception<String const&>(Coordination::Error, FormatStringHelperImpl<std::type_identity<String const&>::type>, String const&) @ 0x000000001276578a in /usr/bin/clickhouse
3. zkutil::ZooKeeperArgs::initFromKeeperSection(Poco::Util::AbstractConfiguration const&, String const&) @ 0x0000000013813c10 in /usr/bin/clickhouse
4. zkutil::ZooKeeperArgs::ZooKeeperArgs(Poco::Util::AbstractConfiguration const&, String const&) @ 0x000000001380f986 in /usr/bin/clickhouse
5. zkutil::ZooKeeper::ZooKeeper(Poco::Util::AbstractConfiguration const&, String const&, std::shared_ptr<DB::ZooKeeperLog>) @ 0x00000000137e48cc in /usr/bin/clickhouse
6. DB::Context::getZooKeeper() const @ 0x000000001164aa4a in /usr/bin/clickhouse
7. DB::DDLWorker::getAndSetZooKeeper() @ 0x00000000116cc32d in /usr/bin/clickhouse
8. DB::DDLWorker::initializeMainThread() @ 0x00000000116dca3b in /usr/bin/clickhouse
9. DB::DDLWorker::runMainThread() @ 0x00000000116c73c0 in /usr/bin/clickhouse
10. void std::__function::__policy_invoker<void ()>::__call_impl<std::__function::__default_alloc_func<ThreadFromGlobalPoolImpl<true>::ThreadFromGlobalPoolImpl<void (DB::DDLWorker::*)(), DB::DDLWorker*>(void (DB::DDLWorker::*&&)(), DB::DDLWorker*&&)::'lambda'(), void ()>>(std::__function::__policy_storage const*) @ 0x00000000116ddb4c in /usr/bin/clickhouse
11. void* std::__thread_proxy[abi:v15000]<std::tuple<std::unique_ptr<std::__thread_struct, std::default_delete<std::__thread_struct>>, void ThreadPoolImpl<std::thread>::scheduleImpl<void>(std::function<void ()>, Priority, std::optional<unsigned long>, bool)::'lambda0'()>>(void*) @ 0x000000000c706104 in /usr/bin/clickhouse
12. ? @ 0x00007d53c9f52609 in ?
13. ? @ 0x00007d53c9e77353 in ?
 (version 23.8.16.16 (official build))
2026.03.18 20:30:15.906663 [ 286 ] {} <Error> DDLWorker: ZooKeeper error: Code: 999. Coordination::Exception: Unknown key host in config file. (KEEPER_EXCEPTION), Stack trace (when copying this message, always include the lines below):

0. DB::Exception::Exception(DB::Exception::MessageMasked&&, int, bool) @ 0x000000000c6251d7 in /usr/bin/clickhouse
1. DB::Exception::Exception<String const&>(int, FormatStringHelperImpl<std::type_identity<String const&>::type>, String const&) @ 0x00000000074ae38d in /usr/bin/clickhouse
2. Coordination::Exception::Exception<String const&>(Coordination::Error, FormatStringHelperImpl<std::type_identity<String const&>::type>, String const&) @ 0x000000001276578a in /usr/bin/clickhouse
3. zkutil::ZooKeeperArgs::initFromKeeperSection(Poco::Util::AbstractConfiguration const&, String const&) @ 0x0000000013813c10 in /usr/bin/clickhouse
4. zkutil::ZooKeeperArgs::ZooKeeperArgs(Poco::Util::AbstractConfiguration const&, String const&) @ 0x000000001380f986 in /usr/bin/clickhouse
5. zkutil::ZooKeeper::ZooKeeper(Poco::Util::AbstractConfiguration const&, String const&, std::shared_ptr<DB::ZooKeeperLog>) @ 0x00000000137e48cc in /usr/bin/clickhouse
6. DB::Context::getZooKeeper() const @ 0x000000001164aa4a in /usr/bin/clickhouse
7. DB::DDLWorker::getAndSetZooKeeper() @ 0x00000000116cc32d in /usr/bin/clickhouse
8. DB::DDLWorker::initializeMainThread() @ 0x00000000116dca3b in /usr/bin/clickhouse
9. DB::DDLWorker::runMainThread() @ 0x00000000116c73c0 in /usr/bin/clickhouse
10. void std::__function::__policy_invoker<void ()>::__call_impl<std::__function::__default_alloc_func<ThreadFromGlobalPoolImpl<true>::ThreadFromGlobalPoolImpl<void (DB::DDLWorker::*)(), DB::DDLWorker*>(void (DB::DDLWorker::*&&)(), DB::DDLWorker*&&)::'lambda'(), void ()>>(std::__function::__policy_storage const*) @ 0x00000000116ddb4c in /usr/bin/clickhouse
11. void* std::__thread_proxy[abi:v15000]<std::tuple<std::unique_ptr<std::__thread_struct, std::default_delete<std::__thread_struct>>, void ThreadPoolImpl<std::thread>::scheduleImpl<void>(std::function<void ()>, Priority, std::optional<unsigned long>, bool)::'lambda0'()>>(void*) @ 0x000000000c706104 in /usr/bin/clickhouse
12. ? @ 0x00007d53c9f52609 in ?
13. ? @ 0x00007d53c9e77353 in ?
 (version 23.8.16.16 (official build)). Failed to start DDLWorker.
2026.03.18 20:30:15.906884 [ 286 ] {} <Error> virtual bool DB::DDLWorker::initializeMainThread(): Code: 999. Coordination::Exception: Unknown key host in config file. (KEEPER_EXCEPTION), Stack trace (when copying this message, always include the lines below):

0. DB::Exception::Exception(DB::Exception::MessageMasked&&, int, bool) @ 0x000000000c6251d7 in /usr/bin/clickhouse
1. DB::Exception::Exception<String const&>(int, FormatStringHelperImpl<std::type_identity<String const&>::type>, String const&) @ 0x00000000074ae38d in /usr/bin/clickhouse
2. Coordination::Exception::Exception<String const&>(Coordination::Error, FormatStringHelperImpl<std::type_identity<String const&>::type>, String const&) @ 0x000000001276578a in /usr/bin/clickhouse
3. zkutil::ZooKeeperArgs::initFromKeeperSection(Poco::Util::AbstractConfiguration const&, String const&) @ 0x0000000013813c10 in /usr/bin/clickhouse
4. zkutil::ZooKeeperArgs::ZooKeeperArgs(Poco::Util::AbstractConfiguration const&, String const&) @ 0x000000001380f986 in /usr/bin/clickhouse
5. zkutil::ZooKeeper::ZooKeeper(Poco::Util::AbstractConfiguration const&, String const&, std::shared_ptr<DB::ZooKeeperLog>) @ 0x00000000137e48cc in /usr/bin/clickhouse
6. DB::Context::getZooKeeper() const @ 0x000000001164aa4a in /usr/bin/clickhouse
7. DB::DDLWorker::getAndSetZooKeeper() @ 0x00000000116cc32d in /usr/bin/clickhouse
8. DB::DDLWorker::initializeMainThread() @ 0x00000000116dca3b in /usr/bin/clickhouse
9. DB::DDLWorker::runMainThread() @ 0x00000000116c73c0 in /usr/bin/clickhouse
10. void std::__function::__policy_invoker<void ()>::__call_impl<std::__function::__default_alloc_func<ThreadFromGlobalPoolImpl<true>::ThreadFromGlobalPoolImpl<void (DB::DDLWorker::*)(), DB::DDLWorker*>(void (DB::DDLWorker::*&&)(), DB::DDLWorker*&&)::'lambda'(), void ()>>(std::__function::__policy_storage const*) @ 0x00000000116ddb4c in /usr/bin/clickhouse
11. void* std::__thread_proxy[abi:v15000]<std::tuple<std::unique_ptr<std::__thread_struct, std::default_delete<std::__thread_struct>>, void ThreadPoolImpl<std::thread>::scheduleImpl<void>(std::function<void ()>, Priority, std::optional<unsigned long>, bool)::'lambda0'()>>(void*) @ 0x000000000c706104 in /usr/bin/clickhouse
12. ? @ 0x00007d53c9f52609 in ?
13. ? @ 0x00007d53c9e77353 in ?
 (version 23.8.16.16 (official build))
2026.03.18 20:30:20.902460 [ 72 ] {} <Debug> DNSResolver: Updating DNS cache
2026.03.18 20:30:20.903340 [ 72 ] {} <Debug> DNSResolver: Updated DNS cache
2026.03.18 20:30:20.907123 [ 286 ] {} <Error> DDLWorker: ZooKeeper error: Code: 999. Coordination::Exception: Unknown key host in config file. (KEEPER_EXCEPTION), Stack trace (when copying this message, always include the lines below):

0. DB::Exception::Exception(DB::Exception::MessageMasked&&, int, bool) @ 0x000000000c6251d7 in /usr/bin/clickhouse
1. DB::Exception::Exception<String const&>(int, FormatStringHelperImpl<std::type_identity<String const&>::type>, String const&) @ 0x00000000074ae38d in /usr/bin/clickhouse
2. Coordination::Exception::Exception<String const&>(Coordination::Error, FormatStringHelperImpl<std::type_identity<String const&>::type>, String const&) @ 0x000000001276578a in /usr/bin/clickhouse
3. zkutil::ZooKeeperArgs::initFromKeeperSection(Poco::Util::AbstractConfiguration const&, String const&) @ 0x0000000013813c10 in /usr/bin/clickhouse
4. zkutil::ZooKeeperArgs::ZooKeeperArgs(Poco::Util::AbstractConfiguration const&, String const&) @ 0x000000001380f986 in /usr/bin/clickhouse
5. zkutil::ZooKeeper::ZooKeeper(Poco::Util::AbstractConfiguration const&, String const&, std::shared_ptr<DB::ZooKeeperLog>) @ 0x00000000137e48cc in /usr/bin/clickhouse
6. DB::Context::getZooKeeper() const @ 0x000000001164aa4a in /usr/bin/clickhouse
7. DB::DDLWorker::getAndSetZooKeeper() @ 0x00000000116cc32d in /usr/bin/clickhouse
8. DB::DDLWorker::initializeMainThread() @ 0x00000000116dca3b in /usr/bin/clickhouse
9. DB::DDLWorker::runMainThread() @ 0x00000000116c73c0 in /usr/bin/clickhouse
10. void std::__function::__policy_invoker<void ()>::__call_impl<std::__function::__default_alloc_func<ThreadFromGlobalPoolImpl<true>::ThreadFromGlobalPoolImpl<void (DB::DDLWorker::*)(), DB::DDLWorker*>(void (DB::DDLWorker::*&&)(), DB::DDLWorker*&&)::'lambda'(), void ()>>(std::__function::__policy_storage const*) @ 0x00000000116ddb4c in /usr/bin/clickhouse
11. void* std::__thread_proxy[abi:v15000]<std::tuple<std::unique_ptr<std::__thread_struct, std::default_delete<std::__thread_struct>>, void ThreadPoolImpl<std::thread>::scheduleImpl<void>(std::function<void ()>, Priority, std::optional<unsigned long>, bool)::'lambda0'()>>(void*) @ 0x000000000c706104 in /usr/bin/clickhouse
12. ? @ 0x00007d53c9f52609 in ?
13. ? @ 0x00007d53c9e77353 in ?
 (version 23.8.16.16 (official build)). Failed to start DDLWorker.
2026.03.18 20:30:20.907276 [ 286 ] {} <Error> virtual bool DB::DDLWorker::initializeMainThread(): Code: 999. Coordination::Exception: Unknown key host in config file. (KEEPER_EXCEPTION), Stack trace (when copying this message, always include the lines below):

0. DB::Exception::Exception(DB::Exception::MessageMasked&&, int, bool) @ 0x000000000c6251d7 in /usr/bin/clickhouse
1. DB::Exception::Exception<String const&>(int, FormatStringHelperImpl<std::type_identity<String const&>::type>, String const&) @ 0x00000000074ae38d in /usr/bin/clickhouse
2. Coordination::Exception::Exception<String const&>(Coordination::Error, FormatStringHelperImpl<std::type_identity<String const&>::type>, String const&) @ 0x000000001276578a in /usr/bin/clickhouse
3. zkutil::ZooKeeperArgs::initFromKeeperSection(Poco::Util::AbstractConfiguration const&, String const&) @ 0x0000000013813c10 in /usr/bin/clickhouse
4. zkutil::ZooKeeperArgs::ZooKeeperArgs(Poco::Util::AbstractConfiguration const&, String const&) @ 0x000000001380f986 in /usr/bin/clickhouse
5. zkutil::ZooKeeper::ZooKeeper(Poco::Util::AbstractConfiguration const&, String const&, std::shared_ptr<DB::ZooKeeperLog>) @ 0x00000000137e48cc in /usr/bin/clickhouse
6. DB::Context::getZooKeeper() const @ 0x000000001164aa4a in /usr/bin/clickhouse
7. DB::DDLWorker::getAndSetZooKeeper() @ 0x00000000116cc32d in /usr/bin/clickhouse
8. DB::DDLWorker::initializeMainThread() @ 0x00000000116dca3b in /usr/bin/clickhouse
9. DB::DDLWorker::runMainThread() @ 0x00000000116c73c0 in /usr/bin/clickhouse
10. void std::__function::__policy_invoker<void ()>::__call_impl<std::__function::__default_alloc_func<ThreadFromGlobalPoolImpl<true>::ThreadFromGlobalPoolImpl<void (DB::DDLWorker::*)(), DB::DDLWorker*>(void (DB::DDLWorker::*&&)(), DB::DDLWorker*&&)::'lambda'(), void ()>>(std::__function::__policy_storage const*) @ 0x00000000116ddb4c in /usr/bin/clickhouse
11. void* std::__thread_proxy[abi:v15000]<std::tuple<std::unique_ptr<std::__thread_struct, std::default_delete<std::__thread_struct>>, void ThreadPoolImpl<std::thread>::scheduleImpl<void>(std::function<void ()>, Priority, std::optional<unsigned long>, bool)::'lambda0'()>>(void*) @ 0x000000000c706104 in /usr/bin/clickhouse
12. ? @ 0x00007d53c9f52609 in ?
13. ? @ 0x00007d53c9e77353 in ?
 (version 23.8.16.16 (official build))
2026.03.18 20:30:25.907704 [ 286 ] {} <Error> DDLWorker: ZooKeeper error: Code: 999. Coordination::Exception: Unknown key host in config file. (KEEPER_EXCEPTION), Stack trace (when copying this message, always include the lines below):

0. DB::Exception::Exception(DB::Exception::MessageMasked&&, int, bool) @ 0x000000000c6251d7 in /usr/bin/clickhouse
1. DB::Exception::Exception<String const&>(int, FormatStringHelperImpl<std::type_identity<String const&>::type>, String const&) @ 0x00000000074ae38d in /usr/bin/clickhouse
2. Coordination::Exception::Exception<String const&>(Coordination::Error, FormatStringHelperImpl<std::type_identity<String const&>::type>, String const&) @ 0x000000001276578a in /usr/bin/clickhouse
3. zkutil::ZooKeeperArgs::initFromKeeperSection(Poco::Util::AbstractConfiguration const&, String const&) @ 0x0000000013813c10 in /usr/bin/clickhouse
4. zkutil::ZooKeeperArgs::ZooKeeperArgs(Poco::Util::AbstractConfiguration const&, String const&) @ 0x000000001380f986 in /usr/bin/clickhouse
5. zkutil::ZooKeeper::ZooKeeper(Poco::Util::AbstractConfiguration const&, String const&, std::shared_ptr<DB::ZooKeeperLog>) @ 0x00000000137e48cc in /usr/bin/clickhouse
6. DB::Context::getZooKeeper() const @ 0x000000001164aa4a in /usr/bin/clickhouse
7. DB::DDLWorker::getAndSetZooKeeper() @ 0x00000000116cc32d in /usr/bin/clickhouse
8. DB::DDLWorker::initializeMainThread() @ 0x00000000116dca3b in /usr/bin/clickhouse
9. DB::DDLWorker::runMainThread() @ 0x00000000116c73c0 in /usr/bin/clickhouse
10. void std::__function::__policy_invoker<void ()>::__call_impl<std::__function::__default_alloc_func<ThreadFromGlobalPoolImpl<true>::ThreadFromGlobalPoolImpl<void (DB::DDLWorker::*)(), DB::DDLWorker*>(void (DB::DDLWorker::*&&)(), DB::DDLWorker*&&)::'lambda'(), void ()>>(std::__function::__policy_storage const*) @ 0x00000000116ddb4c in /usr/bin/clickhouse
11. void* std::__thread_proxy[abi:v15000]<std::tuple<std::unique_ptr<std::__thread_struct, std::default_delete<std::__thread_struct>>, void ThreadPoolImpl<std::thread>::scheduleImpl<void>(std::function<void ()>, Priority, std::optional<unsigned long>, bool)::'lambda0'()>>(void*) @ 0x000000000c706104 in /usr/bin/clickhouse
12. ? @ 0x00007d53c9f52609 in ?
13. ? @ 0x00007d53c9e77353 in ?
 (version 23.8.16.16 (official build)). Failed to start DDLWorker.
2026.03.18 20:30:25.907845 [ 286 ] {} <Error> virtual bool DB::DDLWorker::initializeMainThread(): Code: 999. Coordination::Exception: Unknown key host in config file. (KEEPER_EXCEPTION), Stack trace (when copying this message, always include the lines below):

0. DB::Exception::Exception(DB::Exception::MessageMasked&&, int, bool) @ 0x000000000c6251d7 in /usr/bin/clickhouse
1. DB::Exception::Exception<String const&>(int, FormatStringHelperImpl<std::type_identity<String const&>::type>, String const&) @ 0x00000000074ae38d in /usr/bin/clickhouse
2. Coordination::Exception::Exception<String const&>(Coordination::Error, FormatStringHelperImpl<std::type_identity<String const&>::type>, String const&) @ 0x000000001276578a in /usr/bin/clickhouse
3. zkutil::ZooKeeperArgs::initFromKeeperSection(Poco::Util::AbstractConfiguration const&, String const&) @ 0x0000000013813c10 in /usr/bin/clickhouse
4. zkutil::ZooKeeperArgs::ZooKeeperArgs(Poco::Util::AbstractConfiguration const&, String const&) @ 0x000000001380f986 in /usr/bin/clickhouse
5. zkutil::ZooKeeper::ZooKeeper(Poco::Util::AbstractConfiguration const&, String const&, std::shared_ptr<DB::ZooKeeperLog>) @ 0x00000000137e48cc in /usr/bin/clickhouse
6. DB::Context::getZooKeeper() const @ 0x000000001164aa4a in /usr/bin/clickhouse
7. DB::DDLWorker::getAndSetZooKeeper() @ 0x00000000116cc32d in /usr/bin/clickhouse
8. DB::DDLWorker::initializeMainThread() @ 0x00000000116dca3b in /usr/bin/clickhouse
9. DB::DDLWorker::runMainThread() @ 0x00000000116c73c0 in /usr/bin/clickhouse
10. void std::__function::__policy_invoker<void ()>::__call_impl<std::__function::__default_alloc_func<ThreadFromGlobalPoolImpl<true>::ThreadFromGlobalPoolImpl<void (DB::DDLWorker::*)(), DB::DDLWorker*>(void (DB::DDLWorker::*&&)(), DB::DDLWorker*&&)::'lambda'(), void ()>>(std::__function::__policy_storage const*) @ 0x00000000116ddb4c in /usr/bin/clickhouse
11. void* std::__thread_proxy[abi:v15000]<std::tuple<std::unique_ptr<std::__thread_struct, std::default_delete<std::__thread_struct>>, void ThreadPoolImpl<std::thread>::scheduleImpl<void>(std::function<void ()>, Priority, std::optional<unsigned long>, bool)::'lambda0'()>>(void*) @ 0x000000000c706104 in /usr/bin/clickhouse
12. ? @ 0x00007d53c9f52609 in ?
13. ? @ 0x00007d53c9e77353 in ?
 (version 23.8.16.16 (official build))
2026.03.18 20:30:30.908972 [ 286 ] {} <Error> DDLWorker: ZooKeeper error: Code: 999. Coordination::Exception: Unknown key host in config file. (KEEPER_EXCEPTION), Stack trace (when copying this message, always include the lines below):

0. DB::Exception::Exception(DB::Exception::MessageMasked&&, int, bool) @ 0x000000000c6251d7 in /usr/bin/clickhouse
1. DB::Exception::Exception<String const&>(int, FormatStringHelperImpl<std::type_identity<String const&>::type>, String const&) @ 0x00000000074ae38d in /usr/bin/clickhouse
2. Coordination::Exception::Exception<String const&>(Coordination::Error, FormatStringHelperImpl<std::type_identity<String const&>::type>, String const&) @ 0x000000001276578a in /usr/bin/clickhouse
3. zkutil::ZooKeeperArgs::initFromKeeperSection(Poco::Util::AbstractConfiguration const&, String const&) @ 0x0000000013813c10 in /usr/bin/clickhouse
4. zkutil::ZooKeeperArgs::ZooKeeperArgs(Poco::Util::AbstractConfiguration const&, String const&) @ 0x000000001380f986 in /usr/bin/clickhouse
5. zkutil::ZooKeeper::ZooKeeper(Poco::Util::AbstractConfiguration const&, String const&, std::shared_ptr<DB::ZooKeeperLog>) @ 0x00000000137e48cc in /usr/bin/clickhouse
6. DB::Context::getZooKeeper() const @ 0x000000001164aa4a in /usr/bin/clickhouse
7. DB::DDLWorker::getAndSetZooKeeper() @ 0x00000000116cc32d in /usr/bin/clickhouse
8. DB::DDLWorker::initializeMainThread() @ 0x00000000116dca3b in /usr/bin/clickhouse
9. DB::DDLWorker::runMainThread() @ 0x00000000116c73c0 in /usr/bin/clickhouse
10. void std::__function::__policy_invoker<void ()>::__call_impl<std::__function::__default_alloc_func<ThreadFromGlobalPoolImpl<true>::ThreadFromGlobalPoolImpl<void (DB::DDLWorker::*)(), DB::DDLWorker*>(void (DB::DDLWorker::*&&)(), DB::DDLWorker*&&)::'lambda'(), void ()>>(std::__function::__policy_storage const*) @ 0x00000000116ddb4c in /usr/bin/clickhouse
11. void* std::__thread_proxy[abi:v15000]<std::tuple<std::unique_ptr<std::__thread_struct, std::default_delete<std::__thread_struct>>, void ThreadPoolImpl<std::thread>::scheduleImpl<void>(std::function<void ()>, Priority, std::optional<unsigned long>, bool)::'lambda0'()>>(void*) @ 0x000000000c706104 in /usr/bin/clickhouse
12. ? @ 0x00007d53c9f52609 in ?
13. ? @ 0x00007d53c9e77353 in ?
 (version 23.8.16.16 (official build)). Failed to start DDLWorker.
2026.03.18 20:30:30.909049 [ 286 ] {} <Error> virtual bool DB::DDLWorker::initializeMainThread(): Code: 999. Coordination::Exception: Unknown key host in config file. (KEEPER_EXCEPTION), Stack trace (when copying this message, always include the lines below):

0. DB::Exception::Exception(DB::Exception::MessageMasked&&, int, bool) @ 0x000000000c6251d7 in /usr/bin/clickhouse
1. DB::Exception::Exception<String const&>(int, FormatStringHelperImpl<std::type_identity<String const&>::type>, String const&) @ 0x00000000074ae38d in /usr/bin/clickhouse
2. Coordination::Exception::Exception<String const&>(Coordination::Error, FormatStringHelperImpl<std::type_identity<String const&>::type>, String const&) @ 0x000000001276578a in /usr/bin/clickhouse
3. zkutil::ZooKeeperArgs::initFromKeeperSection(Poco::Util::AbstractConfiguration const&, String const&) @ 0x0000000013813c10 in /usr/bin/clickhouse
4. zkutil::ZooKeeperArgs::ZooKeeperArgs(Poco::Util::AbstractConfiguration const&, String const&) @ 0x000000001380f986 in /usr/bin/clickhouse
5. zkutil::ZooKeeper::ZooKeeper(Poco::Util::AbstractConfiguration const&, String const&, std::shared_ptr<DB::ZooKeeperLog>) @ 0x00000000137e48cc in /usr/bin/clickhouse
6. DB::Context::getZooKeeper() const @ 0x000000001164aa4a in /usr/bin/clickhouse
7. DB::DDLWorker::getAndSetZooKeeper() @ 0x00000000116cc32d in /usr/bin/clickhouse
8. DB::DDLWorker::initializeMainThread() @ 0x00000000116dca3b in /usr/bin/clickhouse
9. DB::DDLWorker::runMainThread() @ 0x00000000116c73c0 in /usr/bin/clickhouse
10. void std::__function::__policy_invoker<void ()>::__call_impl<std::__function::__default_alloc_func<ThreadFromGlobalPoolImpl<true>::ThreadFromGlobalPoolImpl<void (DB::DDLWorker::*)(), DB::DDLWorker*>(void (DB::DDLWorker::*&&)(), DB::DDLWorker*&&)::'lambda'(), void ()>>(std::__function::__policy_storage const*) @ 0x00000000116ddb4c in /usr/bin/clickhouse
11. void* std::__thread_proxy[abi:v15000]<std::tuple<std::unique_ptr<std::__thread_struct, std::default_delete<std::__thread_struct>>, void ThreadPoolImpl<std::thread>::scheduleImpl<void>(std::function<void ()>, Priority, std::optional<unsigned long>, bool)::'lambda0'()>>(void*) @ 0x000000000c706104 in /usr/bin/clickhouse
12. ? @ 0x00007d53c9f52609 in ?
13. ? @ 0x00007d53c9e77353 in ?
 (version 23.8.16.16 (official build))
2026.03.18 20:30:35.903869 [ 66 ] {} <Debug> DNSResolver: Updating DNS cache
2026.03.18 20:30:35.905199 [ 66 ] {} <Debug> DNSResolver: Updated DNS cache
2026.03.18 20:30:35.909460 [ 286 ] {} <Error> DDLWorker: ZooKeeper error: Code: 999. Coordination::Exception: Unknown key host in config file. (KEEPER_EXCEPTION), Stack trace (when copying this message, always include the lines below):

0. DB::Exception::Exception(DB::Exception::MessageMasked&&, int, bool) @ 0x000000000c6251d7 in /usr/bin/clickhouse
1. DB::Exception::Exception<String const&>(int, FormatStringHelperImpl<std::type_identity<String const&>::type>, String const&) @ 0x00000000074ae38d in /usr/bin/clickhouse
2. Coordination::Exception::Exception<String const&>(Coordination::Error, FormatStringHelperImpl<std::type_identity<String const&>::type>, String const&) @ 0x000000001276578a in /usr/bin/clickhouse
3. zkutil::ZooKeeperArgs::initFromKeeperSection(Poco::Util::AbstractConfiguration const&, String const&) @ 0x0000000013813c10 in /usr/bin/clickhouse
4. zkutil::ZooKeeperArgs::ZooKeeperArgs(Poco::Util::AbstractConfiguration const&, String const&) @ 0x000000001380f986 in /usr/bin/clickhouse
5. zkutil::ZooKeeper::ZooKeeper(Poco::Util::AbstractConfiguration const&, String const&, std::shared_ptr<DB::ZooKeeperLog>) @ 0x00000000137e48cc in /usr/bin/clickhouse
6. DB::Context::getZooKeeper() const @ 0x000000001164aa4a in /usr/bin/clickhouse
7. DB::DDLWorker::getAndSetZooKeeper() @ 0x00000000116cc32d in /usr/bin/clickhouse
8. DB::DDLWorker::initializeMainThread() @ 0x00000000116dca3b in /usr/bin/clickhouse
9. DB::DDLWorker::runMainThread() @ 0x00000000116c73c0 in /usr/bin/clickhouse
10. void std::__function::__policy_invoker<void ()>::__call_impl<std::__function::__default_alloc_func<ThreadFromGlobalPoolImpl<true>::ThreadFromGlobalPoolImpl<void (DB::DDLWorker::*)(), DB::DDLWorker*>(void (DB::DDLWorker::*&&)(), DB::DDLWorker*&&)::'lambda'(), void ()>>(std::__function::__policy_storage const*) @ 0x00000000116ddb4c in /usr/bin/clickhouse
11. void* std::__thread_proxy[abi:v15000]<std::tuple<std::unique_ptr<std::__thread_struct, std::default_delete<std::__thread_struct>>, void ThreadPoolImpl<std::thread>::scheduleImpl<void>(std::function<void ()>, Priority, std::optional<unsigned long>, bool)::'lambda0'()>>(void*) @ 0x000000000c706104 in /usr/bin/clickhouse
12. ? @ 0x00007d53c9f52609 in ?
13. ? @ 0x00007d53c9e77353 in ?
 (version 23.8.16.16 (official build)). Failed to start DDLWorker.
2026.03.18 20:30:35.909509 [ 286 ] {} <Error> virtual bool DB::DDLWorker::initializeMainThread(): Code: 999. Coordination::Exception: Unknown key host in config file. (KEEPER_EXCEPTION), Stack trace (when copying this message, always include the lines below):

0. DB::Exception::Exception(DB::Exception::MessageMasked&&, int, bool) @ 0x000000000c6251d7 in /usr/bin/clickhouse
1. DB::Exception::Exception<String const&>(int, FormatStringHelperImpl<std::type_identity<String const&>::type>, String const&) @ 0x00000000074ae38d in /usr/bin/clickhouse
2. Coordination::Exception::Exception<String const&>(Coordination::Error, FormatStringHelperImpl<std::type_identity<String const&>::type>, String const&) @ 0x000000001276578a in /usr/bin/clickhouse
3. zkutil::ZooKeeperArgs::initFromKeeperSection(Poco::Util::AbstractConfiguration const&, String const&) @ 0x0000000013813c10 in /usr/bin/clickhouse
4. zkutil::ZooKeeperArgs::ZooKeeperArgs(Poco::Util::AbstractConfiguration const&, String const&) @ 0x000000001380f986 in /usr/bin/clickhouse
5. zkutil::ZooKeeper::ZooKeeper(Poco::Util::AbstractConfiguration const&, String const&, std::shared_ptr<DB::ZooKeeperLog>) @ 0x00000000137e48cc in /usr/bin/clickhouse
6. DB::Context::getZooKeeper() const @ 0x000000001164aa4a in /usr/bin/clickhouse
7. DB::DDLWorker::getAndSetZooKeeper() @ 0x00000000116cc32d in /usr/bin/clickhouse
8. DB::DDLWorker::initializeMainThread() @ 0x00000000116dca3b in /usr/bin/clickhouse
9. DB::DDLWorker::runMainThread() @ 0x00000000116c73c0 in /usr/bin/clickhouse
10. void std::__function::__policy_invoker<void ()>::__call_impl<std::__function::__default_alloc_func<ThreadFromGlobalPoolImpl<true>::ThreadFromGlobalPoolImpl<void (DB::DDLWorker::*)(), DB::DDLWorker*>(void (DB::DDLWorker::*&&)(), DB::DDLWorker*&&)::'lambda'(), void ()>>(std::__function::__policy_storage const*) @ 0x00000000116ddb4c in /usr/bin/clickhouse
11. void* std::__thread_proxy[abi:v15000]<std::tuple<std::unique_ptr<std::__thread_struct, std::default_delete<std::__thread_struct>>, void ThreadPoolImpl<std::thread>::scheduleImpl<void>(std::function<void ()>, Priority, std::optional<unsigned long>, bool)::'lambda0'()>>(void*) @ 0x000000000c706104 in /usr/bin/clickhouse
12. ? @ 0x00007d53c9f52609 in ?
13. ? @ 0x00007d53c9e77353 in ?
 (version 23.8.16.16 (official build))
2026.03.18 20:30:40.911408 [ 286 ] {} <Error> DDLWorker: ZooKeeper error: Code: 999. Coordination::Exception: Unknown key host in config file. (KEEPER_EXCEPTION), Stack trace (when copying this message, always include the lines below):

0. DB::Exception::Exception(DB::Exception::MessageMasked&&, int, bool) @ 0x000000000c6251d7 in /usr/bin/clickhouse
1. DB::Exception::Exception<String const&>(int, FormatStringHelperImpl<std::type_identity<String const&>::type>, String const&) @ 0x00000000074ae38d in /usr/bin/clickhouse
2. Coordination::Exception::Exception<String const&>(Coordination::Error, FormatStringHelperImpl<std::type_identity<String const&>::type>, String const&) @ 0x000000001276578a in /usr/bin/clickhouse
3. zkutil::ZooKeeperArgs::initFromKeeperSection(Poco::Util::AbstractConfiguration const&, String const&) @ 0x0000000013813c10 in /usr/bin/clickhouse
4. zkutil::ZooKeeperArgs::ZooKeeperArgs(Poco::Util::AbstractConfiguration const&, String const&) @ 0x000000001380f986 in /usr/bin/clickhouse
5. zkutil::ZooKeeper::ZooKeeper(Poco::Util::AbstractConfiguration const&, String const&, std::shared_ptr<DB::ZooKeeperLog>) @ 0x00000000137e48cc in /usr/bin/clickhouse
6. DB::Context::getZooKeeper() const @ 0x000000001164aa4a in /usr/bin/clickhouse
7. DB::DDLWorker::getAndSetZooKeeper() @ 0x00000000116cc32d in /usr/bin/clickhouse
8. DB::DDLWorker::initializeMainThread() @ 0x00000000116dca3b in /usr/bin/clickhouse
9. DB::DDLWorker::runMainThread() @ 0x00000000116c73c0 in /usr/bin/clickhouse
10. void std::__function::__policy_invoker<void ()>::__call_impl<std::__function::__default_alloc_func<ThreadFromGlobalPoolImpl<true>::ThreadFromGlobalPoolImpl<void (DB::DDLWorker::*)(), DB::DDLWorker*>(void (DB::DDLWorker::*&&)(), DB::DDLWorker*&&)::'lambda'(), void ()>>(std::__function::__policy_storage const*) @ 0x00000000116ddb4c in /usr/bin/clickhouse
11. void* std::__thread_proxy[abi:v15000]<std::tuple<std::unique_ptr<std::__thread_struct, std::default_delete<std::__thread_struct>>, void ThreadPoolImpl<std::thread>::scheduleImpl<void>(std::function<void ()>, Priority, std::optional<unsigned long>, bool)::'lambda0'()>>(void*) @ 0x000000000c706104 in /usr/bin/clickhouse
12. ? @ 0x00007d53c9f52609 in ?
13. ? @ 0x00007d53c9e77353 in ?
 (version 23.8.16.16 (official build)). Failed to start DDLWorker.
2026.03.18 20:30:40.911473 [ 286 ] {} <Error> virtual bool DB::DDLWorker::initializeMainThread(): Code: 999. Coordination::Exception: Unknown key host in config file. (KEEPER_EXCEPTION), Stack trace (when copying this message, always include the lines below):

0. DB::Exception::Exception(DB::Exception::MessageMasked&&, int, bool) @ 0x000000000c6251d7 in /usr/bin/clickhouse
1. DB::Exception::Exception<String const&>(int, FormatStringHelperImpl<std::type_identity<String const&>::type>, String const&) @ 0x00000000074ae38d in /usr/bin/clickhouse
2. Coordination::Exception::Exception<String const&>(Coordination::Error, FormatStringHelperImpl<std::type_identity<String const&>::type>, String const&) @ 0x000000001276578a in /usr/bin/clickhouse
3. zkutil::ZooKeeperArgs::initFromKeeperSection(Poco::Util::AbstractConfiguration const&, String const&) @ 0x0000000013813c10 in /usr/bin/clickhouse
4. zkutil::ZooKeeperArgs::ZooKeeperArgs(Poco::Util::AbstractConfiguration const&, String const&) @ 0x000000001380f986 in /usr/bin/clickhouse
5. zkutil::ZooKeeper::ZooKeeper(Poco::Util::AbstractConfiguration const&, String const&, std::shared_ptr<DB::ZooKeeperLog>) @ 0x00000000137e48cc in /usr/bin/clickhouse
6. DB::Context::getZooKeeper() const @ 0x000000001164aa4a in /usr/bin/clickhouse
7. DB::DDLWorker::getAndSetZooKeeper() @ 0x00000000116cc32d in /usr/bin/clickhouse
8. DB::DDLWorker::initializeMainThread() @ 0x00000000116dca3b in /usr/bin/clickhouse
9. DB::DDLWorker::runMainThread() @ 0x00000000116c73c0 in /usr/bin/clickhouse
10. void std::__function::__policy_invoker<void ()>::__call_impl<std::__function::__default_alloc_func<ThreadFromGlobalPoolImpl<true>::ThreadFromGlobalPoolImpl<void (DB::DDLWorker::*)(), DB::DDLWorker*>(void (DB::DDLWorker::*&&)(), DB::DDLWorker*&&)::'lambda'(), void ()>>(std::__function::__policy_storage const*) @ 0x00000000116ddb4c in /usr/bin/clickhouse
11. void* std::__thread_proxy[abi:v15000]<std::tuple<std::unique_ptr<std::__thread_struct, std::default_delete<std::__thread_struct>>, void ThreadPoolImpl<std::thread>::scheduleImpl<void>(std::function<void ()>, Priority, std::optional<unsigned long>, bool)::'lambda0'()>>(void*) @ 0x000000000c706104 in /usr/bin/clickhouse
12. ? @ 0x00007d53c9f52609 in ?
13. ? @ 0x00007d53c9e77353 in ?
 (version 23.8.16.16 (official build))
2026.03.18 20:30:45.914045 [ 286 ] {} <Error> DDLWorker: ZooKeeper error: Code: 999. Coordination::Exception: Unknown key host in config file. (KEEPER_EXCEPTION), Stack trace (when copying this message, always include the lines below):

0. DB::Exception::Exception(DB::Exception::MessageMasked&&, int, bool) @ 0x000000000c6251d7 in /usr/bin/clickhouse
1. DB::Exception::Exception<String const&>(int, FormatStringHelperImpl<std::type_identity<String const&>::type>, String const&) @ 0x00000000074ae38d in /usr/bin/clickhouse
2. Coordination::Exception::Exception<String const&>(Coordination::Error, FormatStringHelperImpl<std::type_identity<String const&>::type>, String const&) @ 0x000000001276578a in /usr/bin/clickhouse
3. zkutil::ZooKeeperArgs::initFromKeeperSection(Poco::Util::AbstractConfiguration const&, String const&) @ 0x0000000013813c10 in /usr/bin/clickhouse
4. zkutil::ZooKeeperArgs::ZooKeeperArgs(Poco::Util::AbstractConfiguration const&, String const&) @ 0x000000001380f986 in /usr/bin/clickhouse
5. zkutil::ZooKeeper::ZooKeeper(Poco::Util::AbstractConfiguration const&, String const&, std::shared_ptr<DB::ZooKeeperLog>) @ 0x00000000137e48cc in /usr/bin/clickhouse
6. DB::Context::getZooKeeper() const @ 0x000000001164aa4a in /usr/bin/clickhouse
7. DB::DDLWorker::getAndSetZooKeeper() @ 0x00000000116cc32d in /usr/bin/clickhouse
8. DB::DDLWorker::initializeMainThread() @ 0x00000000116dca3b in /usr/bin/clickhouse
9. DB::DDLWorker::runMainThread() @ 0x00000000116c73c0 in /usr/bin/clickhouse
10. void std::__function::__policy_invoker<void ()>::__call_impl<std::__function::__default_alloc_func<ThreadFromGlobalPoolImpl<true>::ThreadFromGlobalPoolImpl<void (DB::DDLWorker::*)(), DB::DDLWorker*>(void (DB::DDLWorker::*&&)(), DB::DDLWorker*&&)::'lambda'(), void ()>>(std::__function::__policy_storage const*) @ 0x00000000116ddb4c in /usr/bin/clickhouse
11. void* std::__thread_proxy[abi:v15000]<std::tuple<std::unique_ptr<std::__thread_struct, std::default_delete<std::__thread_struct>>, void ThreadPoolImpl<std::thread>::scheduleImpl<void>(std::function<void ()>, Priority, std::optional<unsigned long>, bool)::'lambda0'()>>(void*) @ 0x000000000c706104 in /usr/bin/clickhouse
12. ? @ 0x00007d53c9f52609 in ?
13. ? @ 0x00007d53c9e77353 in ?
 (version 23.8.16.16 (official build)). Failed to start DDLWorker.
2026.03.18 20:30:45.914170 [ 286 ] {} <Error> virtual bool DB::DDLWorker::initializeMainThread(): Code: 999. Coordination::Exception: Unknown key host in config file. (KEEPER_EXCEPTION), Stack trace (when copying this message, always include the lines below):

0. DB::Exception::Exception(DB::Exception::MessageMasked&&, int, bool) @ 0x000000000c6251d7 in /usr/bin/clickhouse
1. DB::Exception::Exception<String const&>(int, FormatStringHelperImpl<std::type_identity<String const&>::type>, String const&) @ 0x00000000074ae38d in /usr/bin/clickhouse
2. Coordination::Exception::Exception<String const&>(Coordination::Error, FormatStringHelperImpl<std::type_identity<String const&>::type>, String const&) @ 0x000000001276578a in /usr/bin/clickhouse
3. zkutil::ZooKeeperArgs::initFromKeeperSection(Poco::Util::AbstractConfiguration const&, String const&) @ 0x0000000013813c10 in /usr/bin/clickhouse
4. zkutil::ZooKeeperArgs::ZooKeeperArgs(Poco::Util::AbstractConfiguration const&, String const&) @ 0x000000001380f986 in /usr/bin/clickhouse
5. zkutil::ZooKeeper::ZooKeeper(Poco::Util::AbstractConfiguration const&, String const&, std::shared_ptr<DB::ZooKeeperLog>) @ 0x00000000137e48cc in /usr/bin/clickhouse
6. DB::Context::getZooKeeper() const @ 0x000000001164aa4a in /usr/bin/clickhouse
7. DB::DDLWorker::getAndSetZooKeeper() @ 0x00000000116cc32d in /usr/bin/clickhouse
8. DB::DDLWorker::initializeMainThread() @ 0x00000000116dca3b in /usr/bin/clickhouse
9. DB::DDLWorker::runMainThread() @ 0x00000000116c73c0 in /usr/bin/clickhouse
10. void std::__function::__policy_invoker<void ()>::__call_impl<std::__function::__default_alloc_func<ThreadFromGlobalPoolImpl<true>::ThreadFromGlobalPoolImpl<void (DB::DDLWorker::*)(), DB::DDLWorker*>(void (DB::DDLWorker::*&&)(), DB::DDLWorker*&&)::'lambda'(), void ()>>(std::__function::__policy_storage const*) @ 0x00000000116ddb4c in /usr/bin/clickhouse
11. void* std::__thread_proxy[abi:v15000]<std::tuple<std::unique_ptr<std::__thread_struct, std::default_delete<std::__thread_struct>>, void ThreadPoolImpl<std::thread>::scheduleImpl<void>(std::function<void ()>, Priority, std::optional<unsigned long>, bool)::'lambda0'()>>(void*) @ 0x000000000c706104 in /usr/bin/clickhouse
12. ? @ 0x00007d53c9f52609 in ?
13. ? @ 0x00007d53c9e77353 in ?
 (version 23.8.16.16 (official build))
2026.03.18 20:30:50.914832 [ 286 ] {} <Error> DDLWorker: ZooKeeper error: Code: 999. Coordination::Exception: Unknown key host in config file. (KEEPER_EXCEPTION), Stack trace (when copying this message, always include the lines below):

0. DB::Exception::Exception(DB::Exception::MessageMasked&&, int, bool) @ 0x000000000c6251d7 in /usr/bin/clickhouse
1. DB::Exception::Exception<String const&>(int, FormatStringHelperImpl<std::type_identity<String const&>::type>, String const&) @ 0x00000000074ae38d in /usr/bin/clickhouse
2. Coordination::Exception::Exception<String const&>(Coordination::Error, FormatStringHelperImpl<std::type_identity<String const&>::type>, String const&) @ 0x000000001276578a in /usr/bin/clickhouse
3. zkutil::ZooKeeperArgs::initFromKeeperSection(Poco::Util::AbstractConfiguration const&, String const&) @ 0x0000000013813c10 in /usr/bin/clickhouse
4. zkutil::ZooKeeperArgs::ZooKeeperArgs(Poco::Util::AbstractConfiguration const&, String const&) @ 0x000000001380f986 in /usr/bin/clickhouse
5. zkutil::ZooKeeper::ZooKeeper(Poco::Util::AbstractConfiguration const&, String const&, std::shared_ptr<DB::ZooKeeperLog>) @ 0x00000000137e48cc in /usr/bin/clickhouse
6. DB::Context::getZooKeeper() const @ 0x000000001164aa4a in /usr/bin/clickhouse
7. DB::DDLWorker::getAndSetZooKeeper() @ 0x00000000116cc32d in /usr/bin/clickhouse
8. DB::DDLWorker::initializeMainThread() @ 0x00000000116dca3b in /usr/bin/clickhouse
9. DB::DDLWorker::runMainThread() @ 0x00000000116c73c0 in /usr/bin/clickhouse
10. void std::__function::__policy_invoker<void ()>::__call_impl<std::__function::__default_alloc_func<ThreadFromGlobalPoolImpl<true>::ThreadFromGlobalPoolImpl<void (DB::DDLWorker::*)(), DB::DDLWorker*>(void (DB::DDLWorker::*&&)(), DB::DDLWorker*&&)::'lambda'(), void ()>>(std::__function::__policy_storage const*) @ 0x00000000116ddb4c in /usr/bin/clickhouse
11. void* std::__thread_proxy[abi:v15000]<std::tuple<std::unique_ptr<std::__thread_struct, std::default_delete<std::__thread_struct>>, void ThreadPoolImpl<std::thread>::scheduleImpl<void>(std::function<void ()>, Priority, std::optional<unsigned long>, bool)::'lambda0'()>>(void*) @ 0x000000000c706104 in /usr/bin/clickhouse
12. ? @ 0x00007d53c9f52609 in ?
13. ? @ 0x00007d53c9e77353 in ?
 (version 23.8.16.16 (official build)). Failed to start DDLWorker.
2026.03.18 20:30:50.914891 [ 286 ] {} <Error> virtual bool DB::DDLWorker::initializeMainThread(): Code: 999. Coordination::Exception: Unknown key host in config file. (KEEPER_EXCEPTION), Stack trace (when copying this message, always include the lines below):

0. DB::Exception::Exception(DB::Exception::MessageMasked&&, int, bool) @ 0x000000000c6251d7 in /usr/bin/clickhouse
1. DB::Exception::Exception<String const&>(int, FormatStringHelperImpl<std::type_identity<String const&>::type>, String const&) @ 0x00000000074ae38d in /usr/bin/clickhouse
2. Coordination::Exception::Exception<String const&>(Coordination::Error, FormatStringHelperImpl<std::type_identity<String const&>::type>, String const&) @ 0x000000001276578a in /usr/bin/clickhouse
3. zkutil::ZooKeeperArgs::initFromKeeperSection(Poco::Util::AbstractConfiguration const&, String const&) @ 0x0000000013813c10 in /usr/bin/clickhouse
4. zkutil::ZooKeeperArgs::ZooKeeperArgs(Poco::Util::AbstractConfiguration const&, String const&) @ 0x000000001380f986 in /usr/bin/clickhouse
5. zkutil::ZooKeeper::ZooKeeper(Poco::Util::AbstractConfiguration const&, String const&, std::shared_ptr<DB::ZooKeeperLog>) @ 0x00000000137e48cc in /usr/bin/clickhouse
6. DB::Context::getZooKeeper() const @ 0x000000001164aa4a in /usr/bin/clickhouse
7. DB::DDLWorker::getAndSetZooKeeper() @ 0x00000000116cc32d in /usr/bin/clickhouse
8. DB::DDLWorker::initializeMainThread() @ 0x00000000116dca3b in /usr/bin/clickhouse
9. DB::DDLWorker::runMainThread() @ 0x00000000116c73c0 in /usr/bin/clickhouse
10. void std::__function::__policy_invoker<void ()>::__call_impl<std::__function::__default_alloc_func<ThreadFromGlobalPoolImpl<true>::ThreadFromGlobalPoolImpl<void (DB::DDLWorker::*)(), DB::DDLWorker*>(void (DB::DDLWorker::*&&)(), DB::DDLWorker*&&)::'lambda'(), void ()>>(std::__function::__policy_storage const*) @ 0x00000000116ddb4c in /usr/bin/clickhouse
11. void* std::__thread_proxy[abi:v15000]<std::tuple<std::unique_ptr<std::__thread_struct, std::default_delete<std::__thread_struct>>, void ThreadPoolImpl<std::thread>::scheduleImpl<void>(std::function<void ()>, Priority, std::optional<unsigned long>, bool)::'lambda0'()>>(void*) @ 0x000000000c706104 in /usr/bin/clickhouse
12. ? @ 0x00007d53c9f52609 in ?
13. ? @ 0x00007d53c9e77353 in ?
 (version 23.8.16.16 (official build))
2026.03.18 20:30:50.940738 [ 69 ] {} <Debug> DNSResolver: Updating DNS cache
2026.03.18 20:30:50.942245 [ 69 ] {} <Debug> DNSResolver: Updated DNS cache
2026.03.18 20:30:55.918031 [ 286 ] {} <Error> DDLWorker: ZooKeeper error: Code: 999. Coordination::Exception: Unknown key host in config file. (KEEPER_EXCEPTION), Stack trace (when copying this message, always include the lines below):

0. DB::Exception::Exception(DB::Exception::MessageMasked&&, int, bool) @ 0x000000000c6251d7 in /usr/bin/clickhouse
1. DB::Exception::Exception<String const&>(int, FormatStringHelperImpl<std::type_identity<String const&>::type>, String const&) @ 0x00000000074ae38d in /usr/bin/clickhouse
2. Coordination::Exception::Exception<String const&>(Coordination::Error, FormatStringHelperImpl<std::type_identity<String const&>::type>, String const&) @ 0x000000001276578a in /usr/bin/clickhouse
3. zkutil::ZooKeeperArgs::initFromKeeperSection(Poco::Util::AbstractConfiguration const&, String const&) @ 0x0000000013813c10 in /usr/bin/clickhouse
4. zkutil::ZooKeeperArgs::ZooKeeperArgs(Poco::Util::AbstractConfiguration const&, String const&) @ 0x000000001380f986 in /usr/bin/clickhouse
5. zkutil::ZooKeeper::ZooKeeper(Poco::Util::AbstractConfiguration const&, String const&, std::shared_ptr<DB::ZooKeeperLog>) @ 0x00000000137e48cc in /usr/bin/clickhouse
6. DB::Context::getZooKeeper() const @ 0x000000001164aa4a in /usr/bin/clickhouse
7. DB::DDLWorker::getAndSetZooKeeper() @ 0x00000000116cc32d in /usr/bin/clickhouse
8. DB::DDLWorker::initializeMainThread() @ 0x00000000116dca3b in /usr/bin/clickhouse
9. DB::DDLWorker::runMainThread() @ 0x00000000116c73c0 in /usr/bin/clickhouse
10. void std::__function::__policy_invoker<void ()>::__call_impl<std::__function::__default_alloc_func<ThreadFromGlobalPoolImpl<true>::ThreadFromGlobalPoolImpl<void (DB::DDLWorker::*)(), DB::DDLWorker*>(void (DB::DDLWorker::*&&)(), DB::DDLWorker*&&)::'lambda'(), void ()>>(std::__function::__policy_storage const*) @ 0x00000000116ddb4c in /usr/bin/clickhouse
11. void* std::__thread_proxy[abi:v15000]<std::tuple<std::unique_ptr<std::__thread_struct, std::default_delete<std::__thread_struct>>, void ThreadPoolImpl<std::thread>::scheduleImpl<void>(std::function<void ()>, Priority, std::optional<unsigned long>, bool)::'lambda0'()>>(void*) @ 0x000000000c706104 in /usr/bin/clickhouse
12. ? @ 0x00007d53c9f52609 in ?
13. ? @ 0x00007d53c9e77353 in ?
 (version 23.8.16.16 (official build)). Failed to start DDLWorker.
2026.03.18 20:30:55.918109 [ 286 ] {} <Error> virtual bool DB::DDLWorker::initializeMainThread(): Code: 999. Coordination::Exception: Unknown key host in config file. (KEEPER_EXCEPTION), Stack trace (when copying this message, always include the lines below):

0. DB::Exception::Exception(DB::Exception::MessageMasked&&, int, bool) @ 0x000000000c6251d7 in /usr/bin/clickhouse
1. DB::Exception::Exception<String const&>(int, FormatStringHelperImpl<std::type_identity<String const&>::type>, String const&) @ 0x00000000074ae38d in /usr/bin/clickhouse
2. Coordination::Exception::Exception<String const&>(Coordination::Error, FormatStringHelperImpl<std::type_identity<String const&>::type>, String const&) @ 0x000000001276578a in /usr/bin/clickhouse
3. zkutil::ZooKeeperArgs::initFromKeeperSection(Poco::Util::AbstractConfiguration const&, String const&) @ 0x0000000013813c10 in /usr/bin/clickhouse
4. zkutil::ZooKeeperArgs::ZooKeeperArgs(Poco::Util::AbstractConfiguration const&, String const&) @ 0x000000001380f986 in /usr/bin/clickhouse
5. zkutil::ZooKeeper::ZooKeeper(Poco::Util::AbstractConfiguration const&, String const&, std::shared_ptr<DB::ZooKeeperLog>) @ 0x00000000137e48cc in /usr/bin/clickhouse
6. DB::Context::getZooKeeper() const @ 0x000000001164aa4a in /usr/bin/clickhouse
7. DB::DDLWorker::getAndSetZooKeeper() @ 0x00000000116cc32d in /usr/bin/clickhouse
8. DB::DDLWorker::initializeMainThread() @ 0x00000000116dca3b in /usr/bin/clickhouse
9. DB::DDLWorker::runMainThread() @ 0x00000000116c73c0 in /usr/bin/clickhouse
10. void std::__function::__policy_invoker<void ()>::__call_impl<std::__function::__default_alloc_func<ThreadFromGlobalPoolImpl<true>::ThreadFromGlobalPoolImpl<void (DB::DDLWorker::*)(), DB::DDLWorker*>(void (DB::DDLWorker::*&&)(), DB::DDLWorker*&&)::'lambda'(), void ()>>(std::__function::__policy_storage const*) @ 0x00000000116ddb4c in /usr/bin/clickhouse
11. void* std::__thread_proxy[abi:v15000]<std::tuple<std::unique_ptr<std::__thread_struct, std::default_delete<std::__thread_struct>>, void ThreadPoolImpl<std::thread>::scheduleImpl<void>(std::function<void ()>, Priority, std::optional<unsigned long>, bool)::'lambda0'()>>(void*) @ 0x000000000c706104 in /usr/bin/clickhouse
12. ? @ 0x00007d53c9f52609 in ?
13. ? @ 0x00007d53c9e77353 in ?
 (version 23.8.16.16 (official build))
2026.03.18 20:31:00.923946 [ 286 ] {} <Error> DDLWorker: ZooKeeper error: Code: 999. Coordination::Exception: Unknown key host in config file. (KEEPER_EXCEPTION), Stack trace (when copying this message, always include the lines below):

0. DB::Exception::Exception(DB::Exception::MessageMasked&&, int, bool) @ 0x000000000c6251d7 in /usr/bin/clickhouse
1. DB::Exception::Exception<String const&>(int, FormatStringHelperImpl<std::type_identity<String const&>::type>, String const&) @ 0x00000000074ae38d in /usr/bin/clickhouse
2. Coordination::Exception::Exception<String const&>(Coordination::Error, FormatStringHelperImpl<std::type_identity<String const&>::type>, String const&) @ 0x000000001276578a in /usr/bin/clickhouse
3. zkutil::ZooKeeperArgs::initFromKeeperSection(Poco::Util::AbstractConfiguration const&, String const&) @ 0x0000000013813c10 in /usr/bin/clickhouse
4. zkutil::ZooKeeperArgs::ZooKeeperArgs(Poco::Util::AbstractConfiguration const&, String const&) @ 0x000000001380f986 in /usr/bin/clickhouse
5. zkutil::ZooKeeper::ZooKeeper(Poco::Util::AbstractConfiguration const&, String const&, std::shared_ptr<DB::ZooKeeperLog>) @ 0x00000000137e48cc in /usr/bin/clickhouse
6. DB::Context::getZooKeeper() const @ 0x000000001164aa4a in /usr/bin/clickhouse
7. DB::DDLWorker::getAndSetZooKeeper() @ 0x00000000116cc32d in /usr/bin/clickhouse
8. DB::DDLWorker::initializeMainThread() @ 0x00000000116dca3b in /usr/bin/clickhouse
9. DB::DDLWorker::runMainThread() @ 0x00000000116c73c0 in /usr/bin/clickhouse
10. void std::__function::__policy_invoker<void ()>::__call_impl<std::__function::__default_alloc_func<ThreadFromGlobalPoolImpl<true>::ThreadFromGlobalPoolImpl<void (DB::DDLWorker::*)(), DB::DDLWorker*>(void (DB::DDLWorker::*&&)(), DB::DDLWorker*&&)::'lambda'(), void ()>>(std::__function::__policy_storage const*) @ 0x00000000116ddb4c in /usr/bin/clickhouse
11. void* std::__thread_proxy[abi:v15000]<std::tuple<std::unique_ptr<std::__thread_struct, std::default_delete<std::__thread_struct>>, void ThreadPoolImpl<std::thread>::scheduleImpl<void>(std::function<void ()>, Priority, std::optional<unsigned long>, bool)::'lambda0'()>>(void*) @ 0x000000000c706104 in /usr/bin/clickhouse
12. ? @ 0x00007d53c9f52609 in ?
13. ? @ 0x00007d53c9e77353 in ?
 (version 23.8.16.16 (official build)). Failed to start DDLWorker.
2026.03.18 20:31:00.924009 [ 286 ] {} <Error> virtual bool DB::DDLWorker::initializeMainThread(): Code: 999. Coordination::Exception: Unknown key host in config file. (KEEPER_EXCEPTION), Stack trace (when copying this message, always include the lines below):

0. DB::Exception::Exception(DB::Exception::MessageMasked&&, int, bool) @ 0x000000000c6251d7 in /usr/bin/clickhouse
1. DB::Exception::Exception<String const&>(int, FormatStringHelperImpl<std::type_identity<String const&>::type>, String const&) @ 0x00000000074ae38d in /usr/bin/clickhouse
2. Coordination::Exception::Exception<String const&>(Coordination::Error, FormatStringHelperImpl<std::type_identity<String const&>::type>, String const&) @ 0x000000001276578a in /usr/bin/clickhouse
3. zkutil::ZooKeeperArgs::initFromKeeperSection(Poco::Util::AbstractConfiguration const&, String const&) @ 0x0000000013813c10 in /usr/bin/clickhouse
4. zkutil::ZooKeeperArgs::ZooKeeperArgs(Poco::Util::AbstractConfiguration const&, String const&) @ 0x000000001380f986 in /usr/bin/clickhouse
5. zkutil::ZooKeeper::ZooKeeper(Poco::Util::AbstractConfiguration const&, String const&, std::shared_ptr<DB::ZooKeeperLog>) @ 0x00000000137e48cc in /usr/bin/clickhouse
6. DB::Context::getZooKeeper() const @ 0x000000001164aa4a in /usr/bin/clickhouse
7. DB::DDLWorker::getAndSetZooKeeper() @ 0x00000000116cc32d in /usr/bin/clickhouse
8. DB::DDLWorker::initializeMainThread() @ 0x00000000116dca3b in /usr/bin/clickhouse
9. DB::DDLWorker::runMainThread() @ 0x00000000116c73c0 in /usr/bin/clickhouse
10. void std::__function::__policy_invoker<void ()>::__call_impl<std::__function::__default_alloc_func<ThreadFromGlobalPoolImpl<true>::ThreadFromGlobalPoolImpl<void (DB::DDLWorker::*)(), DB::DDLWorker*>(void (DB::DDLWorker::*&&)(), DB::DDLWorker*&&)::'lambda'(), void ()>>(std::__function::__policy_storage const*) @ 0x00000000116ddb4c in /usr/bin/clickhouse
11. void* std::__thread_proxy[abi:v15000]<std::tuple<std::unique_ptr<std::__thread_struct, std::default_delete<std::__thread_struct>>, void ThreadPoolImpl<std::thread>::scheduleImpl<void>(std::function<void ()>, Priority, std::optional<unsigned long>, bool)::'lambda0'()>>(void*) @ 0x000000000c706104 in /usr/bin/clickhouse
12. ? @ 0x00007d53c9f52609 in ?
13. ? @ 0x00007d53c9e77353 in ?
 (version 23.8.16.16 (official build))
2026.03.18 20:31:05.931447 [ 286 ] {} <Error> DDLWorker: ZooKeeper error: Code: 999. Coordination::Exception: Unknown key host in config file. (KEEPER_EXCEPTION), Stack trace (when copying this message, always include the lines below):

0. DB::Exception::Exception(DB::Exception::MessageMasked&&, int, bool) @ 0x000000000c6251d7 in /usr/bin/clickhouse
1. DB::Exception::Exception<String const&>(int, FormatStringHelperImpl<std::type_identity<String const&>::type>, String const&) @ 0x00000000074ae38d in /usr/bin/clickhouse
2. Coordination::Exception::Exception<String const&>(Coordination::Error, FormatStringHelperImpl<std::type_identity<String const&>::type>, String const&) @ 0x000000001276578a in /usr/bin/clickhouse
3. zkutil::ZooKeeperArgs::initFromKeeperSection(Poco::Util::AbstractConfiguration const&, String const&) @ 0x0000000013813c10 in /usr/bin/clickhouse
4. zkutil::ZooKeeperArgs::ZooKeeperArgs(Poco::Util::AbstractConfiguration const&, String const&) @ 0x000000001380f986 in /usr/bin/clickhouse
5. zkutil::ZooKeeper::ZooKeeper(Poco::Util::AbstractConfiguration const&, String const&, std::shared_ptr<DB::ZooKeeperLog>) @ 0x00000000137e48cc in /usr/bin/clickhouse
6. DB::Context::getZooKeeper() const @ 0x000000001164aa4a in /usr/bin/clickhouse
7. DB::DDLWorker::getAndSetZooKeeper() @ 0x00000000116cc32d in /usr/bin/clickhouse
8. DB::DDLWorker::initializeMainThread() @ 0x00000000116dca3b in /usr/bin/clickhouse
9. DB::DDLWorker::runMainThread() @ 0x00000000116c73c0 in /usr/bin/clickhouse
10. void std::__function::__policy_invoker<void ()>::__call_impl<std::__function::__default_alloc_func<ThreadFromGlobalPoolImpl<true>::ThreadFromGlobalPoolImpl<void (DB::DDLWorker::*)(), DB::DDLWorker*>(void (DB::DDLWorker::*&&)(), DB::DDLWorker*&&)::'lambda'(), void ()>>(std::__function::__policy_storage const*) @ 0x00000000116ddb4c in /usr/bin/clickhouse
11. void* std::__thread_proxy[abi:v15000]<std::tuple<std::unique_ptr<std::__thread_struct, std::default_delete<std::__thread_struct>>, void ThreadPoolImpl<std::thread>::scheduleImpl<void>(std::function<void ()>, Priority, std::optional<unsigned long>, bool)::'lambda0'()>>(void*) @ 0x000000000c706104 in /usr/bin/clickhouse
12. ? @ 0x00007d53c9f52609 in ?
13. ? @ 0x00007d53c9e77353 in ?
 (version 23.8.16.16 (official build)). Failed to start DDLWorker.
2026.03.18 20:31:05.931557 [ 286 ] {} <Error> virtual bool DB::DDLWorker::initializeMainThread(): Code: 999. Coordination::Exception: Unknown key host in config file. (KEEPER_EXCEPTION), Stack trace (when copying this message, always include the lines below):

0. DB::Exception::Exception(DB::Exception::MessageMasked&&, int, bool) @ 0x000000000c6251d7 in /usr/bin/clickhouse
1. DB::Exception::Exception<String const&>(int, FormatStringHelperImpl<std::type_identity<String const&>::type>, String const&) @ 0x00000000074ae38d in /usr/bin/clickhouse
2. Coordination::Exception::Exception<String const&>(Coordination::Error, FormatStringHelperImpl<std::type_identity<String const&>::type>, String const&) @ 0x000000001276578a in /usr/bin/clickhouse
3. zkutil::ZooKeeperArgs::initFromKeeperSection(Poco::Util::AbstractConfiguration const&, String const&) @ 0x0000000013813c10 in /usr/bin/clickhouse
4. zkutil::ZooKeeperArgs::ZooKeeperArgs(Poco::Util::AbstractConfiguration const&, String const&) @ 0x000000001380f986 in /usr/bin/clickhouse
5. zkutil::ZooKeeper::ZooKeeper(Poco::Util::AbstractConfiguration const&, String const&, std::shared_ptr<DB::ZooKeeperLog>) @ 0x00000000137e48cc in /usr/bin/clickhouse
6. DB::Context::getZooKeeper() const @ 0x000000001164aa4a in /usr/bin/clickhouse
7. DB::DDLWorker::getAndSetZooKeeper() @ 0x00000000116cc32d in /usr/bin/clickhouse
8. DB::DDLWorker::initializeMainThread() @ 0x00000000116dca3b in /usr/bin/clickhouse
9. DB::DDLWorker::runMainThread() @ 0x00000000116c73c0 in /usr/bin/clickhouse
10. void std::__function::__policy_invoker<void ()>::__call_impl<std::__function::__default_alloc_func<ThreadFromGlobalPoolImpl<true>::ThreadFromGlobalPoolImpl<void (DB::DDLWorker::*)(), DB::DDLWorker*>(void (DB::DDLWorker::*&&)(), DB::DDLWorker*&&)::'lambda'(), void ()>>(std::__function::__policy_storage const*) @ 0x00000000116ddb4c in /usr/bin/clickhouse
11. void* std::__thread_proxy[abi:v15000]<std::tuple<std::unique_ptr<std::__thread_struct, std::default_delete<std::__thread_struct>>, void ThreadPoolImpl<std::thread>::scheduleImpl<void>(std::function<void ()>, Priority, std::optional<unsigned long>, bool)::'lambda0'()>>(void*) @ 0x000000000c706104 in /usr/bin/clickhouse
12. ? @ 0x00007d53c9f52609 in ?
13. ? @ 0x00007d53c9e77353 in ?
 (version 23.8.16.16 (official build))
2026.03.18 20:31:05.943952 [ 65 ] {} <Debug> DNSResolver: Updating DNS cache
2026.03.18 20:31:05.945533 [ 65 ] {} <Debug> DNSResolver: Updated DNS cache
2026.03.18 20:31:10.962975 [ 286 ] {} <Error> DDLWorker: ZooKeeper error: Code: 999. Coordination::Exception: Unknown key host in config file. (KEEPER_EXCEPTION), Stack trace (when copying this message, always include the lines below):

0. DB::Exception::Exception(DB::Exception::MessageMasked&&, int, bool) @ 0x000000000c6251d7 in /usr/bin/clickhouse
1. DB::Exception::Exception<String const&>(int, FormatStringHelperImpl<std::type_identity<String const&>::type>, String const&) @ 0x00000000074ae38d in /usr/bin/clickhouse
2. Coordination::Exception::Exception<String const&>(Coordination::Error, FormatStringHelperImpl<std::type_identity<String const&>::type>, String const&) @ 0x000000001276578a in /usr/bin/clickhouse
3. zkutil::ZooKeeperArgs::initFromKeeperSection(Poco::Util::AbstractConfiguration const&, String const&) @ 0x0000000013813c10 in /usr/bin/clickhouse
4. zkutil::ZooKeeperArgs::ZooKeeperArgs(Poco::Util::AbstractConfiguration const&, String const&) @ 0x000000001380f986 in /usr/bin/clickhouse
5. zkutil::ZooKeeper::ZooKeeper(Poco::Util::AbstractConfiguration const&, String const&, std::shared_ptr<DB::ZooKeeperLog>) @ 0x00000000137e48cc in /usr/bin/clickhouse
6. DB::Context::getZooKeeper() const @ 0x000000001164aa4a in /usr/bin/clickhouse
7. DB::DDLWorker::getAndSetZooKeeper() @ 0x00000000116cc32d in /usr/bin/clickhouse
8. DB::DDLWorker::initializeMainThread() @ 0x00000000116dca3b in /usr/bin/clickhouse
9. DB::DDLWorker::runMainThread() @ 0x00000000116c73c0 in /usr/bin/clickhouse
10. void std::__function::__policy_invoker<void ()>::__call_impl<std::__function::__default_alloc_func<ThreadFromGlobalPoolImpl<true>::ThreadFromGlobalPoolImpl<void (DB::DDLWorker::*)(), DB::DDLWorker*>(void (DB::DDLWorker::*&&)(), DB::DDLWorker*&&)::'lambda'(), void ()>>(std::__function::__policy_storage const*) @ 0x00000000116ddb4c in /usr/bin/clickhouse
11. void* std::__thread_proxy[abi:v15000]<std::tuple<std::unique_ptr<std::__thread_struct, std::default_delete<std::__thread_struct>>, void ThreadPoolImpl<std::thread>::scheduleImpl<void>(std::function<void ()>, Priority, std::optional<unsigned long>, bool)::'lambda0'()>>(void*) @ 0x000000000c706104 in /usr/bin/clickhouse
12. ? @ 0x00007d53c9f52609 in ?
13. ? @ 0x00007d53c9e77353 in ?
 (version 23.8.16.16 (official build)). Failed to start DDLWorker.
2026.03.18 20:31:10.963042 [ 286 ] {} <Error> virtual bool DB::DDLWorker::initializeMainThread(): Code: 999. Coordination::Exception: Unknown key host in config file. (KEEPER_EXCEPTION), Stack trace (when copying this message, always include the lines below):

0. DB::Exception::Exception(DB::Exception::MessageMasked&&, int, bool) @ 0x000000000c6251d7 in /usr/bin/clickhouse
1. DB::Exception::Exception<String const&>(int, FormatStringHelperImpl<std::type_identity<String const&>::type>, String const&) @ 0x00000000074ae38d in /usr/bin/clickhouse
2. Coordination::Exception::Exception<String const&>(Coordination::Error, FormatStringHelperImpl<std::type_identity<String const&>::type>, String const&) @ 0x000000001276578a in /usr/bin/clickhouse
3. zkutil::ZooKeeperArgs::initFromKeeperSection(Poco::Util::AbstractConfiguration const&, String const&) @ 0x0000000013813c10 in /usr/bin/clickhouse
4. zkutil::ZooKeeperArgs::ZooKeeperArgs(Poco::Util::AbstractConfiguration const&, String const&) @ 0x000000001380f986 in /usr/bin/clickhouse
5. zkutil::ZooKeeper::ZooKeeper(Poco::Util::AbstractConfiguration const&, String const&, std::shared_ptr<DB::ZooKeeperLog>) @ 0x00000000137e48cc in /usr/bin/clickhouse
6. DB::Context::getZooKeeper() const @ 0x000000001164aa4a in /usr/bin/clickhouse
7. DB::DDLWorker::getAndSetZooKeeper() @ 0x00000000116cc32d in /usr/bin/clickhouse
8. DB::DDLWorker::initializeMainThread() @ 0x00000000116dca3b in /usr/bin/clickhouse
9. DB::DDLWorker::runMainThread() @ 0x00000000116c73c0 in /usr/bin/clickhouse
10. void std::__function::__policy_invoker<void ()>::__call_impl<std::__function::__default_alloc_func<ThreadFromGlobalPoolImpl<true>::ThreadFromGlobalPoolImpl<void (DB::DDLWorker::*)(), DB::DDLWorker*>(void (DB::DDLWorker::*&&)(), DB::DDLWorker*&&)::'lambda'(), void ()>>(std::__function::__policy_storage const*) @ 0x00000000116ddb4c in /usr/bin/clickhouse
11. void* std::__thread_proxy[abi:v15000]<std::tuple<std::unique_ptr<std::__thread_struct, std::default_delete<std::__thread_struct>>, void ThreadPoolImpl<std::thread>::scheduleImpl<void>(std::function<void ()>, Priority, std::optional<unsigned long>, bool)::'lambda0'()>>(void*) @ 0x000000000c706104 in /usr/bin/clickhouse
12. ? @ 0x00007d53c9f52609 in ?
13. ? @ 0x00007d53c9e77353 in ?
 (version 23.8.16.16 (official build))
2026.03.18 20:31:15.963979 [ 286 ] {} <Error> DDLWorker: ZooKeeper error: Code: 999. Coordination::Exception: Unknown key host in config file. (KEEPER_EXCEPTION), Stack trace (when copying this message, always include the lines below):

0. DB::Exception::Exception(DB::Exception::MessageMasked&&, int, bool) @ 0x000000000c6251d7 in /usr/bin/clickhouse
1. DB::Exception::Exception<String const&>(int, FormatStringHelperImpl<std::type_identity<String const&>::type>, String const&) @ 0x00000000074ae38d in /usr/bin/clickhouse
2. Coordination::Exception::Exception<String const&>(Coordination::Error, FormatStringHelperImpl<std::type_identity<String const&>::type>, String const&) @ 0x000000001276578a in /usr/bin/clickhouse
3. zkutil::ZooKeeperArgs::initFromKeeperSection(Poco::Util::AbstractConfiguration const&, String const&) @ 0x0000000013813c10 in /usr/bin/clickhouse
4. zkutil::ZooKeeperArgs::ZooKeeperArgs(Poco::Util::AbstractConfiguration const&, String const&) @ 0x000000001380f986 in /usr/bin/clickhouse
5. zkutil::ZooKeeper::ZooKeeper(Poco::Util::AbstractConfiguration const&, String const&, std::shared_ptr<DB::ZooKeeperLog>) @ 0x00000000137e48cc in /usr/bin/clickhouse
6. DB::Context::getZooKeeper() const @ 0x000000001164aa4a in /usr/bin/clickhouse
7. DB::DDLWorker::getAndSetZooKeeper() @ 0x00000000116cc32d in /usr/bin/clickhouse
8. DB::DDLWorker::initializeMainThread() @ 0x00000000116dca3b in /usr/bin/clickhouse
9. DB::DDLWorker::runMainThread() @ 0x00000000116c73c0 in /usr/bin/clickhouse
10. void std::__function::__policy_invoker<void ()>::__call_impl<std::__function::__default_alloc_func<ThreadFromGlobalPoolImpl<true>::ThreadFromGlobalPoolImpl<void (DB::DDLWorker::*)(), DB::DDLWorker*>(void (DB::DDLWorker::*&&)(), DB::DDLWorker*&&)::'lambda'(), void ()>>(std::__function::__policy_storage const*) @ 0x00000000116ddb4c in /usr/bin/clickhouse
11. void* std::__thread_proxy[abi:v15000]<std::tuple<std::unique_ptr<std::__thread_struct, std::default_delete<std::__thread_struct>>, void ThreadPoolImpl<std::thread>::scheduleImpl<void>(std::function<void ()>, Priority, std::optional<unsigned long>, bool)::'lambda0'()>>(void*) @ 0x000000000c706104 in /usr/bin/clickhouse
12. ? @ 0x00007d53c9f52609 in ?
13. ? @ 0x00007d53c9e77353 in ?
 (version 23.8.16.16 (official build)). Failed to start DDLWorker.
2026.03.18 20:31:15.964042 [ 286 ] {} <Error> virtual bool DB::DDLWorker::initializeMainThread(): Code: 999. Coordination::Exception: Unknown key host in config file. (KEEPER_EXCEPTION), Stack trace (when copying this message, always include the lines below):

0. DB::Exception::Exception(DB::Exception::MessageMasked&&, int, bool) @ 0x000000000c6251d7 in /usr/bin/clickhouse
1. DB::Exception::Exception<String const&>(int, FormatStringHelperImpl<std::type_identity<String const&>::type>, String const&) @ 0x00000000074ae38d in /usr/bin/clickhouse
2. Coordination::Exception::Exception<String const&>(Coordination::Error, FormatStringHelperImpl<std::type_identity<String const&>::type>, String const&) @ 0x000000001276578a in /usr/bin/clickhouse
3. zkutil::ZooKeeperArgs::initFromKeeperSection(Poco::Util::AbstractConfiguration const&, String const&) @ 0x0000000013813c10 in /usr/bin/clickhouse
4. zkutil::ZooKeeperArgs::ZooKeeperArgs(Poco::Util::AbstractConfiguration const&, String const&) @ 0x000000001380f986 in /usr/bin/clickhouse
5. zkutil::ZooKeeper::ZooKeeper(Poco::Util::AbstractConfiguration const&, String const&, std::shared_ptr<DB::ZooKeeperLog>) @ 0x00000000137e48cc in /usr/bin/clickhouse
6. DB::Context::getZooKeeper() const @ 0x000000001164aa4a in /usr/bin/clickhouse
7. DB::DDLWorker::getAndSetZooKeeper() @ 0x00000000116cc32d in /usr/bin/clickhouse
8. DB::DDLWorker::initializeMainThread() @ 0x00000000116dca3b in /usr/bin/clickhouse
9. DB::DDLWorker::runMainThread() @ 0x00000000116c73c0 in /usr/bin/clickhouse
10. void std::__function::__policy_invoker<void ()>::__call_impl<std::__function::__default_alloc_func<ThreadFromGlobalPoolImpl<true>::ThreadFromGlobalPoolImpl<void (DB::DDLWorker::*)(), DB::DDLWorker*>(void (DB::DDLWorker::*&&)(), DB::DDLWorker*&&)::'lambda'(), void ()>>(std::__function::__policy_storage const*) @ 0x00000000116ddb4c in /usr/bin/clickhouse
11. void* std::__thread_proxy[abi:v15000]<std::tuple<std::unique_ptr<std::__thread_struct, std::default_delete<std::__thread_struct>>, void ThreadPoolImpl<std::thread>::scheduleImpl<void>(std::function<void ()>, Priority, std::optional<unsigned long>, bool)::'lambda0'()>>(void*) @ 0x000000000c706104 in /usr/bin/clickhouse
12. ? @ 0x00007d53c9f52609 in ?
13. ? @ 0x00007d53c9e77353 in ?
 (version 23.8.16.16 (official build))
2026.03.18 20:31:20.946418 [ 74 ] {} <Debug> DNSResolver: Updating DNS cache
2026.03.18 20:31:20.947698 [ 74 ] {} <Debug> DNSResolver: Updated DNS cache
2026.03.18 20:31:20.966276 [ 286 ] {} <Error> DDLWorker: ZooKeeper error: Code: 999. Coordination::Exception: Unknown key host in config file. (KEEPER_EXCEPTION), Stack trace (when copying this message, always include the lines below):

0. DB::Exception::Exception(DB::Exception::MessageMasked&&, int, bool) @ 0x000000000c6251d7 in /usr/bin/clickhouse
1. DB::Exception::Exception<String const&>(int, FormatStringHelperImpl<std::type_identity<String const&>::type>, String const&) @ 0x00000000074ae38d in /usr/bin/clickhouse
2. Coordination::Exception::Exception<String const&>(Coordination::Error, FormatStringHelperImpl<std::type_identity<String const&>::type>, String const&) @ 0x000000001276578a in /usr/bin/clickhouse
3. zkutil::ZooKeeperArgs::initFromKeeperSection(Poco::Util::AbstractConfiguration const&, String const&) @ 0x0000000013813c10 in /usr/bin/clickhouse
4. zkutil::ZooKeeperArgs::ZooKeeperArgs(Poco::Util::AbstractConfiguration const&, String const&) @ 0x000000001380f986 in /usr/bin/clickhouse
5. zkutil::ZooKeeper::ZooKeeper(Poco::Util::AbstractConfiguration const&, String const&, std::shared_ptr<DB::ZooKeeperLog>) @ 0x00000000137e48cc in /usr/bin/clickhouse
6. DB::Context::getZooKeeper() const @ 0x000000001164aa4a in /usr/bin/clickhouse
7. DB::DDLWorker::getAndSetZooKeeper() @ 0x00000000116cc32d in /usr/bin/clickhouse
8. DB::DDLWorker::initializeMainThread() @ 0x00000000116dca3b in /usr/bin/clickhouse
9. DB::DDLWorker::runMainThread() @ 0x00000000116c73c0 in /usr/bin/clickhouse
10. void std::__function::__policy_invoker<void ()>::__call_impl<std::__function::__default_alloc_func<ThreadFromGlobalPoolImpl<true>::ThreadFromGlobalPoolImpl<void (DB::DDLWorker::*)(), DB::DDLWorker*>(void (DB::DDLWorker::*&&)(), DB::DDLWorker*&&)::'lambda'(), void ()>>(std::__function::__policy_storage const*) @ 0x00000000116ddb4c in /usr/bin/clickhouse
11. void* std::__thread_proxy[abi:v15000]<std::tuple<std::unique_ptr<std::__thread_struct, std::default_delete<std::__thread_struct>>, void ThreadPoolImpl<std::thread>::scheduleImpl<void>(std::function<void ()>, Priority, std::optional<unsigned long>, bool)::'lambda0'()>>(void*) @ 0x000000000c706104 in /usr/bin/clickhouse
12. ? @ 0x00007d53c9f52609 in ?
13. ? @ 0x00007d53c9e77353 in ?
 (version 23.8.16.16 (official build)). Failed to start DDLWorker.
2026.03.18 20:31:20.966323 [ 286 ] {} <Error> virtual bool DB::DDLWorker::initializeMainThread(): Code: 999. Coordination::Exception: Unknown key host in config file. (KEEPER_EXCEPTION), Stack trace (when copying this message, always include the lines below):

0. DB::Exception::Exception(DB::Exception::MessageMasked&&, int, bool) @ 0x000000000c6251d7 in /usr/bin/clickhouse
1. DB::Exception::Exception<String const&>(int, FormatStringHelperImpl<std::type_identity<String const&>::type>, String const&) @ 0x00000000074ae38d in /usr/bin/clickhouse
2. Coordination::Exception::Exception<String const&>(Coordination::Error, FormatStringHelperImpl<std::type_identity<String const&>::type>, String const&) @ 0x000000001276578a in /usr/bin/clickhouse
3. zkutil::ZooKeeperArgs::initFromKeeperSection(Poco::Util::AbstractConfiguration const&, String const&) @ 0x0000000013813c10 in /usr/bin/clickhouse
4. zkutil::ZooKeeperArgs::ZooKeeperArgs(Poco::Util::AbstractConfiguration const&, String const&) @ 0x000000001380f986 in /usr/bin/clickhouse
5. zkutil::ZooKeeper::ZooKeeper(Poco::Util::AbstractConfiguration const&, String const&, std::shared_ptr<DB::ZooKeeperLog>) @ 0x00000000137e48cc in /usr/bin/clickhouse
6. DB::Context::getZooKeeper() const @ 0x000000001164aa4a in /usr/bin/clickhouse
7. DB::DDLWorker::getAndSetZooKeeper() @ 0x00000000116cc32d in /usr/bin/clickhouse
8. DB::DDLWorker::initializeMainThread() @ 0x00000000116dca3b in /usr/bin/clickhouse
9. DB::DDLWorker::runMainThread() @ 0x00000000116c73c0 in /usr/bin/clickhouse
10. void std::__function::__policy_invoker<void ()>::__call_impl<std::__function::__default_alloc_func<ThreadFromGlobalPoolImpl<true>::ThreadFromGlobalPoolImpl<void (DB::DDLWorker::*)(), DB::DDLWorker*>(void (DB::DDLWorker::*&&)(), DB::DDLWorker*&&)::'lambda'(), void ()>>(std::__function::__policy_storage const*) @ 0x00000000116ddb4c in /usr/bin/clickhouse
11. void* std::__thread_proxy[abi:v15000]<std::tuple<std::unique_ptr<std::__thread_struct, std::default_delete<std::__thread_struct>>, void ThreadPoolImpl<std::thread>::scheduleImpl<void>(std::function<void ()>, Priority, std::optional<unsigned long>, bool)::'lambda0'()>>(void*) @ 0x000000000c706104 in /usr/bin/clickhouse
12. ? @ 0x00007d53c9f52609 in ?
13. ? @ 0x00007d53c9e77353 in ?
 (version 23.8.16.16 (official build))
2026.03.18 20:31:25.985022 [ 286 ] {} <Error> DDLWorker: ZooKeeper error: Code: 999. Coordination::Exception: Unknown key host in config file. (KEEPER_EXCEPTION), Stack trace (when copying this message, always include the lines below):

0. DB::Exception::Exception(DB::Exception::MessageMasked&&, int, bool) @ 0x000000000c6251d7 in /usr/bin/clickhouse
1. DB::Exception::Exception<String const&>(int, FormatStringHelperImpl<std::type_identity<String const&>::type>, String const&) @ 0x00000000074ae38d in /usr/bin/clickhouse
2. Coordination::Exception::Exception<String const&>(Coordination::Error, FormatStringHelperImpl<std::type_identity<String const&>::type>, String const&) @ 0x000000001276578a in /usr/bin/clickhouse
3. zkutil::ZooKeeperArgs::initFromKeeperSection(Poco::Util::AbstractConfiguration const&, String const&) @ 0x0000000013813c10 in /usr/bin/clickhouse
4. zkutil::ZooKeeperArgs::ZooKeeperArgs(Poco::Util::AbstractConfiguration const&, String const&) @ 0x000000001380f986 in /usr/bin/clickhouse
5. zkutil::ZooKeeper::ZooKeeper(Poco::Util::AbstractConfiguration const&, String const&, std::shared_ptr<DB::ZooKeeperLog>) @ 0x00000000137e48cc in /usr/bin/clickhouse
6. DB::Context::getZooKeeper() const @ 0x000000001164aa4a in /usr/bin/clickhouse
7. DB::DDLWorker::getAndSetZooKeeper() @ 0x00000000116cc32d in /usr/bin/clickhouse
8. DB::DDLWorker::initializeMainThread() @ 0x00000000116dca3b in /usr/bin/clickhouse
9. DB::DDLWorker::runMainThread() @ 0x00000000116c73c0 in /usr/bin/clickhouse
10. void std::__function::__policy_invoker<void ()>::__call_impl<std::__function::__default_alloc_func<ThreadFromGlobalPoolImpl<true>::ThreadFromGlobalPoolImpl<void (DB::DDLWorker::*)(), DB::DDLWorker*>(void (DB::DDLWorker::*&&)(), DB::DDLWorker*&&)::'lambda'(), void ()>>(std::__function::__policy_storage const*) @ 0x00000000116ddb4c in /usr/bin/clickhouse
11. void* std::__thread_proxy[abi:v15000]<std::tuple<std::unique_ptr<std::__thread_struct, std::default_delete<std::__thread_struct>>, void ThreadPoolImpl<std::thread>::scheduleImpl<void>(std::function<void ()>, Priority, std::optional<unsigned long>, bool)::'lambda0'()>>(void*) @ 0x000000000c706104 in /usr/bin/clickhouse
12. ? @ 0x00007d53c9f52609 in ?
13. ? @ 0x00007d53c9e77353 in ?
 (version 23.8.16.16 (official build)). Failed to start DDLWorker.
2026.03.18 20:31:25.985079 [ 286 ] {} <Error> virtual bool DB::DDLWorker::initializeMainThread(): Code: 999. Coordination::Exception: Unknown key host in config file. (KEEPER_EXCEPTION), Stack trace (when copying this message, always include the lines below):

0. DB::Exception::Exception(DB::Exception::MessageMasked&&, int, bool) @ 0x000000000c6251d7 in /usr/bin/clickhouse
1. DB::Exception::Exception<String const&>(int, FormatStringHelperImpl<std::type_identity<String const&>::type>, String const&) @ 0x00000000074ae38d in /usr/bin/clickhouse
2. Coordination::Exception::Exception<String const&>(Coordination::Error, FormatStringHelperImpl<std::type_identity<String const&>::type>, String const&) @ 0x000000001276578a in /usr/bin/clickhouse
3. zkutil::ZooKeeperArgs::initFromKeeperSection(Poco::Util::AbstractConfiguration const&, String const&) @ 0x0000000013813c10 in /usr/bin/clickhouse
4. zkutil::ZooKeeperArgs::ZooKeeperArgs(Poco::Util::AbstractConfiguration const&, String const&) @ 0x000000001380f986 in /usr/bin/clickhouse
5. zkutil::ZooKeeper::ZooKeeper(Poco::Util::AbstractConfiguration const&, String const&, std::shared_ptr<DB::ZooKeeperLog>) @ 0x00000000137e48cc in /usr/bin/clickhouse
6. DB::Context::getZooKeeper() const @ 0x000000001164aa4a in /usr/bin/clickhouse
7. DB::DDLWorker::getAndSetZooKeeper() @ 0x00000000116cc32d in /usr/bin/clickhouse
8. DB::DDLWorker::initializeMainThread() @ 0x00000000116dca3b in /usr/bin/clickhouse
9. DB::DDLWorker::runMainThread() @ 0x00000000116c73c0 in /usr/bin/clickhouse
10. void std::__function::__policy_invoker<void ()>::__call_impl<std::__function::__default_alloc_func<ThreadFromGlobalPoolImpl<true>::ThreadFromGlobalPoolImpl<void (DB::DDLWorker::*)(), DB::DDLWorker*>(void (DB::DDLWorker::*&&)(), DB::DDLWorker*&&)::'lambda'(), void ()>>(std::__function::__policy_storage const*) @ 0x00000000116ddb4c in /usr/bin/clickhouse
11. void* std::__thread_proxy[abi:v15000]<std::tuple<std::unique_ptr<std::__thread_struct, std::default_delete<std::__thread_struct>>, void ThreadPoolImpl<std::thread>::scheduleImpl<void>(std::function<void ()>, Priority, std::optional<unsigned long>, bool)::'lambda0'()>>(void*) @ 0x000000000c706104 in /usr/bin/clickhouse
12. ? @ 0x00007d53c9f52609 in ?
13. ? @ 0x00007d53c9e77353 in ?
 (version 23.8.16.16 (official build))
2026.03.18 20:31:31.043115 [ 286 ] {} <Error> DDLWorker: ZooKeeper error: Code: 999. Coordination::Exception: Unknown key host in config file. (KEEPER_EXCEPTION), Stack trace (when copying this message, always include the lines below):

0. DB::Exception::Exception(DB::Exception::MessageMasked&&, int, bool) @ 0x000000000c6251d7 in /usr/bin/clickhouse
1. DB::Exception::Exception<String const&>(int, FormatStringHelperImpl<std::type_identity<String const&>::type>, String const&) @ 0x00000000074ae38d in /usr/bin/clickhouse
2. Coordination::Exception::Exception<String const&>(Coordination::Error, FormatStringHelperImpl<std::type_identity<String const&>::type>, String const&) @ 0x000000001276578a in /usr/bin/clickhouse
3. zkutil::ZooKeeperArgs::initFromKeeperSection(Poco::Util::AbstractConfiguration const&, String const&) @ 0x0000000013813c10 in /usr/bin/clickhouse
4. zkutil::ZooKeeperArgs::ZooKeeperArgs(Poco::Util::AbstractConfiguration const&, String const&) @ 0x000000001380f986 in /usr/bin/clickhouse
5. zkutil::ZooKeeper::ZooKeeper(Poco::Util::AbstractConfiguration const&, String const&, std::shared_ptr<DB::ZooKeeperLog>) @ 0x00000000137e48cc in /usr/bin/clickhouse
6. DB::Context::getZooKeeper() const @ 0x000000001164aa4a in /usr/bin/clickhouse
7. DB::DDLWorker::getAndSetZooKeeper() @ 0x00000000116cc32d in /usr/bin/clickhouse
8. DB::DDLWorker::initializeMainThread() @ 0x00000000116dca3b in /usr/bin/clickhouse
9. DB::DDLWorker::runMainThread() @ 0x00000000116c73c0 in /usr/bin/clickhouse
10. void std::__function::__policy_invoker<void ()>::__call_impl<std::__function::__default_alloc_func<ThreadFromGlobalPoolImpl<true>::ThreadFromGlobalPoolImpl<void (DB::DDLWorker::*)(), DB::DDLWorker*>(void (DB::DDLWorker::*&&)(), DB::DDLWorker*&&)::'lambda'(), void ()>>(std::__function::__policy_storage const*) @ 0x00000000116ddb4c in /usr/bin/clickhouse
11. void* std::__thread_proxy[abi:v15000]<std::tuple<std::unique_ptr<std::__thread_struct, std::default_delete<std::__thread_struct>>, void ThreadPoolImpl<std::thread>::scheduleImpl<void>(std::function<void ()>, Priority, std::optional<unsigned long>, bool)::'lambda0'()>>(void*) @ 0x000000000c706104 in /usr/bin/clickhouse
12. ? @ 0x00007d53c9f52609 in ?
13. ? @ 0x00007d53c9e77353 in ?
 (version 23.8.16.16 (official build)). Failed to start DDLWorker.
2026.03.18 20:31:31.043184 [ 286 ] {} <Error> virtual bool DB::DDLWorker::initializeMainThread(): Code: 999. Coordination::Exception: Unknown key host in config file. (KEEPER_EXCEPTION), Stack trace (when copying this message, always include the lines below):

0. DB::Exception::Exception(DB::Exception::MessageMasked&&, int, bool) @ 0x000000000c6251d7 in /usr/bin/clickhouse
1. DB::Exception::Exception<String const&>(int, FormatStringHelperImpl<std::type_identity<String const&>::type>, String const&) @ 0x00000000074ae38d in /usr/bin/clickhouse
2. Coordination::Exception::Exception<String const&>(Coordination::Error, FormatStringHelperImpl<std::type_identity<String const&>::type>, String const&) @ 0x000000001276578a in /usr/bin/clickhouse
3. zkutil::ZooKeeperArgs::initFromKeeperSection(Poco::Util::AbstractConfiguration const&, String const&) @ 0x0000000013813c10 in /usr/bin/clickhouse
4. zkutil::ZooKeeperArgs::ZooKeeperArgs(Poco::Util::AbstractConfiguration const&, String const&) @ 0x000000001380f986 in /usr/bin/clickhouse
5. zkutil::ZooKeeper::ZooKeeper(Poco::Util::AbstractConfiguration const&, String const&, std::shared_ptr<DB::ZooKeeperLog>) @ 0x00000000137e48cc in /usr/bin/clickhouse
6. DB::Context::getZooKeeper() const @ 0x000000001164aa4a in /usr/bin/clickhouse
7. DB::DDLWorker::getAndSetZooKeeper() @ 0x00000000116cc32d in /usr/bin/clickhouse
8. DB::DDLWorker::initializeMainThread() @ 0x00000000116dca3b in /usr/bin/clickhouse
9. DB::DDLWorker::runMainThread() @ 0x00000000116c73c0 in /usr/bin/clickhouse
10. void std::__function::__policy_invoker<void ()>::__call_impl<std::__function::__default_alloc_func<ThreadFromGlobalPoolImpl<true>::ThreadFromGlobalPoolImpl<void (DB::DDLWorker::*)(), DB::DDLWorker*>(void (DB::DDLWorker::*&&)(), DB::DDLWorker*&&)::'lambda'(), void ()>>(std::__function::__policy_storage const*) @ 0x00000000116ddb4c in /usr/bin/clickhouse
11. void* std::__thread_proxy[abi:v15000]<std::tuple<std::unique_ptr<std::__thread_struct, std::default_delete<std::__thread_struct>>, void ThreadPoolImpl<std::thread>::scheduleImpl<void>(std::function<void ()>, Priority, std::optional<unsigned long>, bool)::'lambda0'()>>(void*) @ 0x000000000c706104 in /usr/bin/clickhouse
12. ? @ 0x00007d53c9f52609 in ?
13. ? @ 0x00007d53c9e77353 in ?
 (version 23.8.16.16 (official build))
2026.03.18 20:31:35.951679 [ 76 ] {} <Debug> DNSResolver: Updating DNS cache
2026.03.18 20:31:35.952715 [ 76 ] {} <Debug> DNSResolver: Updated DNS cache
2026.03.18 20:31:36.002992 [ 288 ] {} <Trace> AsynchronousMetrics: Update heavy metrics. Update period 1 sec. Update heavy metrics period 120 sec. Heavy metrics calculation elapsed: 1.0881e-05 sec.
2026.03.18 20:31:36.051433 [ 286 ] {} <Error> DDLWorker: ZooKeeper error: Code: 999. Coordination::Exception: Unknown key host in config file. (KEEPER_EXCEPTION), Stack trace (when copying this message, always include the lines below):

0. DB::Exception::Exception(DB::Exception::MessageMasked&&, int, bool) @ 0x000000000c6251d7 in /usr/bin/clickhouse
1. DB::Exception::Exception<String const&>(int, FormatStringHelperImpl<std::type_identity<String const&>::type>, String const&) @ 0x00000000074ae38d in /usr/bin/clickhouse
2. Coordination::Exception::Exception<String const&>(Coordination::Error, FormatStringHelperImpl<std::type_identity<String const&>::type>, String const&) @ 0x000000001276578a in /usr/bin/clickhouse
3. zkutil::ZooKeeperArgs::initFromKeeperSection(Poco::Util::AbstractConfiguration const&, String const&) @ 0x0000000013813c10 in /usr/bin/clickhouse
4. zkutil::ZooKeeperArgs::ZooKeeperArgs(Poco::Util::AbstractConfiguration const&, String const&) @ 0x000000001380f986 in /usr/bin/clickhouse
5. zkutil::ZooKeeper::ZooKeeper(Poco::Util::AbstractConfiguration const&, String const&, std::shared_ptr<DB::ZooKeeperLog>) @ 0x00000000137e48cc in /usr/bin/clickhouse
6. DB::Context::getZooKeeper() const @ 0x000000001164aa4a in /usr/bin/clickhouse
7. DB::DDLWorker::getAndSetZooKeeper() @ 0x00000000116cc32d in /usr/bin/clickhouse
8. DB::DDLWorker::initializeMainThread() @ 0x00000000116dca3b in /usr/bin/clickhouse
9. DB::DDLWorker::runMainThread() @ 0x00000000116c73c0 in /usr/bin/clickhouse
10. void std::__function::__policy_invoker<void ()>::__call_impl<std::__function::__default_alloc_func<ThreadFromGlobalPoolImpl<true>::ThreadFromGlobalPoolImpl<void (DB::DDLWorker::*)(), DB::DDLWorker*>(void (DB::DDLWorker::*&&)(), DB::DDLWorker*&&)::'lambda'(), void ()>>(std::__function::__policy_storage const*) @ 0x00000000116ddb4c in /usr/bin/clickhouse
11. void* std::__thread_proxy[abi:v15000]<std::tuple<std::unique_ptr<std::__thread_struct, std::default_delete<std::__thread_struct>>, void ThreadPoolImpl<std::thread>::scheduleImpl<void>(std::function<void ()>, Priority, std::optional<unsigned long>, bool)::'lambda0'()>>(void*) @ 0x000000000c706104 in /usr/bin/clickhouse
12. ? @ 0x00007d53c9f52609 in ?
13. ? @ 0x00007d53c9e77353 in ?
 (version 23.8.16.16 (official build)). Failed to start DDLWorker.
2026.03.18 20:31:36.051485 [ 286 ] {} <Error> virtual bool DB::DDLWorker::initializeMainThread(): Code: 999. Coordination::Exception: Unknown key host in config file. (KEEPER_EXCEPTION), Stack trace (when copying this message, always include the lines below):

0. DB::Exception::Exception(DB::Exception::MessageMasked&&, int, bool) @ 0x000000000c6251d7 in /usr/bin/clickhouse
1. DB::Exception::Exception<String const&>(int, FormatStringHelperImpl<std::type_identity<String const&>::type>, String const&) @ 0x00000000074ae38d in /usr/bin/clickhouse
2. Coordination::Exception::Exception<String const&>(Coordination::Error, FormatStringHelperImpl<std::type_identity<String const&>::type>, String const&) @ 0x000000001276578a in /usr/bin/clickhouse
3. zkutil::ZooKeeperArgs::initFromKeeperSection(Poco::Util::AbstractConfiguration const&, String const&) @ 0x0000000013813c10 in /usr/bin/clickhouse
4. zkutil::ZooKeeperArgs::ZooKeeperArgs(Poco::Util::AbstractConfiguration const&, String const&) @ 0x000000001380f986 in /usr/bin/clickhouse
5. zkutil::ZooKeeper::ZooKeeper(Poco::Util::AbstractConfiguration const&, String const&, std::shared_ptr<DB::ZooKeeperLog>) @ 0x00000000137e48cc in /usr/bin/clickhouse
6. DB::Context::getZooKeeper() const @ 0x000000001164aa4a in /usr/bin/clickhouse
7. DB::DDLWorker::getAndSetZooKeeper() @ 0x00000000116cc32d in /usr/bin/clickhouse
8. DB::DDLWorker::initializeMainThread() @ 0x00000000116dca3b in /usr/bin/clickhouse
9. DB::DDLWorker::runMainThread() @ 0x00000000116c73c0 in /usr/bin/clickhouse
10. void std::__function::__policy_invoker<void ()>::__call_impl<std::__function::__default_alloc_func<ThreadFromGlobalPoolImpl<true>::ThreadFromGlobalPoolImpl<void (DB::DDLWorker::*)(), DB::DDLWorker*>(void (DB::DDLWorker::*&&)(), DB::DDLWorker*&&)::'lambda'(), void ()>>(std::__function::__policy_storage const*) @ 0x00000000116ddb4c in /usr/bin/clickhouse
11. void* std::__thread_proxy[abi:v15000]<std::tuple<std::unique_ptr<std::__thread_struct, std::default_delete<std::__thread_struct>>, void ThreadPoolImpl<std::thread>::scheduleImpl<void>(std::function<void ()>, Priority, std::optional<unsigned long>, bool)::'lambda0'()>>(void*) @ 0x000000000c706104 in /usr/bin/clickhouse
12. ? @ 0x00007d53c9f52609 in ?
13. ? @ 0x00007d53c9e77353 in ?
 (version 23.8.16.16 (official build))
2026.03.18 20:31:41.053302 [ 286 ] {} <Error> DDLWorker: ZooKeeper error: Code: 999. Coordination::Exception: Unknown key host in config file. (KEEPER_EXCEPTION), Stack trace (when copying this message, always include the lines below):

0. DB::Exception::Exception(DB::Exception::MessageMasked&&, int, bool) @ 0x000000000c6251d7 in /usr/bin/clickhouse
1. DB::Exception::Exception<String const&>(int, FormatStringHelperImpl<std::type_identity<String const&>::type>, String const&) @ 0x00000000074ae38d in /usr/bin/clickhouse
2. Coordination::Exception::Exception<String const&>(Coordination::Error, FormatStringHelperImpl<std::type_identity<String const&>::type>, String const&) @ 0x000000001276578a in /usr/bin/clickhouse
3. zkutil::ZooKeeperArgs::initFromKeeperSection(Poco::Util::AbstractConfiguration const&, String const&) @ 0x0000000013813c10 in /usr/bin/clickhouse
4. zkutil::ZooKeeperArgs::ZooKeeperArgs(Poco::Util::AbstractConfiguration const&, String const&) @ 0x000000001380f986 in /usr/bin/clickhouse
5. zkutil::ZooKeeper::ZooKeeper(Poco::Util::AbstractConfiguration const&, String const&, std::shared_ptr<DB::ZooKeeperLog>) @ 0x00000000137e48cc in /usr/bin/clickhouse
6. DB::Context::getZooKeeper() const @ 0x000000001164aa4a in /usr/bin/clickhouse
7. DB::DDLWorker::getAndSetZooKeeper() @ 0x00000000116cc32d in /usr/bin/clickhouse
8. DB::DDLWorker::initializeMainThread() @ 0x00000000116dca3b in /usr/bin/clickhouse
9. DB::DDLWorker::runMainThread() @ 0x00000000116c73c0 in /usr/bin/clickhouse
10. void std::__function::__policy_invoker<void ()>::__call_impl<std::__function::__default_alloc_func<ThreadFromGlobalPoolImpl<true>::ThreadFromGlobalPoolImpl<void (DB::DDLWorker::*)(), DB::DDLWorker*>(void (DB::DDLWorker::*&&)(), DB::DDLWorker*&&)::'lambda'(), void ()>>(std::__function::__policy_storage const*) @ 0x00000000116ddb4c in /usr/bin/clickhouse
11. void* std::__thread_proxy[abi:v15000]<std::tuple<std::unique_ptr<std::__thread_struct, std::default_delete<std::__thread_struct>>, void ThreadPoolImpl<std::thread>::scheduleImpl<void>(std::function<void ()>, Priority, std::optional<unsigned long>, bool)::'lambda0'()>>(void*) @ 0x000000000c706104 in /usr/bin/clickhouse
12. ? @ 0x00007d53c9f52609 in ?
13. ? @ 0x00007d53c9e77353 in ?
 (version 23.8.16.16 (official build)). Failed to start DDLWorker.
2026.03.18 20:31:41.053360 [ 286 ] {} <Error> virtual bool DB::DDLWorker::initializeMainThread(): Code: 999. Coordination::Exception: Unknown key host in config file. (KEEPER_EXCEPTION), Stack trace (when copying this message, always include the lines below):

0. DB::Exception::Exception(DB::Exception::MessageMasked&&, int, bool) @ 0x000000000c6251d7 in /usr/bin/clickhouse
1. DB::Exception::Exception<String const&>(int, FormatStringHelperImpl<std::type_identity<String const&>::type>, String const&) @ 0x00000000074ae38d in /usr/bin/clickhouse
2. Coordination::Exception::Exception<String const&>(Coordination::Error, FormatStringHelperImpl<std::type_identity<String const&>::type>, String const&) @ 0x000000001276578a in /usr/bin/clickhouse
3. zkutil::ZooKeeperArgs::initFromKeeperSection(Poco::Util::AbstractConfiguration const&, String const&) @ 0x0000000013813c10 in /usr/bin/clickhouse
4. zkutil::ZooKeeperArgs::ZooKeeperArgs(Poco::Util::AbstractConfiguration const&, String const&) @ 0x000000001380f986 in /usr/bin/clickhouse
5. zkutil::ZooKeeper::ZooKeeper(Poco::Util::AbstractConfiguration const&, String const&, std::shared_ptr<DB::ZooKeeperLog>) @ 0x00000000137e48cc in /usr/bin/clickhouse
6. DB::Context::getZooKeeper() const @ 0x000000001164aa4a in /usr/bin/clickhouse
7. DB::DDLWorker::getAndSetZooKeeper() @ 0x00000000116cc32d in /usr/bin/clickhouse
8. DB::DDLWorker::initializeMainThread() @ 0x00000000116dca3b in /usr/bin/clickhouse
9. DB::DDLWorker::runMainThread() @ 0x00000000116c73c0 in /usr/bin/clickhouse
10. void std::__function::__policy_invoker<void ()>::__call_impl<std::__function::__default_alloc_func<ThreadFromGlobalPoolImpl<true>::ThreadFromGlobalPoolImpl<void (DB::DDLWorker::*)(), DB::DDLWorker*>(void (DB::DDLWorker::*&&)(), DB::DDLWorker*&&)::'lambda'(), void ()>>(std::__function::__policy_storage const*) @ 0x00000000116ddb4c in /usr/bin/clickhouse
11. void* std::__thread_proxy[abi:v15000]<std::tuple<std::unique_ptr<std::__thread_struct, std::default_delete<std::__thread_struct>>, void ThreadPoolImpl<std::thread>::scheduleImpl<void>(std::function<void ()>, Priority, std::optional<unsigned long>, bool)::'lambda0'()>>(void*) @ 0x000000000c706104 in /usr/bin/clickhouse
12. ? @ 0x00007d53c9f52609 in ?
13. ? @ 0x00007d53c9e77353 in ?
 (version 23.8.16.16 (official build))
2026.03.18 20:31:46.055053 [ 286 ] {} <Error> DDLWorker: ZooKeeper error: Code: 999. Coordination::Exception: Unknown key host in config file. (KEEPER_EXCEPTION), Stack trace (when copying this message, always include the lines below):

0. DB::Exception::Exception(DB::Exception::MessageMasked&&, int, bool) @ 0x000000000c6251d7 in /usr/bin/clickhouse
1. DB::Exception::Exception<String const&>(int, FormatStringHelperImpl<std::type_identity<String const&>::type>, String const&) @ 0x00000000074ae38d in /usr/bin/clickhouse
2. Coordination::Exception::Exception<String const&>(Coordination::Error, FormatStringHelperImpl<std::type_identity<String const&>::type>, String const&) @ 0x000000001276578a in /usr/bin/clickhouse
3. zkutil::ZooKeeperArgs::initFromKeeperSection(Poco::Util::AbstractConfiguration const&, String const&) @ 0x0000000013813c10 in /usr/bin/clickhouse
4. zkutil::ZooKeeperArgs::ZooKeeperArgs(Poco::Util::AbstractConfiguration const&, String const&) @ 0x000000001380f986 in /usr/bin/clickhouse
5. zkutil::ZooKeeper::ZooKeeper(Poco::Util::AbstractConfiguration const&, String const&, std::shared_ptr<DB::ZooKeeperLog>) @ 0x00000000137e48cc in /usr/bin/clickhouse
6. DB::Context::getZooKeeper() const @ 0x000000001164aa4a in /usr/bin/clickhouse
7. DB::DDLWorker::getAndSetZooKeeper() @ 0x00000000116cc32d in /usr/bin/clickhouse
8. DB::DDLWorker::initializeMainThread() @ 0x00000000116dca3b in /usr/bin/clickhouse
9. DB::DDLWorker::runMainThread() @ 0x00000000116c73c0 in /usr/bin/clickhouse
10. void std::__function::__policy_invoker<void ()>::__call_impl<std::__function::__default_alloc_func<ThreadFromGlobalPoolImpl<true>::ThreadFromGlobalPoolImpl<void (DB::DDLWorker::*)(), DB::DDLWorker*>(void (DB::DDLWorker::*&&)(), DB::DDLWorker*&&)::'lambda'(), void ()>>(std::__function::__policy_storage const*) @ 0x00000000116ddb4c in /usr/bin/clickhouse
11. void* std::__thread_proxy[abi:v15000]<std::tuple<std::unique_ptr<std::__thread_struct, std::default_delete<std::__thread_struct>>, void ThreadPoolImpl<std::thread>::scheduleImpl<void>(std::function<void ()>, Priority, std::optional<unsigned long>, bool)::'lambda0'()>>(void*) @ 0x000000000c706104 in /usr/bin/clickhouse
12. ? @ 0x00007d53c9f52609 in ?
13. ? @ 0x00007d53c9e77353 in ?
 (version 23.8.16.16 (official build)). Failed to start DDLWorker.
2026.03.18 20:31:46.055206 [ 286 ] {} <Error> virtual bool DB::DDLWorker::initializeMainThread(): Code: 999. Coordination::Exception: Unknown key host in config file. (KEEPER_EXCEPTION), Stack trace (when copying this message, always include the lines below):

0. DB::Exception::Exception(DB::Exception::MessageMasked&&, int, bool) @ 0x000000000c6251d7 in /usr/bin/clickhouse
1. DB::Exception::Exception<String const&>(int, FormatStringHelperImpl<std::type_identity<String const&>::type>, String const&) @ 0x00000000074ae38d in /usr/bin/clickhouse
2. Coordination::Exception::Exception<String const&>(Coordination::Error, FormatStringHelperImpl<std::type_identity<String const&>::type>, String const&) @ 0x000000001276578a in /usr/bin/clickhouse
3. zkutil::ZooKeeperArgs::initFromKeeperSection(Poco::Util::AbstractConfiguration const&, String const&) @ 0x0000000013813c10 in /usr/bin/clickhouse
4. zkutil::ZooKeeperArgs::ZooKeeperArgs(Poco::Util::AbstractConfiguration const&, String const&) @ 0x000000001380f986 in /usr/bin/clickhouse
5. zkutil::ZooKeeper::ZooKeeper(Poco::Util::AbstractConfiguration const&, String const&, std::shared_ptr<DB::ZooKeeperLog>) @ 0x00000000137e48cc in /usr/bin/clickhouse
6. DB::Context::getZooKeeper() const @ 0x000000001164aa4a in /usr/bin/clickhouse
7. DB::DDLWorker::getAndSetZooKeeper() @ 0x00000000116cc32d in /usr/bin/clickhouse
8. DB::DDLWorker::initializeMainThread() @ 0x00000000116dca3b in /usr/bin/clickhouse
9. DB::DDLWorker::runMainThread() @ 0x00000000116c73c0 in /usr/bin/clickhouse
10. void std::__function::__policy_invoker<void ()>::__call_impl<std::__function::__default_alloc_func<ThreadFromGlobalPoolImpl<true>::ThreadFromGlobalPoolImpl<void (DB::DDLWorker::*)(), DB::DDLWorker*>(void (DB::DDLWorker::*&&)(), DB::DDLWorker*&&)::'lambda'(), void ()>>(std::__function::__policy_storage const*) @ 0x00000000116ddb4c in /usr/bin/clickhouse
11. void* std::__thread_proxy[abi:v15000]<std::tuple<std::unique_ptr<std::__thread_struct, std::default_delete<std::__thread_struct>>, void ThreadPoolImpl<std::thread>::scheduleImpl<void>(std::function<void ()>, Priority, std::optional<unsigned long>, bool)::'lambda0'()>>(void*) @ 0x000000000c706104 in /usr/bin/clickhouse
12. ? @ 0x00007d53c9f52609 in ?
13. ? @ 0x00007d53c9e77353 in ?
 (version 23.8.16.16 (official build))
2026.03.18 20:31:51.041865 [ 75 ] {} <Debug> DNSResolver: Updating DNS cache
2026.03.18 20:31:51.043291 [ 75 ] {} <Debug> DNSResolver: Updated DNS cache
2026.03.18 20:31:51.056906 [ 286 ] {} <Error> DDLWorker: ZooKeeper error: Code: 999. Coordination::Exception: Unknown key host in config file. (KEEPER_EXCEPTION), Stack trace (when copying this message, always include the lines below):

0. DB::Exception::Exception(DB::Exception::MessageMasked&&, int, bool) @ 0x000000000c6251d7 in /usr/bin/clickhouse
1. DB::Exception::Exception<String const&>(int, FormatStringHelperImpl<std::type_identity<String const&>::type>, String const&) @ 0x00000000074ae38d in /usr/bin/clickhouse
2. Coordination::Exception::Exception<String const&>(Coordination::Error, FormatStringHelperImpl<std::type_identity<String const&>::type>, String const&) @ 0x000000001276578a in /usr/bin/clickhouse
3. zkutil::ZooKeeperArgs::initFromKeeperSection(Poco::Util::AbstractConfiguration const&, String const&) @ 0x0000000013813c10 in /usr/bin/clickhouse
4. zkutil::ZooKeeperArgs::ZooKeeperArgs(Poco::Util::AbstractConfiguration const&, String const&) @ 0x000000001380f986 in /usr/bin/clickhouse
5. zkutil::ZooKeeper::ZooKeeper(Poco::Util::AbstractConfiguration const&, String const&, std::shared_ptr<DB::ZooKeeperLog>) @ 0x00000000137e48cc in /usr/bin/clickhouse
6. DB::Context::getZooKeeper() const @ 0x000000001164aa4a in /usr/bin/clickhouse
7. DB::DDLWorker::getAndSetZooKeeper() @ 0x00000000116cc32d in /usr/bin/clickhouse
8. DB::DDLWorker::initializeMainThread() @ 0x00000000116dca3b in /usr/bin/clickhouse
9. DB::DDLWorker::runMainThread() @ 0x00000000116c73c0 in /usr/bin/clickhouse
10. void std::__function::__policy_invoker<void ()>::__call_impl<std::__function::__default_alloc_func<ThreadFromGlobalPoolImpl<true>::ThreadFromGlobalPoolImpl<void (DB::DDLWorker::*)(), DB::DDLWorker*>(void (DB::DDLWorker::*&&)(), DB::DDLWorker*&&)::'lambda'(), void ()>>(std::__function::__policy_storage const*) @ 0x00000000116ddb4c in /usr/bin/clickhouse
11. void* std::__thread_proxy[abi:v15000]<std::tuple<std::unique_ptr<std::__thread_struct, std::default_delete<std::__thread_struct>>, void ThreadPoolImpl<std::thread>::scheduleImpl<void>(std::function<void ()>, Priority, std::optional<unsigned long>, bool)::'lambda0'()>>(void*) @ 0x000000000c706104 in /usr/bin/clickhouse
12. ? @ 0x00007d53c9f52609 in ?
13. ? @ 0x00007d53c9e77353 in ?
 (version 23.8.16.16 (official build)). Failed to start DDLWorker.
2026.03.18 20:31:51.056950 [ 286 ] {} <Error> virtual bool DB::DDLWorker::initializeMainThread(): Code: 999. Coordination::Exception: Unknown key host in config file. (KEEPER_EXCEPTION), Stack trace (when copying this message, always include the lines below):

0. DB::Exception::Exception(DB::Exception::MessageMasked&&, int, bool) @ 0x000000000c6251d7 in /usr/bin/clickhouse
1. DB::Exception::Exception<String const&>(int, FormatStringHelperImpl<std::type_identity<String const&>::type>, String const&) @ 0x00000000074ae38d in /usr/bin/clickhouse
2. Coordination::Exception::Exception<String const&>(Coordination::Error, FormatStringHelperImpl<std::type_identity<String const&>::type>, String const&) @ 0x000000001276578a in /usr/bin/clickhouse
3. zkutil::ZooKeeperArgs::initFromKeeperSection(Poco::Util::AbstractConfiguration const&, String const&) @ 0x0000000013813c10 in /usr/bin/clickhouse
4. zkutil::ZooKeeperArgs::ZooKeeperArgs(Poco::Util::AbstractConfiguration const&, String const&) @ 0x000000001380f986 in /usr/bin/clickhouse
5. zkutil::ZooKeeper::ZooKeeper(Poco::Util::AbstractConfiguration const&, String const&, std::shared_ptr<DB::ZooKeeperLog>) @ 0x00000000137e48cc in /usr/bin/clickhouse
6. DB::Context::getZooKeeper() const @ 0x000000001164aa4a in /usr/bin/clickhouse
7. DB::DDLWorker::getAndSetZooKeeper() @ 0x00000000116cc32d in /usr/bin/clickhouse
8. DB::DDLWorker::initializeMainThread() @ 0x00000000116dca3b in /usr/bin/clickhouse
9. DB::DDLWorker::runMainThread() @ 0x00000000116c73c0 in /usr/bin/clickhouse
10. void std::__function::__policy_invoker<void ()>::__call_impl<std::__function::__default_alloc_func<ThreadFromGlobalPoolImpl<true>::ThreadFromGlobalPoolImpl<void (DB::DDLWorker::*)(), DB::DDLWorker*>(void (DB::DDLWorker::*&&)(), DB::DDLWorker*&&)::'lambda'(), void ()>>(std::__function::__policy_storage const*) @ 0x00000000116ddb4c in /usr/bin/clickhouse
11. void* std::__thread_proxy[abi:v15000]<std::tuple<std::unique_ptr<std::__thread_struct, std::default_delete<std::__thread_struct>>, void ThreadPoolImpl<std::thread>::scheduleImpl<void>(std::function<void ()>, Priority, std::optional<unsigned long>, bool)::'lambda0'()>>(void*) @ 0x000000000c706104 in /usr/bin/clickhouse
12. ? @ 0x00007d53c9f52609 in ?
13. ? @ 0x00007d53c9e77353 in ?
 (version 23.8.16.16 (official build))
2026.03.18 20:31:56.057397 [ 286 ] {} <Error> DDLWorker: ZooKeeper error: Code: 999. Coordination::Exception: Unknown key host in config file. (KEEPER_EXCEPTION), Stack trace (when copying this message, always include the lines below):

0. DB::Exception::Exception(DB::Exception::MessageMasked&&, int, bool) @ 0x000000000c6251d7 in /usr/bin/clickhouse
1. DB::Exception::Exception<String const&>(int, FormatStringHelperImpl<std::type_identity<String const&>::type>, String const&) @ 0x00000000074ae38d in /usr/bin/clickhouse
2. Coordination::Exception::Exception<String const&>(Coordination::Error, FormatStringHelperImpl<std::type_identity<String const&>::type>, String const&) @ 0x000000001276578a in /usr/bin/clickhouse
3. zkutil::ZooKeeperArgs::initFromKeeperSection(Poco::Util::AbstractConfiguration const&, String const&) @ 0x0000000013813c10 in /usr/bin/clickhouse
4. zkutil::ZooKeeperArgs::ZooKeeperArgs(Poco::Util::AbstractConfiguration const&, String const&) @ 0x000000001380f986 in /usr/bin/clickhouse
5. zkutil::ZooKeeper::ZooKeeper(Poco::Util::AbstractConfiguration const&, String const&, std::shared_ptr<DB::ZooKeeperLog>) @ 0x00000000137e48cc in /usr/bin/clickhouse
6. DB::Context::getZooKeeper() const @ 0x000000001164aa4a in /usr/bin/clickhouse
7. DB::DDLWorker::getAndSetZooKeeper() @ 0x00000000116cc32d in /usr/bin/clickhouse
8. DB::DDLWorker::initializeMainThread() @ 0x00000000116dca3b in /usr/bin/clickhouse
9. DB::DDLWorker::runMainThread() @ 0x00000000116c73c0 in /usr/bin/clickhouse
10. void std::__function::__policy_invoker<void ()>::__call_impl<std::__function::__default_alloc_func<ThreadFromGlobalPoolImpl<true>::ThreadFromGlobalPoolImpl<void (DB::DDLWorker::*)(), DB::DDLWorker*>(void (DB::DDLWorker::*&&)(), DB::DDLWorker*&&)::'lambda'(), void ()>>(std::__function::__policy_storage const*) @ 0x00000000116ddb4c in /usr/bin/clickhouse
11. void* std::__thread_proxy[abi:v15000]<std::tuple<std::unique_ptr<std::__thread_struct, std::default_delete<std::__thread_struct>>, void ThreadPoolImpl<std::thread>::scheduleImpl<void>(std::function<void ()>, Priority, std::optional<unsigned long>, bool)::'lambda0'()>>(void*) @ 0x000000000c706104 in /usr/bin/clickhouse
12. ? @ 0x00007d53c9f52609 in ?
13. ? @ 0x00007d53c9e77353 in ?
 (version 23.8.16.16 (official build)). Failed to start DDLWorker.
2026.03.18 20:31:56.057455 [ 286 ] {} <Error> virtual bool DB::DDLWorker::initializeMainThread(): Code: 999. Coordination::Exception: Unknown key host in config file. (KEEPER_EXCEPTION), Stack trace (when copying this message, always include the lines below):

0. DB::Exception::Exception(DB::Exception::MessageMasked&&, int, bool) @ 0x000000000c6251d7 in /usr/bin/clickhouse
1. DB::Exception::Exception<String const&>(int, FormatStringHelperImpl<std::type_identity<String const&>::type>, String const&) @ 0x00000000074ae38d in /usr/bin/clickhouse
2. Coordination::Exception::Exception<String const&>(Coordination::Error, FormatStringHelperImpl<std::type_identity<String const&>::type>, String const&) @ 0x000000001276578a in /usr/bin/clickhouse
3. zkutil::ZooKeeperArgs::initFromKeeperSection(Poco::Util::AbstractConfiguration const&, String const&) @ 0x0000000013813c10 in /usr/bin/clickhouse
4. zkutil::ZooKeeperArgs::ZooKeeperArgs(Poco::Util::AbstractConfiguration const&, String const&) @ 0x000000001380f986 in /usr/bin/clickhouse
5. zkutil::ZooKeeper::ZooKeeper(Poco::Util::AbstractConfiguration const&, String const&, std::shared_ptr<DB::ZooKeeperLog>) @ 0x00000000137e48cc in /usr/bin/clickhouse
6. DB::Context::getZooKeeper() const @ 0x000000001164aa4a in /usr/bin/clickhouse
7. DB::DDLWorker::getAndSetZooKeeper() @ 0x00000000116cc32d in /usr/bin/clickhouse
8. DB::DDLWorker::initializeMainThread() @ 0x00000000116dca3b in /usr/bin/clickhouse
9. DB::DDLWorker::runMainThread() @ 0x00000000116c73c0 in /usr/bin/clickhouse
10. void std::__function::__policy_invoker<void ()>::__call_impl<std::__function::__default_alloc_func<ThreadFromGlobalPoolImpl<true>::ThreadFromGlobalPoolImpl<void (DB::DDLWorker::*)(), DB::DDLWorker*>(void (DB::DDLWorker::*&&)(), DB::DDLWorker*&&)::'lambda'(), void ()>>(std::__function::__policy_storage const*) @ 0x00000000116ddb4c in /usr/bin/clickhouse
11. void* std::__thread_proxy[abi:v15000]<std::tuple<std::unique_ptr<std::__thread_struct, std::default_delete<std::__thread_struct>>, void ThreadPoolImpl<std::thread>::scheduleImpl<void>(std::function<void ()>, Priority, std::optional<unsigned long>, bool)::'lambda0'()>>(void*) @ 0x000000000c706104 in /usr/bin/clickhouse
12. ? @ 0x00007d53c9f52609 in ?
13. ? @ 0x00007d53c9e77353 in ?
 (version 23.8.16.16 (official build))
2026.03.18 20:32:01.058290 [ 286 ] {} <Error> DDLWorker: ZooKeeper error: Code: 999. Coordination::Exception: Unknown key host in config file. (KEEPER_EXCEPTION), Stack trace (when copying this message, always include the lines below):

0. DB::Exception::Exception(DB::Exception::MessageMasked&&, int, bool) @ 0x000000000c6251d7 in /usr/bin/clickhouse
1. DB::Exception::Exception<String const&>(int, FormatStringHelperImpl<std::type_identity<String const&>::type>, String const&) @ 0x00000000074ae38d in /usr/bin/clickhouse
2. Coordination::Exception::Exception<String const&>(Coordination::Error, FormatStringHelperImpl<std::type_identity<String const&>::type>, String const&) @ 0x000000001276578a in /usr/bin/clickhouse
3. zkutil::ZooKeeperArgs::initFromKeeperSection(Poco::Util::AbstractConfiguration const&, String const&) @ 0x0000000013813c10 in /usr/bin/clickhouse
4. zkutil::ZooKeeperArgs::ZooKeeperArgs(Poco::Util::AbstractConfiguration const&, String const&) @ 0x000000001380f986 in /usr/bin/clickhouse
5. zkutil::ZooKeeper::ZooKeeper(Poco::Util::AbstractConfiguration const&, String const&, std::shared_ptr<DB::ZooKeeperLog>) @ 0x00000000137e48cc in /usr/bin/clickhouse
6. DB::Context::getZooKeeper() const @ 0x000000001164aa4a in /usr/bin/clickhouse
7. DB::DDLWorker::getAndSetZooKeeper() @ 0x00000000116cc32d in /usr/bin/clickhouse
8. DB::DDLWorker::initializeMainThread() @ 0x00000000116dca3b in /usr/bin/clickhouse
9. DB::DDLWorker::runMainThread() @ 0x00000000116c73c0 in /usr/bin/clickhouse
10. void std::__function::__policy_invoker<void ()>::__call_impl<std::__function::__default_alloc_func<ThreadFromGlobalPoolImpl<true>::ThreadFromGlobalPoolImpl<void (DB::DDLWorker::*)(), DB::DDLWorker*>(void (DB::DDLWorker::*&&)(), DB::DDLWorker*&&)::'lambda'(), void ()>>(std::__function::__policy_storage const*) @ 0x00000000116ddb4c in /usr/bin/clickhouse
11. void* std::__thread_proxy[abi:v15000]<std::tuple<std::unique_ptr<std::__thread_struct, std::default_delete<std::__thread_struct>>, void ThreadPoolImpl<std::thread>::scheduleImpl<void>(std::function<void ()>, Priority, std::optional<unsigned long>, bool)::'lambda0'()>>(void*) @ 0x000000000c706104 in /usr/bin/clickhouse
12. ? @ 0x00007d53c9f52609 in ?
13. ? @ 0x00007d53c9e77353 in ?
 (version 23.8.16.16 (official build)). Failed to start DDLWorker.
2026.03.18 20:32:01.058396 [ 286 ] {} <Error> virtual bool DB::DDLWorker::initializeMainThread(): Code: 999. Coordination::Exception: Unknown key host in config file. (KEEPER_EXCEPTION), Stack trace (when copying this message, always include the lines below):

0. DB::Exception::Exception(DB::Exception::MessageMasked&&, int, bool) @ 0x000000000c6251d7 in /usr/bin/clickhouse
1. DB::Exception::Exception<String const&>(int, FormatStringHelperImpl<std::type_identity<String const&>::type>, String const&) @ 0x00000000074ae38d in /usr/bin/clickhouse
2. Coordination::Exception::Exception<String const&>(Coordination::Error, FormatStringHelperImpl<std::type_identity<String const&>::type>, String const&) @ 0x000000001276578a in /usr/bin/clickhouse
3. zkutil::ZooKeeperArgs::initFromKeeperSection(Poco::Util::AbstractConfiguration const&, String const&) @ 0x0000000013813c10 in /usr/bin/clickhouse
4. zkutil::ZooKeeperArgs::ZooKeeperArgs(Poco::Util::AbstractConfiguration const&, String const&) @ 0x000000001380f986 in /usr/bin/clickhouse
5. zkutil::ZooKeeper::ZooKeeper(Poco::Util::AbstractConfiguration const&, String const&, std::shared_ptr<DB::ZooKeeperLog>) @ 0x00000000137e48cc in /usr/bin/clickhouse
6. DB::Context::getZooKeeper() const @ 0x000000001164aa4a in /usr/bin/clickhouse
7. DB::DDLWorker::getAndSetZooKeeper() @ 0x00000000116cc32d in /usr/bin/clickhouse
8. DB::DDLWorker::initializeMainThread() @ 0x00000000116dca3b in /usr/bin/clickhouse
9. DB::DDLWorker::runMainThread() @ 0x00000000116c73c0 in /usr/bin/clickhouse
10. void std::__function::__policy_invoker<void ()>::__call_impl<std::__function::__default_alloc_func<ThreadFromGlobalPoolImpl<true>::ThreadFromGlobalPoolImpl<void (DB::DDLWorker::*)(), DB::DDLWorker*>(void (DB::DDLWorker::*&&)(), DB::DDLWorker*&&)::'lambda'(), void ()>>(std::__function::__policy_storage const*) @ 0x00000000116ddb4c in /usr/bin/clickhouse
11. void* std::__thread_proxy[abi:v15000]<std::tuple<std::unique_ptr<std::__thread_struct, std::default_delete<std::__thread_struct>>, void ThreadPoolImpl<std::thread>::scheduleImpl<void>(std::function<void ()>, Priority, std::optional<unsigned long>, bool)::'lambda0'()>>(void*) @ 0x000000000c706104 in /usr/bin/clickhouse
12. ? @ 0x00007d53c9f52609 in ?
13. ? @ 0x00007d53c9e77353 in ?
 (version 23.8.16.16 (official build))
2026.03.18 20:32:06.060056 [ 286 ] {} <Error> DDLWorker: ZooKeeper error: Code: 999. Coordination::Exception: Unknown key host in config file. (KEEPER_EXCEPTION), Stack trace (when copying this message, always include the lines below):

0. DB::Exception::Exception(DB::Exception::MessageMasked&&, int, bool) @ 0x000000000c6251d7 in /usr/bin/clickhouse
1. DB::Exception::Exception<String const&>(int, FormatStringHelperImpl<std::type_identity<String const&>::type>, String const&) @ 0x00000000074ae38d in /usr/bin/clickhouse
2. Coordination::Exception::Exception<String const&>(Coordination::Error, FormatStringHelperImpl<std::type_identity<String const&>::type>, String const&) @ 0x000000001276578a in /usr/bin/clickhouse
3. zkutil::ZooKeeperArgs::initFromKeeperSection(Poco::Util::AbstractConfiguration const&, String const&) @ 0x0000000013813c10 in /usr/bin/clickhouse
4. zkutil::ZooKeeperArgs::ZooKeeperArgs(Poco::Util::AbstractConfiguration const&, String const&) @ 0x000000001380f986 in /usr/bin/clickhouse
5. zkutil::ZooKeeper::ZooKeeper(Poco::Util::AbstractConfiguration const&, String const&, std::shared_ptr<DB::ZooKeeperLog>) @ 0x00000000137e48cc in /usr/bin/clickhouse
6. DB::Context::getZooKeeper() const @ 0x000000001164aa4a in /usr/bin/clickhouse
7. DB::DDLWorker::getAndSetZooKeeper() @ 0x00000000116cc32d in /usr/bin/clickhouse
8. DB::DDLWorker::initializeMainThread() @ 0x00000000116dca3b in /usr/bin/clickhouse
9. DB::DDLWorker::runMainThread() @ 0x00000000116c73c0 in /usr/bin/clickhouse
10. void std::__function::__policy_invoker<void ()>::__call_impl<std::__function::__default_alloc_func<ThreadFromGlobalPoolImpl<true>::ThreadFromGlobalPoolImpl<void (DB::DDLWorker::*)(), DB::DDLWorker*>(void (DB::DDLWorker::*&&)(), DB::DDLWorker*&&)::'lambda'(), void ()>>(std::__function::__policy_storage const*) @ 0x00000000116ddb4c in /usr/bin/clickhouse
11. void* std::__thread_proxy[abi:v15000]<std::tuple<std::unique_ptr<std::__thread_struct, std::default_delete<std::__thread_struct>>, void ThreadPoolImpl<std::thread>::scheduleImpl<void>(std::function<void ()>, Priority, std::optional<unsigned long>, bool)::'lambda0'()>>(void*) @ 0x000000000c706104 in /usr/bin/clickhouse
12. ? @ 0x00007d53c9f52609 in ?
13. ? @ 0x00007d53c9e77353 in ?
 (version 23.8.16.16 (official build)). Failed to start DDLWorker.
2026.03.18 20:32:06.060149 [ 286 ] {} <Error> virtual bool DB::DDLWorker::initializeMainThread(): Code: 999. Coordination::Exception: Unknown key host in config file. (KEEPER_EXCEPTION), Stack trace (when copying this message, always include the lines below):

0. DB::Exception::Exception(DB::Exception::MessageMasked&&, int, bool) @ 0x000000000c6251d7 in /usr/bin/clickhouse
1. DB::Exception::Exception<String const&>(int, FormatStringHelperImpl<std::type_identity<String const&>::type>, String const&) @ 0x00000000074ae38d in /usr/bin/clickhouse
2. Coordination::Exception::Exception<String const&>(Coordination::Error, FormatStringHelperImpl<std::type_identity<String const&>::type>, String const&) @ 0x000000001276578a in /usr/bin/clickhouse
3. zkutil::ZooKeeperArgs::initFromKeeperSection(Poco::Util::AbstractConfiguration const&, String const&) @ 0x0000000013813c10 in /usr/bin/clickhouse
4. zkutil::ZooKeeperArgs::ZooKeeperArgs(Poco::Util::AbstractConfiguration const&, String const&) @ 0x000000001380f986 in /usr/bin/clickhouse
5. zkutil::ZooKeeper::ZooKeeper(Poco::Util::AbstractConfiguration const&, String const&, std::shared_ptr<DB::ZooKeeperLog>) @ 0x00000000137e48cc in /usr/bin/clickhouse
6. DB::Context::getZooKeeper() const @ 0x000000001164aa4a in /usr/bin/clickhouse
7. DB::DDLWorker::getAndSetZooKeeper() @ 0x00000000116cc32d in /usr/bin/clickhouse
8. DB::DDLWorker::initializeMainThread() @ 0x00000000116dca3b in /usr/bin/clickhouse
9. DB::DDLWorker::runMainThread() @ 0x00000000116c73c0 in /usr/bin/clickhouse
10. void std::__function::__policy_invoker<void ()>::__call_impl<std::__function::__default_alloc_func<ThreadFromGlobalPoolImpl<true>::ThreadFromGlobalPoolImpl<void (DB::DDLWorker::*)(), DB::DDLWorker*>(void (DB::DDLWorker::*&&)(), DB::DDLWorker*&&)::'lambda'(), void ()>>(std::__function::__policy_storage const*) @ 0x00000000116ddb4c in /usr/bin/clickhouse
11. void* std::__thread_proxy[abi:v15000]<std::tuple<std::unique_ptr<std::__thread_struct, std::default_delete<std::__thread_struct>>, void ThreadPoolImpl<std::thread>::scheduleImpl<void>(std::function<void ()>, Priority, std::optional<unsigned long>, bool)::'lambda0'()>>(void*) @ 0x000000000c706104 in /usr/bin/clickhouse
12. ? @ 0x00007d53c9f52609 in ?
13. ? @ 0x00007d53c9e77353 in ?
 (version 23.8.16.16 (official build))
2026.03.18 20:32:06.067205 [ 77 ] {} <Debug> DNSResolver: Updating DNS cache
2026.03.18 20:32:06.068518 [ 77 ] {} <Debug> DNSResolver: Updated DNS cache
2026.03.18 20:32:11.061037 [ 286 ] {} <Error> DDLWorker: ZooKeeper error: Code: 999. Coordination::Exception: Unknown key host in config file. (KEEPER_EXCEPTION), Stack trace (when copying this message, always include the lines below):

0. DB::Exception::Exception(DB::Exception::MessageMasked&&, int, bool) @ 0x000000000c6251d7 in /usr/bin/clickhouse
1. DB::Exception::Exception<String const&>(int, FormatStringHelperImpl<std::type_identity<String const&>::type>, String const&) @ 0x00000000074ae38d in /usr/bin/clickhouse
2. Coordination::Exception::Exception<String const&>(Coordination::Error, FormatStringHelperImpl<std::type_identity<String const&>::type>, String const&) @ 0x000000001276578a in /usr/bin/clickhouse
3. zkutil::ZooKeeperArgs::initFromKeeperSection(Poco::Util::AbstractConfiguration const&, String const&) @ 0x0000000013813c10 in /usr/bin/clickhouse
4. zkutil::ZooKeeperArgs::ZooKeeperArgs(Poco::Util::AbstractConfiguration const&, String const&) @ 0x000000001380f986 in /usr/bin/clickhouse
5. zkutil::ZooKeeper::ZooKeeper(Poco::Util::AbstractConfiguration const&, String const&, std::shared_ptr<DB::ZooKeeperLog>) @ 0x00000000137e48cc in /usr/bin/clickhouse
6. DB::Context::getZooKeeper() const @ 0x000000001164aa4a in /usr/bin/clickhouse
7. DB::DDLWorker::getAndSetZooKeeper() @ 0x00000000116cc32d in /usr/bin/clickhouse
8. DB::DDLWorker::initializeMainThread() @ 0x00000000116dca3b in /usr/bin/clickhouse
9. DB::DDLWorker::runMainThread() @ 0x00000000116c73c0 in /usr/bin/clickhouse
10. void std::__function::__policy_invoker<void ()>::__call_impl<std::__function::__default_alloc_func<ThreadFromGlobalPoolImpl<true>::ThreadFromGlobalPoolImpl<void (DB::DDLWorker::*)(), DB::DDLWorker*>(void (DB::DDLWorker::*&&)(), DB::DDLWorker*&&)::'lambda'(), void ()>>(std::__function::__policy_storage const*) @ 0x00000000116ddb4c in /usr/bin/clickhouse
11. void* std::__thread_proxy[abi:v15000]<std::tuple<std::unique_ptr<std::__thread_struct, std::default_delete<std::__thread_struct>>, void ThreadPoolImpl<std::thread>::scheduleImpl<void>(std::function<void ()>, Priority, std::optional<unsigned long>, bool)::'lambda0'()>>(void*) @ 0x000000000c706104 in /usr/bin/clickhouse
12. ? @ 0x00007d53c9f52609 in ?
13. ? @ 0x00007d53c9e77353 in ?
 (version 23.8.16.16 (official build)). Failed to start DDLWorker.
2026.03.18 20:32:11.061104 [ 286 ] {} <Error> virtual bool DB::DDLWorker::initializeMainThread(): Code: 999. Coordination::Exception: Unknown key host in config file. (KEEPER_EXCEPTION), Stack trace (when copying this message, always include the lines below):

0. DB::Exception::Exception(DB::Exception::MessageMasked&&, int, bool) @ 0x000000000c6251d7 in /usr/bin/clickhouse
1. DB::Exception::Exception<String const&>(int, FormatStringHelperImpl<std::type_identity<String const&>::type>, String const&) @ 0x00000000074ae38d in /usr/bin/clickhouse
2. Coordination::Exception::Exception<String const&>(Coordination::Error, FormatStringHelperImpl<std::type_identity<String const&>::type>, String const&) @ 0x000000001276578a in /usr/bin/clickhouse
3. zkutil::ZooKeeperArgs::initFromKeeperSection(Poco::Util::AbstractConfiguration const&, String const&) @ 0x0000000013813c10 in /usr/bin/clickhouse
4. zkutil::ZooKeeperArgs::ZooKeeperArgs(Poco::Util::AbstractConfiguration const&, String const&) @ 0x000000001380f986 in /usr/bin/clickhouse
5. zkutil::ZooKeeper::ZooKeeper(Poco::Util::AbstractConfiguration const&, String const&, std::shared_ptr<DB::ZooKeeperLog>) @ 0x00000000137e48cc in /usr/bin/clickhouse
6. DB::Context::getZooKeeper() const @ 0x000000001164aa4a in /usr/bin/clickhouse
7. DB::DDLWorker::getAndSetZooKeeper() @ 0x00000000116cc32d in /usr/bin/clickhouse
8. DB::DDLWorker::initializeMainThread() @ 0x00000000116dca3b in /usr/bin/clickhouse
9. DB::DDLWorker::runMainThread() @ 0x00000000116c73c0 in /usr/bin/clickhouse
10. void std::__function::__policy_invoker<void ()>::__call_impl<std::__function::__default_alloc_func<ThreadFromGlobalPoolImpl<true>::ThreadFromGlobalPoolImpl<void (DB::DDLWorker::*)(), DB::DDLWorker*>(void (DB::DDLWorker::*&&)(), DB::DDLWorker*&&)::'lambda'(), void ()>>(std::__function::__policy_storage const*) @ 0x00000000116ddb4c in /usr/bin/clickhouse
11. void* std::__thread_proxy[abi:v15000]<std::tuple<std::unique_ptr<std::__thread_struct, std::default_delete<std::__thread_struct>>, void ThreadPoolImpl<std::thread>::scheduleImpl<void>(std::function<void ()>, Priority, std::optional<unsigned long>, bool)::'lambda0'()>>(void*) @ 0x000000000c706104 in /usr/bin/clickhouse
12. ? @ 0x00007d53c9f52609 in ?
13. ? @ 0x00007d53c9e77353 in ?
 (version 23.8.16.16 (official build))
2026.03.18 20:32:16.062362 [ 286 ] {} <Error> DDLWorker: ZooKeeper error: Code: 999. Coordination::Exception: Unknown key host in config file. (KEEPER_EXCEPTION), Stack trace (when copying this message, always include the lines below):

0. DB::Exception::Exception(DB::Exception::MessageMasked&&, int, bool) @ 0x000000000c6251d7 in /usr/bin/clickhouse
1. DB::Exception::Exception<String const&>(int, FormatStringHelperImpl<std::type_identity<String const&>::type>, String const&) @ 0x00000000074ae38d in /usr/bin/clickhouse
2. Coordination::Exception::Exception<String const&>(Coordination::Error, FormatStringHelperImpl<std::type_identity<String const&>::type>, String const&) @ 0x000000001276578a in /usr/bin/clickhouse
3. zkutil::ZooKeeperArgs::initFromKeeperSection(Poco::Util::AbstractConfiguration const&, String const&) @ 0x0000000013813c10 in /usr/bin/clickhouse
4. zkutil::ZooKeeperArgs::ZooKeeperArgs(Poco::Util::AbstractConfiguration const&, String const&) @ 0x000000001380f986 in /usr/bin/clickhouse
5. zkutil::ZooKeeper::ZooKeeper(Poco::Util::AbstractConfiguration const&, String const&, std::shared_ptr<DB::ZooKeeperLog>) @ 0x00000000137e48cc in /usr/bin/clickhouse
6. DB::Context::getZooKeeper() const @ 0x000000001164aa4a in /usr/bin/clickhouse
7. DB::DDLWorker::getAndSetZooKeeper() @ 0x00000000116cc32d in /usr/bin/clickhouse
8. DB::DDLWorker::initializeMainThread() @ 0x00000000116dca3b in /usr/bin/clickhouse
9. DB::DDLWorker::runMainThread() @ 0x00000000116c73c0 in /usr/bin/clickhouse
10. void std::__function::__policy_invoker<void ()>::__call_impl<std::__function::__default_alloc_func<ThreadFromGlobalPoolImpl<true>::ThreadFromGlobalPoolImpl<void (DB::DDLWorker::*)(), DB::DDLWorker*>(void (DB::DDLWorker::*&&)(), DB::DDLWorker*&&)::'lambda'(), void ()>>(std::__function::__policy_storage const*) @ 0x00000000116ddb4c in /usr/bin/clickhouse
11. void* std::__thread_proxy[abi:v15000]<std::tuple<std::unique_ptr<std::__thread_struct, std::default_delete<std::__thread_struct>>, void ThreadPoolImpl<std::thread>::scheduleImpl<void>(std::function<void ()>, Priority, std::optional<unsigned long>, bool)::'lambda0'()>>(void*) @ 0x000000000c706104 in /usr/bin/clickhouse
12. ? @ 0x00007d53c9f52609 in ?
13. ? @ 0x00007d53c9e77353 in ?
 (version 23.8.16.16 (official build)). Failed to start DDLWorker.
2026.03.18 20:32:16.062435 [ 286 ] {} <Error> virtual bool DB::DDLWorker::initializeMainThread(): Code: 999. Coordination::Exception: Unknown key host in config file. (KEEPER_EXCEPTION), Stack trace (when copying this message, always include the lines below):

0. DB::Exception::Exception(DB::Exception::MessageMasked&&, int, bool) @ 0x000000000c6251d7 in /usr/bin/clickhouse
1. DB::Exception::Exception<String const&>(int, FormatStringHelperImpl<std::type_identity<String const&>::type>, String const&) @ 0x00000000074ae38d in /usr/bin/clickhouse
2. Coordination::Exception::Exception<String const&>(Coordination::Error, FormatStringHelperImpl<std::type_identity<String const&>::type>, String const&) @ 0x000000001276578a in /usr/bin/clickhouse
3. zkutil::ZooKeeperArgs::initFromKeeperSection(Poco::Util::AbstractConfiguration const&, String const&) @ 0x0000000013813c10 in /usr/bin/clickhouse
4. zkutil::ZooKeeperArgs::ZooKeeperArgs(Poco::Util::AbstractConfiguration const&, String const&) @ 0x000000001380f986 in /usr/bin/clickhouse
5. zkutil::ZooKeeper::ZooKeeper(Poco::Util::AbstractConfiguration const&, String const&, std::shared_ptr<DB::ZooKeeperLog>) @ 0x00000000137e48cc in /usr/bin/clickhouse
6. DB::Context::getZooKeeper() const @ 0x000000001164aa4a in /usr/bin/clickhouse
7. DB::DDLWorker::getAndSetZooKeeper() @ 0x00000000116cc32d in /usr/bin/clickhouse
8. DB::DDLWorker::initializeMainThread() @ 0x00000000116dca3b in /usr/bin/clickhouse
9. DB::DDLWorker::runMainThread() @ 0x00000000116c73c0 in /usr/bin/clickhouse
10. void std::__function::__policy_invoker<void ()>::__call_impl<std::__function::__default_alloc_func<ThreadFromGlobalPoolImpl<true>::ThreadFromGlobalPoolImpl<void (DB::DDLWorker::*)(), DB::DDLWorker*>(void (DB::DDLWorker::*&&)(), DB::DDLWorker*&&)::'lambda'(), void ()>>(std::__function::__policy_storage const*) @ 0x00000000116ddb4c in /usr/bin/clickhouse
11. void* std::__thread_proxy[abi:v15000]<std::tuple<std::unique_ptr<std::__thread_struct, std::default_delete<std::__thread_struct>>, void ThreadPoolImpl<std::thread>::scheduleImpl<void>(std::function<void ()>, Priority, std::optional<unsigned long>, bool)::'lambda0'()>>(void*) @ 0x000000000c706104 in /usr/bin/clickhouse
12. ? @ 0x00007d53c9f52609 in ?
13. ? @ 0x00007d53c9e77353 in ?
 (version 23.8.16.16 (official build))
2026.03.18 20:32:21.065445 [ 286 ] {} <Error> DDLWorker: ZooKeeper error: Code: 999. Coordination::Exception: Unknown key host in config file. (KEEPER_EXCEPTION), Stack trace (when copying this message, always include the lines below):

0. DB::Exception::Exception(DB::Exception::MessageMasked&&, int, bool) @ 0x000000000c6251d7 in /usr/bin/clickhouse
1. DB::Exception::Exception<String const&>(int, FormatStringHelperImpl<std::type_identity<String const&>::type>, String const&) @ 0x00000000074ae38d in /usr/bin/clickhouse
2. Coordination::Exception::Exception<String const&>(Coordination::Error, FormatStringHelperImpl<std::type_identity<String const&>::type>, String const&) @ 0x000000001276578a in /usr/bin/clickhouse
3. zkutil::ZooKeeperArgs::initFromKeeperSection(Poco::Util::AbstractConfiguration const&, String const&) @ 0x0000000013813c10 in /usr/bin/clickhouse
4. zkutil::ZooKeeperArgs::ZooKeeperArgs(Poco::Util::AbstractConfiguration const&, String const&) @ 0x000000001380f986 in /usr/bin/clickhouse
5. zkutil::ZooKeeper::ZooKeeper(Poco::Util::AbstractConfiguration const&, String const&, std::shared_ptr<DB::ZooKeeperLog>) @ 0x00000000137e48cc in /usr/bin/clickhouse
6. DB::Context::getZooKeeper() const @ 0x000000001164aa4a in /usr/bin/clickhouse
7. DB::DDLWorker::getAndSetZooKeeper() @ 0x00000000116cc32d in /usr/bin/clickhouse
8. DB::DDLWorker::initializeMainThread() @ 0x00000000116dca3b in /usr/bin/clickhouse
9. DB::DDLWorker::runMainThread() @ 0x00000000116c73c0 in /usr/bin/clickhouse
10. void std::__function::__policy_invoker<void ()>::__call_impl<std::__function::__default_alloc_func<ThreadFromGlobalPoolImpl<true>::ThreadFromGlobalPoolImpl<void (DB::DDLWorker::*)(), DB::DDLWorker*>(void (DB::DDLWorker::*&&)(), DB::DDLWorker*&&)::'lambda'(), void ()>>(std::__function::__policy_storage const*) @ 0x00000000116ddb4c in /usr/bin/clickhouse
11. void* std::__thread_proxy[abi:v15000]<std::tuple<std::unique_ptr<std::__thread_struct, std::default_delete<std::__thread_struct>>, void ThreadPoolImpl<std::thread>::scheduleImpl<void>(std::function<void ()>, Priority, std::optional<unsigned long>, bool)::'lambda0'()>>(void*) @ 0x000000000c706104 in /usr/bin/clickhouse
12. ? @ 0x00007d53c9f52609 in ?
13. ? @ 0x00007d53c9e77353 in ?
 (version 23.8.16.16 (official build)). Failed to start DDLWorker.
2026.03.18 20:32:21.065508 [ 286 ] {} <Error> virtual bool DB::DDLWorker::initializeMainThread(): Code: 999. Coordination::Exception: Unknown key host in config file. (KEEPER_EXCEPTION), Stack trace (when copying this message, always include the lines below):

0. DB::Exception::Exception(DB::Exception::MessageMasked&&, int, bool) @ 0x000000000c6251d7 in /usr/bin/clickhouse
1. DB::Exception::Exception<String const&>(int, FormatStringHelperImpl<std::type_identity<String const&>::type>, String const&) @ 0x00000000074ae38d in /usr/bin/clickhouse
2. Coordination::Exception::Exception<String const&>(Coordination::Error, FormatStringHelperImpl<std::type_identity<String const&>::type>, String const&) @ 0x000000001276578a in /usr/bin/clickhouse
3. zkutil::ZooKeeperArgs::initFromKeeperSection(Poco::Util::AbstractConfiguration const&, String const&) @ 0x0000000013813c10 in /usr/bin/clickhouse
4. zkutil::ZooKeeperArgs::ZooKeeperArgs(Poco::Util::AbstractConfiguration const&, String const&) @ 0x000000001380f986 in /usr/bin/clickhouse
5. zkutil::ZooKeeper::ZooKeeper(Poco::Util::AbstractConfiguration const&, String const&, std::shared_ptr<DB::ZooKeeperLog>) @ 0x00000000137e48cc in /usr/bin/clickhouse
6. DB::Context::getZooKeeper() const @ 0x000000001164aa4a in /usr/bin/clickhouse
7. DB::DDLWorker::getAndSetZooKeeper() @ 0x00000000116cc32d in /usr/bin/clickhouse
8. DB::DDLWorker::initializeMainThread() @ 0x00000000116dca3b in /usr/bin/clickhouse
9. DB::DDLWorker::runMainThread() @ 0x00000000116c73c0 in /usr/bin/clickhouse
10. void std::__function::__policy_invoker<void ()>::__call_impl<std::__function::__default_alloc_func<ThreadFromGlobalPoolImpl<true>::ThreadFromGlobalPoolImpl<void (DB::DDLWorker::*)(), DB::DDLWorker*>(void (DB::DDLWorker::*&&)(), DB::DDLWorker*&&)::'lambda'(), void ()>>(std::__function::__policy_storage const*) @ 0x00000000116ddb4c in /usr/bin/clickhouse
11. void* std::__thread_proxy[abi:v15000]<std::tuple<std::unique_ptr<std::__thread_struct, std::default_delete<std::__thread_struct>>, void ThreadPoolImpl<std::thread>::scheduleImpl<void>(std::function<void ()>, Priority, std::optional<unsigned long>, bool)::'lambda0'()>>(void*) @ 0x000000000c706104 in /usr/bin/clickhouse
12. ? @ 0x00007d53c9f52609 in ?
13. ? @ 0x00007d53c9e77353 in ?
 (version 23.8.16.16 (official build))
2026.03.18 20:32:21.072888 [ 78 ] {} <Debug> DNSResolver: Updating DNS cache
2026.03.18 20:32:21.074030 [ 78 ] {} <Debug> DNSResolver: Updated DNS cache
2026.03.18 20:32:26.068071 [ 286 ] {} <Error> DDLWorker: ZooKeeper error: Code: 999. Coordination::Exception: Unknown key host in config file. (KEEPER_EXCEPTION), Stack trace (when copying this message, always include the lines below):

0. DB::Exception::Exception(DB::Exception::MessageMasked&&, int, bool) @ 0x000000000c6251d7 in /usr/bin/clickhouse
1. DB::Exception::Exception<String const&>(int, FormatStringHelperImpl<std::type_identity<String const&>::type>, String const&) @ 0x00000000074ae38d in /usr/bin/clickhouse
2. Coordination::Exception::Exception<String const&>(Coordination::Error, FormatStringHelperImpl<std::type_identity<String const&>::type>, String const&) @ 0x000000001276578a in /usr/bin/clickhouse
3. zkutil::ZooKeeperArgs::initFromKeeperSection(Poco::Util::AbstractConfiguration const&, String const&) @ 0x0000000013813c10 in /usr/bin/clickhouse
4. zkutil::ZooKeeperArgs::ZooKeeperArgs(Poco::Util::AbstractConfiguration const&, String const&) @ 0x000000001380f986 in /usr/bin/clickhouse
5. zkutil::ZooKeeper::ZooKeeper(Poco::Util::AbstractConfiguration const&, String const&, std::shared_ptr<DB::ZooKeeperLog>) @ 0x00000000137e48cc in /usr/bin/clickhouse
6. DB::Context::getZooKeeper() const @ 0x000000001164aa4a in /usr/bin/clickhouse
7. DB::DDLWorker::getAndSetZooKeeper() @ 0x00000000116cc32d in /usr/bin/clickhouse
8. DB::DDLWorker::initializeMainThread() @ 0x00000000116dca3b in /usr/bin/clickhouse
9. DB::DDLWorker::runMainThread() @ 0x00000000116c73c0 in /usr/bin/clickhouse
10. void std::__function::__policy_invoker<void ()>::__call_impl<std::__function::__default_alloc_func<ThreadFromGlobalPoolImpl<true>::ThreadFromGlobalPoolImpl<void (DB::DDLWorker::*)(), DB::DDLWorker*>(void (DB::DDLWorker::*&&)(), DB::DDLWorker*&&)::'lambda'(), void ()>>(std::__function::__policy_storage const*) @ 0x00000000116ddb4c in /usr/bin/clickhouse
11. void* std::__thread_proxy[abi:v15000]<std::tuple<std::unique_ptr<std::__thread_struct, std::default_delete<std::__thread_struct>>, void ThreadPoolImpl<std::thread>::scheduleImpl<void>(std::function<void ()>, Priority, std::optional<unsigned long>, bool)::'lambda0'()>>(void*) @ 0x000000000c706104 in /usr/bin/clickhouse
12. ? @ 0x00007d53c9f52609 in ?
13. ? @ 0x00007d53c9e77353 in ?
 (version 23.8.16.16 (official build)). Failed to start DDLWorker.
2026.03.18 20:32:26.068287 [ 286 ] {} <Error> virtual bool DB::DDLWorker::initializeMainThread(): Code: 999. Coordination::Exception: Unknown key host in config file. (KEEPER_EXCEPTION), Stack trace (when copying this message, always include the lines below):

0. DB::Exception::Exception(DB::Exception::MessageMasked&&, int, bool) @ 0x000000000c6251d7 in /usr/bin/clickhouse
1. DB::Exception::Exception<String const&>(int, FormatStringHelperImpl<std::type_identity<String const&>::type>, String const&) @ 0x00000000074ae38d in /usr/bin/clickhouse
2. Coordination::Exception::Exception<String const&>(Coordination::Error, FormatStringHelperImpl<std::type_identity<String const&>::type>, String const&) @ 0x000000001276578a in /usr/bin/clickhouse
3. zkutil::ZooKeeperArgs::initFromKeeperSection(Poco::Util::AbstractConfiguration const&, String const&) @ 0x0000000013813c10 in /usr/bin/clickhouse
4. zkutil::ZooKeeperArgs::ZooKeeperArgs(Poco::Util::AbstractConfiguration const&, String const&) @ 0x000000001380f986 in /usr/bin/clickhouse
5. zkutil::ZooKeeper::ZooKeeper(Poco::Util::AbstractConfiguration const&, String const&, std::shared_ptr<DB::ZooKeeperLog>) @ 0x00000000137e48cc in /usr/bin/clickhouse
6. DB::Context::getZooKeeper() const @ 0x000000001164aa4a in /usr/bin/clickhouse
7. DB::DDLWorker::getAndSetZooKeeper() @ 0x00000000116cc32d in /usr/bin/clickhouse
8. DB::DDLWorker::initializeMainThread() @ 0x00000000116dca3b in /usr/bin/clickhouse
9. DB::DDLWorker::runMainThread() @ 0x00000000116c73c0 in /usr/bin/clickhouse
10. void std::__function::__policy_invoker<void ()>::__call_impl<std::__function::__default_alloc_func<ThreadFromGlobalPoolImpl<true>::ThreadFromGlobalPoolImpl<void (DB::DDLWorker::*)(), DB::DDLWorker*>(void (DB::DDLWorker::*&&)(), DB::DDLWorker*&&)::'lambda'(), void ()>>(std::__function::__policy_storage const*) @ 0x00000000116ddb4c in /usr/bin/clickhouse
11. void* std::__thread_proxy[abi:v15000]<std::tuple<std::unique_ptr<std::__thread_struct, std::default_delete<std::__thread_struct>>, void ThreadPoolImpl<std::thread>::scheduleImpl<void>(std::function<void ()>, Priority, std::optional<unsigned long>, bool)::'lambda0'()>>(void*) @ 0x000000000c706104 in /usr/bin/clickhouse
12. ? @ 0x00007d53c9f52609 in ?
13. ? @ 0x00007d53c9e77353 in ?
 (version 23.8.16.16 (official build))
2026.03.18 20:32:31.073160 [ 286 ] {} <Error> DDLWorker: ZooKeeper error: Code: 999. Coordination::Exception: Unknown key host in config file. (KEEPER_EXCEPTION), Stack trace (when copying this message, always include the lines below):

0. DB::Exception::Exception(DB::Exception::MessageMasked&&, int, bool) @ 0x000000000c6251d7 in /usr/bin/clickhouse
1. DB::Exception::Exception<String const&>(int, FormatStringHelperImpl<std::type_identity<String const&>::type>, String const&) @ 0x00000000074ae38d in /usr/bin/clickhouse
2. Coordination::Exception::Exception<String const&>(Coordination::Error, FormatStringHelperImpl<std::type_identity<String const&>::type>, String const&) @ 0x000000001276578a in /usr/bin/clickhouse
3. zkutil::ZooKeeperArgs::initFromKeeperSection(Poco::Util::AbstractConfiguration const&, String const&) @ 0x0000000013813c10 in /usr/bin/clickhouse
4. zkutil::ZooKeeperArgs::ZooKeeperArgs(Poco::Util::AbstractConfiguration const&, String const&) @ 0x000000001380f986 in /usr/bin/clickhouse
5. zkutil::ZooKeeper::ZooKeeper(Poco::Util::AbstractConfiguration const&, String const&, std::shared_ptr<DB::ZooKeeperLog>) @ 0x00000000137e48cc in /usr/bin/clickhouse
6. DB::Context::getZooKeeper() const @ 0x000000001164aa4a in /usr/bin/clickhouse
7. DB::DDLWorker::getAndSetZooKeeper() @ 0x00000000116cc32d in /usr/bin/clickhouse
8. DB::DDLWorker::initializeMainThread() @ 0x00000000116dca3b in /usr/bin/clickhouse
9. DB::DDLWorker::runMainThread() @ 0x00000000116c73c0 in /usr/bin/clickhouse
10. void std::__function::__policy_invoker<void ()>::__call_impl<std::__function::__default_alloc_func<ThreadFromGlobalPoolImpl<true>::ThreadFromGlobalPoolImpl<void (DB::DDLWorker::*)(), DB::DDLWorker*>(void (DB::DDLWorker::*&&)(), DB::DDLWorker*&&)::'lambda'(), void ()>>(std::__function::__policy_storage const*) @ 0x00000000116ddb4c in /usr/bin/clickhouse
11. void* std::__thread_proxy[abi:v15000]<std::tuple<std::unique_ptr<std::__thread_struct, std::default_delete<std::__thread_struct>>, void ThreadPoolImpl<std::thread>::scheduleImpl<void>(std::function<void ()>, Priority, std::optional<unsigned long>, bool)::'lambda0'()>>(void*) @ 0x000000000c706104 in /usr/bin/clickhouse
12. ? @ 0x00007d53c9f52609 in ?
13. ? @ 0x00007d53c9e77353 in ?
 (version 23.8.16.16 (official build)). Failed to start DDLWorker.
2026.03.18 20:32:31.073214 [ 286 ] {} <Error> virtual bool DB::DDLWorker::initializeMainThread(): Code: 999. Coordination::Exception: Unknown key host in config file. (KEEPER_EXCEPTION), Stack trace (when copying this message, always include the lines below):

0. DB::Exception::Exception(DB::Exception::MessageMasked&&, int, bool) @ 0x000000000c6251d7 in /usr/bin/clickhouse
1. DB::Exception::Exception<String const&>(int, FormatStringHelperImpl<std::type_identity<String const&>::type>, String const&) @ 0x00000000074ae38d in /usr/bin/clickhouse
2. Coordination::Exception::Exception<String const&>(Coordination::Error, FormatStringHelperImpl<std::type_identity<String const&>::type>, String const&) @ 0x000000001276578a in /usr/bin/clickhouse
3. zkutil::ZooKeeperArgs::initFromKeeperSection(Poco::Util::AbstractConfiguration const&, String const&) @ 0x0000000013813c10 in /usr/bin/clickhouse
4. zkutil::ZooKeeperArgs::ZooKeeperArgs(Poco::Util::AbstractConfiguration const&, String const&) @ 0x000000001380f986 in /usr/bin/clickhouse
5. zkutil::ZooKeeper::ZooKeeper(Poco::Util::AbstractConfiguration const&, String const&, std::shared_ptr<DB::ZooKeeperLog>) @ 0x00000000137e48cc in /usr/bin/clickhouse
6. DB::Context::getZooKeeper() const @ 0x000000001164aa4a in /usr/bin/clickhouse
7. DB::DDLWorker::getAndSetZooKeeper() @ 0x00000000116cc32d in /usr/bin/clickhouse
8. DB::DDLWorker::initializeMainThread() @ 0x00000000116dca3b in /usr/bin/clickhouse
9. DB::DDLWorker::runMainThread() @ 0x00000000116c73c0 in /usr/bin/clickhouse
10. void std::__function::__policy_invoker<void ()>::__call_impl<std::__function::__default_alloc_func<ThreadFromGlobalPoolImpl<true>::ThreadFromGlobalPoolImpl<void (DB::DDLWorker::*)(), DB::DDLWorker*>(void (DB::DDLWorker::*&&)(), DB::DDLWorker*&&)::'lambda'(), void ()>>(std::__function::__policy_storage const*) @ 0x00000000116ddb4c in /usr/bin/clickhouse
11. void* std::__thread_proxy[abi:v15000]<std::tuple<std::unique_ptr<std::__thread_struct, std::default_delete<std::__thread_struct>>, void ThreadPoolImpl<std::thread>::scheduleImpl<void>(std::function<void ()>, Priority, std::optional<unsigned long>, bool)::'lambda0'()>>(void*) @ 0x000000000c706104 in /usr/bin/clickhouse
12. ? @ 0x00007d53c9f52609 in ?
13. ? @ 0x00007d53c9e77353 in ?
 (version 23.8.16.16 (official build))
2026.03.18 20:32:36.073932 [ 286 ] {} <Error> DDLWorker: ZooKeeper error: Code: 999. Coordination::Exception: Unknown key host in config file. (KEEPER_EXCEPTION), Stack trace (when copying this message, always include the lines below):

0. DB::Exception::Exception(DB::Exception::MessageMasked&&, int, bool) @ 0x000000000c6251d7 in /usr/bin/clickhouse
1. DB::Exception::Exception<String const&>(int, FormatStringHelperImpl<std::type_identity<String const&>::type>, String const&) @ 0x00000000074ae38d in /usr/bin/clickhouse
2. Coordination::Exception::Exception<String const&>(Coordination::Error, FormatStringHelperImpl<std::type_identity<String const&>::type>, String const&) @ 0x000000001276578a in /usr/bin/clickhouse
3. zkutil::ZooKeeperArgs::initFromKeeperSection(Poco::Util::AbstractConfiguration const&, String const&) @ 0x0000000013813c10 in /usr/bin/clickhouse
4. zkutil::ZooKeeperArgs::ZooKeeperArgs(Poco::Util::AbstractConfiguration const&, String const&) @ 0x000000001380f986 in /usr/bin/clickhouse
5. zkutil::ZooKeeper::ZooKeeper(Poco::Util::AbstractConfiguration const&, String const&, std::shared_ptr<DB::ZooKeeperLog>) @ 0x00000000137e48cc in /usr/bin/clickhouse
6. DB::Context::getZooKeeper() const @ 0x000000001164aa4a in /usr/bin/clickhouse
7. DB::DDLWorker::getAndSetZooKeeper() @ 0x00000000116cc32d in /usr/bin/clickhouse
8. DB::DDLWorker::initializeMainThread() @ 0x00000000116dca3b in /usr/bin/clickhouse
9. DB::DDLWorker::runMainThread() @ 0x00000000116c73c0 in /usr/bin/clickhouse
10. void std::__function::__policy_invoker<void ()>::__call_impl<std::__function::__default_alloc_func<ThreadFromGlobalPoolImpl<true>::ThreadFromGlobalPoolImpl<void (DB::DDLWorker::*)(), DB::DDLWorker*>(void (DB::DDLWorker::*&&)(), DB::DDLWorker*&&)::'lambda'(), void ()>>(std::__function::__policy_storage const*) @ 0x00000000116ddb4c in /usr/bin/clickhouse
11. void* std::__thread_proxy[abi:v15000]<std::tuple<std::unique_ptr<std::__thread_struct, std::default_delete<std::__thread_struct>>, void ThreadPoolImpl<std::thread>::scheduleImpl<void>(std::function<void ()>, Priority, std::optional<unsigned long>, bool)::'lambda0'()>>(void*) @ 0x000000000c706104 in /usr/bin/clickhouse
12. ? @ 0x00007d53c9f52609 in ?
13. ? @ 0x00007d53c9e77353 in ?
 (version 23.8.16.16 (official build)). Failed to start DDLWorker.
2026.03.18 20:32:36.073999 [ 286 ] {} <Error> virtual bool DB::DDLWorker::initializeMainThread(): Code: 999. Coordination::Exception: Unknown key host in config file. (KEEPER_EXCEPTION), Stack trace (when copying this message, always include the lines below):

0. DB::Exception::Exception(DB::Exception::MessageMasked&&, int, bool) @ 0x000000000c6251d7 in /usr/bin/clickhouse
1. DB::Exception::Exception<String const&>(int, FormatStringHelperImpl<std::type_identity<String const&>::type>, String const&) @ 0x00000000074ae38d in /usr/bin/clickhouse
2. Coordination::Exception::Exception<String const&>(Coordination::Error, FormatStringHelperImpl<std::type_identity<String const&>::type>, String const&) @ 0x000000001276578a in /usr/bin/clickhouse
3. zkutil::ZooKeeperArgs::initFromKeeperSection(Poco::Util::AbstractConfiguration const&, String const&) @ 0x0000000013813c10 in /usr/bin/clickhouse
4. zkutil::ZooKeeperArgs::ZooKeeperArgs(Poco::Util::AbstractConfiguration const&, String const&) @ 0x000000001380f986 in /usr/bin/clickhouse
5. zkutil::ZooKeeper::ZooKeeper(Poco::Util::AbstractConfiguration const&, String const&, std::shared_ptr<DB::ZooKeeperLog>) @ 0x00000000137e48cc in /usr/bin/clickhouse
6. DB::Context::getZooKeeper() const @ 0x000000001164aa4a in /usr/bin/clickhouse
7. DB::DDLWorker::getAndSetZooKeeper() @ 0x00000000116cc32d in /usr/bin/clickhouse
8. DB::DDLWorker::initializeMainThread() @ 0x00000000116dca3b in /usr/bin/clickhouse
9. DB::DDLWorker::runMainThread() @ 0x00000000116c73c0 in /usr/bin/clickhouse
10. void std::__function::__policy_invoker<void ()>::__call_impl<std::__function::__default_alloc_func<ThreadFromGlobalPoolImpl<true>::ThreadFromGlobalPoolImpl<void (DB::DDLWorker::*)(), DB::DDLWorker*>(void (DB::DDLWorker::*&&)(), DB::DDLWorker*&&)::'lambda'(), void ()>>(std::__function::__policy_storage const*) @ 0x00000000116ddb4c in /usr/bin/clickhouse
11. void* std::__thread_proxy[abi:v15000]<std::tuple<std::unique_ptr<std::__thread_struct, std::default_delete<std::__thread_struct>>, void ThreadPoolImpl<std::thread>::scheduleImpl<void>(std::function<void ()>, Priority, std::optional<unsigned long>, bool)::'lambda0'()>>(void*) @ 0x000000000c706104 in /usr/bin/clickhouse
12. ? @ 0x00007d53c9f52609 in ?
13. ? @ 0x00007d53c9e77353 in ?
 (version 23.8.16.16 (official build))
2026.03.18 20:32:36.074956 [ 73 ] {} <Debug> DNSResolver: Updating DNS cache
2026.03.18 20:32:36.076469 [ 73 ] {} <Debug> DNSResolver: Updated DNS cache
2026.03.18 20:32:41.076914 [ 286 ] {} <Error> DDLWorker: ZooKeeper error: Code: 999. Coordination::Exception: Unknown key host in config file. (KEEPER_EXCEPTION), Stack trace (when copying this message, always include the lines below):

0. DB::Exception::Exception(DB::Exception::MessageMasked&&, int, bool) @ 0x000000000c6251d7 in /usr/bin/clickhouse
1. DB::Exception::Exception<String const&>(int, FormatStringHelperImpl<std::type_identity<String const&>::type>, String const&) @ 0x00000000074ae38d in /usr/bin/clickhouse
2. Coordination::Exception::Exception<String const&>(Coordination::Error, FormatStringHelperImpl<std::type_identity<String const&>::type>, String const&) @ 0x000000001276578a in /usr/bin/clickhouse
3. zkutil::ZooKeeperArgs::initFromKeeperSection(Poco::Util::AbstractConfiguration const&, String const&) @ 0x0000000013813c10 in /usr/bin/clickhouse
4. zkutil::ZooKeeperArgs::ZooKeeperArgs(Poco::Util::AbstractConfiguration const&, String const&) @ 0x000000001380f986 in /usr/bin/clickhouse
5. zkutil::ZooKeeper::ZooKeeper(Poco::Util::AbstractConfiguration const&, String const&, std::shared_ptr<DB::ZooKeeperLog>) @ 0x00000000137e48cc in /usr/bin/clickhouse
6. DB::Context::getZooKeeper() const @ 0x000000001164aa4a in /usr/bin/clickhouse
7. DB::DDLWorker::getAndSetZooKeeper() @ 0x00000000116cc32d in /usr/bin/clickhouse
8. DB::DDLWorker::initializeMainThread() @ 0x00000000116dca3b in /usr/bin/clickhouse
9. DB::DDLWorker::runMainThread() @ 0x00000000116c73c0 in /usr/bin/clickhouse
10. void std::__function::__policy_invoker<void ()>::__call_impl<std::__function::__default_alloc_func<ThreadFromGlobalPoolImpl<true>::ThreadFromGlobalPoolImpl<void (DB::DDLWorker::*)(), DB::DDLWorker*>(void (DB::DDLWorker::*&&)(), DB::DDLWorker*&&)::'lambda'(), void ()>>(std::__function::__policy_storage const*) @ 0x00000000116ddb4c in /usr/bin/clickhouse
11. void* std::__thread_proxy[abi:v15000]<std::tuple<std::unique_ptr<std::__thread_struct, std::default_delete<std::__thread_struct>>, void ThreadPoolImpl<std::thread>::scheduleImpl<void>(std::function<void ()>, Priority, std::optional<unsigned long>, bool)::'lambda0'()>>(void*) @ 0x000000000c706104 in /usr/bin/clickhouse
12. ? @ 0x00007d53c9f52609 in ?
13. ? @ 0x00007d53c9e77353 in ?
 (version 23.8.16.16 (official build)). Failed to start DDLWorker.
2026.03.18 20:32:41.076986 [ 286 ] {} <Error> virtual bool DB::DDLWorker::initializeMainThread(): Code: 999. Coordination::Exception: Unknown key host in config file. (KEEPER_EXCEPTION), Stack trace (when copying this message, always include the lines below):

0. DB::Exception::Exception(DB::Exception::MessageMasked&&, int, bool) @ 0x000000000c6251d7 in /usr/bin/clickhouse
1. DB::Exception::Exception<String const&>(int, FormatStringHelperImpl<std::type_identity<String const&>::type>, String const&) @ 0x00000000074ae38d in /usr/bin/clickhouse
2. Coordination::Exception::Exception<String const&>(Coordination::Error, FormatStringHelperImpl<std::type_identity<String const&>::type>, String const&) @ 0x000000001276578a in /usr/bin/clickhouse
3. zkutil::ZooKeeperArgs::initFromKeeperSection(Poco::Util::AbstractConfiguration const&, String const&) @ 0x0000000013813c10 in /usr/bin/clickhouse
4. zkutil::ZooKeeperArgs::ZooKeeperArgs(Poco::Util::AbstractConfiguration const&, String const&) @ 0x000000001380f986 in /usr/bin/clickhouse
5. zkutil::ZooKeeper::ZooKeeper(Poco::Util::AbstractConfiguration const&, String const&, std::shared_ptr<DB::ZooKeeperLog>) @ 0x00000000137e48cc in /usr/bin/clickhouse
6. DB::Context::getZooKeeper() const @ 0x000000001164aa4a in /usr/bin/clickhouse
7. DB::DDLWorker::getAndSetZooKeeper() @ 0x00000000116cc32d in /usr/bin/clickhouse
8. DB::DDLWorker::initializeMainThread() @ 0x00000000116dca3b in /usr/bin/clickhouse
9. DB::DDLWorker::runMainThread() @ 0x00000000116c73c0 in /usr/bin/clickhouse
10. void std::__function::__policy_invoker<void ()>::__call_impl<std::__function::__default_alloc_func<ThreadFromGlobalPoolImpl<true>::ThreadFromGlobalPoolImpl<void (DB::DDLWorker::*)(), DB::DDLWorker*>(void (DB::DDLWorker::*&&)(), DB::DDLWorker*&&)::'lambda'(), void ()>>(std::__function::__policy_storage const*) @ 0x00000000116ddb4c in /usr/bin/clickhouse
11. void* std::__thread_proxy[abi:v15000]<std::tuple<std::unique_ptr<std::__thread_struct, std::default_delete<std::__thread_struct>>, void ThreadPoolImpl<std::thread>::scheduleImpl<void>(std::function<void ()>, Priority, std::optional<unsigned long>, bool)::'lambda0'()>>(void*) @ 0x000000000c706104 in /usr/bin/clickhouse
12. ? @ 0x00007d53c9f52609 in ?
13. ? @ 0x00007d53c9e77353 in ?
 (version 23.8.16.16 (official build))
2026.03.18 20:32:46.078784 [ 286 ] {} <Error> DDLWorker: ZooKeeper error: Code: 999. Coordination::Exception: Unknown key host in config file. (KEEPER_EXCEPTION), Stack trace (when copying this message, always include the lines below):

0. DB::Exception::Exception(DB::Exception::MessageMasked&&, int, bool) @ 0x000000000c6251d7 in /usr/bin/clickhouse
1. DB::Exception::Exception<String const&>(int, FormatStringHelperImpl<std::type_identity<String const&>::type>, String const&) @ 0x00000000074ae38d in /usr/bin/clickhouse
2. Coordination::Exception::Exception<String const&>(Coordination::Error, FormatStringHelperImpl<std::type_identity<String const&>::type>, String const&) @ 0x000000001276578a in /usr/bin/clickhouse
3. zkutil::ZooKeeperArgs::initFromKeeperSection(Poco::Util::AbstractConfiguration const&, String const&) @ 0x0000000013813c10 in /usr/bin/clickhouse
4. zkutil::ZooKeeperArgs::ZooKeeperArgs(Poco::Util::AbstractConfiguration const&, String const&) @ 0x000000001380f986 in /usr/bin/clickhouse
5. zkutil::ZooKeeper::ZooKeeper(Poco::Util::AbstractConfiguration const&, String const&, std::shared_ptr<DB::ZooKeeperLog>) @ 0x00000000137e48cc in /usr/bin/clickhouse
6. DB::Context::getZooKeeper() const @ 0x000000001164aa4a in /usr/bin/clickhouse
7. DB::DDLWorker::getAndSetZooKeeper() @ 0x00000000116cc32d in /usr/bin/clickhouse
8. DB::DDLWorker::initializeMainThread() @ 0x00000000116dca3b in /usr/bin/clickhouse
9. DB::DDLWorker::runMainThread() @ 0x00000000116c73c0 in /usr/bin/clickhouse
10. void std::__function::__policy_invoker<void ()>::__call_impl<std::__function::__default_alloc_func<ThreadFromGlobalPoolImpl<true>::ThreadFromGlobalPoolImpl<void (DB::DDLWorker::*)(), DB::DDLWorker*>(void (DB::DDLWorker::*&&)(), DB::DDLWorker*&&)::'lambda'(), void ()>>(std::__function::__policy_storage const*) @ 0x00000000116ddb4c in /usr/bin/clickhouse
11. void* std::__thread_proxy[abi:v15000]<std::tuple<std::unique_ptr<std::__thread_struct, std::default_delete<std::__thread_struct>>, void ThreadPoolImpl<std::thread>::scheduleImpl<void>(std::function<void ()>, Priority, std::optional<unsigned long>, bool)::'lambda0'()>>(void*) @ 0x000000000c706104 in /usr/bin/clickhouse
12. ? @ 0x00007d53c9f52609 in ?
13. ? @ 0x00007d53c9e77353 in ?
 (version 23.8.16.16 (official build)). Failed to start DDLWorker.
2026.03.18 20:32:46.078850 [ 286 ] {} <Error> virtual bool DB::DDLWorker::initializeMainThread(): Code: 999. Coordination::Exception: Unknown key host in config file. (KEEPER_EXCEPTION), Stack trace (when copying this message, always include the lines below):

0. DB::Exception::Exception(DB::Exception::MessageMasked&&, int, bool) @ 0x000000000c6251d7 in /usr/bin/clickhouse
1. DB::Exception::Exception<String const&>(int, FormatStringHelperImpl<std::type_identity<String const&>::type>, String const&) @ 0x00000000074ae38d in /usr/bin/clickhouse
2. Coordination::Exception::Exception<String const&>(Coordination::Error, FormatStringHelperImpl<std::type_identity<String const&>::type>, String const&) @ 0x000000001276578a in /usr/bin/clickhouse
3. zkutil::ZooKeeperArgs::initFromKeeperSection(Poco::Util::AbstractConfiguration const&, String const&) @ 0x0000000013813c10 in /usr/bin/clickhouse
4. zkutil::ZooKeeperArgs::ZooKeeperArgs(Poco::Util::AbstractConfiguration const&, String const&) @ 0x000000001380f986 in /usr/bin/clickhouse
5. zkutil::ZooKeeper::ZooKeeper(Poco::Util::AbstractConfiguration const&, String const&, std::shared_ptr<DB::ZooKeeperLog>) @ 0x00000000137e48cc in /usr/bin/clickhouse
6. DB::Context::getZooKeeper() const @ 0x000000001164aa4a in /usr/bin/clickhouse
7. DB::DDLWorker::getAndSetZooKeeper() @ 0x00000000116cc32d in /usr/bin/clickhouse
8. DB::DDLWorker::initializeMainThread() @ 0x00000000116dca3b in /usr/bin/clickhouse
9. DB::DDLWorker::runMainThread() @ 0x00000000116c73c0 in /usr/bin/clickhouse
10. void std::__function::__policy_invoker<void ()>::__call_impl<std::__function::__default_alloc_func<ThreadFromGlobalPoolImpl<true>::ThreadFromGlobalPoolImpl<void (DB::DDLWorker::*)(), DB::DDLWorker*>(void (DB::DDLWorker::*&&)(), DB::DDLWorker*&&)::'lambda'(), void ()>>(std::__function::__policy_storage const*) @ 0x00000000116ddb4c in /usr/bin/clickhouse
11. void* std::__thread_proxy[abi:v15000]<std::tuple<std::unique_ptr<std::__thread_struct, std::default_delete<std::__thread_struct>>, void ThreadPoolImpl<std::thread>::scheduleImpl<void>(std::function<void ()>, Priority, std::optional<unsigned long>, bool)::'lambda0'()>>(void*) @ 0x000000000c706104 in /usr/bin/clickhouse
12. ? @ 0x00007d53c9f52609 in ?
13. ? @ 0x00007d53c9e77353 in ?
 (version 23.8.16.16 (official build))
2026.03.18 20:32:51.109151 [ 286 ] {} <Error> DDLWorker: ZooKeeper error: Code: 999. Coordination::Exception: Unknown key host in config file. (KEEPER_EXCEPTION), Stack trace (when copying this message, always include the lines below):

0. DB::Exception::Exception(DB::Exception::MessageMasked&&, int, bool) @ 0x000000000c6251d7 in /usr/bin/clickhouse
1. DB::Exception::Exception<String const&>(int, FormatStringHelperImpl<std::type_identity<String const&>::type>, String const&) @ 0x00000000074ae38d in /usr/bin/clickhouse
2. Coordination::Exception::Exception<String const&>(Coordination::Error, FormatStringHelperImpl<std::type_identity<String const&>::type>, String const&) @ 0x000000001276578a in /usr/bin/clickhouse
3. zkutil::ZooKeeperArgs::initFromKeeperSection(Poco::Util::AbstractConfiguration const&, String const&) @ 0x0000000013813c10 in /usr/bin/clickhouse
4. zkutil::ZooKeeperArgs::ZooKeeperArgs(Poco::Util::AbstractConfiguration const&, String const&) @ 0x000000001380f986 in /usr/bin/clickhouse
5. zkutil::ZooKeeper::ZooKeeper(Poco::Util::AbstractConfiguration const&, String const&, std::shared_ptr<DB::ZooKeeperLog>) @ 0x00000000137e48cc in /usr/bin/clickhouse
6. DB::Context::getZooKeeper() const @ 0x000000001164aa4a in /usr/bin/clickhouse
7. DB::DDLWorker::getAndSetZooKeeper() @ 0x00000000116cc32d in /usr/bin/clickhouse
8. DB::DDLWorker::initializeMainThread() @ 0x00000000116dca3b in /usr/bin/clickhouse
9. DB::DDLWorker::runMainThread() @ 0x00000000116c73c0 in /usr/bin/clickhouse
10. void std::__function::__policy_invoker<void ()>::__call_impl<std::__function::__default_alloc_func<ThreadFromGlobalPoolImpl<true>::ThreadFromGlobalPoolImpl<void (DB::DDLWorker::*)(), DB::DDLWorker*>(void (DB::DDLWorker::*&&)(), DB::DDLWorker*&&)::'lambda'(), void ()>>(std::__function::__policy_storage const*) @ 0x00000000116ddb4c in /usr/bin/clickhouse
11. void* std::__thread_proxy[abi:v15000]<std::tuple<std::unique_ptr<std::__thread_struct, std::default_delete<std::__thread_struct>>, void ThreadPoolImpl<std::thread>::scheduleImpl<void>(std::function<void ()>, Priority, std::optional<unsigned long>, bool)::'lambda0'()>>(void*) @ 0x000000000c706104 in /usr/bin/clickhouse
12. ? @ 0x00007d53c9f52609 in ?
13. ? @ 0x00007d53c9e77353 in ?
 (version 23.8.16.16 (official build)). Failed to start DDLWorker.
2026.03.18 20:32:51.109223 [ 286 ] {} <Error> virtual bool DB::DDLWorker::initializeMainThread(): Code: 999. Coordination::Exception: Unknown key host in config file. (KEEPER_EXCEPTION), Stack trace (when copying this message, always include the lines below):

0. DB::Exception::Exception(DB::Exception::MessageMasked&&, int, bool) @ 0x000000000c6251d7 in /usr/bin/clickhouse
1. DB::Exception::Exception<String const&>(int, FormatStringHelperImpl<std::type_identity<String const&>::type>, String const&) @ 0x00000000074ae38d in /usr/bin/clickhouse
2. Coordination::Exception::Exception<String const&>(Coordination::Error, FormatStringHelperImpl<std::type_identity<String const&>::type>, String const&) @ 0x000000001276578a in /usr/bin/clickhouse
3. zkutil::ZooKeeperArgs::initFromKeeperSection(Poco::Util::AbstractConfiguration const&, String const&) @ 0x0000000013813c10 in /usr/bin/clickhouse
4. zkutil::ZooKeeperArgs::ZooKeeperArgs(Poco::Util::AbstractConfiguration const&, String const&) @ 0x000000001380f986 in /usr/bin/clickhouse
5. zkutil::ZooKeeper::ZooKeeper(Poco::Util::AbstractConfiguration const&, String const&, std::shared_ptr<DB::ZooKeeperLog>) @ 0x00000000137e48cc in /usr/bin/clickhouse
6. DB::Context::getZooKeeper() const @ 0x000000001164aa4a in /usr/bin/clickhouse
7. DB::DDLWorker::getAndSetZooKeeper() @ 0x00000000116cc32d in /usr/bin/clickhouse
8. DB::DDLWorker::initializeMainThread() @ 0x00000000116dca3b in /usr/bin/clickhouse
9. DB::DDLWorker::runMainThread() @ 0x00000000116c73c0 in /usr/bin/clickhouse
10. void std::__function::__policy_invoker<void ()>::__call_impl<std::__function::__default_alloc_func<ThreadFromGlobalPoolImpl<true>::ThreadFromGlobalPoolImpl<void (DB::DDLWorker::*)(), DB::DDLWorker*>(void (DB::DDLWorker::*&&)(), DB::DDLWorker*&&)::'lambda'(), void ()>>(std::__function::__policy_storage const*) @ 0x00000000116ddb4c in /usr/bin/clickhouse
11. void* std::__thread_proxy[abi:v15000]<std::tuple<std::unique_ptr<std::__thread_struct, std::default_delete<std::__thread_struct>>, void ThreadPoolImpl<std::thread>::scheduleImpl<void>(std::function<void ()>, Priority, std::optional<unsigned long>, bool)::'lambda0'()>>(void*) @ 0x000000000c706104 in /usr/bin/clickhouse
12. ? @ 0x00007d53c9f52609 in ?
13. ? @ 0x00007d53c9e77353 in ?
 (version 23.8.16.16 (official build))
2026.03.18 20:32:51.109516 [ 79 ] {} <Debug> DNSResolver: Updating DNS cache
2026.03.18 20:32:51.110413 [ 79 ] {} <Debug> DNSResolver: Updated DNS cache
2026.03.18 20:32:56.113710 [ 286 ] {} <Error> DDLWorker: ZooKeeper error: Code: 999. Coordination::Exception: Unknown key host in config file. (KEEPER_EXCEPTION), Stack trace (when copying this message, always include the lines below):

0. DB::Exception::Exception(DB::Exception::MessageMasked&&, int, bool) @ 0x000000000c6251d7 in /usr/bin/clickhouse
1. DB::Exception::Exception<String const&>(int, FormatStringHelperImpl<std::type_identity<String const&>::type>, String const&) @ 0x00000000074ae38d in /usr/bin/clickhouse
2. Coordination::Exception::Exception<String const&>(Coordination::Error, FormatStringHelperImpl<std::type_identity<String const&>::type>, String const&) @ 0x000000001276578a in /usr/bin/clickhouse
3. zkutil::ZooKeeperArgs::initFromKeeperSection(Poco::Util::AbstractConfiguration const&, String const&) @ 0x0000000013813c10 in /usr/bin/clickhouse
4. zkutil::ZooKeeperArgs::ZooKeeperArgs(Poco::Util::AbstractConfiguration const&, String const&) @ 0x000000001380f986 in /usr/bin/clickhouse
5. zkutil::ZooKeeper::ZooKeeper(Poco::Util::AbstractConfiguration const&, String const&, std::shared_ptr<DB::ZooKeeperLog>) @ 0x00000000137e48cc in /usr/bin/clickhouse
6. DB::Context::getZooKeeper() const @ 0x000000001164aa4a in /usr/bin/clickhouse
7. DB::DDLWorker::getAndSetZooKeeper() @ 0x00000000116cc32d in /usr/bin/clickhouse
8. DB::DDLWorker::initializeMainThread() @ 0x00000000116dca3b in /usr/bin/clickhouse
9. DB::DDLWorker::runMainThread() @ 0x00000000116c73c0 in /usr/bin/clickhouse
10. void std::__function::__policy_invoker<void ()>::__call_impl<std::__function::__default_alloc_func<ThreadFromGlobalPoolImpl<true>::ThreadFromGlobalPoolImpl<void (DB::DDLWorker::*)(), DB::DDLWorker*>(void (DB::DDLWorker::*&&)(), DB::DDLWorker*&&)::'lambda'(), void ()>>(std::__function::__policy_storage const*) @ 0x00000000116ddb4c in /usr/bin/clickhouse
11. void* std::__thread_proxy[abi:v15000]<std::tuple<std::unique_ptr<std::__thread_struct, std::default_delete<std::__thread_struct>>, void ThreadPoolImpl<std::thread>::scheduleImpl<void>(std::function<void ()>, Priority, std::optional<unsigned long>, bool)::'lambda0'()>>(void*) @ 0x000000000c706104 in /usr/bin/clickhouse
12. ? @ 0x00007d53c9f52609 in ?
13. ? @ 0x00007d53c9e77353 in ?
 (version 23.8.16.16 (official build)). Failed to start DDLWorker.
2026.03.18 20:32:56.113778 [ 286 ] {} <Error> virtual bool DB::DDLWorker::initializeMainThread(): Code: 999. Coordination::Exception: Unknown key host in config file. (KEEPER_EXCEPTION), Stack trace (when copying this message, always include the lines below):

0. DB::Exception::Exception(DB::Exception::MessageMasked&&, int, bool) @ 0x000000000c6251d7 in /usr/bin/clickhouse
1. DB::Exception::Exception<String const&>(int, FormatStringHelperImpl<std::type_identity<String const&>::type>, String const&) @ 0x00000000074ae38d in /usr/bin/clickhouse
2. Coordination::Exception::Exception<String const&>(Coordination::Error, FormatStringHelperImpl<std::type_identity<String const&>::type>, String const&) @ 0x000000001276578a in /usr/bin/clickhouse
3. zkutil::ZooKeeperArgs::initFromKeeperSection(Poco::Util::AbstractConfiguration const&, String const&) @ 0x0000000013813c10 in /usr/bin/clickhouse
4. zkutil::ZooKeeperArgs::ZooKeeperArgs(Poco::Util::AbstractConfiguration const&, String const&) @ 0x000000001380f986 in /usr/bin/clickhouse
5. zkutil::ZooKeeper::ZooKeeper(Poco::Util::AbstractConfiguration const&, String const&, std::shared_ptr<DB::ZooKeeperLog>) @ 0x00000000137e48cc in /usr/bin/clickhouse
6. DB::Context::getZooKeeper() const @ 0x000000001164aa4a in /usr/bin/clickhouse
7. DB::DDLWorker::getAndSetZooKeeper() @ 0x00000000116cc32d in /usr/bin/clickhouse
8. DB::DDLWorker::initializeMainThread() @ 0x00000000116dca3b in /usr/bin/clickhouse
9. DB::DDLWorker::runMainThread() @ 0x00000000116c73c0 in /usr/bin/clickhouse
10. void std::__function::__policy_invoker<void ()>::__call_impl<std::__function::__default_alloc_func<ThreadFromGlobalPoolImpl<true>::ThreadFromGlobalPoolImpl<void (DB::DDLWorker::*)(), DB::DDLWorker*>(void (DB::DDLWorker::*&&)(), DB::DDLWorker*&&)::'lambda'(), void ()>>(std::__function::__policy_storage const*) @ 0x00000000116ddb4c in /usr/bin/clickhouse
11. void* std::__thread_proxy[abi:v15000]<std::tuple<std::unique_ptr<std::__thread_struct, std::default_delete<std::__thread_struct>>, void ThreadPoolImpl<std::thread>::scheduleImpl<void>(std::function<void ()>, Priority, std::optional<unsigned long>, bool)::'lambda0'()>>(void*) @ 0x000000000c706104 in /usr/bin/clickhouse
12. ? @ 0x00007d53c9f52609 in ?
13. ? @ 0x00007d53c9e77353 in ?
 (version 23.8.16.16 (official build))
2026.03.18 20:33:01.115373 [ 286 ] {} <Error> DDLWorker: ZooKeeper error: Code: 999. Coordination::Exception: Unknown key host in config file. (KEEPER_EXCEPTION), Stack trace (when copying this message, always include the lines below):

0. DB::Exception::Exception(DB::Exception::MessageMasked&&, int, bool) @ 0x000000000c6251d7 in /usr/bin/clickhouse
1. DB::Exception::Exception<String const&>(int, FormatStringHelperImpl<std::type_identity<String const&>::type>, String const&) @ 0x00000000074ae38d in /usr/bin/clickhouse
2. Coordination::Exception::Exception<String const&>(Coordination::Error, FormatStringHelperImpl<std::type_identity<String const&>::type>, String const&) @ 0x000000001276578a in /usr/bin/clickhouse
3. zkutil::ZooKeeperArgs::initFromKeeperSection(Poco::Util::AbstractConfiguration const&, String const&) @ 0x0000000013813c10 in /usr/bin/clickhouse
4. zkutil::ZooKeeperArgs::ZooKeeperArgs(Poco::Util::AbstractConfiguration const&, String const&) @ 0x000000001380f986 in /usr/bin/clickhouse
5. zkutil::ZooKeeper::ZooKeeper(Poco::Util::AbstractConfiguration const&, String const&, std::shared_ptr<DB::ZooKeeperLog>) @ 0x00000000137e48cc in /usr/bin/clickhouse
6. DB::Context::getZooKeeper() const @ 0x000000001164aa4a in /usr/bin/clickhouse
7. DB::DDLWorker::getAndSetZooKeeper() @ 0x00000000116cc32d in /usr/bin/clickhouse
8. DB::DDLWorker::initializeMainThread() @ 0x00000000116dca3b in /usr/bin/clickhouse
9. DB::DDLWorker::runMainThread() @ 0x00000000116c73c0 in /usr/bin/clickhouse
10. void std::__function::__policy_invoker<void ()>::__call_impl<std::__function::__default_alloc_func<ThreadFromGlobalPoolImpl<true>::ThreadFromGlobalPoolImpl<void (DB::DDLWorker::*)(), DB::DDLWorker*>(void (DB::DDLWorker::*&&)(), DB::DDLWorker*&&)::'lambda'(), void ()>>(std::__function::__policy_storage const*) @ 0x00000000116ddb4c in /usr/bin/clickhouse
11. void* std::__thread_proxy[abi:v15000]<std::tuple<std::unique_ptr<std::__thread_struct, std::default_delete<std::__thread_struct>>, void ThreadPoolImpl<std::thread>::scheduleImpl<void>(std::function<void ()>, Priority, std::optional<unsigned long>, bool)::'lambda0'()>>(void*) @ 0x000000000c706104 in /usr/bin/clickhouse
12. ? @ 0x00007d53c9f52609 in ?
13. ? @ 0x00007d53c9e77353 in ?
 (version 23.8.16.16 (official build)). Failed to start DDLWorker.
2026.03.18 20:33:01.115438 [ 286 ] {} <Error> virtual bool DB::DDLWorker::initializeMainThread(): Code: 999. Coordination::Exception: Unknown key host in config file. (KEEPER_EXCEPTION), Stack trace (when copying this message, always include the lines below):

0. DB::Exception::Exception(DB::Exception::MessageMasked&&, int, bool) @ 0x000000000c6251d7 in /usr/bin/clickhouse
1. DB::Exception::Exception<String const&>(int, FormatStringHelperImpl<std::type_identity<String const&>::type>, String const&) @ 0x00000000074ae38d in /usr/bin/clickhouse
2. Coordination::Exception::Exception<String const&>(Coordination::Error, FormatStringHelperImpl<std::type_identity<String const&>::type>, String const&) @ 0x000000001276578a in /usr/bin/clickhouse
3. zkutil::ZooKeeperArgs::initFromKeeperSection(Poco::Util::AbstractConfiguration const&, String const&) @ 0x0000000013813c10 in /usr/bin/clickhouse
4. zkutil::ZooKeeperArgs::ZooKeeperArgs(Poco::Util::AbstractConfiguration const&, String const&) @ 0x000000001380f986 in /usr/bin/clickhouse
5. zkutil::ZooKeeper::ZooKeeper(Poco::Util::AbstractConfiguration const&, String const&, std::shared_ptr<DB::ZooKeeperLog>) @ 0x00000000137e48cc in /usr/bin/clickhouse
6. DB::Context::getZooKeeper() const @ 0x000000001164aa4a in /usr/bin/clickhouse
7. DB::DDLWorker::getAndSetZooKeeper() @ 0x00000000116cc32d in /usr/bin/clickhouse
8. DB::DDLWorker::initializeMainThread() @ 0x00000000116dca3b in /usr/bin/clickhouse
9. DB::DDLWorker::runMainThread() @ 0x00000000116c73c0 in /usr/bin/clickhouse
10. void std::__function::__policy_invoker<void ()>::__call_impl<std::__function::__default_alloc_func<ThreadFromGlobalPoolImpl<true>::ThreadFromGlobalPoolImpl<void (DB::DDLWorker::*)(), DB::DDLWorker*>(void (DB::DDLWorker::*&&)(), DB::DDLWorker*&&)::'lambda'(), void ()>>(std::__function::__policy_storage const*) @ 0x00000000116ddb4c in /usr/bin/clickhouse
11. void* std::__thread_proxy[abi:v15000]<std::tuple<std::unique_ptr<std::__thread_struct, std::default_delete<std::__thread_struct>>, void ThreadPoolImpl<std::thread>::scheduleImpl<void>(std::function<void ()>, Priority, std::optional<unsigned long>, bool)::'lambda0'()>>(void*) @ 0x000000000c706104 in /usr/bin/clickhouse
12. ? @ 0x00007d53c9f52609 in ?
13. ? @ 0x00007d53c9e77353 in ?
 (version 23.8.16.16 (official build))
2026.03.18 20:33:06.111022 [ 82 ] {} <Debug> DNSResolver: Updating DNS cache
2026.03.18 20:33:06.112320 [ 82 ] {} <Debug> DNSResolver: Updated DNS cache
2026.03.18 20:33:06.116842 [ 286 ] {} <Error> DDLWorker: ZooKeeper error: Code: 999. Coordination::Exception: Unknown key host in config file. (KEEPER_EXCEPTION), Stack trace (when copying this message, always include the lines below):

0. DB::Exception::Exception(DB::Exception::MessageMasked&&, int, bool) @ 0x000000000c6251d7 in /usr/bin/clickhouse
1. DB::Exception::Exception<String const&>(int, FormatStringHelperImpl<std::type_identity<String const&>::type>, String const&) @ 0x00000000074ae38d in /usr/bin/clickhouse
2. Coordination::Exception::Exception<String const&>(Coordination::Error, FormatStringHelperImpl<std::type_identity<String const&>::type>, String const&) @ 0x000000001276578a in /usr/bin/clickhouse
3. zkutil::ZooKeeperArgs::initFromKeeperSection(Poco::Util::AbstractConfiguration const&, String const&) @ 0x0000000013813c10 in /usr/bin/clickhouse
4. zkutil::ZooKeeperArgs::ZooKeeperArgs(Poco::Util::AbstractConfiguration const&, String const&) @ 0x000000001380f986 in /usr/bin/clickhouse
5. zkutil::ZooKeeper::ZooKeeper(Poco::Util::AbstractConfiguration const&, String const&, std::shared_ptr<DB::ZooKeeperLog>) @ 0x00000000137e48cc in /usr/bin/clickhouse
6. DB::Context::getZooKeeper() const @ 0x000000001164aa4a in /usr/bin/clickhouse
7. DB::DDLWorker::getAndSetZooKeeper() @ 0x00000000116cc32d in /usr/bin/clickhouse
8. DB::DDLWorker::initializeMainThread() @ 0x00000000116dca3b in /usr/bin/clickhouse
9. DB::DDLWorker::runMainThread() @ 0x00000000116c73c0 in /usr/bin/clickhouse
10. void std::__function::__policy_invoker<void ()>::__call_impl<std::__function::__default_alloc_func<ThreadFromGlobalPoolImpl<true>::ThreadFromGlobalPoolImpl<void (DB::DDLWorker::*)(), DB::DDLWorker*>(void (DB::DDLWorker::*&&)(), DB::DDLWorker*&&)::'lambda'(), void ()>>(std::__function::__policy_storage const*) @ 0x00000000116ddb4c in /usr/bin/clickhouse
11. void* std::__thread_proxy[abi:v15000]<std::tuple<std::unique_ptr<std::__thread_struct, std::default_delete<std::__thread_struct>>, void ThreadPoolImpl<std::thread>::scheduleImpl<void>(std::function<void ()>, Priority, std::optional<unsigned long>, bool)::'lambda0'()>>(void*) @ 0x000000000c706104 in /usr/bin/clickhouse
12. ? @ 0x00007d53c9f52609 in ?
13. ? @ 0x00007d53c9e77353 in ?
 (version 23.8.16.16 (official build)). Failed to start DDLWorker.
2026.03.18 20:33:06.116894 [ 286 ] {} <Error> virtual bool DB::DDLWorker::initializeMainThread(): Code: 999. Coordination::Exception: Unknown key host in config file. (KEEPER_EXCEPTION), Stack trace (when copying this message, always include the lines below):

0. DB::Exception::Exception(DB::Exception::MessageMasked&&, int, bool) @ 0x000000000c6251d7 in /usr/bin/clickhouse
1. DB::Exception::Exception<String const&>(int, FormatStringHelperImpl<std::type_identity<String const&>::type>, String const&) @ 0x00000000074ae38d in /usr/bin/clickhouse
2. Coordination::Exception::Exception<String const&>(Coordination::Error, FormatStringHelperImpl<std::type_identity<String const&>::type>, String const&) @ 0x000000001276578a in /usr/bin/clickhouse
3. zkutil::ZooKeeperArgs::initFromKeeperSection(Poco::Util::AbstractConfiguration const&, String const&) @ 0x0000000013813c10 in /usr/bin/clickhouse
4. zkutil::ZooKeeperArgs::ZooKeeperArgs(Poco::Util::AbstractConfiguration const&, String const&) @ 0x000000001380f986 in /usr/bin/clickhouse
5. zkutil::ZooKeeper::ZooKeeper(Poco::Util::AbstractConfiguration const&, String const&, std::shared_ptr<DB::ZooKeeperLog>) @ 0x00000000137e48cc in /usr/bin/clickhouse
6. DB::Context::getZooKeeper() const @ 0x000000001164aa4a in /usr/bin/clickhouse
7. DB::DDLWorker::getAndSetZooKeeper() @ 0x00000000116cc32d in /usr/bin/clickhouse
8. DB::DDLWorker::initializeMainThread() @ 0x00000000116dca3b in /usr/bin/clickhouse
9. DB::DDLWorker::runMainThread() @ 0x00000000116c73c0 in /usr/bin/clickhouse
10. void std::__function::__policy_invoker<void ()>::__call_impl<std::__function::__default_alloc_func<ThreadFromGlobalPoolImpl<true>::ThreadFromGlobalPoolImpl<void (DB::DDLWorker::*)(), DB::DDLWorker*>(void (DB::DDLWorker::*&&)(), DB::DDLWorker*&&)::'lambda'(), void ()>>(std::__function::__policy_storage const*) @ 0x00000000116ddb4c in /usr/bin/clickhouse
11. void* std::__thread_proxy[abi:v15000]<std::tuple<std::unique_ptr<std::__thread_struct, std::default_delete<std::__thread_struct>>, void ThreadPoolImpl<std::thread>::scheduleImpl<void>(std::function<void ()>, Priority, std::optional<unsigned long>, bool)::'lambda0'()>>(void*) @ 0x000000000c706104 in /usr/bin/clickhouse
12. ? @ 0x00007d53c9f52609 in ?
13. ? @ 0x00007d53c9e77353 in ?
 (version 23.8.16.16 (official build))
2026.03.18 20:33:11.123791 [ 286 ] {} <Error> DDLWorker: ZooKeeper error: Code: 999. Coordination::Exception: Unknown key host in config file. (KEEPER_EXCEPTION), Stack trace (when copying this message, always include the lines below):

0. DB::Exception::Exception(DB::Exception::MessageMasked&&, int, bool) @ 0x000000000c6251d7 in /usr/bin/clickhouse
1. DB::Exception::Exception<String const&>(int, FormatStringHelperImpl<std::type_identity<String const&>::type>, String const&) @ 0x00000000074ae38d in /usr/bin/clickhouse
2. Coordination::Exception::Exception<String const&>(Coordination::Error, FormatStringHelperImpl<std::type_identity<String const&>::type>, String const&) @ 0x000000001276578a in /usr/bin/clickhouse
3. zkutil::ZooKeeperArgs::initFromKeeperSection(Poco::Util::AbstractConfiguration const&, String const&) @ 0x0000000013813c10 in /usr/bin/clickhouse
4. zkutil::ZooKeeperArgs::ZooKeeperArgs(Poco::Util::AbstractConfiguration const&, String const&) @ 0x000000001380f986 in /usr/bin/clickhouse
5. zkutil::ZooKeeper::ZooKeeper(Poco::Util::AbstractConfiguration const&, String const&, std::shared_ptr<DB::ZooKeeperLog>) @ 0x00000000137e48cc in /usr/bin/clickhouse
6. DB::Context::getZooKeeper() const @ 0x000000001164aa4a in /usr/bin/clickhouse
7. DB::DDLWorker::getAndSetZooKeeper() @ 0x00000000116cc32d in /usr/bin/clickhouse
8. DB::DDLWorker::initializeMainThread() @ 0x00000000116dca3b in /usr/bin/clickhouse
9. DB::DDLWorker::runMainThread() @ 0x00000000116c73c0 in /usr/bin/clickhouse
10. void std::__function::__policy_invoker<void ()>::__call_impl<std::__function::__default_alloc_func<ThreadFromGlobalPoolImpl<true>::ThreadFromGlobalPoolImpl<void (DB::DDLWorker::*)(), DB::DDLWorker*>(void (DB::DDLWorker::*&&)(), DB::DDLWorker*&&)::'lambda'(), void ()>>(std::__function::__policy_storage const*) @ 0x00000000116ddb4c in /usr/bin/clickhouse
11. void* std::__thread_proxy[abi:v15000]<std::tuple<std::unique_ptr<std::__thread_struct, std::default_delete<std::__thread_struct>>, void ThreadPoolImpl<std::thread>::scheduleImpl<void>(std::function<void ()>, Priority, std::optional<unsigned long>, bool)::'lambda0'()>>(void*) @ 0x000000000c706104 in /usr/bin/clickhouse
12. ? @ 0x00007d53c9f52609 in ?
13. ? @ 0x00007d53c9e77353 in ?
 (version 23.8.16.16 (official build)). Failed to start DDLWorker.
2026.03.18 20:33:11.123845 [ 286 ] {} <Error> virtual bool DB::DDLWorker::initializeMainThread(): Code: 999. Coordination::Exception: Unknown key host in config file. (KEEPER_EXCEPTION), Stack trace (when copying this message, always include the lines below):

0. DB::Exception::Exception(DB::Exception::MessageMasked&&, int, bool) @ 0x000000000c6251d7 in /usr/bin/clickhouse
1. DB::Exception::Exception<String const&>(int, FormatStringHelperImpl<std::type_identity<String const&>::type>, String const&) @ 0x00000000074ae38d in /usr/bin/clickhouse
2. Coordination::Exception::Exception<String const&>(Coordination::Error, FormatStringHelperImpl<std::type_identity<String const&>::type>, String const&) @ 0x000000001276578a in /usr/bin/clickhouse
3. zkutil::ZooKeeperArgs::initFromKeeperSection(Poco::Util::AbstractConfiguration const&, String const&) @ 0x0000000013813c10 in /usr/bin/clickhouse
4. zkutil::ZooKeeperArgs::ZooKeeperArgs(Poco::Util::AbstractConfiguration const&, String const&) @ 0x000000001380f986 in /usr/bin/clickhouse
5. zkutil::ZooKeeper::ZooKeeper(Poco::Util::AbstractConfiguration const&, String const&, std::shared_ptr<DB::ZooKeeperLog>) @ 0x00000000137e48cc in /usr/bin/clickhouse
6. DB::Context::getZooKeeper() const @ 0x000000001164aa4a in /usr/bin/clickhouse
7. DB::DDLWorker::getAndSetZooKeeper() @ 0x00000000116cc32d in /usr/bin/clickhouse
8. DB::DDLWorker::initializeMainThread() @ 0x00000000116dca3b in /usr/bin/clickhouse
9. DB::DDLWorker::runMainThread() @ 0x00000000116c73c0 in /usr/bin/clickhouse
10. void std::__function::__policy_invoker<void ()>::__call_impl<std::__function::__default_alloc_func<ThreadFromGlobalPoolImpl<true>::ThreadFromGlobalPoolImpl<void (DB::DDLWorker::*)(), DB::DDLWorker*>(void (DB::DDLWorker::*&&)(), DB::DDLWorker*&&)::'lambda'(), void ()>>(std::__function::__policy_storage const*) @ 0x00000000116ddb4c in /usr/bin/clickhouse
11. void* std::__thread_proxy[abi:v15000]<std::tuple<std::unique_ptr<std::__thread_struct, std::default_delete<std::__thread_struct>>, void ThreadPoolImpl<std::thread>::scheduleImpl<void>(std::function<void ()>, Priority, std::optional<unsigned long>, bool)::'lambda0'()>>(void*) @ 0x000000000c706104 in /usr/bin/clickhouse
12. ? @ 0x00007d53c9f52609 in ?
13. ? @ 0x00007d53c9e77353 in ?
 (version 23.8.16.16 (official build))
2026.03.18 20:33:16.125129 [ 286 ] {} <Error> DDLWorker: ZooKeeper error: Code: 999. Coordination::Exception: Unknown key host in config file. (KEEPER_EXCEPTION), Stack trace (when copying this message, always include the lines below):

0. DB::Exception::Exception(DB::Exception::MessageMasked&&, int, bool) @ 0x000000000c6251d7 in /usr/bin/clickhouse
1. DB::Exception::Exception<String const&>(int, FormatStringHelperImpl<std::type_identity<String const&>::type>, String const&) @ 0x00000000074ae38d in /usr/bin/clickhouse
2. Coordination::Exception::Exception<String const&>(Coordination::Error, FormatStringHelperImpl<std::type_identity<String const&>::type>, String const&) @ 0x000000001276578a in /usr/bin/clickhouse
3. zkutil::ZooKeeperArgs::initFromKeeperSection(Poco::Util::AbstractConfiguration const&, String const&) @ 0x0000000013813c10 in /usr/bin/clickhouse
4. zkutil::ZooKeeperArgs::ZooKeeperArgs(Poco::Util::AbstractConfiguration const&, String const&) @ 0x000000001380f986 in /usr/bin/clickhouse
5. zkutil::ZooKeeper::ZooKeeper(Poco::Util::AbstractConfiguration const&, String const&, std::shared_ptr<DB::ZooKeeperLog>) @ 0x00000000137e48cc in /usr/bin/clickhouse
6. DB::Context::getZooKeeper() const @ 0x000000001164aa4a in /usr/bin/clickhouse
7. DB::DDLWorker::getAndSetZooKeeper() @ 0x00000000116cc32d in /usr/bin/clickhouse
8. DB::DDLWorker::initializeMainThread() @ 0x00000000116dca3b in /usr/bin/clickhouse
9. DB::DDLWorker::runMainThread() @ 0x00000000116c73c0 in /usr/bin/clickhouse
10. void std::__function::__policy_invoker<void ()>::__call_impl<std::__function::__default_alloc_func<ThreadFromGlobalPoolImpl<true>::ThreadFromGlobalPoolImpl<void (DB::DDLWorker::*)(), DB::DDLWorker*>(void (DB::DDLWorker::*&&)(), DB::DDLWorker*&&)::'lambda'(), void ()>>(std::__function::__policy_storage const*) @ 0x00000000116ddb4c in /usr/bin/clickhouse
11. void* std::__thread_proxy[abi:v15000]<std::tuple<std::unique_ptr<std::__thread_struct, std::default_delete<std::__thread_struct>>, void ThreadPoolImpl<std::thread>::scheduleImpl<void>(std::function<void ()>, Priority, std::optional<unsigned long>, bool)::'lambda0'()>>(void*) @ 0x000000000c706104 in /usr/bin/clickhouse
12. ? @ 0x00007d53c9f52609 in ?
13. ? @ 0x00007d53c9e77353 in ?
 (version 23.8.16.16 (official build)). Failed to start DDLWorker.
2026.03.18 20:33:16.125177 [ 286 ] {} <Error> virtual bool DB::DDLWorker::initializeMainThread(): Code: 999. Coordination::Exception: Unknown key host in config file. (KEEPER_EXCEPTION), Stack trace (when copying this message, always include the lines below):

0. DB::Exception::Exception(DB::Exception::MessageMasked&&, int, bool) @ 0x000000000c6251d7 in /usr/bin/clickhouse
1. DB::Exception::Exception<String const&>(int, FormatStringHelperImpl<std::type_identity<String const&>::type>, String const&) @ 0x00000000074ae38d in /usr/bin/clickhouse
2. Coordination::Exception::Exception<String const&>(Coordination::Error, FormatStringHelperImpl<std::type_identity<String const&>::type>, String const&) @ 0x000000001276578a in /usr/bin/clickhouse
3. zkutil::ZooKeeperArgs::initFromKeeperSection(Poco::Util::AbstractConfiguration const&, String const&) @ 0x0000000013813c10 in /usr/bin/clickhouse
4. zkutil::ZooKeeperArgs::ZooKeeperArgs(Poco::Util::AbstractConfiguration const&, String const&) @ 0x000000001380f986 in /usr/bin/clickhouse
5. zkutil::ZooKeeper::ZooKeeper(Poco::Util::AbstractConfiguration const&, String const&, std::shared_ptr<DB::ZooKeeperLog>) @ 0x00000000137e48cc in /usr/bin/clickhouse
6. DB::Context::getZooKeeper() const @ 0x000000001164aa4a in /usr/bin/clickhouse
7. DB::DDLWorker::getAndSetZooKeeper() @ 0x00000000116cc32d in /usr/bin/clickhouse
8. DB::DDLWorker::initializeMainThread() @ 0x00000000116dca3b in /usr/bin/clickhouse
9. DB::DDLWorker::runMainThread() @ 0x00000000116c73c0 in /usr/bin/clickhouse
10. void std::__function::__policy_invoker<void ()>::__call_impl<std::__function::__default_alloc_func<ThreadFromGlobalPoolImpl<true>::ThreadFromGlobalPoolImpl<void (DB::DDLWorker::*)(), DB::DDLWorker*>(void (DB::DDLWorker::*&&)(), DB::DDLWorker*&&)::'lambda'(), void ()>>(std::__function::__policy_storage const*) @ 0x00000000116ddb4c in /usr/bin/clickhouse
11. void* std::__thread_proxy[abi:v15000]<std::tuple<std::unique_ptr<std::__thread_struct, std::default_delete<std::__thread_struct>>, void ThreadPoolImpl<std::thread>::scheduleImpl<void>(std::function<void ()>, Priority, std::optional<unsigned long>, bool)::'lambda0'()>>(void*) @ 0x000000000c706104 in /usr/bin/clickhouse
12. ? @ 0x00007d53c9f52609 in ?
13. ? @ 0x00007d53c9e77353 in ?
 (version 23.8.16.16 (official build))
2026.03.18 20:33:21.116539 [ 83 ] {} <Debug> DNSResolver: Updating DNS cache
2026.03.18 20:33:21.118423 [ 83 ] {} <Debug> DNSResolver: Updated DNS cache
2026.03.18 20:33:21.126875 [ 286 ] {} <Error> DDLWorker: ZooKeeper error: Code: 999. Coordination::Exception: Unknown key host in config file. (KEEPER_EXCEPTION), Stack trace (when copying this message, always include the lines below):

0. DB::Exception::Exception(DB::Exception::MessageMasked&&, int, bool) @ 0x000000000c6251d7 in /usr/bin/clickhouse
1. DB::Exception::Exception<String const&>(int, FormatStringHelperImpl<std::type_identity<String const&>::type>, String const&) @ 0x00000000074ae38d in /usr/bin/clickhouse
2. Coordination::Exception::Exception<String const&>(Coordination::Error, FormatStringHelperImpl<std::type_identity<String const&>::type>, String const&) @ 0x000000001276578a in /usr/bin/clickhouse
3. zkutil::ZooKeeperArgs::initFromKeeperSection(Poco::Util::AbstractConfiguration const&, String const&) @ 0x0000000013813c10 in /usr/bin/clickhouse
4. zkutil::ZooKeeperArgs::ZooKeeperArgs(Poco::Util::AbstractConfiguration const&, String const&) @ 0x000000001380f986 in /usr/bin/clickhouse
5. zkutil::ZooKeeper::ZooKeeper(Poco::Util::AbstractConfiguration const&, String const&, std::shared_ptr<DB::ZooKeeperLog>) @ 0x00000000137e48cc in /usr/bin/clickhouse
6. DB::Context::getZooKeeper() const @ 0x000000001164aa4a in /usr/bin/clickhouse
7. DB::DDLWorker::getAndSetZooKeeper() @ 0x00000000116cc32d in /usr/bin/clickhouse
8. DB::DDLWorker::initializeMainThread() @ 0x00000000116dca3b in /usr/bin/clickhouse
9. DB::DDLWorker::runMainThread() @ 0x00000000116c73c0 in /usr/bin/clickhouse
10. void std::__function::__policy_invoker<void ()>::__call_impl<std::__function::__default_alloc_func<ThreadFromGlobalPoolImpl<true>::ThreadFromGlobalPoolImpl<void (DB::DDLWorker::*)(), DB::DDLWorker*>(void (DB::DDLWorker::*&&)(), DB::DDLWorker*&&)::'lambda'(), void ()>>(std::__function::__policy_storage const*) @ 0x00000000116ddb4c in /usr/bin/clickhouse
11. void* std::__thread_proxy[abi:v15000]<std::tuple<std::unique_ptr<std::__thread_struct, std::default_delete<std::__thread_struct>>, void ThreadPoolImpl<std::thread>::scheduleImpl<void>(std::function<void ()>, Priority, std::optional<unsigned long>, bool)::'lambda0'()>>(void*) @ 0x000000000c706104 in /usr/bin/clickhouse
12. ? @ 0x00007d53c9f52609 in ?
13. ? @ 0x00007d53c9e77353 in ?
 (version 23.8.16.16 (official build)). Failed to start DDLWorker.
2026.03.18 20:33:21.126911 [ 286 ] {} <Error> virtual bool DB::DDLWorker::initializeMainThread(): Code: 999. Coordination::Exception: Unknown key host in config file. (KEEPER_EXCEPTION), Stack trace (when copying this message, always include the lines below):

0. DB::Exception::Exception(DB::Exception::MessageMasked&&, int, bool) @ 0x000000000c6251d7 in /usr/bin/clickhouse
1. DB::Exception::Exception<String const&>(int, FormatStringHelperImpl<std::type_identity<String const&>::type>, String const&) @ 0x00000000074ae38d in /usr/bin/clickhouse
2. Coordination::Exception::Exception<String const&>(Coordination::Error, FormatStringHelperImpl<std::type_identity<String const&>::type>, String const&) @ 0x000000001276578a in /usr/bin/clickhouse
3. zkutil::ZooKeeperArgs::initFromKeeperSection(Poco::Util::AbstractConfiguration const&, String const&) @ 0x0000000013813c10 in /usr/bin/clickhouse
4. zkutil::ZooKeeperArgs::ZooKeeperArgs(Poco::Util::AbstractConfiguration const&, String const&) @ 0x000000001380f986 in /usr/bin/clickhouse
5. zkutil::ZooKeeper::ZooKeeper(Poco::Util::AbstractConfiguration const&, String const&, std::shared_ptr<DB::ZooKeeperLog>) @ 0x00000000137e48cc in /usr/bin/clickhouse
6. DB::Context::getZooKeeper() const @ 0x000000001164aa4a in /usr/bin/clickhouse
7. DB::DDLWorker::getAndSetZooKeeper() @ 0x00000000116cc32d in /usr/bin/clickhouse
8. DB::DDLWorker::initializeMainThread() @ 0x00000000116dca3b in /usr/bin/clickhouse
9. DB::DDLWorker::runMainThread() @ 0x00000000116c73c0 in /usr/bin/clickhouse
10. void std::__function::__policy_invoker<void ()>::__call_impl<std::__function::__default_alloc_func<ThreadFromGlobalPoolImpl<true>::ThreadFromGlobalPoolImpl<void (DB::DDLWorker::*)(), DB::DDLWorker*>(void (DB::DDLWorker::*&&)(), DB::DDLWorker*&&)::'lambda'(), void ()>>(std::__function::__policy_storage const*) @ 0x00000000116ddb4c in /usr/bin/clickhouse
11. void* std::__thread_proxy[abi:v15000]<std::tuple<std::unique_ptr<std::__thread_struct, std::default_delete<std::__thread_struct>>, void ThreadPoolImpl<std::thread>::scheduleImpl<void>(std::function<void ()>, Priority, std::optional<unsigned long>, bool)::'lambda0'()>>(void*) @ 0x000000000c706104 in /usr/bin/clickhouse
12. ? @ 0x00007d53c9f52609 in ?
13. ? @ 0x00007d53c9e77353 in ?
 (version 23.8.16.16 (official build))
2026.03.18 20:33:26.128100 [ 286 ] {} <Error> DDLWorker: ZooKeeper error: Code: 999. Coordination::Exception: Unknown key host in config file. (KEEPER_EXCEPTION), Stack trace (when copying this message, always include the lines below):

0. DB::Exception::Exception(DB::Exception::MessageMasked&&, int, bool) @ 0x000000000c6251d7 in /usr/bin/clickhouse
1. DB::Exception::Exception<String const&>(int, FormatStringHelperImpl<std::type_identity<String const&>::type>, String const&) @ 0x00000000074ae38d in /usr/bin/clickhouse
2. Coordination::Exception::Exception<String const&>(Coordination::Error, FormatStringHelperImpl<std::type_identity<String const&>::type>, String const&) @ 0x000000001276578a in /usr/bin/clickhouse
3. zkutil::ZooKeeperArgs::initFromKeeperSection(Poco::Util::AbstractConfiguration const&, String const&) @ 0x0000000013813c10 in /usr/bin/clickhouse
4. zkutil::ZooKeeperArgs::ZooKeeperArgs(Poco::Util::AbstractConfiguration const&, String const&) @ 0x000000001380f986 in /usr/bin/clickhouse
5. zkutil::ZooKeeper::ZooKeeper(Poco::Util::AbstractConfiguration const&, String const&, std::shared_ptr<DB::ZooKeeperLog>) @ 0x00000000137e48cc in /usr/bin/clickhouse
6. DB::Context::getZooKeeper() const @ 0x000000001164aa4a in /usr/bin/clickhouse
7. DB::DDLWorker::getAndSetZooKeeper() @ 0x00000000116cc32d in /usr/bin/clickhouse
8. DB::DDLWorker::initializeMainThread() @ 0x00000000116dca3b in /usr/bin/clickhouse
9. DB::DDLWorker::runMainThread() @ 0x00000000116c73c0 in /usr/bin/clickhouse
10. void std::__function::__policy_invoker<void ()>::__call_impl<std::__function::__default_alloc_func<ThreadFromGlobalPoolImpl<true>::ThreadFromGlobalPoolImpl<void (DB::DDLWorker::*)(), DB::DDLWorker*>(void (DB::DDLWorker::*&&)(), DB::DDLWorker*&&)::'lambda'(), void ()>>(std::__function::__policy_storage const*) @ 0x00000000116ddb4c in /usr/bin/clickhouse
11. void* std::__thread_proxy[abi:v15000]<std::tuple<std::unique_ptr<std::__thread_struct, std::default_delete<std::__thread_struct>>, void ThreadPoolImpl<std::thread>::scheduleImpl<void>(std::function<void ()>, Priority, std::optional<unsigned long>, bool)::'lambda0'()>>(void*) @ 0x000000000c706104 in /usr/bin/clickhouse
12. ? @ 0x00007d53c9f52609 in ?
13. ? @ 0x00007d53c9e77353 in ?
 (version 23.8.16.16 (official build)). Failed to start DDLWorker.
2026.03.18 20:33:26.128163 [ 286 ] {} <Error> virtual bool DB::DDLWorker::initializeMainThread(): Code: 999. Coordination::Exception: Unknown key host in config file. (KEEPER_EXCEPTION), Stack trace (when copying this message, always include the lines below):

0. DB::Exception::Exception(DB::Exception::MessageMasked&&, int, bool) @ 0x000000000c6251d7 in /usr/bin/clickhouse
1. DB::Exception::Exception<String const&>(int, FormatStringHelperImpl<std::type_identity<String const&>::type>, String const&) @ 0x00000000074ae38d in /usr/bin/clickhouse
2. Coordination::Exception::Exception<String const&>(Coordination::Error, FormatStringHelperImpl<std::type_identity<String const&>::type>, String const&) @ 0x000000001276578a in /usr/bin/clickhouse
3. zkutil::ZooKeeperArgs::initFromKeeperSection(Poco::Util::AbstractConfiguration const&, String const&) @ 0x0000000013813c10 in /usr/bin/clickhouse
4. zkutil::ZooKeeperArgs::ZooKeeperArgs(Poco::Util::AbstractConfiguration const&, String const&) @ 0x000000001380f986 in /usr/bin/clickhouse
5. zkutil::ZooKeeper::ZooKeeper(Poco::Util::AbstractConfiguration const&, String const&, std::shared_ptr<DB::ZooKeeperLog>) @ 0x00000000137e48cc in /usr/bin/clickhouse
6. DB::Context::getZooKeeper() const @ 0x000000001164aa4a in /usr/bin/clickhouse
7. DB::DDLWorker::getAndSetZooKeeper() @ 0x00000000116cc32d in /usr/bin/clickhouse
8. DB::DDLWorker::initializeMainThread() @ 0x00000000116dca3b in /usr/bin/clickhouse
9. DB::DDLWorker::runMainThread() @ 0x00000000116c73c0 in /usr/bin/clickhouse
10. void std::__function::__policy_invoker<void ()>::__call_impl<std::__function::__default_alloc_func<ThreadFromGlobalPoolImpl<true>::ThreadFromGlobalPoolImpl<void (DB::DDLWorker::*)(), DB::DDLWorker*>(void (DB::DDLWorker::*&&)(), DB::DDLWorker*&&)::'lambda'(), void ()>>(std::__function::__policy_storage const*) @ 0x00000000116ddb4c in /usr/bin/clickhouse
11. void* std::__thread_proxy[abi:v15000]<std::tuple<std::unique_ptr<std::__thread_struct, std::default_delete<std::__thread_struct>>, void ThreadPoolImpl<std::thread>::scheduleImpl<void>(std::function<void ()>, Priority, std::optional<unsigned long>, bool)::'lambda0'()>>(void*) @ 0x000000000c706104 in /usr/bin/clickhouse
12. ? @ 0x00007d53c9f52609 in ?
13. ? @ 0x00007d53c9e77353 in ?
 (version 23.8.16.16 (official build))
2026.03.18 20:33:31.131073 [ 286 ] {} <Error> DDLWorker: ZooKeeper error: Code: 999. Coordination::Exception: Unknown key host in config file. (KEEPER_EXCEPTION), Stack trace (when copying this message, always include the lines below):

0. DB::Exception::Exception(DB::Exception::MessageMasked&&, int, bool) @ 0x000000000c6251d7 in /usr/bin/clickhouse
1. DB::Exception::Exception<String const&>(int, FormatStringHelperImpl<std::type_identity<String const&>::type>, String const&) @ 0x00000000074ae38d in /usr/bin/clickhouse
2. Coordination::Exception::Exception<String const&>(Coordination::Error, FormatStringHelperImpl<std::type_identity<String const&>::type>, String const&) @ 0x000000001276578a in /usr/bin/clickhouse
3. zkutil::ZooKeeperArgs::initFromKeeperSection(Poco::Util::AbstractConfiguration const&, String const&) @ 0x0000000013813c10 in /usr/bin/clickhouse
4. zkutil::ZooKeeperArgs::ZooKeeperArgs(Poco::Util::AbstractConfiguration const&, String const&) @ 0x000000001380f986 in /usr/bin/clickhouse
5. zkutil::ZooKeeper::ZooKeeper(Poco::Util::AbstractConfiguration const&, String const&, std::shared_ptr<DB::ZooKeeperLog>) @ 0x00000000137e48cc in /usr/bin/clickhouse
6. DB::Context::getZooKeeper() const @ 0x000000001164aa4a in /usr/bin/clickhouse
7. DB::DDLWorker::getAndSetZooKeeper() @ 0x00000000116cc32d in /usr/bin/clickhouse
8. DB::DDLWorker::initializeMainThread() @ 0x00000000116dca3b in /usr/bin/clickhouse
9. DB::DDLWorker::runMainThread() @ 0x00000000116c73c0 in /usr/bin/clickhouse
10. void std::__function::__policy_invoker<void ()>::__call_impl<std::__function::__default_alloc_func<ThreadFromGlobalPoolImpl<true>::ThreadFromGlobalPoolImpl<void (DB::DDLWorker::*)(), DB::DDLWorker*>(void (DB::DDLWorker::*&&)(), DB::DDLWorker*&&)::'lambda'(), void ()>>(std::__function::__policy_storage const*) @ 0x00000000116ddb4c in /usr/bin/clickhouse
11. void* std::__thread_proxy[abi:v15000]<std::tuple<std::unique_ptr<std::__thread_struct, std::default_delete<std::__thread_struct>>, void ThreadPoolImpl<std::thread>::scheduleImpl<void>(std::function<void ()>, Priority, std::optional<unsigned long>, bool)::'lambda0'()>>(void*) @ 0x000000000c706104 in /usr/bin/clickhouse
12. ? @ 0x00007d53c9f52609 in ?
13. ? @ 0x00007d53c9e77353 in ?
 (version 23.8.16.16 (official build)). Failed to start DDLWorker.
2026.03.18 20:33:31.131132 [ 286 ] {} <Error> virtual bool DB::DDLWorker::initializeMainThread(): Code: 999. Coordination::Exception: Unknown key host in config file. (KEEPER_EXCEPTION), Stack trace (when copying this message, always include the lines below):

0. DB::Exception::Exception(DB::Exception::MessageMasked&&, int, bool) @ 0x000000000c6251d7 in /usr/bin/clickhouse
1. DB::Exception::Exception<String const&>(int, FormatStringHelperImpl<std::type_identity<String const&>::type>, String const&) @ 0x00000000074ae38d in /usr/bin/clickhouse
2. Coordination::Exception::Exception<String const&>(Coordination::Error, FormatStringHelperImpl<std::type_identity<String const&>::type>, String const&) @ 0x000000001276578a in /usr/bin/clickhouse
3. zkutil::ZooKeeperArgs::initFromKeeperSection(Poco::Util::AbstractConfiguration const&, String const&) @ 0x0000000013813c10 in /usr/bin/clickhouse
4. zkutil::ZooKeeperArgs::ZooKeeperArgs(Poco::Util::AbstractConfiguration const&, String const&) @ 0x000000001380f986 in /usr/bin/clickhouse
5. zkutil::ZooKeeper::ZooKeeper(Poco::Util::AbstractConfiguration const&, String const&, std::shared_ptr<DB::ZooKeeperLog>) @ 0x00000000137e48cc in /usr/bin/clickhouse
6. DB::Context::getZooKeeper() const @ 0x000000001164aa4a in /usr/bin/clickhouse
7. DB::DDLWorker::getAndSetZooKeeper() @ 0x00000000116cc32d in /usr/bin/clickhouse
8. DB::DDLWorker::initializeMainThread() @ 0x00000000116dca3b in /usr/bin/clickhouse
9. DB::DDLWorker::runMainThread() @ 0x00000000116c73c0 in /usr/bin/clickhouse
10. void std::__function::__policy_invoker<void ()>::__call_impl<std::__function::__default_alloc_func<ThreadFromGlobalPoolImpl<true>::ThreadFromGlobalPoolImpl<void (DB::DDLWorker::*)(), DB::DDLWorker*>(void (DB::DDLWorker::*&&)(), DB::DDLWorker*&&)::'lambda'(), void ()>>(std::__function::__policy_storage const*) @ 0x00000000116ddb4c in /usr/bin/clickhouse
11. void* std::__thread_proxy[abi:v15000]<std::tuple<std::unique_ptr<std::__thread_struct, std::default_delete<std::__thread_struct>>, void ThreadPoolImpl<std::thread>::scheduleImpl<void>(std::function<void ()>, Priority, std::optional<unsigned long>, bool)::'lambda0'()>>(void*) @ 0x000000000c706104 in /usr/bin/clickhouse
12. ? @ 0x00007d53c9f52609 in ?
13. ? @ 0x00007d53c9e77353 in ?
 (version 23.8.16.16 (official build))
2026.03.18 20:33:36.001263 [ 288 ] {} <Trace> AsynchronousMetrics: Update heavy metrics. Update period 1 sec. Update heavy metrics period 120 sec. Heavy metrics calculation elapsed: 1.034e-05 sec.
2026.03.18 20:33:36.119946 [ 80 ] {} <Debug> DNSResolver: Updating DNS cache
2026.03.18 20:33:36.121289 [ 80 ] {} <Debug> DNSResolver: Updated DNS cache
2026.03.18 20:33:36.131691 [ 286 ] {} <Error> DDLWorker: ZooKeeper error: Code: 999. Coordination::Exception: Unknown key host in config file. (KEEPER_EXCEPTION), Stack trace (when copying this message, always include the lines below):

0. DB::Exception::Exception(DB::Exception::MessageMasked&&, int, bool) @ 0x000000000c6251d7 in /usr/bin/clickhouse
1. DB::Exception::Exception<String const&>(int, FormatStringHelperImpl<std::type_identity<String const&>::type>, String const&) @ 0x00000000074ae38d in /usr/bin/clickhouse
2. Coordination::Exception::Exception<String const&>(Coordination::Error, FormatStringHelperImpl<std::type_identity<String const&>::type>, String const&) @ 0x000000001276578a in /usr/bin/clickhouse
3. zkutil::ZooKeeperArgs::initFromKeeperSection(Poco::Util::AbstractConfiguration const&, String const&) @ 0x0000000013813c10 in /usr/bin/clickhouse
4. zkutil::ZooKeeperArgs::ZooKeeperArgs(Poco::Util::AbstractConfiguration const&, String const&) @ 0x000000001380f986 in /usr/bin/clickhouse
5. zkutil::ZooKeeper::ZooKeeper(Poco::Util::AbstractConfiguration const&, String const&, std::shared_ptr<DB::ZooKeeperLog>) @ 0x00000000137e48cc in /usr/bin/clickhouse
6. DB::Context::getZooKeeper() const @ 0x000000001164aa4a in /usr/bin/clickhouse
7. DB::DDLWorker::getAndSetZooKeeper() @ 0x00000000116cc32d in /usr/bin/clickhouse
8. DB::DDLWorker::initializeMainThread() @ 0x00000000116dca3b in /usr/bin/clickhouse
9. DB::DDLWorker::runMainThread() @ 0x00000000116c73c0 in /usr/bin/clickhouse
10. void std::__function::__policy_invoker<void ()>::__call_impl<std::__function::__default_alloc_func<ThreadFromGlobalPoolImpl<true>::ThreadFromGlobalPoolImpl<void (DB::DDLWorker::*)(), DB::DDLWorker*>(void (DB::DDLWorker::*&&)(), DB::DDLWorker*&&)::'lambda'(), void ()>>(std::__function::__policy_storage const*) @ 0x00000000116ddb4c in /usr/bin/clickhouse
11. void* std::__thread_proxy[abi:v15000]<std::tuple<std::unique_ptr<std::__thread_struct, std::default_delete<std::__thread_struct>>, void ThreadPoolImpl<std::thread>::scheduleImpl<void>(std::function<void ()>, Priority, std::optional<unsigned long>, bool)::'lambda0'()>>(void*) @ 0x000000000c706104 in /usr/bin/clickhouse
12. ? @ 0x00007d53c9f52609 in ?
13. ? @ 0x00007d53c9e77353 in ?
 (version 23.8.16.16 (official build)). Failed to start DDLWorker.
2026.03.18 20:33:36.131731 [ 286 ] {} <Error> virtual bool DB::DDLWorker::initializeMainThread(): Code: 999. Coordination::Exception: Unknown key host in config file. (KEEPER_EXCEPTION), Stack trace (when copying this message, always include the lines below):

0. DB::Exception::Exception(DB::Exception::MessageMasked&&, int, bool) @ 0x000000000c6251d7 in /usr/bin/clickhouse
1. DB::Exception::Exception<String const&>(int, FormatStringHelperImpl<std::type_identity<String const&>::type>, String const&) @ 0x00000000074ae38d in /usr/bin/clickhouse
2. Coordination::Exception::Exception<String const&>(Coordination::Error, FormatStringHelperImpl<std::type_identity<String const&>::type>, String const&) @ 0x000000001276578a in /usr/bin/clickhouse
3. zkutil::ZooKeeperArgs::initFromKeeperSection(Poco::Util::AbstractConfiguration const&, String const&) @ 0x0000000013813c10 in /usr/bin/clickhouse
4. zkutil::ZooKeeperArgs::ZooKeeperArgs(Poco::Util::AbstractConfiguration const&, String const&) @ 0x000000001380f986 in /usr/bin/clickhouse
5. zkutil::ZooKeeper::ZooKeeper(Poco::Util::AbstractConfiguration const&, String const&, std::shared_ptr<DB::ZooKeeperLog>) @ 0x00000000137e48cc in /usr/bin/clickhouse
6. DB::Context::getZooKeeper() const @ 0x000000001164aa4a in /usr/bin/clickhouse
7. DB::DDLWorker::getAndSetZooKeeper() @ 0x00000000116cc32d in /usr/bin/clickhouse
8. DB::DDLWorker::initializeMainThread() @ 0x00000000116dca3b in /usr/bin/clickhouse
9. DB::DDLWorker::runMainThread() @ 0x00000000116c73c0 in /usr/bin/clickhouse
10. void std::__function::__policy_invoker<void ()>::__call_impl<std::__function::__default_alloc_func<ThreadFromGlobalPoolImpl<true>::ThreadFromGlobalPoolImpl<void (DB::DDLWorker::*)(), DB::DDLWorker*>(void (DB::DDLWorker::*&&)(), DB::DDLWorker*&&)::'lambda'(), void ()>>(std::__function::__policy_storage const*) @ 0x00000000116ddb4c in /usr/bin/clickhouse
11. void* std::__thread_proxy[abi:v15000]<std::tuple<std::unique_ptr<std::__thread_struct, std::default_delete<std::__thread_struct>>, void ThreadPoolImpl<std::thread>::scheduleImpl<void>(std::function<void ()>, Priority, std::optional<unsigned long>, bool)::'lambda0'()>>(void*) @ 0x000000000c706104 in /usr/bin/clickhouse
12. ? @ 0x00007d53c9f52609 in ?
13. ? @ 0x00007d53c9e77353 in ?
 (version 23.8.16.16 (official build))
2026.03.18 20:33:41.136205 [ 286 ] {} <Error> DDLWorker: ZooKeeper error: Code: 999. Coordination::Exception: Unknown key host in config file. (KEEPER_EXCEPTION), Stack trace (when copying this message, always include the lines below):

0. DB::Exception::Exception(DB::Exception::MessageMasked&&, int, bool) @ 0x000000000c6251d7 in /usr/bin/clickhouse
1. DB::Exception::Exception<String const&>(int, FormatStringHelperImpl<std::type_identity<String const&>::type>, String const&) @ 0x00000000074ae38d in /usr/bin/clickhouse
2. Coordination::Exception::Exception<String const&>(Coordination::Error, FormatStringHelperImpl<std::type_identity<String const&>::type>, String const&) @ 0x000000001276578a in /usr/bin/clickhouse
3. zkutil::ZooKeeperArgs::initFromKeeperSection(Poco::Util::AbstractConfiguration const&, String const&) @ 0x0000000013813c10 in /usr/bin/clickhouse
4. zkutil::ZooKeeperArgs::ZooKeeperArgs(Poco::Util::AbstractConfiguration const&, String const&) @ 0x000000001380f986 in /usr/bin/clickhouse
5. zkutil::ZooKeeper::ZooKeeper(Poco::Util::AbstractConfiguration const&, String const&, std::shared_ptr<DB::ZooKeeperLog>) @ 0x00000000137e48cc in /usr/bin/clickhouse
6. DB::Context::getZooKeeper() const @ 0x000000001164aa4a in /usr/bin/clickhouse
7. DB::DDLWorker::getAndSetZooKeeper() @ 0x00000000116cc32d in /usr/bin/clickhouse
8. DB::DDLWorker::initializeMainThread() @ 0x00000000116dca3b in /usr/bin/clickhouse
9. DB::DDLWorker::runMainThread() @ 0x00000000116c73c0 in /usr/bin/clickhouse
10. void std::__function::__policy_invoker<void ()>::__call_impl<std::__function::__default_alloc_func<ThreadFromGlobalPoolImpl<true>::ThreadFromGlobalPoolImpl<void (DB::DDLWorker::*)(), DB::DDLWorker*>(void (DB::DDLWorker::*&&)(), DB::DDLWorker*&&)::'lambda'(), void ()>>(std::__function::__policy_storage const*) @ 0x00000000116ddb4c in /usr/bin/clickhouse
11. void* std::__thread_proxy[abi:v15000]<std::tuple<std::unique_ptr<std::__thread_struct, std::default_delete<std::__thread_struct>>, void ThreadPoolImpl<std::thread>::scheduleImpl<void>(std::function<void ()>, Priority, std::optional<unsigned long>, bool)::'lambda0'()>>(void*) @ 0x000000000c706104 in /usr/bin/clickhouse
12. ? @ 0x00007d53c9f52609 in ?
13. ? @ 0x00007d53c9e77353 in ?
 (version 23.8.16.16 (official build)). Failed to start DDLWorker.
2026.03.18 20:33:41.136254 [ 286 ] {} <Error> virtual bool DB::DDLWorker::initializeMainThread(): Code: 999. Coordination::Exception: Unknown key host in config file. (KEEPER_EXCEPTION), Stack trace (when copying this message, always include the lines below):

0. DB::Exception::Exception(DB::Exception::MessageMasked&&, int, bool) @ 0x000000000c6251d7 in /usr/bin/clickhouse
1. DB::Exception::Exception<String const&>(int, FormatStringHelperImpl<std::type_identity<String const&>::type>, String const&) @ 0x00000000074ae38d in /usr/bin/clickhouse
2. Coordination::Exception::Exception<String const&>(Coordination::Error, FormatStringHelperImpl<std::type_identity<String const&>::type>, String const&) @ 0x000000001276578a in /usr/bin/clickhouse
3. zkutil::ZooKeeperArgs::initFromKeeperSection(Poco::Util::AbstractConfiguration const&, String const&) @ 0x0000000013813c10 in /usr/bin/clickhouse
4. zkutil::ZooKeeperArgs::ZooKeeperArgs(Poco::Util::AbstractConfiguration const&, String const&) @ 0x000000001380f986 in /usr/bin/clickhouse
5. zkutil::ZooKeeper::ZooKeeper(Poco::Util::AbstractConfiguration const&, String const&, std::shared_ptr<DB::ZooKeeperLog>) @ 0x00000000137e48cc in /usr/bin/clickhouse
6. DB::Context::getZooKeeper() const @ 0x000000001164aa4a in /usr/bin/clickhouse
7. DB::DDLWorker::getAndSetZooKeeper() @ 0x00000000116cc32d in /usr/bin/clickhouse
8. DB::DDLWorker::initializeMainThread() @ 0x00000000116dca3b in /usr/bin/clickhouse
9. DB::DDLWorker::runMainThread() @ 0x00000000116c73c0 in /usr/bin/clickhouse
10. void std::__function::__policy_invoker<void ()>::__call_impl<std::__function::__default_alloc_func<ThreadFromGlobalPoolImpl<true>::ThreadFromGlobalPoolImpl<void (DB::DDLWorker::*)(), DB::DDLWorker*>(void (DB::DDLWorker::*&&)(), DB::DDLWorker*&&)::'lambda'(), void ()>>(std::__function::__policy_storage const*) @ 0x00000000116ddb4c in /usr/bin/clickhouse
11. void* std::__thread_proxy[abi:v15000]<std::tuple<std::unique_ptr<std::__thread_struct, std::default_delete<std::__thread_struct>>, void ThreadPoolImpl<std::thread>::scheduleImpl<void>(std::function<void ()>, Priority, std::optional<unsigned long>, bool)::'lambda0'()>>(void*) @ 0x000000000c706104 in /usr/bin/clickhouse
12. ? @ 0x00007d53c9f52609 in ?
13. ? @ 0x00007d53c9e77353 in ?
 (version 23.8.16.16 (official build))
2026.03.18 20:33:46.138168 [ 286 ] {} <Error> DDLWorker: ZooKeeper error: Code: 999. Coordination::Exception: Unknown key host in config file. (KEEPER_EXCEPTION), Stack trace (when copying this message, always include the lines below):

0. DB::Exception::Exception(DB::Exception::MessageMasked&&, int, bool) @ 0x000000000c6251d7 in /usr/bin/clickhouse
1. DB::Exception::Exception<String const&>(int, FormatStringHelperImpl<std::type_identity<String const&>::type>, String const&) @ 0x00000000074ae38d in /usr/bin/clickhouse
2. Coordination::Exception::Exception<String const&>(Coordination::Error, FormatStringHelperImpl<std::type_identity<String const&>::type>, String const&) @ 0x000000001276578a in /usr/bin/clickhouse
3. zkutil::ZooKeeperArgs::initFromKeeperSection(Poco::Util::AbstractConfiguration const&, String const&) @ 0x0000000013813c10 in /usr/bin/clickhouse
4. zkutil::ZooKeeperArgs::ZooKeeperArgs(Poco::Util::AbstractConfiguration const&, String const&) @ 0x000000001380f986 in /usr/bin/clickhouse
5. zkutil::ZooKeeper::ZooKeeper(Poco::Util::AbstractConfiguration const&, String const&, std::shared_ptr<DB::ZooKeeperLog>) @ 0x00000000137e48cc in /usr/bin/clickhouse
6. DB::Context::getZooKeeper() const @ 0x000000001164aa4a in /usr/bin/clickhouse
7. DB::DDLWorker::getAndSetZooKeeper() @ 0x00000000116cc32d in /usr/bin/clickhouse
8. DB::DDLWorker::initializeMainThread() @ 0x00000000116dca3b in /usr/bin/clickhouse
9. DB::DDLWorker::runMainThread() @ 0x00000000116c73c0 in /usr/bin/clickhouse
10. void std::__function::__policy_invoker<void ()>::__call_impl<std::__function::__default_alloc_func<ThreadFromGlobalPoolImpl<true>::ThreadFromGlobalPoolImpl<void (DB::DDLWorker::*)(), DB::DDLWorker*>(void (DB::DDLWorker::*&&)(), DB::DDLWorker*&&)::'lambda'(), void ()>>(std::__function::__policy_storage const*) @ 0x00000000116ddb4c in /usr/bin/clickhouse
11. void* std::__thread_proxy[abi:v15000]<std::tuple<std::unique_ptr<std::__thread_struct, std::default_delete<std::__thread_struct>>, void ThreadPoolImpl<std::thread>::scheduleImpl<void>(std::function<void ()>, Priority, std::optional<unsigned long>, bool)::'lambda0'()>>(void*) @ 0x000000000c706104 in /usr/bin/clickhouse
12. ? @ 0x00007d53c9f52609 in ?
13. ? @ 0x00007d53c9e77353 in ?
 (version 23.8.16.16 (official build)). Failed to start DDLWorker.
2026.03.18 20:33:46.138312 [ 286 ] {} <Error> virtual bool DB::DDLWorker::initializeMainThread(): Code: 999. Coordination::Exception: Unknown key host in config file. (KEEPER_EXCEPTION), Stack trace (when copying this message, always include the lines below):

0. DB::Exception::Exception(DB::Exception::MessageMasked&&, int, bool) @ 0x000000000c6251d7 in /usr/bin/clickhouse
1. DB::Exception::Exception<String const&>(int, FormatStringHelperImpl<std::type_identity<String const&>::type>, String const&) @ 0x00000000074ae38d in /usr/bin/clickhouse
2. Coordination::Exception::Exception<String const&>(Coordination::Error, FormatStringHelperImpl<std::type_identity<String const&>::type>, String const&) @ 0x000000001276578a in /usr/bin/clickhouse
3. zkutil::ZooKeeperArgs::initFromKeeperSection(Poco::Util::AbstractConfiguration const&, String const&) @ 0x0000000013813c10 in /usr/bin/clickhouse
4. zkutil::ZooKeeperArgs::ZooKeeperArgs(Poco::Util::AbstractConfiguration const&, String const&) @ 0x000000001380f986 in /usr/bin/clickhouse
5. zkutil::ZooKeeper::ZooKeeper(Poco::Util::AbstractConfiguration const&, String const&, std::shared_ptr<DB::ZooKeeperLog>) @ 0x00000000137e48cc in /usr/bin/clickhouse
6. DB::Context::getZooKeeper() const @ 0x000000001164aa4a in /usr/bin/clickhouse
7. DB::DDLWorker::getAndSetZooKeeper() @ 0x00000000116cc32d in /usr/bin/clickhouse
8. DB::DDLWorker::initializeMainThread() @ 0x00000000116dca3b in /usr/bin/clickhouse
9. DB::DDLWorker::runMainThread() @ 0x00000000116c73c0 in /usr/bin/clickhouse
10. void std::__function::__policy_invoker<void ()>::__call_impl<std::__function::__default_alloc_func<ThreadFromGlobalPoolImpl<true>::ThreadFromGlobalPoolImpl<void (DB::DDLWorker::*)(), DB::DDLWorker*>(void (DB::DDLWorker::*&&)(), DB::DDLWorker*&&)::'lambda'(), void ()>>(std::__function::__policy_storage const*) @ 0x00000000116ddb4c in /usr/bin/clickhouse
11. void* std::__thread_proxy[abi:v15000]<std::tuple<std::unique_ptr<std::__thread_struct, std::default_delete<std::__thread_struct>>, void ThreadPoolImpl<std::thread>::scheduleImpl<void>(std::function<void ()>, Priority, std::optional<unsigned long>, bool)::'lambda0'()>>(void*) @ 0x000000000c706104 in /usr/bin/clickhouse
12. ? @ 0x00007d53c9f52609 in ?
13. ? @ 0x00007d53c9e77353 in ?
 (version 23.8.16.16 (official build))
2026.03.18 20:33:51.122379 [ 70 ] {} <Debug> DNSResolver: Updating DNS cache
2026.03.18 20:33:51.123810 [ 70 ] {} <Debug> DNSResolver: Updated DNS cache
2026.03.18 20:33:51.138582 [ 286 ] {} <Error> DDLWorker: ZooKeeper error: Code: 999. Coordination::Exception: Unknown key host in config file. (KEEPER_EXCEPTION), Stack trace (when copying this message, always include the lines below):

0. DB::Exception::Exception(DB::Exception::MessageMasked&&, int, bool) @ 0x000000000c6251d7 in /usr/bin/clickhouse
1. DB::Exception::Exception<String const&>(int, FormatStringHelperImpl<std::type_identity<String const&>::type>, String const&) @ 0x00000000074ae38d in /usr/bin/clickhouse
2. Coordination::Exception::Exception<String const&>(Coordination::Error, FormatStringHelperImpl<std::type_identity<String const&>::type>, String const&) @ 0x000000001276578a in /usr/bin/clickhouse
3. zkutil::ZooKeeperArgs::initFromKeeperSection(Poco::Util::AbstractConfiguration const&, String const&) @ 0x0000000013813c10 in /usr/bin/clickhouse
4. zkutil::ZooKeeperArgs::ZooKeeperArgs(Poco::Util::AbstractConfiguration const&, String const&) @ 0x000000001380f986 in /usr/bin/clickhouse
5. zkutil::ZooKeeper::ZooKeeper(Poco::Util::AbstractConfiguration const&, String const&, std::shared_ptr<DB::ZooKeeperLog>) @ 0x00000000137e48cc in /usr/bin/clickhouse
6. DB::Context::getZooKeeper() const @ 0x000000001164aa4a in /usr/bin/clickhouse
7. DB::DDLWorker::getAndSetZooKeeper() @ 0x00000000116cc32d in /usr/bin/clickhouse
8. DB::DDLWorker::initializeMainThread() @ 0x00000000116dca3b in /usr/bin/clickhouse
9. DB::DDLWorker::runMainThread() @ 0x00000000116c73c0 in /usr/bin/clickhouse
10. void std::__function::__policy_invoker<void ()>::__call_impl<std::__function::__default_alloc_func<ThreadFromGlobalPoolImpl<true>::ThreadFromGlobalPoolImpl<void (DB::DDLWorker::*)(), DB::DDLWorker*>(void (DB::DDLWorker::*&&)(), DB::DDLWorker*&&)::'lambda'(), void ()>>(std::__function::__policy_storage const*) @ 0x00000000116ddb4c in /usr/bin/clickhouse
11. void* std::__thread_proxy[abi:v15000]<std::tuple<std::unique_ptr<std::__thread_struct, std::default_delete<std::__thread_struct>>, void ThreadPoolImpl<std::thread>::scheduleImpl<void>(std::function<void ()>, Priority, std::optional<unsigned long>, bool)::'lambda0'()>>(void*) @ 0x000000000c706104 in /usr/bin/clickhouse
12. ? @ 0x00007d53c9f52609 in ?
13. ? @ 0x00007d53c9e77353 in ?
 (version 23.8.16.16 (official build)). Failed to start DDLWorker.
2026.03.18 20:33:51.138627 [ 286 ] {} <Error> virtual bool DB::DDLWorker::initializeMainThread(): Code: 999. Coordination::Exception: Unknown key host in config file. (KEEPER_EXCEPTION), Stack trace (when copying this message, always include the lines below):

0. DB::Exception::Exception(DB::Exception::MessageMasked&&, int, bool) @ 0x000000000c6251d7 in /usr/bin/clickhouse
1. DB::Exception::Exception<String const&>(int, FormatStringHelperImpl<std::type_identity<String const&>::type>, String const&) @ 0x00000000074ae38d in /usr/bin/clickhouse
2. Coordination::Exception::Exception<String const&>(Coordination::Error, FormatStringHelperImpl<std::type_identity<String const&>::type>, String const&) @ 0x000000001276578a in /usr/bin/clickhouse
3. zkutil::ZooKeeperArgs::initFromKeeperSection(Poco::Util::AbstractConfiguration const&, String const&) @ 0x0000000013813c10 in /usr/bin/clickhouse
4. zkutil::ZooKeeperArgs::ZooKeeperArgs(Poco::Util::AbstractConfiguration const&, String const&) @ 0x000000001380f986 in /usr/bin/clickhouse
5. zkutil::ZooKeeper::ZooKeeper(Poco::Util::AbstractConfiguration const&, String const&, std::shared_ptr<DB::ZooKeeperLog>) @ 0x00000000137e48cc in /usr/bin/clickhouse
6. DB::Context::getZooKeeper() const @ 0x000000001164aa4a in /usr/bin/clickhouse
7. DB::DDLWorker::getAndSetZooKeeper() @ 0x00000000116cc32d in /usr/bin/clickhouse
8. DB::DDLWorker::initializeMainThread() @ 0x00000000116dca3b in /usr/bin/clickhouse
9. DB::DDLWorker::runMainThread() @ 0x00000000116c73c0 in /usr/bin/clickhouse
10. void std::__function::__policy_invoker<void ()>::__call_impl<std::__function::__default_alloc_func<ThreadFromGlobalPoolImpl<true>::ThreadFromGlobalPoolImpl<void (DB::DDLWorker::*)(), DB::DDLWorker*>(void (DB::DDLWorker::*&&)(), DB::DDLWorker*&&)::'lambda'(), void ()>>(std::__function::__policy_storage const*) @ 0x00000000116ddb4c in /usr/bin/clickhouse
11. void* std::__thread_proxy[abi:v15000]<std::tuple<std::unique_ptr<std::__thread_struct, std::default_delete<std::__thread_struct>>, void ThreadPoolImpl<std::thread>::scheduleImpl<void>(std::function<void ()>, Priority, std::optional<unsigned long>, bool)::'lambda0'()>>(void*) @ 0x000000000c706104 in /usr/bin/clickhouse
12. ? @ 0x00007d53c9f52609 in ?
13. ? @ 0x00007d53c9e77353 in ?
 (version 23.8.16.16 (official build))
2026.03.18 20:33:56.140779 [ 286 ] {} <Error> DDLWorker: ZooKeeper error: Code: 999. Coordination::Exception: Unknown key host in config file. (KEEPER_EXCEPTION), Stack trace (when copying this message, always include the lines below):

0. DB::Exception::Exception(DB::Exception::MessageMasked&&, int, bool) @ 0x000000000c6251d7 in /usr/bin/clickhouse
1. DB::Exception::Exception<String const&>(int, FormatStringHelperImpl<std::type_identity<String const&>::type>, String const&) @ 0x00000000074ae38d in /usr/bin/clickhouse
2. Coordination::Exception::Exception<String const&>(Coordination::Error, FormatStringHelperImpl<std::type_identity<String const&>::type>, String const&) @ 0x000000001276578a in /usr/bin/clickhouse
3. zkutil::ZooKeeperArgs::initFromKeeperSection(Poco::Util::AbstractConfiguration const&, String const&) @ 0x0000000013813c10 in /usr/bin/clickhouse
4. zkutil::ZooKeeperArgs::ZooKeeperArgs(Poco::Util::AbstractConfiguration const&, String const&) @ 0x000000001380f986 in /usr/bin/clickhouse
5. zkutil::ZooKeeper::ZooKeeper(Poco::Util::AbstractConfiguration const&, String const&, std::shared_ptr<DB::ZooKeeperLog>) @ 0x00000000137e48cc in /usr/bin/clickhouse
6. DB::Context::getZooKeeper() const @ 0x000000001164aa4a in /usr/bin/clickhouse
7. DB::DDLWorker::getAndSetZooKeeper() @ 0x00000000116cc32d in /usr/bin/clickhouse
8. DB::DDLWorker::initializeMainThread() @ 0x00000000116dca3b in /usr/bin/clickhouse
9. DB::DDLWorker::runMainThread() @ 0x00000000116c73c0 in /usr/bin/clickhouse
10. void std::__function::__policy_invoker<void ()>::__call_impl<std::__function::__default_alloc_func<ThreadFromGlobalPoolImpl<true>::ThreadFromGlobalPoolImpl<void (DB::DDLWorker::*)(), DB::DDLWorker*>(void (DB::DDLWorker::*&&)(), DB::DDLWorker*&&)::'lambda'(), void ()>>(std::__function::__policy_storage const*) @ 0x00000000116ddb4c in /usr/bin/clickhouse
11. void* std::__thread_proxy[abi:v15000]<std::tuple<std::unique_ptr<std::__thread_struct, std::default_delete<std::__thread_struct>>, void ThreadPoolImpl<std::thread>::scheduleImpl<void>(std::function<void ()>, Priority, std::optional<unsigned long>, bool)::'lambda0'()>>(void*) @ 0x000000000c706104 in /usr/bin/clickhouse
12. ? @ 0x00007d53c9f52609 in ?
13. ? @ 0x00007d53c9e77353 in ?
 (version 23.8.16.16 (official build)). Failed to start DDLWorker.
2026.03.18 20:33:56.140827 [ 286 ] {} <Error> virtual bool DB::DDLWorker::initializeMainThread(): Code: 999. Coordination::Exception: Unknown key host in config file. (KEEPER_EXCEPTION), Stack trace (when copying this message, always include the lines below):

0. DB::Exception::Exception(DB::Exception::MessageMasked&&, int, bool) @ 0x000000000c6251d7 in /usr/bin/clickhouse
1. DB::Exception::Exception<String const&>(int, FormatStringHelperImpl<std::type_identity<String const&>::type>, String const&) @ 0x00000000074ae38d in /usr/bin/clickhouse
2. Coordination::Exception::Exception<String const&>(Coordination::Error, FormatStringHelperImpl<std::type_identity<String const&>::type>, String const&) @ 0x000000001276578a in /usr/bin/clickhouse
3. zkutil::ZooKeeperArgs::initFromKeeperSection(Poco::Util::AbstractConfiguration const&, String const&) @ 0x0000000013813c10 in /usr/bin/clickhouse
4. zkutil::ZooKeeperArgs::ZooKeeperArgs(Poco::Util::AbstractConfiguration const&, String const&) @ 0x000000001380f986 in /usr/bin/clickhouse
5. zkutil::ZooKeeper::ZooKeeper(Poco::Util::AbstractConfiguration const&, String const&, std::shared_ptr<DB::ZooKeeperLog>) @ 0x00000000137e48cc in /usr/bin/clickhouse
6. DB::Context::getZooKeeper() const @ 0x000000001164aa4a in /usr/bin/clickhouse
7. DB::DDLWorker::getAndSetZooKeeper() @ 0x00000000116cc32d in /usr/bin/clickhouse
8. DB::DDLWorker::initializeMainThread() @ 0x00000000116dca3b in /usr/bin/clickhouse
9. DB::DDLWorker::runMainThread() @ 0x00000000116c73c0 in /usr/bin/clickhouse
10. void std::__function::__policy_invoker<void ()>::__call_impl<std::__function::__default_alloc_func<ThreadFromGlobalPoolImpl<true>::ThreadFromGlobalPoolImpl<void (DB::DDLWorker::*)(), DB::DDLWorker*>(void (DB::DDLWorker::*&&)(), DB::DDLWorker*&&)::'lambda'(), void ()>>(std::__function::__policy_storage const*) @ 0x00000000116ddb4c in /usr/bin/clickhouse
11. void* std::__thread_proxy[abi:v15000]<std::tuple<std::unique_ptr<std::__thread_struct, std::default_delete<std::__thread_struct>>, void ThreadPoolImpl<std::thread>::scheduleImpl<void>(std::function<void ()>, Priority, std::optional<unsigned long>, bool)::'lambda0'()>>(void*) @ 0x000000000c706104 in /usr/bin/clickhouse
12. ? @ 0x00007d53c9f52609 in ?
13. ? @ 0x00007d53c9e77353 in ?
 (version 23.8.16.16 (official build))
2026.03.18 20:34:01.141210 [ 286 ] {} <Error> DDLWorker: ZooKeeper error: Code: 999. Coordination::Exception: Unknown key host in config file. (KEEPER_EXCEPTION), Stack trace (when copying this message, always include the lines below):

0. DB::Exception::Exception(DB::Exception::MessageMasked&&, int, bool) @ 0x000000000c6251d7 in /usr/bin/clickhouse
1. DB::Exception::Exception<String const&>(int, FormatStringHelperImpl<std::type_identity<String const&>::type>, String const&) @ 0x00000000074ae38d in /usr/bin/clickhouse
2. Coordination::Exception::Exception<String const&>(Coordination::Error, FormatStringHelperImpl<std::type_identity<String const&>::type>, String const&) @ 0x000000001276578a in /usr/bin/clickhouse
3. zkutil::ZooKeeperArgs::initFromKeeperSection(Poco::Util::AbstractConfiguration const&, String const&) @ 0x0000000013813c10 in /usr/bin/clickhouse
4. zkutil::ZooKeeperArgs::ZooKeeperArgs(Poco::Util::AbstractConfiguration const&, String const&) @ 0x000000001380f986 in /usr/bin/clickhouse
5. zkutil::ZooKeeper::ZooKeeper(Poco::Util::AbstractConfiguration const&, String const&, std::shared_ptr<DB::ZooKeeperLog>) @ 0x00000000137e48cc in /usr/bin/clickhouse
6. DB::Context::getZooKeeper() const @ 0x000000001164aa4a in /usr/bin/clickhouse
7. DB::DDLWorker::getAndSetZooKeeper() @ 0x00000000116cc32d in /usr/bin/clickhouse
8. DB::DDLWorker::initializeMainThread() @ 0x00000000116dca3b in /usr/bin/clickhouse
9. DB::DDLWorker::runMainThread() @ 0x00000000116c73c0 in /usr/bin/clickhouse
10. void std::__function::__policy_invoker<void ()>::__call_impl<std::__function::__default_alloc_func<ThreadFromGlobalPoolImpl<true>::ThreadFromGlobalPoolImpl<void (DB::DDLWorker::*)(), DB::DDLWorker*>(void (DB::DDLWorker::*&&)(), DB::DDLWorker*&&)::'lambda'(), void ()>>(std::__function::__policy_storage const*) @ 0x00000000116ddb4c in /usr/bin/clickhouse
11. void* std::__thread_proxy[abi:v15000]<std::tuple<std::unique_ptr<std::__thread_struct, std::default_delete<std::__thread_struct>>, void ThreadPoolImpl<std::thread>::scheduleImpl<void>(std::function<void ()>, Priority, std::optional<unsigned long>, bool)::'lambda0'()>>(void*) @ 0x000000000c706104 in /usr/bin/clickhouse
12. ? @ 0x00007d53c9f52609 in ?
13. ? @ 0x00007d53c9e77353 in ?
 (version 23.8.16.16 (official build)). Failed to start DDLWorker.
2026.03.18 20:34:01.141271 [ 286 ] {} <Error> virtual bool DB::DDLWorker::initializeMainThread(): Code: 999. Coordination::Exception: Unknown key host in config file. (KEEPER_EXCEPTION), Stack trace (when copying this message, always include the lines below):

0. DB::Exception::Exception(DB::Exception::MessageMasked&&, int, bool) @ 0x000000000c6251d7 in /usr/bin/clickhouse
1. DB::Exception::Exception<String const&>(int, FormatStringHelperImpl<std::type_identity<String const&>::type>, String const&) @ 0x00000000074ae38d in /usr/bin/clickhouse
2. Coordination::Exception::Exception<String const&>(Coordination::Error, FormatStringHelperImpl<std::type_identity<String const&>::type>, String const&) @ 0x000000001276578a in /usr/bin/clickhouse
3. zkutil::ZooKeeperArgs::initFromKeeperSection(Poco::Util::AbstractConfiguration const&, String const&) @ 0x0000000013813c10 in /usr/bin/clickhouse
4. zkutil::ZooKeeperArgs::ZooKeeperArgs(Poco::Util::AbstractConfiguration const&, String const&) @ 0x000000001380f986 in /usr/bin/clickhouse
5. zkutil::ZooKeeper::ZooKeeper(Poco::Util::AbstractConfiguration const&, String const&, std::shared_ptr<DB::ZooKeeperLog>) @ 0x00000000137e48cc in /usr/bin/clickhouse
6. DB::Context::getZooKeeper() const @ 0x000000001164aa4a in /usr/bin/clickhouse
7. DB::DDLWorker::getAndSetZooKeeper() @ 0x00000000116cc32d in /usr/bin/clickhouse
8. DB::DDLWorker::initializeMainThread() @ 0x00000000116dca3b in /usr/bin/clickhouse
9. DB::DDLWorker::runMainThread() @ 0x00000000116c73c0 in /usr/bin/clickhouse
10. void std::__function::__policy_invoker<void ()>::__call_impl<std::__function::__default_alloc_func<ThreadFromGlobalPoolImpl<true>::ThreadFromGlobalPoolImpl<void (DB::DDLWorker::*)(), DB::DDLWorker*>(void (DB::DDLWorker::*&&)(), DB::DDLWorker*&&)::'lambda'(), void ()>>(std::__function::__policy_storage const*) @ 0x00000000116ddb4c in /usr/bin/clickhouse
11. void* std::__thread_proxy[abi:v15000]<std::tuple<std::unique_ptr<std::__thread_struct, std::default_delete<std::__thread_struct>>, void ThreadPoolImpl<std::thread>::scheduleImpl<void>(std::function<void ()>, Priority, std::optional<unsigned long>, bool)::'lambda0'()>>(void*) @ 0x000000000c706104 in /usr/bin/clickhouse
12. ? @ 0x00007d53c9f52609 in ?
13. ? @ 0x00007d53c9e77353 in ?
 (version 23.8.16.16 (official build))
2026.03.18 20:34:06.124588 [ 81 ] {} <Debug> DNSResolver: Updating DNS cache
2026.03.18 20:34:06.126092 [ 81 ] {} <Debug> DNSResolver: Updated DNS cache
2026.03.18 20:34:06.141568 [ 286 ] {} <Error> DDLWorker: ZooKeeper error: Code: 999. Coordination::Exception: Unknown key host in config file. (KEEPER_EXCEPTION), Stack trace (when copying this message, always include the lines below):

0. DB::Exception::Exception(DB::Exception::MessageMasked&&, int, bool) @ 0x000000000c6251d7 in /usr/bin/clickhouse
1. DB::Exception::Exception<String const&>(int, FormatStringHelperImpl<std::type_identity<String const&>::type>, String const&) @ 0x00000000074ae38d in /usr/bin/clickhouse
2. Coordination::Exception::Exception<String const&>(Coordination::Error, FormatStringHelperImpl<std::type_identity<String const&>::type>, String const&) @ 0x000000001276578a in /usr/bin/clickhouse
3. zkutil::ZooKeeperArgs::initFromKeeperSection(Poco::Util::AbstractConfiguration const&, String const&) @ 0x0000000013813c10 in /usr/bin/clickhouse
4. zkutil::ZooKeeperArgs::ZooKeeperArgs(Poco::Util::AbstractConfiguration const&, String const&) @ 0x000000001380f986 in /usr/bin/clickhouse
5. zkutil::ZooKeeper::ZooKeeper(Poco::Util::AbstractConfiguration const&, String const&, std::shared_ptr<DB::ZooKeeperLog>) @ 0x00000000137e48cc in /usr/bin/clickhouse
6. DB::Context::getZooKeeper() const @ 0x000000001164aa4a in /usr/bin/clickhouse
7. DB::DDLWorker::getAndSetZooKeeper() @ 0x00000000116cc32d in /usr/bin/clickhouse
8. DB::DDLWorker::initializeMainThread() @ 0x00000000116dca3b in /usr/bin/clickhouse
9. DB::DDLWorker::runMainThread() @ 0x00000000116c73c0 in /usr/bin/clickhouse
10. void std::__function::__policy_invoker<void ()>::__call_impl<std::__function::__default_alloc_func<ThreadFromGlobalPoolImpl<true>::ThreadFromGlobalPoolImpl<void (DB::DDLWorker::*)(), DB::DDLWorker*>(void (DB::DDLWorker::*&&)(), DB::DDLWorker*&&)::'lambda'(), void ()>>(std::__function::__policy_storage const*) @ 0x00000000116ddb4c in /usr/bin/clickhouse
11. void* std::__thread_proxy[abi:v15000]<std::tuple<std::unique_ptr<std::__thread_struct, std::default_delete<std::__thread_struct>>, void ThreadPoolImpl<std::thread>::scheduleImpl<void>(std::function<void ()>, Priority, std::optional<unsigned long>, bool)::'lambda0'()>>(void*) @ 0x000000000c706104 in /usr/bin/clickhouse
12. ? @ 0x00007d53c9f52609 in ?
13. ? @ 0x00007d53c9e77353 in ?
 (version 23.8.16.16 (official build)). Failed to start DDLWorker.
2026.03.18 20:34:06.141615 [ 286 ] {} <Error> virtual bool DB::DDLWorker::initializeMainThread(): Code: 999. Coordination::Exception: Unknown key host in config file. (KEEPER_EXCEPTION), Stack trace (when copying this message, always include the lines below):

0. DB::Exception::Exception(DB::Exception::MessageMasked&&, int, bool) @ 0x000000000c6251d7 in /usr/bin/clickhouse
1. DB::Exception::Exception<String const&>(int, FormatStringHelperImpl<std::type_identity<String const&>::type>, String const&) @ 0x00000000074ae38d in /usr/bin/clickhouse
2. Coordination::Exception::Exception<String const&>(Coordination::Error, FormatStringHelperImpl<std::type_identity<String const&>::type>, String const&) @ 0x000000001276578a in /usr/bin/clickhouse
3. zkutil::ZooKeeperArgs::initFromKeeperSection(Poco::Util::AbstractConfiguration const&, String const&) @ 0x0000000013813c10 in /usr/bin/clickhouse
4. zkutil::ZooKeeperArgs::ZooKeeperArgs(Poco::Util::AbstractConfiguration const&, String const&) @ 0x000000001380f986 in /usr/bin/clickhouse
5. zkutil::ZooKeeper::ZooKeeper(Poco::Util::AbstractConfiguration const&, String const&, std::shared_ptr<DB::ZooKeeperLog>) @ 0x00000000137e48cc in /usr/bin/clickhouse
6. DB::Context::getZooKeeper() const @ 0x000000001164aa4a in /usr/bin/clickhouse
7. DB::DDLWorker::getAndSetZooKeeper() @ 0x00000000116cc32d in /usr/bin/clickhouse
8. DB::DDLWorker::initializeMainThread() @ 0x00000000116dca3b in /usr/bin/clickhouse
9. DB::DDLWorker::runMainThread() @ 0x00000000116c73c0 in /usr/bin/clickhouse
10. void std::__function::__policy_invoker<void ()>::__call_impl<std::__function::__default_alloc_func<ThreadFromGlobalPoolImpl<true>::ThreadFromGlobalPoolImpl<void (DB::DDLWorker::*)(), DB::DDLWorker*>(void (DB::DDLWorker::*&&)(), DB::DDLWorker*&&)::'lambda'(), void ()>>(std::__function::__policy_storage const*) @ 0x00000000116ddb4c in /usr/bin/clickhouse
11. void* std::__thread_proxy[abi:v15000]<std::tuple<std::unique_ptr<std::__thread_struct, std::default_delete<std::__thread_struct>>, void ThreadPoolImpl<std::thread>::scheduleImpl<void>(std::function<void ()>, Priority, std::optional<unsigned long>, bool)::'lambda0'()>>(void*) @ 0x000000000c706104 in /usr/bin/clickhouse
12. ? @ 0x00007d53c9f52609 in ?
13. ? @ 0x00007d53c9e77353 in ?
 (version 23.8.16.16 (official build))
2026.03.18 20:34:11.142953 [ 286 ] {} <Error> DDLWorker: ZooKeeper error: Code: 999. Coordination::Exception: Unknown key host in config file. (KEEPER_EXCEPTION), Stack trace (when copying this message, always include the lines below):

0. DB::Exception::Exception(DB::Exception::MessageMasked&&, int, bool) @ 0x000000000c6251d7 in /usr/bin/clickhouse
1. DB::Exception::Exception<String const&>(int, FormatStringHelperImpl<std::type_identity<String const&>::type>, String const&) @ 0x00000000074ae38d in /usr/bin/clickhouse
2. Coordination::Exception::Exception<String const&>(Coordination::Error, FormatStringHelperImpl<std::type_identity<String const&>::type>, String const&) @ 0x000000001276578a in /usr/bin/clickhouse
3. zkutil::ZooKeeperArgs::initFromKeeperSection(Poco::Util::AbstractConfiguration const&, String const&) @ 0x0000000013813c10 in /usr/bin/clickhouse
4. zkutil::ZooKeeperArgs::ZooKeeperArgs(Poco::Util::AbstractConfiguration const&, String const&) @ 0x000000001380f986 in /usr/bin/clickhouse
5. zkutil::ZooKeeper::ZooKeeper(Poco::Util::AbstractConfiguration const&, String const&, std::shared_ptr<DB::ZooKeeperLog>) @ 0x00000000137e48cc in /usr/bin/clickhouse
6. DB::Context::getZooKeeper() const @ 0x000000001164aa4a in /usr/bin/clickhouse
7. DB::DDLWorker::getAndSetZooKeeper() @ 0x00000000116cc32d in /usr/bin/clickhouse
8. DB::DDLWorker::initializeMainThread() @ 0x00000000116dca3b in /usr/bin/clickhouse
9. DB::DDLWorker::runMainThread() @ 0x00000000116c73c0 in /usr/bin/clickhouse
10. void std::__function::__policy_invoker<void ()>::__call_impl<std::__function::__default_alloc_func<ThreadFromGlobalPoolImpl<true>::ThreadFromGlobalPoolImpl<void (DB::DDLWorker::*)(), DB::DDLWorker*>(void (DB::DDLWorker::*&&)(), DB::DDLWorker*&&)::'lambda'(), void ()>>(std::__function::__policy_storage const*) @ 0x00000000116ddb4c in /usr/bin/clickhouse
11. void* std::__thread_proxy[abi:v15000]<std::tuple<std::unique_ptr<std::__thread_struct, std::default_delete<std::__thread_struct>>, void ThreadPoolImpl<std::thread>::scheduleImpl<void>(std::function<void ()>, Priority, std::optional<unsigned long>, bool)::'lambda0'()>>(void*) @ 0x000000000c706104 in /usr/bin/clickhouse
12. ? @ 0x00007d53c9f52609 in ?
13. ? @ 0x00007d53c9e77353 in ?
 (version 23.8.16.16 (official build)). Failed to start DDLWorker.
2026.03.18 20:34:11.143004 [ 286 ] {} <Error> virtual bool DB::DDLWorker::initializeMainThread(): Code: 999. Coordination::Exception: Unknown key host in config file. (KEEPER_EXCEPTION), Stack trace (when copying this message, always include the lines below):

0. DB::Exception::Exception(DB::Exception::MessageMasked&&, int, bool) @ 0x000000000c6251d7 in /usr/bin/clickhouse
1. DB::Exception::Exception<String const&>(int, FormatStringHelperImpl<std::type_identity<String const&>::type>, String const&) @ 0x00000000074ae38d in /usr/bin/clickhouse
2. Coordination::Exception::Exception<String const&>(Coordination::Error, FormatStringHelperImpl<std::type_identity<String const&>::type>, String const&) @ 0x000000001276578a in /usr/bin/clickhouse
3. zkutil::ZooKeeperArgs::initFromKeeperSection(Poco::Util::AbstractConfiguration const&, String const&) @ 0x0000000013813c10 in /usr/bin/clickhouse
4. zkutil::ZooKeeperArgs::ZooKeeperArgs(Poco::Util::AbstractConfiguration const&, String const&) @ 0x000000001380f986 in /usr/bin/clickhouse
5. zkutil::ZooKeeper::ZooKeeper(Poco::Util::AbstractConfiguration const&, String const&, std::shared_ptr<DB::ZooKeeperLog>) @ 0x00000000137e48cc in /usr/bin/clickhouse
6. DB::Context::getZooKeeper() const @ 0x000000001164aa4a in /usr/bin/clickhouse
7. DB::DDLWorker::getAndSetZooKeeper() @ 0x00000000116cc32d in /usr/bin/clickhouse
8. DB::DDLWorker::initializeMainThread() @ 0x00000000116dca3b in /usr/bin/clickhouse
9. DB::DDLWorker::runMainThread() @ 0x00000000116c73c0 in /usr/bin/clickhouse
10. void std::__function::__policy_invoker<void ()>::__call_impl<std::__function::__default_alloc_func<ThreadFromGlobalPoolImpl<true>::ThreadFromGlobalPoolImpl<void (DB::DDLWorker::*)(), DB::DDLWorker*>(void (DB::DDLWorker::*&&)(), DB::DDLWorker*&&)::'lambda'(), void ()>>(std::__function::__policy_storage const*) @ 0x00000000116ddb4c in /usr/bin/clickhouse
11. void* std::__thread_proxy[abi:v15000]<std::tuple<std::unique_ptr<std::__thread_struct, std::default_delete<std::__thread_struct>>, void ThreadPoolImpl<std::thread>::scheduleImpl<void>(std::function<void ()>, Priority, std::optional<unsigned long>, bool)::'lambda0'()>>(void*) @ 0x000000000c706104 in /usr/bin/clickhouse
12. ? @ 0x00007d53c9f52609 in ?
13. ? @ 0x00007d53c9e77353 in ?
 (version 23.8.16.16 (official build))
2026.03.18 20:34:16.143685 [ 286 ] {} <Error> DDLWorker: ZooKeeper error: Code: 999. Coordination::Exception: Unknown key host in config file. (KEEPER_EXCEPTION), Stack trace (when copying this message, always include the lines below):

0. DB::Exception::Exception(DB::Exception::MessageMasked&&, int, bool) @ 0x000000000c6251d7 in /usr/bin/clickhouse
1. DB::Exception::Exception<String const&>(int, FormatStringHelperImpl<std::type_identity<String const&>::type>, String const&) @ 0x00000000074ae38d in /usr/bin/clickhouse
2. Coordination::Exception::Exception<String const&>(Coordination::Error, FormatStringHelperImpl<std::type_identity<String const&>::type>, String const&) @ 0x000000001276578a in /usr/bin/clickhouse
3. zkutil::ZooKeeperArgs::initFromKeeperSection(Poco::Util::AbstractConfiguration const&, String const&) @ 0x0000000013813c10 in /usr/bin/clickhouse
4. zkutil::ZooKeeperArgs::ZooKeeperArgs(Poco::Util::AbstractConfiguration const&, String const&) @ 0x000000001380f986 in /usr/bin/clickhouse
5. zkutil::ZooKeeper::ZooKeeper(Poco::Util::AbstractConfiguration const&, String const&, std::shared_ptr<DB::ZooKeeperLog>) @ 0x00000000137e48cc in /usr/bin/clickhouse
6. DB::Context::getZooKeeper() const @ 0x000000001164aa4a in /usr/bin/clickhouse
7. DB::DDLWorker::getAndSetZooKeeper() @ 0x00000000116cc32d in /usr/bin/clickhouse
8. DB::DDLWorker::initializeMainThread() @ 0x00000000116dca3b in /usr/bin/clickhouse
9. DB::DDLWorker::runMainThread() @ 0x00000000116c73c0 in /usr/bin/clickhouse
10. void std::__function::__policy_invoker<void ()>::__call_impl<std::__function::__default_alloc_func<ThreadFromGlobalPoolImpl<true>::ThreadFromGlobalPoolImpl<void (DB::DDLWorker::*)(), DB::DDLWorker*>(void (DB::DDLWorker::*&&)(), DB::DDLWorker*&&)::'lambda'(), void ()>>(std::__function::__policy_storage const*) @ 0x00000000116ddb4c in /usr/bin/clickhouse
11. void* std::__thread_proxy[abi:v15000]<std::tuple<std::unique_ptr<std::__thread_struct, std::default_delete<std::__thread_struct>>, void ThreadPoolImpl<std::thread>::scheduleImpl<void>(std::function<void ()>, Priority, std::optional<unsigned long>, bool)::'lambda0'()>>(void*) @ 0x000000000c706104 in /usr/bin/clickhouse
12. ? @ 0x00007d53c9f52609 in ?
13. ? @ 0x00007d53c9e77353 in ?
 (version 23.8.16.16 (official build)). Failed to start DDLWorker.
2026.03.18 20:34:16.143762 [ 286 ] {} <Error> virtual bool DB::DDLWorker::initializeMainThread(): Code: 999. Coordination::Exception: Unknown key host in config file. (KEEPER_EXCEPTION), Stack trace (when copying this message, always include the lines below):

0. DB::Exception::Exception(DB::Exception::MessageMasked&&, int, bool) @ 0x000000000c6251d7 in /usr/bin/clickhouse
1. DB::Exception::Exception<String const&>(int, FormatStringHelperImpl<std::type_identity<String const&>::type>, String const&) @ 0x00000000074ae38d in /usr/bin/clickhouse
2. Coordination::Exception::Exception<String const&>(Coordination::Error, FormatStringHelperImpl<std::type_identity<String const&>::type>, String const&) @ 0x000000001276578a in /usr/bin/clickhouse
3. zkutil::ZooKeeperArgs::initFromKeeperSection(Poco::Util::AbstractConfiguration const&, String const&) @ 0x0000000013813c10 in /usr/bin/clickhouse
4. zkutil::ZooKeeperArgs::ZooKeeperArgs(Poco::Util::AbstractConfiguration const&, String const&) @ 0x000000001380f986 in /usr/bin/clickhouse
5. zkutil::ZooKeeper::ZooKeeper(Poco::Util::AbstractConfiguration const&, String const&, std::shared_ptr<DB::ZooKeeperLog>) @ 0x00000000137e48cc in /usr/bin/clickhouse
6. DB::Context::getZooKeeper() const @ 0x000000001164aa4a in /usr/bin/clickhouse
7. DB::DDLWorker::getAndSetZooKeeper() @ 0x00000000116cc32d in /usr/bin/clickhouse
8. DB::DDLWorker::initializeMainThread() @ 0x00000000116dca3b in /usr/bin/clickhouse
9. DB::DDLWorker::runMainThread() @ 0x00000000116c73c0 in /usr/bin/clickhouse
10. void std::__function::__policy_invoker<void ()>::__call_impl<std::__function::__default_alloc_func<ThreadFromGlobalPoolImpl<true>::ThreadFromGlobalPoolImpl<void (DB::DDLWorker::*)(), DB::DDLWorker*>(void (DB::DDLWorker::*&&)(), DB::DDLWorker*&&)::'lambda'(), void ()>>(std::__function::__policy_storage const*) @ 0x00000000116ddb4c in /usr/bin/clickhouse
11. void* std::__thread_proxy[abi:v15000]<std::tuple<std::unique_ptr<std::__thread_struct, std::default_delete<std::__thread_struct>>, void ThreadPoolImpl<std::thread>::scheduleImpl<void>(std::function<void ()>, Priority, std::optional<unsigned long>, bool)::'lambda0'()>>(void*) @ 0x000000000c706104 in /usr/bin/clickhouse
12. ? @ 0x00007d53c9f52609 in ?
13. ? @ 0x00007d53c9e77353 in ?
 (version 23.8.16.16 (official build))
2026.03.18 20:34:21.128139 [ 84 ] {} <Debug> DNSResolver: Updating DNS cache
2026.03.18 20:34:21.129827 [ 84 ] {} <Debug> DNSResolver: Updated DNS cache
2026.03.18 20:34:21.145946 [ 286 ] {} <Error> DDLWorker: ZooKeeper error: Code: 999. Coordination::Exception: Unknown key host in config file. (KEEPER_EXCEPTION), Stack trace (when copying this message, always include the lines below):

0. DB::Exception::Exception(DB::Exception::MessageMasked&&, int, bool) @ 0x000000000c6251d7 in /usr/bin/clickhouse
1. DB::Exception::Exception<String const&>(int, FormatStringHelperImpl<std::type_identity<String const&>::type>, String const&) @ 0x00000000074ae38d in /usr/bin/clickhouse
2. Coordination::Exception::Exception<String const&>(Coordination::Error, FormatStringHelperImpl<std::type_identity<String const&>::type>, String const&) @ 0x000000001276578a in /usr/bin/clickhouse
3. zkutil::ZooKeeperArgs::initFromKeeperSection(Poco::Util::AbstractConfiguration const&, String const&) @ 0x0000000013813c10 in /usr/bin/clickhouse
4. zkutil::ZooKeeperArgs::ZooKeeperArgs(Poco::Util::AbstractConfiguration const&, String const&) @ 0x000000001380f986 in /usr/bin/clickhouse
5. zkutil::ZooKeeper::ZooKeeper(Poco::Util::AbstractConfiguration const&, String const&, std::shared_ptr<DB::ZooKeeperLog>) @ 0x00000000137e48cc in /usr/bin/clickhouse
6. DB::Context::getZooKeeper() const @ 0x000000001164aa4a in /usr/bin/clickhouse
7. DB::DDLWorker::getAndSetZooKeeper() @ 0x00000000116cc32d in /usr/bin/clickhouse
8. DB::DDLWorker::initializeMainThread() @ 0x00000000116dca3b in /usr/bin/clickhouse
9. DB::DDLWorker::runMainThread() @ 0x00000000116c73c0 in /usr/bin/clickhouse
10. void std::__function::__policy_invoker<void ()>::__call_impl<std::__function::__default_alloc_func<ThreadFromGlobalPoolImpl<true>::ThreadFromGlobalPoolImpl<void (DB::DDLWorker::*)(), DB::DDLWorker*>(void (DB::DDLWorker::*&&)(), DB::DDLWorker*&&)::'lambda'(), void ()>>(std::__function::__policy_storage const*) @ 0x00000000116ddb4c in /usr/bin/clickhouse
11. void* std::__thread_proxy[abi:v15000]<std::tuple<std::unique_ptr<std::__thread_struct, std::default_delete<std::__thread_struct>>, void ThreadPoolImpl<std::thread>::scheduleImpl<void>(std::function<void ()>, Priority, std::optional<unsigned long>, bool)::'lambda0'()>>(void*) @ 0x000000000c706104 in /usr/bin/clickhouse
12. ? @ 0x00007d53c9f52609 in ?
13. ? @ 0x00007d53c9e77353 in ?
 (version 23.8.16.16 (official build)). Failed to start DDLWorker.
2026.03.18 20:34:21.146670 [ 286 ] {} <Error> virtual bool DB::DDLWorker::initializeMainThread(): Code: 999. Coordination::Exception: Unknown key host in config file. (KEEPER_EXCEPTION), Stack trace (when copying this message, always include the lines below):

0. DB::Exception::Exception(DB::Exception::MessageMasked&&, int, bool) @ 0x000000000c6251d7 in /usr/bin/clickhouse
1. DB::Exception::Exception<String const&>(int, FormatStringHelperImpl<std::type_identity<String const&>::type>, String const&) @ 0x00000000074ae38d in /usr/bin/clickhouse
2. Coordination::Exception::Exception<String const&>(Coordination::Error, FormatStringHelperImpl<std::type_identity<String const&>::type>, String const&) @ 0x000000001276578a in /usr/bin/clickhouse
3. zkutil::ZooKeeperArgs::initFromKeeperSection(Poco::Util::AbstractConfiguration const&, String const&) @ 0x0000000013813c10 in /usr/bin/clickhouse
4. zkutil::ZooKeeperArgs::ZooKeeperArgs(Poco::Util::AbstractConfiguration const&, String const&) @ 0x000000001380f986 in /usr/bin/clickhouse
5. zkutil::ZooKeeper::ZooKeeper(Poco::Util::AbstractConfiguration const&, String const&, std::shared_ptr<DB::ZooKeeperLog>) @ 0x00000000137e48cc in /usr/bin/clickhouse
6. DB::Context::getZooKeeper() const @ 0x000000001164aa4a in /usr/bin/clickhouse
7. DB::DDLWorker::getAndSetZooKeeper() @ 0x00000000116cc32d in /usr/bin/clickhouse
8. DB::DDLWorker::initializeMainThread() @ 0x00000000116dca3b in /usr/bin/clickhouse
9. DB::DDLWorker::runMainThread() @ 0x00000000116c73c0 in /usr/bin/clickhouse
10. void std::__function::__policy_invoker<void ()>::__call_impl<std::__function::__default_alloc_func<ThreadFromGlobalPoolImpl<true>::ThreadFromGlobalPoolImpl<void (DB::DDLWorker::*)(), DB::DDLWorker*>(void (DB::DDLWorker::*&&)(), DB::DDLWorker*&&)::'lambda'(), void ()>>(std::__function::__policy_storage const*) @ 0x00000000116ddb4c in /usr/bin/clickhouse
11. void* std::__thread_proxy[abi:v15000]<std::tuple<std::unique_ptr<std::__thread_struct, std::default_delete<std::__thread_struct>>, void ThreadPoolImpl<std::thread>::scheduleImpl<void>(std::function<void ()>, Priority, std::optional<unsigned long>, bool)::'lambda0'()>>(void*) @ 0x000000000c706104 in /usr/bin/clickhouse
12. ? @ 0x00007d53c9f52609 in ?
13. ? @ 0x00007d53c9e77353 in ?
 (version 23.8.16.16 (official build))
2026.03.18 20:34:26.146924 [ 286 ] {} <Error> DDLWorker: ZooKeeper error: Code: 999. Coordination::Exception: Unknown key host in config file. (KEEPER_EXCEPTION), Stack trace (when copying this message, always include the lines below):

0. DB::Exception::Exception(DB::Exception::MessageMasked&&, int, bool) @ 0x000000000c6251d7 in /usr/bin/clickhouse
1. DB::Exception::Exception<String const&>(int, FormatStringHelperImpl<std::type_identity<String const&>::type>, String const&) @ 0x00000000074ae38d in /usr/bin/clickhouse
2. Coordination::Exception::Exception<String const&>(Coordination::Error, FormatStringHelperImpl<std::type_identity<String const&>::type>, String const&) @ 0x000000001276578a in /usr/bin/clickhouse
3. zkutil::ZooKeeperArgs::initFromKeeperSection(Poco::Util::AbstractConfiguration const&, String const&) @ 0x0000000013813c10 in /usr/bin/clickhouse
4. zkutil::ZooKeeperArgs::ZooKeeperArgs(Poco::Util::AbstractConfiguration const&, String const&) @ 0x000000001380f986 in /usr/bin/clickhouse
5. zkutil::ZooKeeper::ZooKeeper(Poco::Util::AbstractConfiguration const&, String const&, std::shared_ptr<DB::ZooKeeperLog>) @ 0x00000000137e48cc in /usr/bin/clickhouse
6. DB::Context::getZooKeeper() const @ 0x000000001164aa4a in /usr/bin/clickhouse
7. DB::DDLWorker::getAndSetZooKeeper() @ 0x00000000116cc32d in /usr/bin/clickhouse
8. DB::DDLWorker::initializeMainThread() @ 0x00000000116dca3b in /usr/bin/clickhouse
9. DB::DDLWorker::runMainThread() @ 0x00000000116c73c0 in /usr/bin/clickhouse
10. void std::__function::__policy_invoker<void ()>::__call_impl<std::__function::__default_alloc_func<ThreadFromGlobalPoolImpl<true>::ThreadFromGlobalPoolImpl<void (DB::DDLWorker::*)(), DB::DDLWorker*>(void (DB::DDLWorker::*&&)(), DB::DDLWorker*&&)::'lambda'(), void ()>>(std::__function::__policy_storage const*) @ 0x00000000116ddb4c in /usr/bin/clickhouse
11. void* std::__thread_proxy[abi:v15000]<std::tuple<std::unique_ptr<std::__thread_struct, std::default_delete<std::__thread_struct>>, void ThreadPoolImpl<std::thread>::scheduleImpl<void>(std::function<void ()>, Priority, std::optional<unsigned long>, bool)::'lambda0'()>>(void*) @ 0x000000000c706104 in /usr/bin/clickhouse
12. ? @ 0x00007d53c9f52609 in ?
13. ? @ 0x00007d53c9e77353 in ?
 (version 23.8.16.16 (official build)). Failed to start DDLWorker.
2026.03.18 20:34:26.146973 [ 286 ] {} <Error> virtual bool DB::DDLWorker::initializeMainThread(): Code: 999. Coordination::Exception: Unknown key host in config file. (KEEPER_EXCEPTION), Stack trace (when copying this message, always include the lines below):

0. DB::Exception::Exception(DB::Exception::MessageMasked&&, int, bool) @ 0x000000000c6251d7 in /usr/bin/clickhouse
1. DB::Exception::Exception<String const&>(int, FormatStringHelperImpl<std::type_identity<String const&>::type>, String const&) @ 0x00000000074ae38d in /usr/bin/clickhouse
2. Coordination::Exception::Exception<String const&>(Coordination::Error, FormatStringHelperImpl<std::type_identity<String const&>::type>, String const&) @ 0x000000001276578a in /usr/bin/clickhouse
3. zkutil::ZooKeeperArgs::initFromKeeperSection(Poco::Util::AbstractConfiguration const&, String const&) @ 0x0000000013813c10 in /usr/bin/clickhouse
4. zkutil::ZooKeeperArgs::ZooKeeperArgs(Poco::Util::AbstractConfiguration const&, String const&) @ 0x000000001380f986 in /usr/bin/clickhouse
5. zkutil::ZooKeeper::ZooKeeper(Poco::Util::AbstractConfiguration const&, String const&, std::shared_ptr<DB::ZooKeeperLog>) @ 0x00000000137e48cc in /usr/bin/clickhouse
6. DB::Context::getZooKeeper() const @ 0x000000001164aa4a in /usr/bin/clickhouse
7. DB::DDLWorker::getAndSetZooKeeper() @ 0x00000000116cc32d in /usr/bin/clickhouse
8. DB::DDLWorker::initializeMainThread() @ 0x00000000116dca3b in /usr/bin/clickhouse
9. DB::DDLWorker::runMainThread() @ 0x00000000116c73c0 in /usr/bin/clickhouse
10. void std::__function::__policy_invoker<void ()>::__call_impl<std::__function::__default_alloc_func<ThreadFromGlobalPoolImpl<true>::ThreadFromGlobalPoolImpl<void (DB::DDLWorker::*)(), DB::DDLWorker*>(void (DB::DDLWorker::*&&)(), DB::DDLWorker*&&)::'lambda'(), void ()>>(std::__function::__policy_storage const*) @ 0x00000000116ddb4c in /usr/bin/clickhouse
11. void* std::__thread_proxy[abi:v15000]<std::tuple<std::unique_ptr<std::__thread_struct, std::default_delete<std::__thread_struct>>, void ThreadPoolImpl<std::thread>::scheduleImpl<void>(std::function<void ()>, Priority, std::optional<unsigned long>, bool)::'lambda0'()>>(void*) @ 0x000000000c706104 in /usr/bin/clickhouse
12. ? @ 0x00007d53c9f52609 in ?
13. ? @ 0x00007d53c9e77353 in ?
 (version 23.8.16.16 (official build))
2026.03.18 20:34:31.155063 [ 286 ] {} <Error> DDLWorker: ZooKeeper error: Code: 999. Coordination::Exception: Unknown key host in config file. (KEEPER_EXCEPTION), Stack trace (when copying this message, always include the lines below):

0. DB::Exception::Exception(DB::Exception::MessageMasked&&, int, bool) @ 0x000000000c6251d7 in /usr/bin/clickhouse
1. DB::Exception::Exception<String const&>(int, FormatStringHelperImpl<std::type_identity<String const&>::type>, String const&) @ 0x00000000074ae38d in /usr/bin/clickhouse
2. Coordination::Exception::Exception<String const&>(Coordination::Error, FormatStringHelperImpl<std::type_identity<String const&>::type>, String const&) @ 0x000000001276578a in /usr/bin/clickhouse
3. zkutil::ZooKeeperArgs::initFromKeeperSection(Poco::Util::AbstractConfiguration const&, String const&) @ 0x0000000013813c10 in /usr/bin/clickhouse
4. zkutil::ZooKeeperArgs::ZooKeeperArgs(Poco::Util::AbstractConfiguration const&, String const&) @ 0x000000001380f986 in /usr/bin/clickhouse
5. zkutil::ZooKeeper::ZooKeeper(Poco::Util::AbstractConfiguration const&, String const&, std::shared_ptr<DB::ZooKeeperLog>) @ 0x00000000137e48cc in /usr/bin/clickhouse
6. DB::Context::getZooKeeper() const @ 0x000000001164aa4a in /usr/bin/clickhouse
7. DB::DDLWorker::getAndSetZooKeeper() @ 0x00000000116cc32d in /usr/bin/clickhouse
8. DB::DDLWorker::initializeMainThread() @ 0x00000000116dca3b in /usr/bin/clickhouse
9. DB::DDLWorker::runMainThread() @ 0x00000000116c73c0 in /usr/bin/clickhouse
10. void std::__function::__policy_invoker<void ()>::__call_impl<std::__function::__default_alloc_func<ThreadFromGlobalPoolImpl<true>::ThreadFromGlobalPoolImpl<void (DB::DDLWorker::*)(), DB::DDLWorker*>(void (DB::DDLWorker::*&&)(), DB::DDLWorker*&&)::'lambda'(), void ()>>(std::__function::__policy_storage const*) @ 0x00000000116ddb4c in /usr/bin/clickhouse
11. void* std::__thread_proxy[abi:v15000]<std::tuple<std::unique_ptr<std::__thread_struct, std::default_delete<std::__thread_struct>>, void ThreadPoolImpl<std::thread>::scheduleImpl<void>(std::function<void ()>, Priority, std::optional<unsigned long>, bool)::'lambda0'()>>(void*) @ 0x000000000c706104 in /usr/bin/clickhouse
12. ? @ 0x00007d53c9f52609 in ?
13. ? @ 0x00007d53c9e77353 in ?
 (version 23.8.16.16 (official build)). Failed to start DDLWorker.
2026.03.18 20:34:31.155225 [ 286 ] {} <Error> virtual bool DB::DDLWorker::initializeMainThread(): Code: 999. Coordination::Exception: Unknown key host in config file. (KEEPER_EXCEPTION), Stack trace (when copying this message, always include the lines below):

0. DB::Exception::Exception(DB::Exception::MessageMasked&&, int, bool) @ 0x000000000c6251d7 in /usr/bin/clickhouse
1. DB::Exception::Exception<String const&>(int, FormatStringHelperImpl<std::type_identity<String const&>::type>, String const&) @ 0x00000000074ae38d in /usr/bin/clickhouse
2. Coordination::Exception::Exception<String const&>(Coordination::Error, FormatStringHelperImpl<std::type_identity<String const&>::type>, String const&) @ 0x000000001276578a in /usr/bin/clickhouse
3. zkutil::ZooKeeperArgs::initFromKeeperSection(Poco::Util::AbstractConfiguration const&, String const&) @ 0x0000000013813c10 in /usr/bin/clickhouse
4. zkutil::ZooKeeperArgs::ZooKeeperArgs(Poco::Util::AbstractConfiguration const&, String const&) @ 0x000000001380f986 in /usr/bin/clickhouse
5. zkutil::ZooKeeper::ZooKeeper(Poco::Util::AbstractConfiguration const&, String const&, std::shared_ptr<DB::ZooKeeperLog>) @ 0x00000000137e48cc in /usr/bin/clickhouse
6. DB::Context::getZooKeeper() const @ 0x000000001164aa4a in /usr/bin/clickhouse
7. DB::DDLWorker::getAndSetZooKeeper() @ 0x00000000116cc32d in /usr/bin/clickhouse
8. DB::DDLWorker::initializeMainThread() @ 0x00000000116dca3b in /usr/bin/clickhouse
9. DB::DDLWorker::runMainThread() @ 0x00000000116c73c0 in /usr/bin/clickhouse
10. void std::__function::__policy_invoker<void ()>::__call_impl<std::__function::__default_alloc_func<ThreadFromGlobalPoolImpl<true>::ThreadFromGlobalPoolImpl<void (DB::DDLWorker::*)(), DB::DDLWorker*>(void (DB::DDLWorker::*&&)(), DB::DDLWorker*&&)::'lambda'(), void ()>>(std::__function::__policy_storage const*) @ 0x00000000116ddb4c in /usr/bin/clickhouse
11. void* std::__thread_proxy[abi:v15000]<std::tuple<std::unique_ptr<std::__thread_struct, std::default_delete<std::__thread_struct>>, void ThreadPoolImpl<std::thread>::scheduleImpl<void>(std::function<void ()>, Priority, std::optional<unsigned long>, bool)::'lambda0'()>>(void*) @ 0x000000000c706104 in /usr/bin/clickhouse
12. ? @ 0x00007d53c9f52609 in ?
13. ? @ 0x00007d53c9e77353 in ?
 (version 23.8.16.16 (official build))
2026.03.18 20:34:36.005883 [ 288 ] {} <Trace> AsynchronousMetrics: Scanning /sys/block
2026.03.18 20:34:36.130002 [ 87 ] {} <Debug> DNSResolver: Updating DNS cache
2026.03.18 20:34:36.131393 [ 87 ] {} <Debug> DNSResolver: Updated DNS cache
2026.03.18 20:34:36.155913 [ 286 ] {} <Error> DDLWorker: ZooKeeper error: Code: 999. Coordination::Exception: Unknown key host in config file. (KEEPER_EXCEPTION), Stack trace (when copying this message, always include the lines below):

0. DB::Exception::Exception(DB::Exception::MessageMasked&&, int, bool) @ 0x000000000c6251d7 in /usr/bin/clickhouse
1. DB::Exception::Exception<String const&>(int, FormatStringHelperImpl<std::type_identity<String const&>::type>, String const&) @ 0x00000000074ae38d in /usr/bin/clickhouse
2. Coordination::Exception::Exception<String const&>(Coordination::Error, FormatStringHelperImpl<std::type_identity<String const&>::type>, String const&) @ 0x000000001276578a in /usr/bin/clickhouse
3. zkutil::ZooKeeperArgs::initFromKeeperSection(Poco::Util::AbstractConfiguration const&, String const&) @ 0x0000000013813c10 in /usr/bin/clickhouse
4. zkutil::ZooKeeperArgs::ZooKeeperArgs(Poco::Util::AbstractConfiguration const&, String const&) @ 0x000000001380f986 in /usr/bin/clickhouse
5. zkutil::ZooKeeper::ZooKeeper(Poco::Util::AbstractConfiguration const&, String const&, std::shared_ptr<DB::ZooKeeperLog>) @ 0x00000000137e48cc in /usr/bin/clickhouse
6. DB::Context::getZooKeeper() const @ 0x000000001164aa4a in /usr/bin/clickhouse
7. DB::DDLWorker::getAndSetZooKeeper() @ 0x00000000116cc32d in /usr/bin/clickhouse
8. DB::DDLWorker::initializeMainThread() @ 0x00000000116dca3b in /usr/bin/clickhouse
9. DB::DDLWorker::runMainThread() @ 0x00000000116c73c0 in /usr/bin/clickhouse
10. void std::__function::__policy_invoker<void ()>::__call_impl<std::__function::__default_alloc_func<ThreadFromGlobalPoolImpl<true>::ThreadFromGlobalPoolImpl<void (DB::DDLWorker::*)(), DB::DDLWorker*>(void (DB::DDLWorker::*&&)(), DB::DDLWorker*&&)::'lambda'(), void ()>>(std::__function::__policy_storage const*) @ 0x00000000116ddb4c in /usr/bin/clickhouse
11. void* std::__thread_proxy[abi:v15000]<std::tuple<std::unique_ptr<std::__thread_struct, std::default_delete<std::__thread_struct>>, void ThreadPoolImpl<std::thread>::scheduleImpl<void>(std::function<void ()>, Priority, std::optional<unsigned long>, bool)::'lambda0'()>>(void*) @ 0x000000000c706104 in /usr/bin/clickhouse
12. ? @ 0x00007d53c9f52609 in ?
13. ? @ 0x00007d53c9e77353 in ?
 (version 23.8.16.16 (official build)). Failed to start DDLWorker.
2026.03.18 20:34:36.155942 [ 286 ] {} <Error> virtual bool DB::DDLWorker::initializeMainThread(): Code: 999. Coordination::Exception: Unknown key host in config file. (KEEPER_EXCEPTION), Stack trace (when copying this message, always include the lines below):

0. DB::Exception::Exception(DB::Exception::MessageMasked&&, int, bool) @ 0x000000000c6251d7 in /usr/bin/clickhouse
1. DB::Exception::Exception<String const&>(int, FormatStringHelperImpl<std::type_identity<String const&>::type>, String const&) @ 0x00000000074ae38d in /usr/bin/clickhouse
2. Coordination::Exception::Exception<String const&>(Coordination::Error, FormatStringHelperImpl<std::type_identity<String const&>::type>, String const&) @ 0x000000001276578a in /usr/bin/clickhouse
3. zkutil::ZooKeeperArgs::initFromKeeperSection(Poco::Util::AbstractConfiguration const&, String const&) @ 0x0000000013813c10 in /usr/bin/clickhouse
4. zkutil::ZooKeeperArgs::ZooKeeperArgs(Poco::Util::AbstractConfiguration const&, String const&) @ 0x000000001380f986 in /usr/bin/clickhouse
5. zkutil::ZooKeeper::ZooKeeper(Poco::Util::AbstractConfiguration const&, String const&, std::shared_ptr<DB::ZooKeeperLog>) @ 0x00000000137e48cc in /usr/bin/clickhouse
6. DB::Context::getZooKeeper() const @ 0x000000001164aa4a in /usr/bin/clickhouse
7. DB::DDLWorker::getAndSetZooKeeper() @ 0x00000000116cc32d in /usr/bin/clickhouse
8. DB::DDLWorker::initializeMainThread() @ 0x00000000116dca3b in /usr/bin/clickhouse
9. DB::DDLWorker::runMainThread() @ 0x00000000116c73c0 in /usr/bin/clickhouse
10. void std::__function::__policy_invoker<void ()>::__call_impl<std::__function::__default_alloc_func<ThreadFromGlobalPoolImpl<true>::ThreadFromGlobalPoolImpl<void (DB::DDLWorker::*)(), DB::DDLWorker*>(void (DB::DDLWorker::*&&)(), DB::DDLWorker*&&)::'lambda'(), void ()>>(std::__function::__policy_storage const*) @ 0x00000000116ddb4c in /usr/bin/clickhouse
11. void* std::__thread_proxy[abi:v15000]<std::tuple<std::unique_ptr<std::__thread_struct, std::default_delete<std::__thread_struct>>, void ThreadPoolImpl<std::thread>::scheduleImpl<void>(std::function<void ()>, Priority, std::optional<unsigned long>, bool)::'lambda0'()>>(void*) @ 0x000000000c706104 in /usr/bin/clickhouse
12. ? @ 0x00007d53c9f52609 in ?
13. ? @ 0x00007d53c9e77353 in ?
 (version 23.8.16.16 (official build))
2026.03.18 20:34:41.158499 [ 286 ] {} <Error> DDLWorker: ZooKeeper error: Code: 999. Coordination::Exception: Unknown key host in config file. (KEEPER_EXCEPTION), Stack trace (when copying this message, always include the lines below):

0. DB::Exception::Exception(DB::Exception::MessageMasked&&, int, bool) @ 0x000000000c6251d7 in /usr/bin/clickhouse
1. DB::Exception::Exception<String const&>(int, FormatStringHelperImpl<std::type_identity<String const&>::type>, String const&) @ 0x00000000074ae38d in /usr/bin/clickhouse
2. Coordination::Exception::Exception<String const&>(Coordination::Error, FormatStringHelperImpl<std::type_identity<String const&>::type>, String const&) @ 0x000000001276578a in /usr/bin/clickhouse
3. zkutil::ZooKeeperArgs::initFromKeeperSection(Poco::Util::AbstractConfiguration const&, String const&) @ 0x0000000013813c10 in /usr/bin/clickhouse
4. zkutil::ZooKeeperArgs::ZooKeeperArgs(Poco::Util::AbstractConfiguration const&, String const&) @ 0x000000001380f986 in /usr/bin/clickhouse
5. zkutil::ZooKeeper::ZooKeeper(Poco::Util::AbstractConfiguration const&, String const&, std::shared_ptr<DB::ZooKeeperLog>) @ 0x00000000137e48cc in /usr/bin/clickhouse
6. DB::Context::getZooKeeper() const @ 0x000000001164aa4a in /usr/bin/clickhouse
7. DB::DDLWorker::getAndSetZooKeeper() @ 0x00000000116cc32d in /usr/bin/clickhouse
8. DB::DDLWorker::initializeMainThread() @ 0x00000000116dca3b in /usr/bin/clickhouse
9. DB::DDLWorker::runMainThread() @ 0x00000000116c73c0 in /usr/bin/clickhouse
10. void std::__function::__policy_invoker<void ()>::__call_impl<std::__function::__default_alloc_func<ThreadFromGlobalPoolImpl<true>::ThreadFromGlobalPoolImpl<void (DB::DDLWorker::*)(), DB::DDLWorker*>(void (DB::DDLWorker::*&&)(), DB::DDLWorker*&&)::'lambda'(), void ()>>(std::__function::__policy_storage const*) @ 0x00000000116ddb4c in /usr/bin/clickhouse
11. void* std::__thread_proxy[abi:v15000]<std::tuple<std::unique_ptr<std::__thread_struct, std::default_delete<std::__thread_struct>>, void ThreadPoolImpl<std::thread>::scheduleImpl<void>(std::function<void ()>, Priority, std::optional<unsigned long>, bool)::'lambda0'()>>(void*) @ 0x000000000c706104 in /usr/bin/clickhouse
12. ? @ 0x00007d53c9f52609 in ?
13. ? @ 0x00007d53c9e77353 in ?
 (version 23.8.16.16 (official build)). Failed to start DDLWorker.
2026.03.18 20:34:41.158600 [ 286 ] {} <Error> virtual bool DB::DDLWorker::initializeMainThread(): Code: 999. Coordination::Exception: Unknown key host in config file. (KEEPER_EXCEPTION), Stack trace (when copying this message, always include the lines below):

0. DB::Exception::Exception(DB::Exception::MessageMasked&&, int, bool) @ 0x000000000c6251d7 in /usr/bin/clickhouse
1. DB::Exception::Exception<String const&>(int, FormatStringHelperImpl<std::type_identity<String const&>::type>, String const&) @ 0x00000000074ae38d in /usr/bin/clickhouse
2. Coordination::Exception::Exception<String const&>(Coordination::Error, FormatStringHelperImpl<std::type_identity<String const&>::type>, String const&) @ 0x000000001276578a in /usr/bin/clickhouse
3. zkutil::ZooKeeperArgs::initFromKeeperSection(Poco::Util::AbstractConfiguration const&, String const&) @ 0x0000000013813c10 in /usr/bin/clickhouse
4. zkutil::ZooKeeperArgs::ZooKeeperArgs(Poco::Util::AbstractConfiguration const&, String const&) @ 0x000000001380f986 in /usr/bin/clickhouse
5. zkutil::ZooKeeper::ZooKeeper(Poco::Util::AbstractConfiguration const&, String const&, std::shared_ptr<DB::ZooKeeperLog>) @ 0x00000000137e48cc in /usr/bin/clickhouse
6. DB::Context::getZooKeeper() const @ 0x000000001164aa4a in /usr/bin/clickhouse
7. DB::DDLWorker::getAndSetZooKeeper() @ 0x00000000116cc32d in /usr/bin/clickhouse
8. DB::DDLWorker::initializeMainThread() @ 0x00000000116dca3b in /usr/bin/clickhouse
9. DB::DDLWorker::runMainThread() @ 0x00000000116c73c0 in /usr/bin/clickhouse
10. void std::__function::__policy_invoker<void ()>::__call_impl<std::__function::__default_alloc_func<ThreadFromGlobalPoolImpl<true>::ThreadFromGlobalPoolImpl<void (DB::DDLWorker::*)(), DB::DDLWorker*>(void (DB::DDLWorker::*&&)(), DB::DDLWorker*&&)::'lambda'(), void ()>>(std::__function::__policy_storage const*) @ 0x00000000116ddb4c in /usr/bin/clickhouse
11. void* std::__thread_proxy[abi:v15000]<std::tuple<std::unique_ptr<std::__thread_struct, std::default_delete<std::__thread_struct>>, void ThreadPoolImpl<std::thread>::scheduleImpl<void>(std::function<void ()>, Priority, std::optional<unsigned long>, bool)::'lambda0'()>>(void*) @ 0x000000000c706104 in /usr/bin/clickhouse
12. ? @ 0x00007d53c9f52609 in ?
13. ? @ 0x00007d53c9e77353 in ?
 (version 23.8.16.16 (official build))
2026.03.18 20:34:46.159430 [ 286 ] {} <Error> DDLWorker: ZooKeeper error: Code: 999. Coordination::Exception: Unknown key host in config file. (KEEPER_EXCEPTION), Stack trace (when copying this message, always include the lines below):

0. DB::Exception::Exception(DB::Exception::MessageMasked&&, int, bool) @ 0x000000000c6251d7 in /usr/bin/clickhouse
1. DB::Exception::Exception<String const&>(int, FormatStringHelperImpl<std::type_identity<String const&>::type>, String const&) @ 0x00000000074ae38d in /usr/bin/clickhouse
2. Coordination::Exception::Exception<String const&>(Coordination::Error, FormatStringHelperImpl<std::type_identity<String const&>::type>, String const&) @ 0x000000001276578a in /usr/bin/clickhouse
3. zkutil::ZooKeeperArgs::initFromKeeperSection(Poco::Util::AbstractConfiguration const&, String const&) @ 0x0000000013813c10 in /usr/bin/clickhouse
4. zkutil::ZooKeeperArgs::ZooKeeperArgs(Poco::Util::AbstractConfiguration const&, String const&) @ 0x000000001380f986 in /usr/bin/clickhouse
5. zkutil::ZooKeeper::ZooKeeper(Poco::Util::AbstractConfiguration const&, String const&, std::shared_ptr<DB::ZooKeeperLog>) @ 0x00000000137e48cc in /usr/bin/clickhouse
6. DB::Context::getZooKeeper() const @ 0x000000001164aa4a in /usr/bin/clickhouse
7. DB::DDLWorker::getAndSetZooKeeper() @ 0x00000000116cc32d in /usr/bin/clickhouse
8. DB::DDLWorker::initializeMainThread() @ 0x00000000116dca3b in /usr/bin/clickhouse
9. DB::DDLWorker::runMainThread() @ 0x00000000116c73c0 in /usr/bin/clickhouse
10. void std::__function::__policy_invoker<void ()>::__call_impl<std::__function::__default_alloc_func<ThreadFromGlobalPoolImpl<true>::ThreadFromGlobalPoolImpl<void (DB::DDLWorker::*)(), DB::DDLWorker*>(void (DB::DDLWorker::*&&)(), DB::DDLWorker*&&)::'lambda'(), void ()>>(std::__function::__policy_storage const*) @ 0x00000000116ddb4c in /usr/bin/clickhouse
11. void* std::__thread_proxy[abi:v15000]<std::tuple<std::unique_ptr<std::__thread_struct, std::default_delete<std::__thread_struct>>, void ThreadPoolImpl<std::thread>::scheduleImpl<void>(std::function<void ()>, Priority, std::optional<unsigned long>, bool)::'lambda0'()>>(void*) @ 0x000000000c706104 in /usr/bin/clickhouse
12. ? @ 0x00007d53c9f52609 in ?
13. ? @ 0x00007d53c9e77353 in ?
 (version 23.8.16.16 (official build)). Failed to start DDLWorker.
2026.03.18 20:34:46.159502 [ 286 ] {} <Error> virtual bool DB::DDLWorker::initializeMainThread(): Code: 999. Coordination::Exception: Unknown key host in config file. (KEEPER_EXCEPTION), Stack trace (when copying this message, always include the lines below):

0. DB::Exception::Exception(DB::Exception::MessageMasked&&, int, bool) @ 0x000000000c6251d7 in /usr/bin/clickhouse
1. DB::Exception::Exception<String const&>(int, FormatStringHelperImpl<std::type_identity<String const&>::type>, String const&) @ 0x00000000074ae38d in /usr/bin/clickhouse
2. Coordination::Exception::Exception<String const&>(Coordination::Error, FormatStringHelperImpl<std::type_identity<String const&>::type>, String const&) @ 0x000000001276578a in /usr/bin/clickhouse
3. zkutil::ZooKeeperArgs::initFromKeeperSection(Poco::Util::AbstractConfiguration const&, String const&) @ 0x0000000013813c10 in /usr/bin/clickhouse
4. zkutil::ZooKeeperArgs::ZooKeeperArgs(Poco::Util::AbstractConfiguration const&, String const&) @ 0x000000001380f986 in /usr/bin/clickhouse
5. zkutil::ZooKeeper::ZooKeeper(Poco::Util::AbstractConfiguration const&, String const&, std::shared_ptr<DB::ZooKeeperLog>) @ 0x00000000137e48cc in /usr/bin/clickhouse
6. DB::Context::getZooKeeper() const @ 0x000000001164aa4a in /usr/bin/clickhouse
7. DB::DDLWorker::getAndSetZooKeeper() @ 0x00000000116cc32d in /usr/bin/clickhouse
8. DB::DDLWorker::initializeMainThread() @ 0x00000000116dca3b in /usr/bin/clickhouse
9. DB::DDLWorker::runMainThread() @ 0x00000000116c73c0 in /usr/bin/clickhouse
10. void std::__function::__policy_invoker<void ()>::__call_impl<std::__function::__default_alloc_func<ThreadFromGlobalPoolImpl<true>::ThreadFromGlobalPoolImpl<void (DB::DDLWorker::*)(), DB::DDLWorker*>(void (DB::DDLWorker::*&&)(), DB::DDLWorker*&&)::'lambda'(), void ()>>(std::__function::__policy_storage const*) @ 0x00000000116ddb4c in /usr/bin/clickhouse
11. void* std::__thread_proxy[abi:v15000]<std::tuple<std::unique_ptr<std::__thread_struct, std::default_delete<std::__thread_struct>>, void ThreadPoolImpl<std::thread>::scheduleImpl<void>(std::function<void ()>, Priority, std::optional<unsigned long>, bool)::'lambda0'()>>(void*) @ 0x000000000c706104 in /usr/bin/clickhouse
12. ? @ 0x00007d53c9f52609 in ?
13. ? @ 0x00007d53c9e77353 in ?
 (version 23.8.16.16 (official build))
2026.03.18 20:34:51.132277 [ 86 ] {} <Debug> DNSResolver: Updating DNS cache
2026.03.18 20:34:51.133610 [ 86 ] {} <Debug> DNSResolver: Updated DNS cache
2026.03.18 20:34:51.160083 [ 286 ] {} <Error> DDLWorker: ZooKeeper error: Code: 999. Coordination::Exception: Unknown key host in config file. (KEEPER_EXCEPTION), Stack trace (when copying this message, always include the lines below):

0. DB::Exception::Exception(DB::Exception::MessageMasked&&, int, bool) @ 0x000000000c6251d7 in /usr/bin/clickhouse
1. DB::Exception::Exception<String const&>(int, FormatStringHelperImpl<std::type_identity<String const&>::type>, String const&) @ 0x00000000074ae38d in /usr/bin/clickhouse
2. Coordination::Exception::Exception<String const&>(Coordination::Error, FormatStringHelperImpl<std::type_identity<String const&>::type>, String const&) @ 0x000000001276578a in /usr/bin/clickhouse
3. zkutil::ZooKeeperArgs::initFromKeeperSection(Poco::Util::AbstractConfiguration const&, String const&) @ 0x0000000013813c10 in /usr/bin/clickhouse
4. zkutil::ZooKeeperArgs::ZooKeeperArgs(Poco::Util::AbstractConfiguration const&, String const&) @ 0x000000001380f986 in /usr/bin/clickhouse
5. zkutil::ZooKeeper::ZooKeeper(Poco::Util::AbstractConfiguration const&, String const&, std::shared_ptr<DB::ZooKeeperLog>) @ 0x00000000137e48cc in /usr/bin/clickhouse
6. DB::Context::getZooKeeper() const @ 0x000000001164aa4a in /usr/bin/clickhouse
7. DB::DDLWorker::getAndSetZooKeeper() @ 0x00000000116cc32d in /usr/bin/clickhouse
8. DB::DDLWorker::initializeMainThread() @ 0x00000000116dca3b in /usr/bin/clickhouse
9. DB::DDLWorker::runMainThread() @ 0x00000000116c73c0 in /usr/bin/clickhouse
10. void std::__function::__policy_invoker<void ()>::__call_impl<std::__function::__default_alloc_func<ThreadFromGlobalPoolImpl<true>::ThreadFromGlobalPoolImpl<void (DB::DDLWorker::*)(), DB::DDLWorker*>(void (DB::DDLWorker::*&&)(), DB::DDLWorker*&&)::'lambda'(), void ()>>(std::__function::__policy_storage const*) @ 0x00000000116ddb4c in /usr/bin/clickhouse
11. void* std::__thread_proxy[abi:v15000]<std::tuple<std::unique_ptr<std::__thread_struct, std::default_delete<std::__thread_struct>>, void ThreadPoolImpl<std::thread>::scheduleImpl<void>(std::function<void ()>, Priority, std::optional<unsigned long>, bool)::'lambda0'()>>(void*) @ 0x000000000c706104 in /usr/bin/clickhouse
12. ? @ 0x00007d53c9f52609 in ?
13. ? @ 0x00007d53c9e77353 in ?
 (version 23.8.16.16 (official build)). Failed to start DDLWorker.
2026.03.18 20:34:51.160142 [ 286 ] {} <Error> virtual bool DB::DDLWorker::initializeMainThread(): Code: 999. Coordination::Exception: Unknown key host in config file. (KEEPER_EXCEPTION), Stack trace (when copying this message, always include the lines below):

0. DB::Exception::Exception(DB::Exception::MessageMasked&&, int, bool) @ 0x000000000c6251d7 in /usr/bin/clickhouse
1. DB::Exception::Exception<String const&>(int, FormatStringHelperImpl<std::type_identity<String const&>::type>, String const&) @ 0x00000000074ae38d in /usr/bin/clickhouse
2. Coordination::Exception::Exception<String const&>(Coordination::Error, FormatStringHelperImpl<std::type_identity<String const&>::type>, String const&) @ 0x000000001276578a in /usr/bin/clickhouse
3. zkutil::ZooKeeperArgs::initFromKeeperSection(Poco::Util::AbstractConfiguration const&, String const&) @ 0x0000000013813c10 in /usr/bin/clickhouse
4. zkutil::ZooKeeperArgs::ZooKeeperArgs(Poco::Util::AbstractConfiguration const&, String const&) @ 0x000000001380f986 in /usr/bin/clickhouse
5. zkutil::ZooKeeper::ZooKeeper(Poco::Util::AbstractConfiguration const&, String const&, std::shared_ptr<DB::ZooKeeperLog>) @ 0x00000000137e48cc in /usr/bin/clickhouse
6. DB::Context::getZooKeeper() const @ 0x000000001164aa4a in /usr/bin/clickhouse
7. DB::DDLWorker::getAndSetZooKeeper() @ 0x00000000116cc32d in /usr/bin/clickhouse
8. DB::DDLWorker::initializeMainThread() @ 0x00000000116dca3b in /usr/bin/clickhouse
9. DB::DDLWorker::runMainThread() @ 0x00000000116c73c0 in /usr/bin/clickhouse
10. void std::__function::__policy_invoker<void ()>::__call_impl<std::__function::__default_alloc_func<ThreadFromGlobalPoolImpl<true>::ThreadFromGlobalPoolImpl<void (DB::DDLWorker::*)(), DB::DDLWorker*>(void (DB::DDLWorker::*&&)(), DB::DDLWorker*&&)::'lambda'(), void ()>>(std::__function::__policy_storage const*) @ 0x00000000116ddb4c in /usr/bin/clickhouse
11. void* std::__thread_proxy[abi:v15000]<std::tuple<std::unique_ptr<std::__thread_struct, std::default_delete<std::__thread_struct>>, void ThreadPoolImpl<std::thread>::scheduleImpl<void>(std::function<void ()>, Priority, std::optional<unsigned long>, bool)::'lambda0'()>>(void*) @ 0x000000000c706104 in /usr/bin/clickhouse
12. ? @ 0x00007d53c9f52609 in ?
13. ? @ 0x00007d53c9e77353 in ?
 (version 23.8.16.16 (official build))
2026.03.18 20:34:53.562117 [ 43 ] {} <Trace> BaseDaemon: Received signal 15
2026.03.18 20:34:53.562202 [ 43 ] {} <Information> Application: Received termination signal (Terminated)
2026.03.18 20:34:53.562295 [ 1 ] {} <Debug> Application: Received termination signal.
2026.03.18 20:34:53.562543 [ 1 ] {} <Debug> Application: Waiting for current connections to close.
2026.03.18 20:34:53.810602 [ 1 ] {} <Information> Application: Closed all listening sockets.
2026.03.18 20:34:53.810633 [ 1 ] {} <Information> Application: Closed connections.
2026.03.18 20:34:53.810900 [ 1 ] {} <Information> Application: Shutting down storages.
2026.03.18 20:34:53.810912 [ 1 ] {} <Information> Context: Shutdown disk default
2026.03.18 20:34:53.810920 [ 1 ] {} <Trace> AsynchronousInsertQueue: Shutting down the asynchronous insertion queue
2026.03.18 20:34:53.813827 [ 1 ] {} <Trace> AsynchronousInsertQueue: Asynchronous insertion queue finished
2026.03.18 20:34:53.813844 [ 1 ] {} <Debug> Context: Shutting down dictionaries loader
2026.03.18 20:34:53.813866 [ 1 ] {} <Debug> Context: Shutting down UDFs loader
2026.03.18 20:34:53.814020 [ 1 ] {} <Debug> Context: Shutting down another UDFs loader
2026.03.18 20:34:53.814027 [ 1 ] {} <Trace> Context: Shutting down named sessions
2026.03.18 20:34:53.814037 [ 1 ] {} <Debug> Context: Shutting down system logs
2026.03.18 20:34:53.814039 [ 1 ] {} <Trace> Context: Shutting down database catalog
2026.03.18 20:34:53.814080 [ 1 ] {} <Trace> DatabaseCatalog: Shutting down database INFORMATION_SCHEMA
2026.03.18 20:34:53.814268 [ 1 ] {} <Trace> DatabaseCatalog: Shutting down database default
2026.03.18 20:34:53.814276 [ 1 ] {} <Trace> DatabaseCatalog: Shutting down database information_schema
2026.03.18 20:34:53.814482 [ 1 ] {} <Trace> DatabaseCatalog: Shutting down system databases
2026.03.18 20:34:53.815362 [ 1 ] {} <Debug> Context: Shutting down merges executor
2026.03.18 20:34:53.816838 [ 1 ] {} <Debug> Context: Shutting down fetches executor
2026.03.18 20:34:53.817114 [ 1 ] {} <Debug> Context: Shutting down moves executor
2026.03.18 20:34:53.817273 [ 1 ] {} <Debug> Context: Shutting down common executor
2026.03.18 20:34:53.817568 [ 1 ] {} <Trace> Context: Shutting down DDLWorker
2026.03.18 20:34:56.167600 [ 1 ] {} <Trace> Context: Shutting down caches
2026.03.18 20:34:56.167641 [ 1 ] {} <Trace> Context: Shutting down AccessControl
2026.03.18 20:34:56.168033 [ 1 ] {} <Trace> BackgroundSchedulePool/BgBufSchPool: Waiting for threads to finish.
2026.03.18 20:34:56.168924 [ 1 ] {} <Trace> BackgroundSchedulePool/BgSchPool: Waiting for threads to finish.
2026.03.18 20:34:56.169101 [ 1 ] {} <Trace> BackgroundSchedulePool/BgDistSchPool: Waiting for threads to finish.
2026.03.18 20:34:56.169515 [ 1 ] {} <Trace> BackgroundSchedulePool/BgMBSchPool: Waiting for threads to finish.
2026.03.18 20:34:56.169628 [ 1 ] {} <Debug> Application: Shut down storages.
2026.03.18 20:34:56.169635 [ 1 ] {} <Debug> Application: Waiting for current connections to servers for tables to finish.
2026.03.18 20:34:56.337992 [ 1 ] {} <Information> Application: Closed all listening sockets.
2026.03.18 20:34:56.338023 [ 1 ] {} <Information> Application: Closed connections to servers for tables.
2026.03.18 20:34:56.339362 [ 1 ] {} <Debug> Application: Destroyed global context.
2026.03.18 20:34:56.340534 [ 1 ] {} <Information> Application: shutting down
2026.03.18 20:34:56.340543 [ 1 ] {} <Debug> Application: Uninitializing subsystem: Logging Subsystem
2026.03.18 20:34:56.341428 [ 43 ] {} <Trace> BaseDaemon: Received signal -2
2026.03.18 20:34:56.341438 [ 43 ] {} <Information> BaseDaemon: Stop SignalListener thread
2026.03.18 20:35:31.143152 [ 1 ] {} <Information> SentryWriter: Sending crash reports is disabled
2026.03.18 20:35:31.143292 [ 1 ] {} <Trace> Pipe: Pipe capacity is 1.00 MiB
2026.03.18 20:35:31.208798 [ 1 ] {} <Information> Application: Starting ClickHouse 23.8.16.16 (revision: 54477, git hash: b80cac57eadd2bdad0ea44f54a262f5bd79e70b8, build id: 7D8F3AE700A95C8301ADF246CAD61375591B4B2E), PID 1
2026.03.18 20:35:31.209566 [ 1 ] {} <Information> Application: starting up
2026.03.18 20:35:31.209585 [ 1 ] {} <Information> Application: OS name: Linux, version: 6.17.0-14-generic, architecture: x86_64
2026.03.18 20:35:31.228996 [ 1 ] {} <Information> Application: Available RAM: 15.62 GiB; physical cores: 4; logical cores: 4.
2026.03.18 20:35:31.231056 [ 1 ] {} <Trace> AsynchronousMetrics: Scanning /sys/class/thermal
2026.03.18 20:35:31.231087 [ 1 ] {} <Trace> AsynchronousMetrics: Scanning /sys/block
2026.03.18 20:35:31.231345 [ 1 ] {} <Trace> AsynchronousMetrics: Scanning /sys/devices/system/edac
2026.03.18 20:35:31.231379 [ 1 ] {} <Trace> AsynchronousMetrics: Scanning /sys/class/hwmon
2026.03.18 20:35:31.435881 [ 1 ] {} <Information> Application: Integrity check of the executable successfully passed (checksum: DADF777B514BD5BBFF1D30DA842D5DCF)
2026.03.18 20:35:31.436117 [ 1 ] {} <Debug> Application: Set max number of file descriptors to 524288 (was 1024).
2026.03.18 20:35:31.436124 [ 1 ] {} <Debug> Application: rlimit on number of threads is 63649
2026.03.18 20:35:31.436130 [ 1 ] {} <Debug> Application: Initializing DateLUT.
2026.03.18 20:35:31.436135 [ 1 ] {} <Trace> Application: Initialized DateLUT with time zone 'Europe/Moscow'.
2026.03.18 20:35:31.436150 [ 1 ] {} <Debug> Context: Setting up /var/lib/clickhouse/tmp/ to store temporary data in it
2026.03.18 20:35:31.436417 [ 1 ] {} <Debug> Application: Configuration parameter 'interserver_http_host' doesn't exist or exists and empty. Will use 'clickhouse-node3' as replica host.
2026.03.18 20:35:31.436427 [ 1 ] {} <Debug> Application: Initializing interserver credentials.
2026.03.18 20:35:31.436455 [ 1 ] {} <Trace> NamedCollectionsUtils: Loaded 0 collections from config
2026.03.18 20:35:31.436504 [ 1 ] {} <Trace> NamedCollectionsUtils: Loaded 0 collections from SQL
2026.03.18 20:35:31.436940 [ 1 ] {} <Debug> ConfigReloader: Loading config '/etc/clickhouse-server/config.xml'
2026.03.18 20:35:31.438457 [ 1 ] {} <Debug> ConfigReloader: Loaded config '/etc/clickhouse-server/config.xml', performing update on configuration
2026.03.18 20:35:31.439078 [ 1 ] {} <Information> Application: Setting max_server_memory_usage was set to 14.06 GiB (15.62 GiB available * 0.90 max_server_memory_usage_to_ram_ratio)
2026.03.18 20:35:31.439105 [ 1 ] {} <Information> Application: Setting merges_mutations_memory_usage_soft_limit was set to 7.81 GiB (15.62 GiB available * 0.50 merges_mutations_memory_usage_to_ram_ratio)
2026.03.18 20:35:31.439109 [ 1 ] {} <Information> Application: Merges and mutations memory limit is set to 7.81 GiB
2026.03.18 20:35:31.441970 [ 1 ] {} <Information> BackgroundSchedulePool/BgBufSchPool: Create BackgroundSchedulePool with 16 threads
2026.03.18 20:35:31.444086 [ 1 ] {} <Information> BackgroundSchedulePool/BgSchPool: Create BackgroundSchedulePool with 128 threads
2026.03.18 20:35:31.489889 [ 1 ] {} <Information> BackgroundSchedulePool/BgMBSchPool: Create BackgroundSchedulePool with 16 threads
2026.03.18 20:35:31.493992 [ 1 ] {} <Information> BackgroundSchedulePool/BgDistSchPool: Create BackgroundSchedulePool with 16 threads
2026.03.18 20:35:31.500111 [ 1 ] {} <Information> CertificateReloader: One of paths is empty. Cannot apply new configuration for certificates. Fill all paths and try again.
2026.03.18 20:35:31.500128 [ 1 ] {} <Debug> ConfigReloader: Loaded config '/etc/clickhouse-server/config.xml', performed update on configuration
2026.03.18 20:35:31.501234 [ 1 ] {} <Warning> Application: Listen [::]:9009 failed: Poco::Exception. Code: 1000, e.code() = 0, DNS error: EAI: Address family for hostname not supported (version 23.8.16.16 (official build)). If it is an IPv6 or IPv4 address and your host has disabled IPv6 or IPv4, then consider to specify not disabled IPv4 or IPv6 address to listen in <listen_host> element of configuration file. Example for disabled IPv6: <listen_host>0.0.0.0</listen_host> . Example for disabled IPv4: <listen_host>::</listen_host>
2026.03.18 20:35:31.504643 [ 1 ] {} <Information> Application: Listening for replica communication (interserver): http://0.0.0.0:9009
2026.03.18 20:35:31.510504 [ 1 ] {} <Debug> ConfigReloader: Loading config '/etc/clickhouse-server/users.xml'
2026.03.18 20:35:31.512914 [ 1 ] {} <Debug> ConfigReloader: Loaded config '/etc/clickhouse-server/users.xml', performing update on configuration
2026.03.18 20:35:31.513486 [ 1 ] {} <Debug> ConfigReloader: Loaded config '/etc/clickhouse-server/users.xml', performed update on configuration
2026.03.18 20:35:31.514222 [ 1 ] {} <Debug> Access(user directories): Added users_xml access storage 'users_xml', path: /etc/clickhouse-server/users.xml
2026.03.18 20:35:31.515927 [ 1 ] {} <Information> Context: Initialized background executor for merges and mutations with num_threads=16, num_tasks=32, scheduling_policy=round_robin
2026.03.18 20:35:31.516520 [ 1 ] {} <Information> Context: Initialized background executor for move operations with num_threads=8, num_tasks=8
2026.03.18 20:35:31.517185 [ 1 ] {} <Information> Context: Initialized background executor for fetches with num_threads=8, num_tasks=8
2026.03.18 20:35:31.517883 [ 1 ] {} <Information> Context: Initialized background executor for common operations (e.g. clearing old parts) with num_threads=8, num_tasks=8
2026.03.18 20:35:31.519357 [ 1 ] {} <Information> DNSCacheUpdater: Update period 15 seconds
2026.03.18 20:35:31.519507 [ 228 ] {} <Debug> DNSResolver: Updating DNS cache
2026.03.18 20:35:31.519772 [ 1 ] {} <Information> Application: Loading metadata from /var/lib/clickhouse/
2026.03.18 20:35:31.520371 [ 228 ] {} <Debug> DNSResolver: Updated DNS cache
2026.03.18 20:35:31.521224 [ 1 ] {} <Information> DatabaseAtomic (system): Metadata processed, database system has 0 tables and 0 dictionaries in total.
2026.03.18 20:35:31.521235 [ 1 ] {} <Information> TablesLoader: Parsed metadata of 0 tables in 1 databases in 0.000205323 sec
2026.03.18 20:35:31.521254 [ 1 ] {} <Trace> ReferentialDeps: No tables
2026.03.18 20:35:31.521259 [ 1 ] {} <Trace> LoadingDeps: No tables
2026.03.18 20:35:31.521372 [ 1 ] {} <Information> DatabaseAtomic (system): Starting up tables.
2026.03.18 20:35:31.521392 [ 1 ] {} <Debug> SystemLog: Not creating system.query_log since corresponding section 'query_log' is missing from config
2026.03.18 20:35:31.521480 [ 1 ] {} <Debug> SystemLog: Not creating system.query_thread_log since corresponding section 'query_thread_log' is missing from config
2026.03.18 20:35:31.521491 [ 1 ] {} <Debug> SystemLog: Not creating system.part_log since corresponding section 'part_log' is missing from config
2026.03.18 20:35:31.521563 [ 1 ] {} <Debug> SystemLog: Not creating system.trace_log since corresponding section 'trace_log' is missing from config
2026.03.18 20:35:31.521597 [ 1 ] {} <Debug> SystemLog: Not creating system.crash_log since corresponding section 'crash_log' is missing from config
2026.03.18 20:35:31.521776 [ 1 ] {} <Debug> SystemLog: Not creating system.text_log since corresponding section 'text_log' is missing from config
2026.03.18 20:35:31.521786 [ 1 ] {} <Debug> SystemLog: Not creating system.metric_log since corresponding section 'metric_log' is missing from config
2026.03.18 20:35:31.521791 [ 1 ] {} <Debug> SystemLog: Not creating system.filesystem_cache_log since corresponding section 'filesystem_cache_log' is missing from config
2026.03.18 20:35:31.521797 [ 1 ] {} <Debug> SystemLog: Not creating system.filesystem_read_prefetches_log since corresponding section 'filesystem_read_prefetches_log' is missing from config
2026.03.18 20:35:31.521803 [ 1 ] {} <Debug> SystemLog: Not creating system.asynchronous_metric_log since corresponding section 'asynchronous_metric_log' is missing from config
2026.03.18 20:35:31.521808 [ 1 ] {} <Debug> SystemLog: Not creating system.opentelemetry_span_log since corresponding section 'opentelemetry_span_log' is missing from config
2026.03.18 20:35:31.521882 [ 1 ] {} <Debug> SystemLog: Not creating system.query_views_log since corresponding section 'query_views_log' is missing from config
2026.03.18 20:35:31.521893 [ 1 ] {} <Debug> SystemLog: Not creating system.zookeeper_log since corresponding section 'zookeeper_log' is missing from config
2026.03.18 20:35:31.521899 [ 1 ] {} <Debug> SystemLog: Not creating system.session_log since corresponding section 'session_log' is missing from config
2026.03.18 20:35:31.521904 [ 1 ] {} <Debug> SystemLog: Not creating system.transactions_info_log since corresponding section 'transactions_info_log' is missing from config
2026.03.18 20:35:31.521909 [ 1 ] {} <Debug> SystemLog: Not creating system.processors_profile_log since corresponding section 'processors_profile_log' is missing from config
2026.03.18 20:35:31.521915 [ 1 ] {} <Debug> SystemLog: Not creating system.asynchronous_insert_log since corresponding section 'asynchronous_insert_log' is missing from config
2026.03.18 20:35:31.542204 [ 1 ] {} <Information> DatabaseCatalog: Found 0 partially dropped tables. Will load them and retry removal.
2026.03.18 20:35:31.542402 [ 1 ] {} <Information> DatabaseAtomic (default): Metadata processed, database default has 0 tables and 0 dictionaries in total.
2026.03.18 20:35:31.542409 [ 1 ] {} <Information> TablesLoader: Parsed metadata of 0 tables in 1 databases in 5.7487e-05 sec
2026.03.18 20:35:31.542413 [ 1 ] {} <Trace> ReferentialDeps: No tables
2026.03.18 20:35:31.542416 [ 1 ] {} <Trace> LoadingDeps: No tables
2026.03.18 20:35:31.542428 [ 1 ] {} <Information> DatabaseAtomic (default): Starting up tables.
2026.03.18 20:35:31.542541 [ 1 ] {} <Information> UserDefinedSQLObjectsLoaderFromDisk: Loading user defined objects from /var/lib/clickhouse/user_defined/
2026.03.18 20:35:31.542570 [ 1 ] {} <Debug> UserDefinedSQLObjectsLoaderFromDisk: User defined objects loaded
2026.03.18 20:35:31.542573 [ 1 ] {} <Debug> Application: Loaded metadata.
2026.03.18 20:35:31.542597 [ 1 ] {} <Information> Application: Tasks stats provider: procfs
2026.03.18 20:35:31.542608 [ 1 ] {} <Information> Application: It looks like the process has no CAP_SYS_NICE capability, the setting 'os_thread_priority' will have no effect. It could happen due to incorrect ClickHouse package installation. You could resolve the problem manually with 'sudo setcap cap_sys_nice=+ep /usr/bin/clickhouse'. Note that it will not work on 'nosuid' mounted filesystems.
2026.03.18 20:35:31.543039 [ 1 ] {} <Warning> Application: Listen [::]:8123 failed: Poco::Exception. Code: 1000, e.code() = 0, DNS error: EAI: Address family for hostname not supported (version 23.8.16.16 (official build)). If it is an IPv6 or IPv4 address and your host has disabled IPv6 or IPv4, then consider to specify not disabled IPv4 or IPv6 address to listen in <listen_host> element of configuration file. Example for disabled IPv6: <listen_host>0.0.0.0</listen_host> . Example for disabled IPv4: <listen_host>::</listen_host>
2026.03.18 20:35:31.543219 [ 1 ] {} <Warning> Application: Listen [::]:9000 failed: Poco::Exception. Code: 1000, e.code() = 0, DNS error: EAI: Address family for hostname not supported (version 23.8.16.16 (official build)). If it is an IPv6 or IPv4 address and your host has disabled IPv6 or IPv4, then consider to specify not disabled IPv4 or IPv6 address to listen in <listen_host> element of configuration file. Example for disabled IPv6: <listen_host>0.0.0.0</listen_host> . Example for disabled IPv4: <listen_host>::</listen_host>
2026.03.18 20:35:31.543395 [ 1 ] {} <Information> CertificateReloader: One of paths is empty. Cannot apply new configuration for certificates. Fill all paths and try again.
2026.03.18 20:35:31.543955 [ 1 ] {} <Trace> AsynchronousMetrics: MemoryTracking: was 13.59 MiB, peak 13.59 MiB, free memory in arenas 4.65 MiB, will set to 384.21 MiB (RSS), difference: 370.62 MiB
2026.03.18 20:35:31.544625 [ 1 ] {} <Trace> AsynchronousMetrics: Update heavy metrics. Update period 1 sec. Update heavy metrics period 120 sec. Heavy metrics calculation elapsed: 5.343e-05 sec.
2026.03.18 20:35:31.546811 [ 1 ] {} <Information> Application: Listening for http://0.0.0.0:8123
2026.03.18 20:35:31.547476 [ 287 ] {} <Debug> DDLWorker: Starting DDLWorker thread
2026.03.18 20:35:31.547685 [ 287 ] {} <Debug> DDLWorker: Initializing DDLWorker thread
2026.03.18 20:35:31.548691 [ 1 ] {} <Information> Application: Listening for native protocol (tcp): 0.0.0.0:9000
2026.03.18 20:35:31.548590 [ 290 ] {} <Debug> DDLWorker: Started DDLWorker cleanup thread
2026.03.18 20:35:31.556881 [ 287 ] {} <Error> virtual bool DB::DDLWorker::initializeMainThread(): Code: 999. Coordination::Exception: All connection tries failed while connecting to ZooKeeper. nodes: 172.18.0.2:2181, 172.18.0.4:2181, 172.18.0.3:2181
Poco::Exception. Code: 1000, e.code() = 111, Connection refused (version 23.8.16.16 (official build)), 172.18.0.2:2181
Poco::Exception. Code: 1000, e.code() = 111, Connection refused (version 23.8.16.16 (official build)), 172.18.0.4:2181
Poco::Exception. Code: 1000, e.code() = 111, Connection refused (version 23.8.16.16 (official build)), 172.18.0.3:2181
Poco::Exception. Code: 1000, e.code() = 111, Connection refused (version 23.8.16.16 (official build)), 172.18.0.2:2181
Poco::Exception. Code: 1000, e.code() = 111, Connection refused (version 23.8.16.16 (official build)), 172.18.0.4:2181
Poco::Exception. Code: 1000, e.code() = 111, Connection refused (version 23.8.16.16 (official build)), 172.18.0.3:2181
Poco::Exception. Code: 1000, e.code() = 111, Connection refused (version 23.8.16.16 (official build)), 172.18.0.2:2181
Poco::Exception. Code: 1000, e.code() = 111, Connection refused (version 23.8.16.16 (official build)), 172.18.0.4:2181
Poco::Exception. Code: 1000, e.code() = 111, Connection refused (version 23.8.16.16 (official build)), 172.18.0.3:2181
. (KEEPER_EXCEPTION), Stack trace (when copying this message, always include the lines below):

0. DB::Exception::Exception(DB::Exception::MessageMasked&&, int, bool) @ 0x000000000c6251d7 in /usr/bin/clickhouse
1. DB::Exception::Exception<String&>(int, FormatStringHelperImpl<std::type_identity<String&>::type>, String&) @ 0x00000000074ade4d in /usr/bin/clickhouse
2. Coordination::Exception::Exception<String&>(Coordination::Error, FormatStringHelperImpl<std::type_identity<String&>::type>, String&) @ 0x00000000126d156a in /usr/bin/clickhouse
3. Coordination::ZooKeeper::ZooKeeper(std::vector<Coordination::ZooKeeper::Node, std::allocator<Coordination::ZooKeeper::Node>> const&, zkutil::ZooKeeperArgs const&, std::shared_ptr<DB::ZooKeeperLog>, std::optional<std::function<void (unsigned long, Coordination::ZooKeeper::Node const&)>>&&) @ 0x000000001383014d in /usr/bin/clickhouse
4. zkutil::ZooKeeper::init(zkutil::ZooKeeperArgs) @ 0x00000000137e13b3 in /usr/bin/clickhouse
5. zkutil::ZooKeeper::ZooKeeper(Poco::Util::AbstractConfiguration const&, String const&, std::shared_ptr<DB::ZooKeeperLog>) @ 0x00000000137e48d9 in /usr/bin/clickhouse
6. DB::Context::getZooKeeper() const @ 0x000000001164aa4a in /usr/bin/clickhouse
7. DB::DDLWorker::getAndSetZooKeeper() @ 0x00000000116cc32d in /usr/bin/clickhouse
8. DB::DDLWorker::initializeMainThread() @ 0x00000000116dca3b in /usr/bin/clickhouse
9. DB::DDLWorker::runMainThread() @ 0x00000000116c73c0 in /usr/bin/clickhouse
10. void std::__function::__policy_invoker<void ()>::__call_impl<std::__function::__default_alloc_func<ThreadFromGlobalPoolImpl<true>::ThreadFromGlobalPoolImpl<void (DB::DDLWorker::*)(), DB::DDLWorker*>(void (DB::DDLWorker::*&&)(), DB::DDLWorker*&&)::'lambda'(), void ()>>(std::__function::__policy_storage const*) @ 0x00000000116ddb4c in /usr/bin/clickhouse
11. void* std::__thread_proxy[abi:v15000]<std::tuple<std::unique_ptr<std::__thread_struct, std::default_delete<std::__thread_struct>>, void ThreadPoolImpl<std::thread>::scheduleImpl<void>(std::function<void ()>, Priority, std::optional<unsigned long>, bool)::'lambda0'()>>(void*) @ 0x000000000c706104 in /usr/bin/clickhouse
12. ? @ 0x0000785a46c31609 in ?
13. ? @ 0x0000785a46b56353 in ?
 (version 23.8.16.16 (official build))
2026.03.18 20:35:31.556971 [ 1 ] {} <Information> Application: Ready for connections.
2026.03.18 20:35:32.000402 [ 285 ] {} <Trace> AsynchronousMetrics: MemoryTracking: was 384.31 MiB, peak 384.31 MiB, free memory in arenas 4.64 MiB, will set to 387.42 MiB (RSS), difference: 3.10 MiB
2026.03.18 20:35:36.568098 [ 287 ] {} <Information> ZooKeeperClient: Connected to ZooKeeper at 172.18.0.4:2181 with session_id 2
2026.03.18 20:35:36.569429 [ 287 ] {} <Information> ZooKeeperClient: Keeper feature flag FILTERED_LIST: enabled
2026.03.18 20:35:36.569439 [ 287 ] {} <Information> ZooKeeperClient: Keeper feature flag MULTI_READ: enabled
2026.03.18 20:35:36.569442 [ 287 ] {} <Information> ZooKeeperClient: Keeper feature flag CHECK_NOT_EXISTS: disabled
2026.03.18 20:35:36.569483 [ 287 ] {} <Trace> ZooKeeper: Initialized, hosts: clickhouse-keeper1:2181,clickhouse-keeper2:2181,clickhouse-keeper3:2181
2026.03.18 20:35:36.636603 [ 287 ] {} <Debug> DDLWorker: Initialized DDLWorker thread
2026.03.18 20:35:36.636648 [ 287 ] {} <Debug> DDLWorker: Scheduling tasks
2026.03.18 20:35:36.636654 [ 287 ] {} <Trace> DDLWorker: Don't have unfinished tasks after restarting
2026.03.18 20:35:36.636695 [ 290 ] {} <Debug> DDLWorker: Cleaning queue
2026.03.18 20:35:36.638345 [ 287 ] {} <Trace> DDLWorker: scheduleTasks: initialized=true, size_before_filtering=0, queue_size=0, entries=none..none, first_failed_task_name=none, current_tasks_size=0, last_current_task=none, last_skipped_entry_name=none
2026.03.18 20:35:36.638355 [ 287 ] {} <Debug> DDLWorker: No tasks to schedule
2026.03.18 20:35:36.638358 [ 287 ] {} <Debug> DDLWorker: Waiting for queue updates
2026.03.18 20:35:46.520714 [ 69 ] {} <Debug> DNSResolver: Updating DNS cache
2026.03.18 20:35:46.521937 [ 69 ] {} <Debug> DNSResolver: Updated DNS cache
2026.03.18 20:36:01.522254 [ 87 ] {} <Debug> DNSResolver: Updating DNS cache
2026.03.18 20:36:01.523908 [ 87 ] {} <Debug> DNSResolver: Updated DNS cache
2026.03.18 20:36:16.526948 [ 120 ] {} <Debug> DNSResolver: Updating DNS cache
2026.03.18 20:36:16.528160 [ 120 ] {} <Debug> DNSResolver: Updated DNS cache
2026.03.18 20:36:31.529895 [ 48 ] {} <Debug> DNSResolver: Updating DNS cache
2026.03.18 20:36:31.531000 [ 48 ] {} <Debug> DNSResolver: Updated DNS cache
2026.03.18 20:36:34.377553 [ 287 ] {} <Debug> DDLWorker: Scheduling tasks
2026.03.18 20:36:34.377590 [ 290 ] {} <Trace> DDLWorker: Too early to clean queue, will do it later.
2026.03.18 20:36:34.381290 [ 287 ] {} <Trace> DDLWorker: scheduleTasks: initialized=true, size_before_filtering=1, queue_size=1, entries=query-0000000000..query-0000000000, first_failed_task_name=none, current_tasks_size=0, last_current_task=none, last_skipped_entry_name=none
2026.03.18 20:36:34.381308 [ 287 ] {} <Debug> DDLWorker: Will schedule 1 tasks starting from query-0000000000
2026.03.18 20:36:34.381314 [ 287 ] {} <Trace> DDLWorker: Checking task query-0000000000
2026.03.18 20:36:34.382863 [ 287 ] {} <Debug> DDLWorker: Processing task query-0000000000 (DROP DATABASE test)
2026.03.18 20:36:34.403281 [ 287 ] {} <Debug> DDLWorker: Executing query: DROP DATABASE test
2026.03.18 20:36:34.404067 [ 287 ] {6dd7b797-fd2d-4e03-bb00-f4f91a1a6a2e} <Debug> executeQuery: (from 0.0.0.0:0, user: , initial_query_id: c2951a1a-fb24-435f-87c3-f9c023057853) /* ddl_entry=query-0000000000 */ DROP DATABASE test (stage: Complete)
2026.03.18 20:36:34.404722 [ 287 ] {6dd7b797-fd2d-4e03-bb00-f4f91a1a6a2e} <Error> executeQuery: Code: 81. DB::Exception: Database test does not exist. (UNKNOWN_DATABASE) (version 23.8.16.16 (official build)) (from 0.0.0.0:0) (in query: /* ddl_entry=query-0000000000 */ DROP DATABASE test), Stack trace (when copying this message, always include the lines below):

0. DB::Exception::Exception(DB::Exception::MessageMasked&&, int, bool) @ 0x000000000c6251d7 in /usr/bin/clickhouse
1. DB::Exception::Exception<String>(int, FormatStringHelperImpl<std::type_identity<String>::type>, String&&) @ 0x0000000007133ded in /usr/bin/clickhouse
2. DB::DatabaseCatalog::getDatabase(String const&) const @ 0x00000000116ec0d5 in /usr/bin/clickhouse
3. DB::InterpreterDropQuery::execute() @ 0x0000000011da873d in /usr/bin/clickhouse
4. DB::executeQueryImpl(char const*, char const*, std::shared_ptr<DB::Context>, bool, DB::QueryProcessingStage::Enum, DB::ReadBuffer*) @ 0x00000000122c98a8 in /usr/bin/clickhouse
5. DB::executeQuery(DB::ReadBuffer&, DB::WriteBuffer&, bool, std::shared_ptr<DB::Context>, std::function<void (DB::QueryResultDetails const&)>, std::optional<DB::FormatSettings> const&, std::function<void (DB::IOutputFormat&)>) @ 0x00000000122cc635 in /usr/bin/clickhouse
6. DB::DDLWorker::tryExecuteQuery(DB::DDLTaskBase&, std::shared_ptr<zkutil::ZooKeeper> const&) @ 0x00000000116d4a31 in /usr/bin/clickhouse
7. DB::DDLWorker::processTask(DB::DDLTaskBase&, std::shared_ptr<zkutil::ZooKeeper> const&) @ 0x00000000116d3246 in /usr/bin/clickhouse
8. DB::DDLWorker::scheduleTasks(bool) @ 0x00000000116d0b20 in /usr/bin/clickhouse
9. DB::DDLWorker::runMainThread() @ 0x00000000116c76fe in /usr/bin/clickhouse
10. void std::__function::__policy_invoker<void ()>::__call_impl<std::__function::__default_alloc_func<ThreadFromGlobalPoolImpl<true>::ThreadFromGlobalPoolImpl<void (DB::DDLWorker::*)(), DB::DDLWorker*>(void (DB::DDLWorker::*&&)(), DB::DDLWorker*&&)::'lambda'(), void ()>>(std::__function::__policy_storage const*) @ 0x00000000116ddb4c in /usr/bin/clickhouse
11. void* std::__thread_proxy[abi:v15000]<std::tuple<std::unique_ptr<std::__thread_struct, std::default_delete<std::__thread_struct>>, void ThreadPoolImpl<std::thread>::scheduleImpl<void>(std::function<void ()>, Priority, std::optional<unsigned long>, bool)::'lambda0'()>>(void*) @ 0x000000000c706104 in /usr/bin/clickhouse
12. ? @ 0x0000785a46c31609 in ?
13. ? @ 0x0000785a46b56353 in ?

2026.03.18 20:36:34.404995 [ 287 ] {6dd7b797-fd2d-4e03-bb00-f4f91a1a6a2e} <Error> DDLWorker: Query /* ddl_entry=query-0000000000 */ DROP DATABASE test wasn't finished successfully: Code: 81. DB::Exception: Database test does not exist. (UNKNOWN_DATABASE), Stack trace (when copying this message, always include the lines below):

0. DB::Exception::Exception(DB::Exception::MessageMasked&&, int, bool) @ 0x000000000c6251d7 in /usr/bin/clickhouse
1. DB::Exception::Exception<String>(int, FormatStringHelperImpl<std::type_identity<String>::type>, String&&) @ 0x0000000007133ded in /usr/bin/clickhouse
2. DB::DatabaseCatalog::getDatabase(String const&) const @ 0x00000000116ec0d5 in /usr/bin/clickhouse
3. DB::InterpreterDropQuery::execute() @ 0x0000000011da873d in /usr/bin/clickhouse
4. DB::executeQueryImpl(char const*, char const*, std::shared_ptr<DB::Context>, bool, DB::QueryProcessingStage::Enum, DB::ReadBuffer*) @ 0x00000000122c98a8 in /usr/bin/clickhouse
5. DB::executeQuery(DB::ReadBuffer&, DB::WriteBuffer&, bool, std::shared_ptr<DB::Context>, std::function<void (DB::QueryResultDetails const&)>, std::optional<DB::FormatSettings> const&, std::function<void (DB::IOutputFormat&)>) @ 0x00000000122cc635 in /usr/bin/clickhouse
6. DB::DDLWorker::tryExecuteQuery(DB::DDLTaskBase&, std::shared_ptr<zkutil::ZooKeeper> const&) @ 0x00000000116d4a31 in /usr/bin/clickhouse
7. DB::DDLWorker::processTask(DB::DDLTaskBase&, std::shared_ptr<zkutil::ZooKeeper> const&) @ 0x00000000116d3246 in /usr/bin/clickhouse
8. DB::DDLWorker::scheduleTasks(bool) @ 0x00000000116d0b20 in /usr/bin/clickhouse
9. DB::DDLWorker::runMainThread() @ 0x00000000116c76fe in /usr/bin/clickhouse
10. void std::__function::__policy_invoker<void ()>::__call_impl<std::__function::__default_alloc_func<ThreadFromGlobalPoolImpl<true>::ThreadFromGlobalPoolImpl<void (DB::DDLWorker::*)(), DB::DDLWorker*>(void (DB::DDLWorker::*&&)(), DB::DDLWorker*&&)::'lambda'(), void ()>>(std::__function::__policy_storage const*) @ 0x00000000116ddb4c in /usr/bin/clickhouse
11. void* std::__thread_proxy[abi:v15000]<std::tuple<std::unique_ptr<std::__thread_struct, std::default_delete<std::__thread_struct>>, void ThreadPoolImpl<std::thread>::scheduleImpl<void>(std::function<void ()>, Priority, std::optional<unsigned long>, bool)::'lambda0'()>>(void*) @ 0x000000000c706104 in /usr/bin/clickhouse
12. ? @ 0x0000785a46c31609 in ?
13. ? @ 0x0000785a46b56353 in ?
 (version 23.8.16.16 (official build))
2026.03.18 20:36:34.424635 [ 287 ] {} <Debug> DDLWorker: Waiting for queue updates
2026.03.18 20:36:35.011621 [ 285 ] {} <Trace> AsynchronousMetrics: MemoryTracking: was 389.96 MiB, peak 389.96 MiB, free memory in arenas 136.00 KiB, will set to 388.75 MiB (RSS), difference: -1.21 MiB
2026.03.18 20:36:46.531524 [ 74 ] {} <Debug> DNSResolver: Updating DNS cache
2026.03.18 20:36:46.532708 [ 74 ] {} <Debug> DNSResolver: Updated DNS cache
2026.03.18 20:36:48.427914 [ 287 ] {} <Debug> DDLWorker: Scheduling tasks
2026.03.18 20:36:48.431617 [ 287 ] {} <Trace> DDLWorker: scheduleTasks: initialized=true, size_before_filtering=2, queue_size=2, entries=query-0000000000..query-0000000001, first_failed_task_name=none, current_tasks_size=1, last_current_task=query-0000000000, last_skipped_entry_name=none
2026.03.18 20:36:48.431633 [ 287 ] {} <Debug> DDLWorker: Will schedule 1 tasks starting from query-0000000001
2026.03.18 20:36:48.431637 [ 287 ] {} <Trace> DDLWorker: Checking task query-0000000001
2026.03.18 20:36:48.431807 [ 290 ] {} <Debug> DDLWorker: Cleaning queue
2026.03.18 20:36:48.441321 [ 287 ] {} <Debug> DDLWorker: Processing task query-0000000001 (CREATE DATABASE test UUID '4f8cdc1b-d6b5-48dc-8f8e-760c251176a2')
2026.03.18 20:36:48.465582 [ 287 ] {} <Debug> DDLWorker: Executing query: CREATE DATABASE test UUID '4f8cdc1b-d6b5-48dc-8f8e-760c251176a2'
2026.03.18 20:36:48.465765 [ 287 ] {9737e0a7-3136-4f30-a7fe-83118590f621} <Debug> executeQuery: (from 0.0.0.0:0, user: , initial_query_id: 6053fbd1-b867-436d-8040-07c41496c208) /* ddl_entry=query-0000000001 */ CREATE DATABASE test UUID '4f8cdc1b-d6b5-48dc-8f8e-760c251176a2' (stage: Complete)
2026.03.18 20:36:48.489924 [ 287 ] {9737e0a7-3136-4f30-a7fe-83118590f621} <Information> DatabaseAtomic (test): Metadata processed, database test has 0 tables and 0 dictionaries in total.
2026.03.18 20:36:48.489958 [ 287 ] {9737e0a7-3136-4f30-a7fe-83118590f621} <Information> TablesLoader: Parsed metadata of 0 tables in 1 databases in 0.00027846 sec
2026.03.18 20:36:48.489979 [ 287 ] {9737e0a7-3136-4f30-a7fe-83118590f621} <Trace> ReferentialDeps: No tables
2026.03.18 20:36:48.489984 [ 287 ] {9737e0a7-3136-4f30-a7fe-83118590f621} <Trace> LoadingDeps: No tables
2026.03.18 20:36:48.490127 [ 287 ] {9737e0a7-3136-4f30-a7fe-83118590f621} <Information> DatabaseAtomic (test): Starting up tables.
2026.03.18 20:36:48.490281 [ 287 ] {9737e0a7-3136-4f30-a7fe-83118590f621} <Debug> DDLWorker: Executed query: /* ddl_entry=query-0000000001 */ CREATE DATABASE test UUID '4f8cdc1b-d6b5-48dc-8f8e-760c251176a2'
2026.03.18 20:36:48.503208 [ 287 ] {} <Debug> DDLWorker: Waiting for queue updates
2026.03.18 20:37:01.533337 [ 73 ] {} <Debug> DNSResolver: Updating DNS cache
2026.03.18 20:37:01.534713 [ 73 ] {} <Debug> DNSResolver: Updated DNS cache
2026.03.18 20:37:16.537297 [ 88 ] {} <Debug> DNSResolver: Updating DNS cache
2026.03.18 20:37:16.538989 [ 88 ] {} <Debug> DNSResolver: Updated DNS cache
2026.03.18 20:37:31.539411 [ 79 ] {} <Debug> DNSResolver: Updating DNS cache
2026.03.18 20:37:31.540921 [ 79 ] {} <Debug> DNSResolver: Updated DNS cache
2026.03.18 20:37:32.004093 [ 285 ] {} <Trace> AsynchronousMetrics: Update heavy metrics. Update period 1 sec. Update heavy metrics period 120 sec. Heavy metrics calculation elapsed: 1.7152e-05 sec.
2026.03.18 20:37:40.629912 [ 287 ] {} <Debug> DDLWorker: Scheduling tasks
2026.03.18 20:37:40.631749 [ 290 ] {} <Trace> DDLWorker: Too early to clean queue, will do it later.
2026.03.18 20:37:40.638545 [ 287 ] {} <Trace> DDLWorker: scheduleTasks: initialized=true, size_before_filtering=3, queue_size=3, entries=query-0000000000..query-0000000002, first_failed_task_name=none, current_tasks_size=1, last_current_task=query-0000000001, last_skipped_entry_name=none
2026.03.18 20:37:40.638556 [ 287 ] {} <Debug> DDLWorker: Will schedule 1 tasks starting from query-0000000002
2026.03.18 20:37:40.638560 [ 287 ] {} <Trace> DDLWorker: Checking task query-0000000002
2026.03.18 20:37:40.656468 [ 287 ] {} <Debug> DDLWorker: Processing task query-0000000002 (CREATE TABLE IF NOT EXISTS test.students_local UUID 'adcc615b-4a80-499d-a267-5ed2e1cff73a' (`student_id` String, `full_name` String, `birth_date` Date, `email` String, `faculty_code` String, `group_code` String, `enrollment_year` UInt16, `status` String, `gpa` Float32, `created_at` DateTime DEFAULT now()) ENGINE = MergeTree PARTITION BY enrollment_year ORDER BY (student_id, enrollment_year) SETTINGS index_granularity = 8192)
2026.03.18 20:37:40.661604 [ 287 ] {} <Debug> DDLWorker: Executing query: CREATE TABLE IF NOT EXISTS test.students_local UUID 'adcc615b-4a80-499d-a267-5ed2e1cff73a' (`student_id` String, `full_name` String, `birth_date` Date, `email` String, `faculty_code` String, `group_code` String, `enrollment_year` UInt16, `status` String, `gpa` Float32, `created_at` DateTime DEFAULT now()) ENGINE = MergeTree PARTITION BY enrollment_year ORDER BY (student_id, enrollment_year) SETTINGS index_granularity = 8192
2026.03.18 20:37:40.661985 [ 287 ] {0aef523d-0261-4c21-958f-798035bf99ac} <Debug> executeQuery: (from 0.0.0.0:0, user: , initial_query_id: 759812ee-5a61-4b33-b4bc-e57dad2b8ca5) /* ddl_entry=query-0000000002 */ CREATE TABLE IF NOT EXISTS test.students_local UUID 'adcc615b-4a80-499d-a267-5ed2e1cff73a' (`student_id` String, `full_name` String, `birth_date` Date, `email` String, `faculty_code` String, `group_code` String, `enrollment_year` UInt16, `status` String, `gpa` Float32, `created_at` DateTime DEFAULT now()) ENGINE = MergeTree PARTITION BY enrollment_year ORDER BY (student_id, enrollment_year) SETTINGS index_granularity = 8192 (stage: Complete)
2026.03.18 20:37:40.662576 [ 287 ] {0aef523d-0261-4c21-958f-798035bf99ac} <Trace> StoragePolicy (default): Storage policy default created, total volumes 1
2026.03.18 20:37:40.669595 [ 287 ] {0aef523d-0261-4c21-958f-798035bf99ac} <Debug> test.students_local (adcc615b-4a80-499d-a267-5ed2e1cff73a): Loading data parts
2026.03.18 20:37:40.670558 [ 287 ] {0aef523d-0261-4c21-958f-798035bf99ac} <Debug> test.students_local (adcc615b-4a80-499d-a267-5ed2e1cff73a): There are no data parts
2026.03.18 20:37:40.677283 [ 287 ] {0aef523d-0261-4c21-958f-798035bf99ac} <Debug> DDLWorker: Executed query: /* ddl_entry=query-0000000002 */ CREATE TABLE IF NOT EXISTS test.students_local UUID 'adcc615b-4a80-499d-a267-5ed2e1cff73a' (`student_id` String, `full_name` String, `birth_date` Date, `email` String, `faculty_code` String, `group_code` String, `enrollment_year` UInt16, `status` String, `gpa` Float32, `created_at` DateTime DEFAULT now()) ENGINE = MergeTree PARTITION BY enrollment_year ORDER BY (student_id, enrollment_year) SETTINGS index_granularity = 8192
2026.03.18 20:37:40.683592 [ 287 ] {} <Debug> DDLWorker: Waiting for queue updates
2026.03.18 20:37:46.594175 [ 115 ] {} <Debug> DNSResolver: Updating DNS cache
2026.03.18 20:37:46.597227 [ 115 ] {} <Debug> DNSResolver: Updated DNS cache
2026.03.18 20:37:54.756251 [ 287 ] {} <Debug> DDLWorker: Scheduling tasks
2026.03.18 20:37:54.756310 [ 290 ] {} <Debug> DDLWorker: Cleaning queue
2026.03.18 20:37:54.757067 [ 287 ] {} <Trace> DDLWorker: scheduleTasks: initialized=true, size_before_filtering=4, queue_size=4, entries=query-0000000000..query-0000000003, first_failed_task_name=none, current_tasks_size=1, last_current_task=query-0000000002, last_skipped_entry_name=none
2026.03.18 20:37:54.757079 [ 287 ] {} <Debug> DDLWorker: Will schedule 1 tasks starting from query-0000000003
2026.03.18 20:37:54.757084 [ 287 ] {} <Trace> DDLWorker: Checking task query-0000000003
2026.03.18 20:37:54.771312 [ 287 ] {} <Debug> DDLWorker: Processing task query-0000000003 (CREATE TABLE IF NOT EXISTS test.grades_local UUID '7b83862b-cceb-45e9-8ab9-cc0189ed0327' (`grade_id` String, `student_id` String, `course_code` String, `grade` UInt8, `grade_type` String, `grade_date` Date, `semester` UInt8, `academic_year` String, `created_at` DateTime DEFAULT now()) ENGINE = MergeTree PARTITION BY toYYYYMM(grade_date) ORDER BY (student_id, grade_date) SETTINGS index_granularity = 8192)
2026.03.18 20:37:54.781086 [ 287 ] {} <Debug> DDLWorker: Executing query: CREATE TABLE IF NOT EXISTS test.grades_local UUID '7b83862b-cceb-45e9-8ab9-cc0189ed0327' (`grade_id` String, `student_id` String, `course_code` String, `grade` UInt8, `grade_type` String, `grade_date` Date, `semester` UInt8, `academic_year` String, `created_at` DateTime DEFAULT now()) ENGINE = MergeTree PARTITION BY toYYYYMM(grade_date) ORDER BY (student_id, grade_date) SETTINGS index_granularity = 8192
2026.03.18 20:37:54.781214 [ 287 ] {3a6fc538-5f72-4dab-a1b2-fd978dd4e4d3} <Debug> executeQuery: (from 0.0.0.0:0, user: , initial_query_id: 60511bea-a86e-4a46-b334-d254cedb5e37) /* ddl_entry=query-0000000003 */ CREATE TABLE IF NOT EXISTS test.grades_local UUID '7b83862b-cceb-45e9-8ab9-cc0189ed0327' (`grade_id` String, `student_id` String, `course_code` String, `grade` UInt8, `grade_type` String, `grade_date` Date, `semester` UInt8, `academic_year` String, `created_at` DateTime DEFAULT now()) ENGINE = MergeTree PARTITION BY toYYYYMM(grade_date) ORDER BY (student_id, grade_date) SETTINGS index_granularity = 8192 (stage: Complete)
2026.03.18 20:37:54.786541 [ 287 ] {3a6fc538-5f72-4dab-a1b2-fd978dd4e4d3} <Debug> test.grades_local (7b83862b-cceb-45e9-8ab9-cc0189ed0327): Loading data parts
2026.03.18 20:37:54.787594 [ 287 ] {3a6fc538-5f72-4dab-a1b2-fd978dd4e4d3} <Debug> test.grades_local (7b83862b-cceb-45e9-8ab9-cc0189ed0327): There are no data parts
2026.03.18 20:37:54.793476 [ 287 ] {3a6fc538-5f72-4dab-a1b2-fd978dd4e4d3} <Debug> DDLWorker: Executed query: /* ddl_entry=query-0000000003 */ CREATE TABLE IF NOT EXISTS test.grades_local UUID '7b83862b-cceb-45e9-8ab9-cc0189ed0327' (`grade_id` String, `student_id` String, `course_code` String, `grade` UInt8, `grade_type` String, `grade_date` Date, `semester` UInt8, `academic_year` String, `created_at` DateTime DEFAULT now()) ENGINE = MergeTree PARTITION BY toYYYYMM(grade_date) ORDER BY (student_id, grade_date) SETTINGS index_granularity = 8192
2026.03.18 20:37:54.801600 [ 287 ] {} <Debug> DDLWorker: Waiting for queue updates
2026.03.18 20:38:01.653610 [ 124 ] {} <Debug> DNSResolver: Updating DNS cache
2026.03.18 20:38:01.654947 [ 124 ] {} <Debug> DNSResolver: Updated DNS cache
2026.03.18 20:38:09.002230 [ 285 ] {} <Trace> AsynchronousMetrics: MemoryTracking: was 390.83 MiB, peak 390.83 MiB, free memory in arenas 1.54 MiB, will set to 386.88 MiB (RSS), difference: -3.96 MiB
2026.03.18 20:38:09.091907 [ 287 ] {} <Debug> DDLWorker: Scheduling tasks
2026.03.18 20:38:09.091956 [ 290 ] {} <Trace> DDLWorker: Too early to clean queue, will do it later.
2026.03.18 20:38:09.092524 [ 287 ] {} <Trace> DDLWorker: scheduleTasks: initialized=true, size_before_filtering=5, queue_size=5, entries=query-0000000000..query-0000000004, first_failed_task_name=none, current_tasks_size=1, last_current_task=query-0000000003, last_skipped_entry_name=none
2026.03.18 20:38:09.092532 [ 287 ] {} <Debug> DDLWorker: Will schedule 1 tasks starting from query-0000000004
2026.03.18 20:38:09.092535 [ 287 ] {} <Trace> DDLWorker: Checking task query-0000000004
2026.03.18 20:38:09.115434 [ 287 ] {} <Debug> DDLWorker: Processing task query-0000000004 (CREATE TABLE IF NOT EXISTS test.teachers_local UUID 'e100a84f-1a8b-456d-baae-1ca19e5e5ecb' (`teacher_id` String, `full_name` String, `email` String, `position` String, `degree` String, `hire_date` Date, `max_hours` UInt16, `current_hours` UInt16, `created_at` DateTime DEFAULT now()) ENGINE = MergeTree PARTITION BY toYear(hire_date) ORDER BY (teacher_id, hire_date) SETTINGS index_granularity = 8192)
2026.03.18 20:38:09.130648 [ 287 ] {} <Debug> DDLWorker: Executing query: CREATE TABLE IF NOT EXISTS test.teachers_local UUID 'e100a84f-1a8b-456d-baae-1ca19e5e5ecb' (`teacher_id` String, `full_name` String, `email` String, `position` String, `degree` String, `hire_date` Date, `max_hours` UInt16, `current_hours` UInt16, `created_at` DateTime DEFAULT now()) ENGINE = MergeTree PARTITION BY toYear(hire_date) ORDER BY (teacher_id, hire_date) SETTINGS index_granularity = 8192
2026.03.18 20:38:09.130793 [ 287 ] {b65cb96b-b3d0-46db-aabd-6b7c02158c75} <Debug> executeQuery: (from 0.0.0.0:0, user: , initial_query_id: 7e709424-4e52-40bb-8ec9-b3c1819bd8ed) /* ddl_entry=query-0000000004 */ CREATE TABLE IF NOT EXISTS test.teachers_local UUID 'e100a84f-1a8b-456d-baae-1ca19e5e5ecb' (`teacher_id` String, `full_name` String, `email` String, `position` String, `degree` String, `hire_date` Date, `max_hours` UInt16, `current_hours` UInt16, `created_at` DateTime DEFAULT now()) ENGINE = MergeTree PARTITION BY toYear(hire_date) ORDER BY (teacher_id, hire_date) SETTINGS index_granularity = 8192 (stage: Complete)
2026.03.18 20:38:09.139142 [ 287 ] {b65cb96b-b3d0-46db-aabd-6b7c02158c75} <Debug> test.teachers_local (e100a84f-1a8b-456d-baae-1ca19e5e5ecb): Loading data parts
2026.03.18 20:38:09.141001 [ 287 ] {b65cb96b-b3d0-46db-aabd-6b7c02158c75} <Debug> test.teachers_local (e100a84f-1a8b-456d-baae-1ca19e5e5ecb): There are no data parts
2026.03.18 20:38:09.146175 [ 287 ] {b65cb96b-b3d0-46db-aabd-6b7c02158c75} <Debug> DDLWorker: Executed query: /* ddl_entry=query-0000000004 */ CREATE TABLE IF NOT EXISTS test.teachers_local UUID 'e100a84f-1a8b-456d-baae-1ca19e5e5ecb' (`teacher_id` String, `full_name` String, `email` String, `position` String, `degree` String, `hire_date` Date, `max_hours` UInt16, `current_hours` UInt16, `created_at` DateTime DEFAULT now()) ENGINE = MergeTree PARTITION BY toYear(hire_date) ORDER BY (teacher_id, hire_date) SETTINGS index_granularity = 8192
2026.03.18 20:38:09.153699 [ 287 ] {} <Debug> DDLWorker: Waiting for queue updates
2026.03.18 20:38:16.655546 [ 161 ] {} <Debug> DNSResolver: Updating DNS cache
2026.03.18 20:38:16.657039 [ 161 ] {} <Debug> DNSResolver: Updated DNS cache
2026.03.18 20:38:26.556089 [ 287 ] {} <Debug> DDLWorker: Scheduling tasks
2026.03.18 20:38:26.556149 [ 290 ] {} <Trace> DDLWorker: Too early to clean queue, will do it later.
2026.03.18 20:38:26.556822 [ 287 ] {} <Trace> DDLWorker: scheduleTasks: initialized=true, size_before_filtering=6, queue_size=6, entries=query-0000000000..query-0000000005, first_failed_task_name=none, current_tasks_size=1, last_current_task=query-0000000004, last_skipped_entry_name=none
2026.03.18 20:38:26.556845 [ 287 ] {} <Debug> DDLWorker: Will schedule 1 tasks starting from query-0000000005
2026.03.18 20:38:26.556849 [ 287 ] {} <Trace> DDLWorker: Checking task query-0000000005
2026.03.18 20:38:26.558172 [ 287 ] {} <Debug> DDLWorker: Processing task query-0000000005 (CREATE TABLE IF NOT EXISTS test.courses_local UUID '459349ad-92fc-4b00-822f-1454403d3a61' (`course_code` String, `course_name` String, `credits` UInt8, `department_id` String, `semester` UInt8, `is_elective` UInt8, `created_at` DateTime DEFAULT now()) ENGINE = MergeTree ORDER BY (course_code, semester) SETTINGS index_granularity = 8192)
2026.03.18 20:38:26.577719 [ 287 ] {} <Debug> DDLWorker: Executing query: CREATE TABLE IF NOT EXISTS test.courses_local UUID '459349ad-92fc-4b00-822f-1454403d3a61' (`course_code` String, `course_name` String, `credits` UInt8, `department_id` String, `semester` UInt8, `is_elective` UInt8, `created_at` DateTime DEFAULT now()) ENGINE = MergeTree ORDER BY (course_code, semester) SETTINGS index_granularity = 8192
2026.03.18 20:38:26.578535 [ 287 ] {e80df7b0-4c71-49a5-908f-5f8b118954a6} <Debug> executeQuery: (from 0.0.0.0:0, user: , initial_query_id: df439ae7-7e38-4e30-ba33-5a28dfa8c8c8) /* ddl_entry=query-0000000005 */ CREATE TABLE IF NOT EXISTS test.courses_local UUID '459349ad-92fc-4b00-822f-1454403d3a61' (`course_code` String, `course_name` String, `credits` UInt8, `department_id` String, `semester` UInt8, `is_elective` UInt8, `created_at` DateTime DEFAULT now()) ENGINE = MergeTree ORDER BY (course_code, semester) SETTINGS index_granularity = 8192 (stage: Complete)
2026.03.18 20:38:26.585549 [ 287 ] {e80df7b0-4c71-49a5-908f-5f8b118954a6} <Debug> test.courses_local (459349ad-92fc-4b00-822f-1454403d3a61): Loading data parts
2026.03.18 20:38:26.586210 [ 287 ] {e80df7b0-4c71-49a5-908f-5f8b118954a6} <Debug> test.courses_local (459349ad-92fc-4b00-822f-1454403d3a61): There are no data parts
2026.03.18 20:38:26.593916 [ 287 ] {e80df7b0-4c71-49a5-908f-5f8b118954a6} <Debug> DDLWorker: Executed query: /* ddl_entry=query-0000000005 */ CREATE TABLE IF NOT EXISTS test.courses_local UUID '459349ad-92fc-4b00-822f-1454403d3a61' (`course_code` String, `course_name` String, `credits` UInt8, `department_id` String, `semester` UInt8, `is_elective` UInt8, `created_at` DateTime DEFAULT now()) ENGINE = MergeTree ORDER BY (course_code, semester) SETTINGS index_granularity = 8192
2026.03.18 20:38:26.600502 [ 287 ] {} <Debug> DDLWorker: Waiting for queue updates
2026.03.18 20:38:31.658515 [ 191 ] {} <Debug> DNSResolver: Updating DNS cache
2026.03.18 20:38:31.659860 [ 191 ] {} <Debug> DNSResolver: Updated DNS cache
2026.03.18 20:38:46.660603 [ 164 ] {} <Debug> DNSResolver: Updating DNS cache
2026.03.18 20:38:46.661719 [ 164 ] {} <Debug> DNSResolver: Updated DNS cache
2026.03.18 20:39:01.662593 [ 282 ] {} <Debug> DNSResolver: Updating DNS cache
2026.03.18 20:39:01.664155 [ 282 ] {} <Debug> DNSResolver: Updated DNS cache
2026.03.18 20:39:03.708728 [ 287 ] {} <Debug> DDLWorker: Scheduling tasks
2026.03.18 20:39:03.708797 [ 290 ] {} <Debug> DDLWorker: Cleaning queue
2026.03.18 20:39:03.709646 [ 287 ] {} <Trace> DDLWorker: scheduleTasks: initialized=true, size_before_filtering=7, queue_size=7, entries=query-0000000000..query-0000000006, first_failed_task_name=none, current_tasks_size=1, last_current_task=query-0000000005, last_skipped_entry_name=none
2026.03.18 20:39:03.709656 [ 287 ] {} <Debug> DDLWorker: Will schedule 1 tasks starting from query-0000000006
2026.03.18 20:39:03.709661 [ 287 ] {} <Trace> DDLWorker: Checking task query-0000000006
2026.03.18 20:39:03.711130 [ 287 ] {} <Debug> DDLWorker: Processing task query-0000000006 (CREATE TABLE IF NOT EXISTS test.schedule_local UUID 'c5a236a4-b19d-49e9-bdcd-89504d35b521' (`schedule_id` String, `group_code` String, `course_code` String, `teacher_id` String, `day_of_week` UInt8, `pair_number` UInt8, `week_type` String, `classroom` String, `semester` UInt8, `academic_year` String, `created_at` DateTime DEFAULT now()) ENGINE = MergeTree PARTITION BY semester ORDER BY (group_code, day_of_week, pair_number) SETTINGS index_granularity = 8192)
2026.03.18 20:39:03.719413 [ 287 ] {} <Debug> DDLWorker: Executing query: CREATE TABLE IF NOT EXISTS test.schedule_local UUID 'c5a236a4-b19d-49e9-bdcd-89504d35b521' (`schedule_id` String, `group_code` String, `course_code` String, `teacher_id` String, `day_of_week` UInt8, `pair_number` UInt8, `week_type` String, `classroom` String, `semester` UInt8, `academic_year` String, `created_at` DateTime DEFAULT now()) ENGINE = MergeTree PARTITION BY semester ORDER BY (group_code, day_of_week, pair_number) SETTINGS index_granularity = 8192
2026.03.18 20:39:03.719926 [ 287 ] {23fbb8be-4fda-491d-a71c-83b5859b5797} <Debug> executeQuery: (from 0.0.0.0:0, user: , initial_query_id: 4548cf18-c19f-49a3-9a5f-bdeac12f7851) /* ddl_entry=query-0000000006 */ CREATE TABLE IF NOT EXISTS test.schedule_local UUID 'c5a236a4-b19d-49e9-bdcd-89504d35b521' (`schedule_id` String, `group_code` String, `course_code` String, `teacher_id` String, `day_of_week` UInt8, `pair_number` UInt8, `week_type` String, `classroom` String, `semester` UInt8, `academic_year` String, `created_at` DateTime DEFAULT now()) ENGINE = MergeTree PARTITION BY semester ORDER BY (group_code, day_of_week, pair_number) SETTINGS index_granularity = 8192 (stage: Complete)
2026.03.18 20:39:03.728570 [ 287 ] {23fbb8be-4fda-491d-a71c-83b5859b5797} <Debug> test.schedule_local (c5a236a4-b19d-49e9-bdcd-89504d35b521): Loading data parts
2026.03.18 20:39:03.729641 [ 287 ] {23fbb8be-4fda-491d-a71c-83b5859b5797} <Debug> test.schedule_local (c5a236a4-b19d-49e9-bdcd-89504d35b521): There are no data parts
2026.03.18 20:39:03.738346 [ 287 ] {23fbb8be-4fda-491d-a71c-83b5859b5797} <Debug> DDLWorker: Executed query: /* ddl_entry=query-0000000006 */ CREATE TABLE IF NOT EXISTS test.schedule_local UUID 'c5a236a4-b19d-49e9-bdcd-89504d35b521' (`schedule_id` String, `group_code` String, `course_code` String, `teacher_id` String, `day_of_week` UInt8, `pair_number` UInt8, `week_type` String, `classroom` String, `semester` UInt8, `academic_year` String, `created_at` DateTime DEFAULT now()) ENGINE = MergeTree PARTITION BY semester ORDER BY (group_code, day_of_week, pair_number) SETTINGS index_granularity = 8192
2026.03.18 20:39:03.745211 [ 287 ] {} <Debug> DDLWorker: Waiting for queue updates
2026.03.18 20:39:16.664908 [ 116 ] {} <Debug> DNSResolver: Updating DNS cache
2026.03.18 20:39:16.666213 [ 116 ] {} <Debug> DNSResolver: Updated DNS cache
2026.03.18 20:39:19.004296 [ 287 ] {} <Debug> DDLWorker: Scheduling tasks
2026.03.18 20:39:19.004320 [ 290 ] {} <Trace> DDLWorker: Too early to clean queue, will do it later.
2026.03.18 20:39:19.004797 [ 287 ] {} <Trace> DDLWorker: scheduleTasks: initialized=true, size_before_filtering=8, queue_size=8, entries=query-0000000000..query-0000000007, first_failed_task_name=none, current_tasks_size=1, last_current_task=query-0000000006, last_skipped_entry_name=none
2026.03.18 20:39:19.004809 [ 287 ] {} <Debug> DDLWorker: Will schedule 1 tasks starting from query-0000000007
2026.03.18 20:39:19.004814 [ 287 ] {} <Trace> DDLWorker: Checking task query-0000000007
2026.03.18 20:39:19.009551 [ 287 ] {} <Debug> DDLWorker: Processing task query-0000000007 (CREATE TABLE IF NOT EXISTS test.departments_local UUID '802852eb-3467-4b52-9c99-f19fc24aa9f9' (`department_id` String, `name` String, `type` String, `dean_name` String, `contact_email` String, `phone` String, `building` String, `created_at` DateTime DEFAULT now()) ENGINE = MergeTree ORDER BY (department_id, name) SETTINGS index_granularity = 8192)
2026.03.18 20:39:19.032055 [ 287 ] {} <Debug> DDLWorker: Executing query: CREATE TABLE IF NOT EXISTS test.departments_local UUID '802852eb-3467-4b52-9c99-f19fc24aa9f9' (`department_id` String, `name` String, `type` String, `dean_name` String, `contact_email` String, `phone` String, `building` String, `created_at` DateTime DEFAULT now()) ENGINE = MergeTree ORDER BY (department_id, name) SETTINGS index_granularity = 8192
2026.03.18 20:39:19.032233 [ 287 ] {3e63706a-bb39-490e-95df-cebbe354dd42} <Debug> executeQuery: (from 0.0.0.0:0, user: , initial_query_id: 373b9932-8d18-4de3-babb-7e72f869e7b5) /* ddl_entry=query-0000000007 */ CREATE TABLE IF NOT EXISTS test.departments_local UUID '802852eb-3467-4b52-9c99-f19fc24aa9f9' (`department_id` String, `name` String, `type` String, `dean_name` String, `contact_email` String, `phone` String, `building` String, `created_at` DateTime DEFAULT now()) ENGINE = MergeTree ORDER BY (department_id, name) SETTINGS index_granularity = 8192 (stage: Complete)
2026.03.18 20:39:19.041079 [ 287 ] {3e63706a-bb39-490e-95df-cebbe354dd42} <Debug> test.departments_local (802852eb-3467-4b52-9c99-f19fc24aa9f9): Loading data parts
2026.03.18 20:39:19.041668 [ 287 ] {3e63706a-bb39-490e-95df-cebbe354dd42} <Debug> test.departments_local (802852eb-3467-4b52-9c99-f19fc24aa9f9): There are no data parts
2026.03.18 20:39:19.046533 [ 287 ] {3e63706a-bb39-490e-95df-cebbe354dd42} <Debug> DDLWorker: Executed query: /* ddl_entry=query-0000000007 */ CREATE TABLE IF NOT EXISTS test.departments_local UUID '802852eb-3467-4b52-9c99-f19fc24aa9f9' (`department_id` String, `name` String, `type` String, `dean_name` String, `contact_email` String, `phone` String, `building` String, `created_at` DateTime DEFAULT now()) ENGINE = MergeTree ORDER BY (department_id, name) SETTINGS index_granularity = 8192
2026.03.18 20:39:19.054180 [ 287 ] {} <Debug> DDLWorker: Waiting for queue updates
2026.03.18 20:39:31.726541 [ 70 ] {} <Debug> DNSResolver: Updating DNS cache
2026.03.18 20:39:31.727892 [ 70 ] {} <Debug> DNSResolver: Updated DNS cache
2026.03.18 20:39:32.006738 [ 285 ] {} <Trace> AsynchronousMetrics: Update heavy metrics. Update period 1 sec. Update heavy metrics period 120 sec. Heavy metrics calculation elapsed: 0.000159027 sec.
2026.03.18 20:39:46.732966 [ 160 ] {} <Debug> DNSResolver: Updating DNS cache
2026.03.18 20:39:46.734254 [ 160 ] {} <Debug> DNSResolver: Updated DNS cache
2026.03.18 20:39:48.547877 [ 287 ] {} <Debug> DDLWorker: Scheduling tasks
2026.03.18 20:39:48.548707 [ 287 ] {} <Trace> DDLWorker: scheduleTasks: initialized=true, size_before_filtering=9, queue_size=9, entries=query-0000000000..query-0000000008, first_failed_task_name=none, current_tasks_size=1, last_current_task=query-0000000007, last_skipped_entry_name=none
2026.03.18 20:39:48.548717 [ 287 ] {} <Debug> DDLWorker: Will schedule 1 tasks starting from query-0000000008
2026.03.18 20:39:48.548722 [ 287 ] {} <Trace> DDLWorker: Checking task query-0000000008
2026.03.18 20:39:48.548898 [ 290 ] {} <Trace> DDLWorker: Too early to clean queue, will do it later.
2026.03.18 20:39:48.555484 [ 287 ] {} <Debug> DDLWorker: Processing task query-0000000008 (CREATE TABLE IF NOT EXISTS test.students UUID 'b6477048-02aa-4451-83c6-6753649bf24a' (`student_id` String, `full_name` String, `birth_date` Date, `email` String, `faculty_code` String, `group_code` String, `enrollment_year` UInt16, `status` String, `gpa` Float32, `created_at` DateTime DEFAULT now()) ENGINE = Distributed(cluster_3shards, university, students_local, cityHash64(student_id)))
2026.03.18 20:39:48.571534 [ 287 ] {} <Debug> DDLWorker: Executing query: CREATE TABLE IF NOT EXISTS test.students UUID 'b6477048-02aa-4451-83c6-6753649bf24a' (`student_id` String, `full_name` String, `birth_date` Date, `email` String, `faculty_code` String, `group_code` String, `enrollment_year` UInt16, `status` String, `gpa` Float32, `created_at` DateTime DEFAULT now()) ENGINE = Distributed(cluster_3shards, university, students_local, cityHash64(student_id))
2026.03.18 20:39:48.571937 [ 287 ] {044aba94-d430-413e-8558-54c5a56e7db2} <Debug> executeQuery: (from 0.0.0.0:0, user: , initial_query_id: 34815eea-98e8-4798-ad12-feeedb4d1cbe) /* ddl_entry=query-0000000008 */ CREATE TABLE IF NOT EXISTS test.students UUID 'b6477048-02aa-4451-83c6-6753649bf24a' (`student_id` String, `full_name` String, `birth_date` Date, `email` String, `faculty_code` String, `group_code` String, `enrollment_year` UInt16, `status` String, `gpa` Float32, `created_at` DateTime DEFAULT now()) ENGINE = Distributed(cluster_3shards, university, students_local, cityHash64(student_id)) (stage: Complete)
2026.03.18 20:39:48.572971 [ 287 ] {044aba94-d430-413e-8558-54c5a56e7db2} <Debug> StorageDistributed (students): Auto-increment is 0
2026.03.18 20:39:48.580841 [ 287 ] {044aba94-d430-413e-8558-54c5a56e7db2} <Debug> DDLWorker: Executed query: /* ddl_entry=query-0000000008 */ CREATE TABLE IF NOT EXISTS test.students UUID 'b6477048-02aa-4451-83c6-6753649bf24a' (`student_id` String, `full_name` String, `birth_date` Date, `email` String, `faculty_code` String, `group_code` String, `enrollment_year` UInt16, `status` String, `gpa` Float32, `created_at` DateTime DEFAULT now()) ENGINE = Distributed(cluster_3shards, university, students_local, cityHash64(student_id))
2026.03.18 20:39:48.590642 [ 287 ] {} <Debug> DDLWorker: Waiting for queue updates
2026.03.18 20:40:01.819276 [ 93 ] {} <Debug> DNSResolver: Updating DNS cache
2026.03.18 20:40:01.820962 [ 93 ] {} <Debug> DNSResolver: Updated DNS cache
2026.03.18 20:40:16.821656 [ 175 ] {} <Debug> DNSResolver: Updating DNS cache
2026.03.18 20:40:16.823001 [ 175 ] {} <Debug> DNSResolver: Updated DNS cache
2026.03.18 20:40:31.824307 [ 179 ] {} <Debug> DNSResolver: Updating DNS cache
2026.03.18 20:40:31.825592 [ 179 ] {} <Debug> DNSResolver: Updated DNS cache
2026.03.18 20:40:32.011165 [ 285 ] {} <Trace> AsynchronousMetrics: Scanning /sys/block
2026.03.18 20:40:46.826172 [ 186 ] {} <Debug> DNSResolver: Updating DNS cache
2026.03.18 20:40:46.827552 [ 186 ] {} <Debug> DNSResolver: Updated DNS cache
2026.03.18 20:41:01.839383 [ 185 ] {} <Debug> DNSResolver: Updating DNS cache
2026.03.18 20:41:01.841002 [ 185 ] {} <Debug> DNSResolver: Updated DNS cache
2026.03.18 20:41:16.841660 [ 191 ] {} <Debug> DNSResolver: Updating DNS cache
2026.03.18 20:41:16.843075 [ 191 ] {} <Debug> DNSResolver: Updated DNS cache
2026.03.18 20:41:31.431772 [ 287 ] {} <Debug> DDLWorker: Scheduling tasks
2026.03.18 20:41:31.431892 [ 290 ] {} <Debug> DDLWorker: Cleaning queue
2026.03.18 20:41:31.432562 [ 287 ] {} <Trace> DDLWorker: scheduleTasks: initialized=true, size_before_filtering=10, queue_size=10, entries=query-0000000000..query-0000000009, first_failed_task_name=none, current_tasks_size=1, last_current_task=query-0000000008, last_skipped_entry_name=none
2026.03.18 20:41:31.433166 [ 287 ] {} <Debug> DDLWorker: Will schedule 1 tasks starting from query-0000000009
2026.03.18 20:41:31.433179 [ 287 ] {} <Trace> DDLWorker: Checking task query-0000000009
2026.03.18 20:41:31.434974 [ 287 ] {} <Debug> DDLWorker: Processing task query-0000000009 (DROP TABLE test.students)
2026.03.18 20:41:31.443305 [ 287 ] {} <Debug> DDLWorker: Executing query: DROP TABLE test.students
2026.03.18 20:41:31.443525 [ 287 ] {d25d1df1-9fa7-421e-8e66-2623ec6537ff} <Debug> executeQuery: (from 0.0.0.0:0, user: , initial_query_id: 3207bf28-00fd-4bae-9d95-65d9fe1a4ed6) /* ddl_entry=query-0000000009 */ DROP TABLE test.students (stage: Complete)
2026.03.18 20:41:31.443576 [ 287 ] {d25d1df1-9fa7-421e-8e66-2623ec6537ff} <Debug> StorageDistributed (students): Joining background threads for async INSERT
2026.03.18 20:41:31.443582 [ 287 ] {d25d1df1-9fa7-421e-8e66-2623ec6537ff} <Debug> StorageDistributed (students): Background threads for async INSERT joined
2026.03.18 20:41:31.444004 [ 287 ] {d25d1df1-9fa7-421e-8e66-2623ec6537ff} <Debug> DDLWorker: Executed query: /* ddl_entry=query-0000000009 */ DROP TABLE test.students
2026.03.18 20:41:31.444018 [ 155 ] {} <Trace> DatabaseCatalog: Not found any suitable tables to drop, still have 1 tables in drop queue (0 of them are in use). Will check again after 480 seconds
2026.03.18 20:41:31.480103 [ 287 ] {} <Debug> DDLWorker: Waiting for queue updates
2026.03.18 20:41:31.848468 [ 140 ] {} <Debug> DNSResolver: Updating DNS cache
2026.03.18 20:41:31.849781 [ 140 ] {} <Debug> DNSResolver: Updated DNS cache
2026.03.18 20:41:32.104261 [ 285 ] {} <Trace> AsynchronousMetrics: Update heavy metrics. Update period 1 sec. Update heavy metrics period 120 sec. Heavy metrics calculation elapsed: 0.000175888 sec.
2026.03.18 20:41:46.852263 [ 57 ] {} <Debug> DNSResolver: Updating DNS cache
2026.03.18 20:41:46.853557 [ 57 ] {} <Debug> DNSResolver: Updated DNS cache
2026.03.18 20:42:01.860906 [ 130 ] {} <Debug> DNSResolver: Updating DNS cache
2026.03.18 20:42:01.862387 [ 130 ] {} <Debug> DNSResolver: Updated DNS cache
2026.03.18 20:42:10.639119 [ 287 ] {} <Debug> DDLWorker: Scheduling tasks
2026.03.18 20:42:10.639586 [ 290 ] {} <Trace> DDLWorker: Too early to clean queue, will do it later.
2026.03.18 20:42:10.640339 [ 287 ] {} <Trace> DDLWorker: scheduleTasks: initialized=true, size_before_filtering=11, queue_size=11, entries=query-0000000000..query-0000000010, first_failed_task_name=none, current_tasks_size=1, last_current_task=query-0000000009, last_skipped_entry_name=none
2026.03.18 20:42:10.640434 [ 287 ] {} <Debug> DDLWorker: Will schedule 1 tasks starting from query-0000000010
2026.03.18 20:42:10.640440 [ 287 ] {} <Trace> DDLWorker: Checking task query-0000000010
2026.03.18 20:42:10.642460 [ 287 ] {} <Debug> DDLWorker: Processing task query-0000000010 (CREATE TABLE IF NOT EXISTS test.students UUID '9a192b21-aadf-4fc2-9907-ba539fae7e33' (`student_id` String, `full_name` String, `birth_date` Date, `email` String, `faculty_code` String, `group_code` String, `enrollment_year` UInt16, `status` String, `gpa` Float32, `created_at` DateTime DEFAULT now()) ENGINE = Distributed(cluster_3shards, test, students_local, cityHash64(student_id)))
2026.03.18 20:42:10.653356 [ 287 ] {} <Debug> DDLWorker: Executing query: CREATE TABLE IF NOT EXISTS test.students UUID '9a192b21-aadf-4fc2-9907-ba539fae7e33' (`student_id` String, `full_name` String, `birth_date` Date, `email` String, `faculty_code` String, `group_code` String, `enrollment_year` UInt16, `status` String, `gpa` Float32, `created_at` DateTime DEFAULT now()) ENGINE = Distributed(cluster_3shards, test, students_local, cityHash64(student_id))
2026.03.18 20:42:10.653616 [ 287 ] {a330b09d-55d5-4a28-b614-30a2e2c7c9d2} <Debug> executeQuery: (from 0.0.0.0:0, user: , initial_query_id: d6827fb4-b7f2-42d2-9953-7bd63d8cf0f4) /* ddl_entry=query-0000000010 */ CREATE TABLE IF NOT EXISTS test.students UUID '9a192b21-aadf-4fc2-9907-ba539fae7e33' (`student_id` String, `full_name` String, `birth_date` Date, `email` String, `faculty_code` String, `group_code` String, `enrollment_year` UInt16, `status` String, `gpa` Float32, `created_at` DateTime DEFAULT now()) ENGINE = Distributed(cluster_3shards, test, students_local, cityHash64(student_id)) (stage: Complete)
2026.03.18 20:42:10.654605 [ 287 ] {a330b09d-55d5-4a28-b614-30a2e2c7c9d2} <Debug> StorageDistributed (students): Auto-increment is 0
2026.03.18 20:42:10.674659 [ 287 ] {a330b09d-55d5-4a28-b614-30a2e2c7c9d2} <Debug> DDLWorker: Executed query: /* ddl_entry=query-0000000010 */ CREATE TABLE IF NOT EXISTS test.students UUID '9a192b21-aadf-4fc2-9907-ba539fae7e33' (`student_id` String, `full_name` String, `birth_date` Date, `email` String, `faculty_code` String, `group_code` String, `enrollment_year` UInt16, `status` String, `gpa` Float32, `created_at` DateTime DEFAULT now()) ENGINE = Distributed(cluster_3shards, test, students_local, cityHash64(student_id))
2026.03.18 20:42:10.686499 [ 287 ] {} <Debug> DDLWorker: Waiting for queue updates
2026.03.18 20:42:16.940539 [ 133 ] {} <Debug> DNSResolver: Updating DNS cache
2026.03.18 20:42:16.942242 [ 133 ] {} <Debug> DNSResolver: Updated DNS cache
2026.03.18 20:42:31.942625 [ 138 ] {} <Debug> DNSResolver: Updating DNS cache
2026.03.18 20:42:31.943949 [ 138 ] {} <Debug> DNSResolver: Updated DNS cache
2026.03.18 20:42:32.712308 [ 290 ] {} <Debug> DDLWorker: Cleaning queue
2026.03.18 20:42:32.712346 [ 287 ] {} <Debug> DDLWorker: Scheduling tasks
2026.03.18 20:42:32.722792 [ 287 ] {} <Trace> DDLWorker: scheduleTasks: initialized=true, size_before_filtering=12, queue_size=12, entries=query-0000000000..query-0000000011, first_failed_task_name=none, current_tasks_size=1, last_current_task=query-0000000010, last_skipped_entry_name=none
2026.03.18 20:42:32.731639 [ 287 ] {} <Debug> DDLWorker: Will schedule 1 tasks starting from query-0000000011
2026.03.18 20:42:32.731651 [ 287 ] {} <Trace> DDLWorker: Checking task query-0000000011
2026.03.18 20:42:32.742041 [ 287 ] {} <Debug> DDLWorker: Processing task query-0000000011 (CREATE TABLE IF NOT EXISTS test.grades UUID 'fe046a39-0c41-4265-99b6-6c14773a4d47' (`grade_id` String, `student_id` String, `course_code` String, `grade` UInt8, `grade_type` String, `grade_date` Date, `semester` UInt8, `academic_year` String, `created_at` DateTime DEFAULT now()) ENGINE = Distributed(cluster_3shards, test, grades_local, cityHash64(student_id)))
2026.03.18 20:42:32.765030 [ 287 ] {} <Debug> DDLWorker: Executing query: CREATE TABLE IF NOT EXISTS test.grades UUID 'fe046a39-0c41-4265-99b6-6c14773a4d47' (`grade_id` String, `student_id` String, `course_code` String, `grade` UInt8, `grade_type` String, `grade_date` Date, `semester` UInt8, `academic_year` String, `created_at` DateTime DEFAULT now()) ENGINE = Distributed(cluster_3shards, test, grades_local, cityHash64(student_id))
2026.03.18 20:42:32.765157 [ 287 ] {c7ac86a1-c4dd-4eb5-810c-3af291190c15} <Debug> executeQuery: (from 0.0.0.0:0, user: , initial_query_id: b33f7286-f3c6-49f0-9a55-679254b7e3c7) /* ddl_entry=query-0000000011 */ CREATE TABLE IF NOT EXISTS test.grades UUID 'fe046a39-0c41-4265-99b6-6c14773a4d47' (`grade_id` String, `student_id` String, `course_code` String, `grade` UInt8, `grade_type` String, `grade_date` Date, `semester` UInt8, `academic_year` String, `created_at` DateTime DEFAULT now()) ENGINE = Distributed(cluster_3shards, test, grades_local, cityHash64(student_id)) (stage: Complete)
2026.03.18 20:42:32.767619 [ 287 ] {c7ac86a1-c4dd-4eb5-810c-3af291190c15} <Debug> StorageDistributed (grades): Auto-increment is 0
2026.03.18 20:42:32.773210 [ 287 ] {c7ac86a1-c4dd-4eb5-810c-3af291190c15} <Debug> DDLWorker: Executed query: /* ddl_entry=query-0000000011 */ CREATE TABLE IF NOT EXISTS test.grades UUID 'fe046a39-0c41-4265-99b6-6c14773a4d47' (`grade_id` String, `student_id` String, `course_code` String, `grade` UInt8, `grade_type` String, `grade_date` Date, `semester` UInt8, `academic_year` String, `created_at` DateTime DEFAULT now()) ENGINE = Distributed(cluster_3shards, test, grades_local, cityHash64(student_id))
2026.03.18 20:42:32.786546 [ 287 ] {} <Debug> DDLWorker: Waiting for queue updates
2026.03.18 20:42:46.957006 [ 164 ] {} <Debug> DNSResolver: Updating DNS cache
2026.03.18 20:42:46.958474 [ 164 ] {} <Debug> DNSResolver: Updated DNS cache
2026.03.18 20:43:02.005909 [ 166 ] {} <Debug> DNSResolver: Updating DNS cache
2026.03.18 20:43:02.007605 [ 166 ] {} <Debug> DNSResolver: Updated DNS cache
2026.03.18 20:43:17.008185 [ 167 ] {} <Debug> DNSResolver: Updating DNS cache
2026.03.18 20:43:17.011060 [ 167 ] {} <Debug> DNSResolver: Updated DNS cache
2026.03.18 20:43:32.074082 [ 228 ] {} <Debug> DNSResolver: Updating DNS cache
2026.03.18 20:43:32.075000 [ 285 ] {} <Trace> AsynchronousMetrics: Update heavy metrics. Update period 1 sec. Update heavy metrics period 120 sec. Heavy metrics calculation elapsed: 0.000261599 sec.
2026.03.18 20:43:32.075374 [ 228 ] {} <Debug> DNSResolver: Updated DNS cache
2026.03.18 20:43:47.078503 [ 196 ] {} <Debug> DNSResolver: Updating DNS cache
2026.03.18 20:43:47.080005 [ 196 ] {} <Debug> DNSResolver: Updated DNS cache
2026.03.18 20:44:02.138850 [ 283 ] {} <Debug> DNSResolver: Updating DNS cache
2026.03.18 20:44:02.141019 [ 283 ] {} <Debug> DNSResolver: Updated DNS cache
2026.03.18 20:44:17.141270 [ 281 ] {} <Debug> DNSResolver: Updating DNS cache
2026.03.18 20:44:17.143000 [ 281 ] {} <Debug> DNSResolver: Updated DNS cache
2026.03.18 20:44:32.237739 [ 69 ] {} <Debug> DNSResolver: Updating DNS cache
2026.03.18 20:44:32.239161 [ 69 ] {} <Debug> DNSResolver: Updated DNS cache
2026.03.18 20:44:47.250771 [ 48 ] {} <Debug> DNSResolver: Updating DNS cache
2026.03.18 20:44:47.252612 [ 48 ] {} <Debug> DNSResolver: Updated DNS cache
2026.03.18 20:45:02.268064 [ 88 ] {} <Debug> DNSResolver: Updating DNS cache
2026.03.18 20:45:02.269963 [ 88 ] {} <Debug> DNSResolver: Updated DNS cache
2026.03.18 20:45:17.284002 [ 92 ] {} <Debug> DNSResolver: Updating DNS cache
2026.03.18 20:45:17.285683 [ 92 ] {} <Debug> DNSResolver: Updated DNS cache
2026.03.18 20:45:32.003293 [ 285 ] {} <Trace> AsynchronousMetrics: Update heavy metrics. Update period 1 sec. Update heavy metrics period 120 sec. Heavy metrics calculation elapsed: 0.00057864 sec.
2026.03.18 20:45:32.333043 [ 104 ] {} <Debug> DNSResolver: Updating DNS cache
2026.03.18 20:45:32.334509 [ 104 ] {} <Debug> DNSResolver: Updated DNS cache
2026.03.18 20:45:33.004386 [ 285 ] {} <Trace> AsynchronousMetrics: Scanning /sys/block
2026.03.18 20:45:47.336952 [ 89 ] {} <Debug> DNSResolver: Updating DNS cache
2026.03.18 20:45:47.338779 [ 89 ] {} <Debug> DNSResolver: Updated DNS cache
2026.03.18 20:46:02.364004 [ 145 ] {} <Debug> DNSResolver: Updating DNS cache
2026.03.18 20:46:02.365365 [ 145 ] {} <Debug> DNSResolver: Updated DNS cache
2026.03.18 20:46:17.391165 [ 146 ] {} <Debug> DNSResolver: Updating DNS cache
2026.03.18 20:46:17.392817 [ 146 ] {} <Debug> DNSResolver: Updated DNS cache
2026.03.18 20:46:32.445671 [ 108 ] {} <Debug> DNSResolver: Updating DNS cache
2026.03.18 20:46:32.447252 [ 108 ] {} <Debug> DNSResolver: Updated DNS cache
2026.03.18 20:46:47.450918 [ 59 ] {} <Debug> DNSResolver: Updating DNS cache
2026.03.18 20:46:47.453035 [ 59 ] {} <Debug> DNSResolver: Updated DNS cache
2026.03.18 20:47:02.492686 [ 115 ] {} <Debug> DNSResolver: Updating DNS cache
2026.03.18 20:47:02.494656 [ 115 ] {} <Debug> DNSResolver: Updated DNS cache
2026.03.18 20:47:17.613154 [ 110 ] {} <Debug> DNSResolver: Updating DNS cache
2026.03.18 20:47:17.614735 [ 110 ] {} <Debug> DNSResolver: Updated DNS cache
2026.03.18 20:47:32.025756 [ 285 ] {} <Trace> AsynchronousMetrics: Update heavy metrics. Update period 1 sec. Update heavy metrics period 120 sec. Heavy metrics calculation elapsed: 0.000259064 sec.
2026.03.18 20:47:32.615025 [ 101 ] {} <Debug> DNSResolver: Updating DNS cache
2026.03.18 20:47:32.616986 [ 101 ] {} <Debug> DNSResolver: Updated DNS cache
2026.03.18 20:47:47.674492 [ 121 ] {} <Debug> DNSResolver: Updating DNS cache
2026.03.18 20:47:47.676310 [ 121 ] {} <Debug> DNSResolver: Updated DNS cache
2026.03.18 20:48:02.712277 [ 105 ] {} <Debug> DNSResolver: Updating DNS cache
2026.03.18 20:48:02.713976 [ 105 ] {} <Debug> DNSResolver: Updated DNS cache
2026.03.18 20:48:17.716933 [ 117 ] {} <Debug> DNSResolver: Updating DNS cache
2026.03.18 20:48:17.718518 [ 117 ] {} <Debug> DNSResolver: Updated DNS cache
2026.03.18 20:48:32.864176 [ 56 ] {} <Debug> DNSResolver: Updating DNS cache
2026.03.18 20:48:32.865386 [ 56 ] {} <Debug> DNSResolver: Updated DNS cache
2026.03.18 20:48:47.868185 [ 111 ] {} <Debug> DNSResolver: Updating DNS cache
2026.03.18 20:48:47.870282 [ 111 ] {} <Debug> DNSResolver: Updated DNS cache
2026.03.18 20:49:02.935569 [ 144 ] {} <Debug> DNSResolver: Updating DNS cache
2026.03.18 20:49:02.937202 [ 144 ] {} <Debug> DNSResolver: Updated DNS cache
2026.03.18 20:49:17.938811 [ 156 ] {} <Debug> DNSResolver: Updating DNS cache
2026.03.18 20:49:17.940320 [ 156 ] {} <Debug> DNSResolver: Updated DNS cache
2026.03.18 20:49:31.446147 [ 68 ] {} <Information> DatabaseCatalog: Have 1 tables in drop queue (0 of them are in use), will try drop test.students (b6477048-02aa-4451-83c6-6753649bf24a)
2026.03.18 20:49:31.446205 [ 68 ] {} <Debug> StorageDistributed (students): Joining background threads for async INSERT
2026.03.18 20:49:31.446210 [ 68 ] {} <Debug> StorageDistributed (students): Background threads for async INSERT joined
2026.03.18 20:49:31.446215 [ 68 ] {} <Debug> StorageDistributed (students): Removing pending blocks for async INSERT from filesystem on DROP TABLE
2026.03.18 20:49:31.446367 [ 68 ] {} <Debug> StorageDistributed (students): Removed
2026.03.18 20:49:31.446389 [ 68 ] {} <Information> DatabaseCatalog: Removing metadata /var/lib/clickhouse/metadata_dropped/test.students.b6477048-02aa-4451-83c6-6753649bf24a.sql of dropped table test.students (b6477048-02aa-4451-83c6-6753649bf24a)
2026.03.18 20:49:32.003026 [ 285 ] {} <Trace> AsynchronousMetrics: Update heavy metrics. Update period 1 sec. Update heavy metrics period 120 sec. Heavy metrics calculation elapsed: 0.000422057 sec.
2026.03.18 20:49:32.943135 [ 54 ] {} <Debug> DNSResolver: Updating DNS cache
2026.03.18 20:49:32.944953 [ 54 ] {} <Debug> DNSResolver: Updated DNS cache
2026.03.18 20:49:48.061356 [ 58 ] {} <Debug> DNSResolver: Updating DNS cache
2026.03.18 20:49:48.063317 [ 58 ] {} <Debug> DNSResolver: Updated DNS cache
2026.03.18 20:50:03.064363 [ 61 ] {} <Debug> DNSResolver: Updating DNS cache
2026.03.18 20:50:03.066033 [ 61 ] {} <Debug> DNSResolver: Updated DNS cache
2026.03.18 20:50:18.094238 [ 124 ] {} <Debug> DNSResolver: Updating DNS cache
2026.03.18 20:50:18.095644 [ 124 ] {} <Debug> DNSResolver: Updated DNS cache
2026.03.18 20:50:33.118999 [ 47 ] {} <Debug> DNSResolver: Updating DNS cache
2026.03.18 20:50:33.120574 [ 47 ] {} <Debug> DNSResolver: Updated DNS cache
2026.03.18 20:50:34.034133 [ 285 ] {} <Trace> AsynchronousMetrics: Scanning /sys/block
2026.03.18 20:50:48.121594 [ 123 ] {} <Debug> DNSResolver: Updating DNS cache
2026.03.18 20:50:48.123165 [ 123 ] {} <Debug> DNSResolver: Updated DNS cache
2026.03.18 20:51:03.132255 [ 85 ] {} <Debug> DNSResolver: Updating DNS cache
2026.03.18 20:51:03.133688 [ 85 ] {} <Debug> DNSResolver: Updated DNS cache
2026.03.18 20:51:18.141397 [ 70 ] {} <Debug> DNSResolver: Updating DNS cache
2026.03.18 20:51:18.142979 [ 70 ] {} <Debug> DNSResolver: Updated DNS cache
2026.03.18 20:51:32.002389 [ 285 ] {} <Trace> AsynchronousMetrics: Update heavy metrics. Update period 1 sec. Update heavy metrics period 120 sec. Heavy metrics calculation elapsed: 0.0011635 sec.
2026.03.18 20:51:33.170562 [ 55 ] {} <Debug> DNSResolver: Updating DNS cache
2026.03.18 20:51:33.172156 [ 55 ] {} <Debug> DNSResolver: Updated DNS cache
2026.03.18 20:51:48.271056 [ 60 ] {} <Debug> DNSResolver: Updating DNS cache
2026.03.18 20:51:48.272419 [ 60 ] {} <Debug> DNSResolver: Updated DNS cache
2026.03.18 20:52:03.274319 [ 122 ] {} <Debug> DNSResolver: Updating DNS cache
2026.03.18 20:52:03.275879 [ 122 ] {} <Debug> DNSResolver: Updated DNS cache
2026.03.18 20:52:18.276596 [ 76 ] {} <Debug> DNSResolver: Updating DNS cache
2026.03.18 20:52:18.278519 [ 76 ] {} <Debug> DNSResolver: Updated DNS cache
2026.03.18 20:52:33.278869 [ 75 ] {} <Debug> DNSResolver: Updating DNS cache
2026.03.18 20:52:33.280234 [ 75 ] {} <Debug> DNSResolver: Updated DNS cache
2026.03.18 20:52:48.300964 [ 77 ] {} <Debug> DNSResolver: Updating DNS cache
2026.03.18 20:52:48.302567 [ 77 ] {} <Debug> DNSResolver: Updated DNS cache
2026.03.18 20:53:03.310621 [ 53 ] {} <Debug> DNSResolver: Updating DNS cache
2026.03.18 20:53:03.312213 [ 53 ] {} <Debug> DNSResolver: Updated DNS cache
2026.03.18 20:53:18.321549 [ 100 ] {} <Debug> DNSResolver: Updating DNS cache
2026.03.18 20:53:18.323326 [ 100 ] {} <Debug> DNSResolver: Updated DNS cache
2026.03.18 20:53:32.014629 [ 285 ] {} <Trace> AsynchronousMetrics: Update heavy metrics. Update period 1 sec. Update heavy metrics period 120 sec. Heavy metrics calculation elapsed: 0.000212507 sec.
2026.03.18 20:53:33.371520 [ 96 ] {} <Debug> DNSResolver: Updating DNS cache
2026.03.18 20:53:33.373584 [ 96 ] {} <Debug> DNSResolver: Updated DNS cache
2026.03.18 20:53:48.464188 [ 71 ] {} <Debug> DNSResolver: Updating DNS cache
2026.03.18 20:53:48.465912 [ 71 ] {} <Debug> DNSResolver: Updated DNS cache
2026.03.18 20:54:03.470330 [ 157 ] {} <Debug> DNSResolver: Updating DNS cache
2026.03.18 20:54:03.471990 [ 157 ] {} <Debug> DNSResolver: Updated DNS cache
2026.03.18 20:54:18.486346 [ 102 ] {} <Debug> DNSResolver: Updating DNS cache
2026.03.18 20:54:18.488417 [ 102 ] {} <Debug> DNSResolver: Updated DNS cache
2026.03.18 20:54:33.647133 [ 82 ] {} <Debug> DNSResolver: Updating DNS cache
2026.03.18 20:54:33.648671 [ 82 ] {} <Debug> DNSResolver: Updated DNS cache
2026.03.18 20:54:48.763955 [ 129 ] {} <Debug> DNSResolver: Updating DNS cache
2026.03.18 20:54:48.766181 [ 129 ] {} <Debug> DNSResolver: Updated DNS cache
2026.03.18 20:55:03.787391 [ 86 ] {} <Debug> DNSResolver: Updating DNS cache
2026.03.18 20:55:03.788527 [ 86 ] {} <Debug> DNSResolver: Updated DNS cache
2026.03.18 20:55:18.789023 [ 162 ] {} <Debug> DNSResolver: Updating DNS cache
2026.03.18 20:55:18.790952 [ 162 ] {} <Debug> DNSResolver: Updated DNS cache
2026.03.18 20:55:32.081172 [ 285 ] {} <Trace> AsynchronousMetrics: Update heavy metrics. Update period 1 sec. Update heavy metrics period 120 sec. Heavy metrics calculation elapsed: 0.00025204 sec.
2026.03.18 20:55:33.792053 [ 93 ] {} <Debug> DNSResolver: Updating DNS cache
2026.03.18 20:55:33.793352 [ 93 ] {} <Debug> DNSResolver: Updated DNS cache
2026.03.18 20:55:35.008222 [ 285 ] {} <Trace> AsynchronousMetrics: Scanning /sys/block
2026.03.18 20:55:48.811124 [ 147 ] {} <Debug> DNSResolver: Updating DNS cache
2026.03.18 20:55:48.812800 [ 147 ] {} <Debug> DNSResolver: Updated DNS cache
2026.03.18 20:56:03.814089 [ 148 ] {} <Debug> DNSResolver: Updating DNS cache
2026.03.18 20:56:03.815971 [ 148 ] {} <Debug> DNSResolver: Updated DNS cache
2026.03.18 20:56:18.816654 [ 131 ] {} <Debug> DNSResolver: Updating DNS cache
2026.03.18 20:56:18.818448 [ 131 ] {} <Debug> DNSResolver: Updated DNS cache
2026.03.18 20:56:33.830971 [ 165 ] {} <Debug> DNSResolver: Updating DNS cache
2026.03.18 20:56:33.832465 [ 165 ] {} <Debug> DNSResolver: Updated DNS cache
2026.03.18 20:56:48.851894 [ 158 ] {} <Debug> DNSResolver: Updating DNS cache
2026.03.18 20:56:48.853512 [ 158 ] {} <Debug> DNSResolver: Updated DNS cache
2026.03.18 20:57:03.888254 [ 175 ] {} <Debug> DNSResolver: Updating DNS cache
2026.03.18 20:57:03.889785 [ 175 ] {} <Debug> DNSResolver: Updated DNS cache
2026.03.18 20:57:18.920749 [ 80 ] {} <Debug> DNSResolver: Updating DNS cache
2026.03.18 20:57:18.922403 [ 80 ] {} <Debug> DNSResolver: Updated DNS cache
2026.03.18 20:57:32.035982 [ 285 ] {} <Trace> AsynchronousMetrics: Update heavy metrics. Update period 1 sec. Update heavy metrics period 120 sec. Heavy metrics calculation elapsed: 0.000371313 sec.
2026.03.18 20:57:33.928207 [ 169 ] {} <Debug> DNSResolver: Updating DNS cache
2026.03.18 20:57:33.930007 [ 169 ] {} <Debug> DNSResolver: Updated DNS cache
2026.03.18 20:57:48.934119 [ 176 ] {} <Debug> DNSResolver: Updating DNS cache
2026.03.18 20:57:48.935842 [ 176 ] {} <Debug> DNSResolver: Updated DNS cache
2026.03.18 20:58:03.942151 [ 177 ] {} <Debug> DNSResolver: Updating DNS cache
2026.03.18 20:58:03.944071 [ 177 ] {} <Debug> DNSResolver: Updated DNS cache
2026.03.18 20:58:18.945573 [ 179 ] {} <Debug> DNSResolver: Updating DNS cache
2026.03.18 20:58:18.947074 [ 179 ] {} <Debug> DNSResolver: Updated DNS cache
2026.03.18 20:58:33.960101 [ 163 ] {} <Debug> DNSResolver: Updating DNS cache
2026.03.18 20:58:33.961691 [ 163 ] {} <Debug> DNSResolver: Updated DNS cache
2026.03.18 20:58:48.985617 [ 84 ] {} <Debug> DNSResolver: Updating DNS cache
2026.03.18 20:58:48.986912 [ 84 ] {} <Debug> DNSResolver: Updated DNS cache
2026.03.18 20:59:03.987122 [ 173 ] {} <Debug> DNSResolver: Updating DNS cache
2026.03.18 20:59:03.988651 [ 173 ] {} <Debug> DNSResolver: Updated DNS cache
2026.03.18 20:59:18.991055 [ 189 ] {} <Debug> DNSResolver: Updating DNS cache
2026.03.18 20:59:18.992395 [ 189 ] {} <Debug> DNSResolver: Updated DNS cache
2026.03.18 20:59:32.041143 [ 285 ] {} <Trace> AsynchronousMetrics: Update heavy metrics. Update period 1 sec. Update heavy metrics period 120 sec. Heavy metrics calculation elapsed: 0.000324636 sec.
2026.03.18 20:59:34.069156 [ 186 ] {} <Debug> DNSResolver: Updating DNS cache
2026.03.18 20:59:34.071163 [ 186 ] {} <Debug> DNSResolver: Updated DNS cache
2026.03.18 20:59:49.072320 [ 127 ] {} <Debug> DNSResolver: Updating DNS cache
2026.03.18 20:59:49.074142 [ 127 ] {} <Debug> DNSResolver: Updated DNS cache
2026.03.18 21:00:04.075917 [ 188 ] {} <Debug> DNSResolver: Updating DNS cache
2026.03.18 21:00:04.077851 [ 188 ] {} <Debug> DNSResolver: Updated DNS cache
2026.03.18 21:00:19.078143 [ 185 ] {} <Debug> DNSResolver: Updating DNS cache
2026.03.18 21:00:19.079588 [ 185 ] {} <Debug> DNSResolver: Updated DNS cache
2026.03.18 21:00:34.110052 [ 135 ] {} <Debug> DNSResolver: Updating DNS cache
2026.03.18 21:00:34.111834 [ 135 ] {} <Debug> DNSResolver: Updated DNS cache
2026.03.18 21:00:35.038631 [ 285 ] {} <Trace> AsynchronousMetrics: Scanning /sys/block
2026.03.18 21:00:49.114938 [ 91 ] {} <Debug> DNSResolver: Updating DNS cache
2026.03.18 21:00:49.116973 [ 91 ] {} <Debug> DNSResolver: Updated DNS cache
2026.03.18 21:01:04.117952 [ 202 ] {} <Debug> DNSResolver: Updating DNS cache
2026.03.18 21:01:04.119892 [ 202 ] {} <Debug> DNSResolver: Updated DNS cache
2026.03.18 21:01:19.125037 [ 154 ] {} <Debug> DNSResolver: Updating DNS cache
2026.03.18 21:01:19.126826 [ 154 ] {} <Debug> DNSResolver: Updated DNS cache
2026.03.18 21:01:32.001637 [ 285 ] {} <Trace> AsynchronousMetrics: Update heavy metrics. Update period 1 sec. Update heavy metrics period 120 sec. Heavy metrics calculation elapsed: 0.000188903 sec.
2026.03.18 21:01:35.042624 [ 155 ] {} <Debug> DNSResolver: Updating DNS cache
2026.03.18 21:01:35.044440 [ 155 ] {} <Debug> DNSResolver: Updated DNS cache
2026.03.18 21:01:50.044749 [ 63 ] {} <Debug> DNSResolver: Updating DNS cache
2026.03.18 21:01:50.046840 [ 63 ] {} <Debug> DNSResolver: Updated DNS cache
2026.03.18 21:02:05.047866 [ 136 ] {} <Debug> DNSResolver: Updating DNS cache
2026.03.18 21:02:05.050505 [ 136 ] {} <Debug> DNSResolver: Updated DNS cache
2026.03.18 21:02:20.051525 [ 57 ] {} <Debug> DNSResolver: Updating DNS cache
2026.03.18 21:02:20.053120 [ 57 ] {} <Debug> DNSResolver: Updated DNS cache
2026.03.18 21:02:35.053897 [ 51 ] {} <Debug> DNSResolver: Updating DNS cache
2026.03.18 21:02:35.055980 [ 51 ] {} <Debug> DNSResolver: Updated DNS cache
2026.03.18 21:02:50.063040 [ 141 ] {} <Debug> DNSResolver: Updating DNS cache
2026.03.18 21:02:50.065019 [ 141 ] {} <Debug> DNSResolver: Updated DNS cache
2026.03.18 21:03:05.076974 [ 130 ] {} <Debug> DNSResolver: Updating DNS cache
2026.03.18 21:03:05.079049 [ 130 ] {} <Debug> DNSResolver: Updated DNS cache
2026.03.18 21:03:20.079355 [ 137 ] {} <Debug> DNSResolver: Updating DNS cache
2026.03.18 21:03:20.081070 [ 137 ] {} <Debug> DNSResolver: Updated DNS cache
2026.03.18 21:03:32.046234 [ 285 ] {} <Trace> AsynchronousMetrics: Update heavy metrics. Update period 1 sec. Update heavy metrics period 120 sec. Heavy metrics calculation elapsed: 0.000234979 sec.
2026.03.18 21:03:35.081754 [ 143 ] {} <Debug> DNSResolver: Updating DNS cache
2026.03.18 21:03:35.083881 [ 143 ] {} <Debug> DNSResolver: Updated DNS cache
2026.03.18 21:03:50.088364 [ 133 ] {} <Debug> DNSResolver: Updating DNS cache
2026.03.18 21:03:50.091183 [ 133 ] {} <Debug> DNSResolver: Updated DNS cache
2026.03.18 21:04:05.097623 [ 180 ] {} <Debug> DNSResolver: Updating DNS cache
2026.03.18 21:04:05.099613 [ 180 ] {} <Debug> DNSResolver: Updated DNS cache
2026.03.18 21:04:20.101065 [ 138 ] {} <Debug> DNSResolver: Updating DNS cache
2026.03.18 21:04:20.102591 [ 138 ] {} <Debug> DNSResolver: Updated DNS cache
2026.03.18 21:04:35.106275 [ 170 ] {} <Debug> DNSResolver: Updating DNS cache
2026.03.18 21:04:35.108223 [ 170 ] {} <Debug> DNSResolver: Updated DNS cache
2026.03.18 21:04:50.121617 [ 164 ] {} <Debug> DNSResolver: Updating DNS cache
2026.03.18 21:04:50.123537 [ 164 ] {} <Debug> DNSResolver: Updated DNS cache
2026.03.18 21:05:05.125103 [ 168 ] {} <Debug> DNSResolver: Updating DNS cache
2026.03.18 21:05:05.127030 [ 168 ] {} <Debug> DNSResolver: Updated DNS cache
2026.03.18 21:05:20.127875 [ 166 ] {} <Debug> DNSResolver: Updating DNS cache
2026.03.18 21:05:20.129258 [ 166 ] {} <Debug> DNSResolver: Updated DNS cache
2026.03.18 21:05:32.004334 [ 285 ] {} <Trace> AsynchronousMetrics: Update heavy metrics. Update period 1 sec. Update heavy metrics period 120 sec. Heavy metrics calculation elapsed: 0.000492959 sec.
2026.03.18 21:05:35.131240 [ 134 ] {} <Debug> DNSResolver: Updating DNS cache
2026.03.18 21:05:35.132885 [ 134 ] {} <Debug> DNSResolver: Updated DNS cache
2026.03.18 21:05:36.037605 [ 285 ] {} <Trace> AsynchronousMetrics: Scanning /sys/block
2026.03.18 21:05:50.133672 [ 167 ] {} <Debug> DNSResolver: Updating DNS cache
2026.03.18 21:05:50.135054 [ 167 ] {} <Debug> DNSResolver: Updated DNS cache
2026.03.18 21:06:05.150014 [ 222 ] {} <Debug> DNSResolver: Updating DNS cache
2026.03.18 21:06:05.151907 [ 222 ] {} <Debug> DNSResolver: Updated DNS cache
2026.03.18 21:06:20.152240 [ 128 ] {} <Debug> DNSResolver: Updating DNS cache
2026.03.18 21:06:20.154086 [ 128 ] {} <Debug> DNSResolver: Updated DNS cache
2026.03.18 21:06:35.154833 [ 228 ] {} <Debug> DNSResolver: Updating DNS cache
2026.03.18 21:06:35.156409 [ 228 ] {} <Debug> DNSResolver: Updated DNS cache
2026.03.18 21:06:50.156939 [ 223 ] {} <Debug> DNSResolver: Updating DNS cache
2026.03.18 21:06:50.158786 [ 223 ] {} <Debug> DNSResolver: Updated DNS cache
2026.03.18 21:07:05.160557 [ 258 ] {} <Debug> DNSResolver: Updating DNS cache
2026.03.18 21:07:05.162402 [ 258 ] {} <Debug> DNSResolver: Updated DNS cache
2026.03.18 21:07:20.170929 [ 196 ] {} <Debug> DNSResolver: Updating DNS cache
2026.03.18 21:07:20.172846 [ 196 ] {} <Debug> DNSResolver: Updated DNS cache
2026.03.18 21:07:32.003798 [ 285 ] {} <Trace> AsynchronousMetrics: Update heavy metrics. Update period 1 sec. Update heavy metrics period 120 sec. Heavy metrics calculation elapsed: 0.000189724 sec.
2026.03.18 21:07:35.175480 [ 282 ] {} <Debug> DNSResolver: Updating DNS cache
2026.03.18 21:07:35.177007 [ 282 ] {} <Debug> DNSResolver: Updated DNS cache
2026.03.18 21:07:50.177885 [ 283 ] {} <Debug> DNSResolver: Updating DNS cache
2026.03.18 21:07:50.179396 [ 283 ] {} <Debug> DNSResolver: Updated DNS cache
2026.03.18 21:08:05.179986 [ 281 ] {} <Debug> DNSResolver: Updating DNS cache
2026.03.18 21:08:05.181461 [ 281 ] {} <Debug> DNSResolver: Updated DNS cache
2026.03.18 21:08:20.208148 [ 69 ] {} <Debug> DNSResolver: Updating DNS cache
2026.03.18 21:08:20.209891 [ 69 ] {} <Debug> DNSResolver: Updated DNS cache
2026.03.18 21:08:35.316153 [ 87 ] {} <Debug> DNSResolver: Updating DNS cache
2026.03.18 21:08:35.318138 [ 87 ] {} <Debug> DNSResolver: Updated DNS cache
2026.03.18 21:08:50.320902 [ 120 ] {} <Debug> DNSResolver: Updating DNS cache
2026.03.18 21:08:50.322286 [ 120 ] {} <Debug> DNSResolver: Updated DNS cache
2026.03.18 21:09:05.383089 [ 48 ] {} <Debug> DNSResolver: Updating DNS cache
2026.03.18 21:09:05.384647 [ 48 ] {} <Debug> DNSResolver: Updated DNS cache
2026.03.18 21:09:20.422219 [ 74 ] {} <Debug> DNSResolver: Updating DNS cache
2026.03.18 21:09:20.423590 [ 74 ] {} <Debug> DNSResolver: Updated DNS cache
2026.03.18 21:09:32.197077 [ 285 ] {} <Trace> AsynchronousMetrics: Update heavy metrics. Update period 1 sec. Update heavy metrics period 120 sec. Heavy metrics calculation elapsed: 0.000235109 sec.
2026.03.18 21:09:35.584714 [ 73 ] {} <Debug> DNSResolver: Updating DNS cache
2026.03.18 21:09:35.586229 [ 73 ] {} <Debug> DNSResolver: Updated DNS cache
2026.03.18 21:09:50.586587 [ 88 ] {} <Debug> DNSResolver: Updating DNS cache
2026.03.18 21:09:50.588393 [ 88 ] {} <Debug> DNSResolver: Updated DNS cache
2026.03.18 21:10:05.593035 [ 79 ] {} <Debug> DNSResolver: Updating DNS cache
2026.03.18 21:10:05.594675 [ 79 ] {} <Debug> DNSResolver: Updated DNS cache
2026.03.18 21:10:20.666399 [ 92 ] {} <Debug> DNSResolver: Updating DNS cache
2026.03.18 21:10:20.667988 [ 92 ] {} <Debug> DNSResolver: Updated DNS cache
2026.03.18 21:10:35.676423 [ 103 ] {} <Debug> DNSResolver: Updating DNS cache
2026.03.18 21:10:35.678147 [ 103 ] {} <Debug> DNSResolver: Updated DNS cache
2026.03.18 21:10:37.010811 [ 285 ] {} <Trace> AsynchronousMetrics: Scanning /sys/block
2026.03.18 21:10:50.678612 [ 89 ] {} <Debug> DNSResolver: Updating DNS cache
2026.03.18 21:10:50.680187 [ 89 ] {} <Debug> DNSResolver: Updated DNS cache
2026.03.18 21:11:05.721143 [ 150 ] {} <Debug> DNSResolver: Updating DNS cache
2026.03.18 21:11:05.722873 [ 150 ] {} <Debug> DNSResolver: Updated DNS cache
2026.03.18 21:11:20.723402 [ 108 ] {} <Debug> DNSResolver: Updating DNS cache
2026.03.18 21:11:20.724824 [ 108 ] {} <Debug> DNSResolver: Updated DNS cache
2026.03.18 21:11:32.009013 [ 285 ] {} <Trace> AsynchronousMetrics: Update heavy metrics. Update period 1 sec. Update heavy metrics period 120 sec. Heavy metrics calculation elapsed: 0.000429531 sec.
2026.03.18 21:11:35.774795 [ 109 ] {} <Debug> DNSResolver: Updating DNS cache
2026.03.18 21:11:35.776557 [ 109 ] {} <Debug> DNSResolver: Updated DNS cache
2026.03.18 21:11:50.777902 [ 59 ] {} <Debug> DNSResolver: Updating DNS cache
2026.03.18 21:11:50.779503 [ 59 ] {} <Debug> DNSResolver: Updated DNS cache
2026.03.18 21:12:05.780295 [ 114 ] {} <Debug> DNSResolver: Updating DNS cache
2026.03.18 21:12:05.781950 [ 114 ] {} <Debug> DNSResolver: Updated DNS cache
2026.03.18 21:12:20.788001 [ 115 ] {} <Debug> DNSResolver: Updating DNS cache
2026.03.18 21:12:20.789556 [ 115 ] {} <Debug> DNSResolver: Updated DNS cache
2026.03.18 21:12:35.790935 [ 110 ] {} <Debug> DNSResolver: Updating DNS cache
2026.03.18 21:12:35.792868 [ 110 ] {} <Debug> DNSResolver: Updated DNS cache
2026.03.18 21:12:50.797926 [ 106 ] {} <Debug> DNSResolver: Updating DNS cache
2026.03.18 21:12:50.800095 [ 106 ] {} <Debug> DNSResolver: Updated DNS cache
2026.03.18 21:13:05.801036 [ 101 ] {} <Debug> DNSResolver: Updating DNS cache
2026.03.18 21:13:05.802442 [ 101 ] {} <Debug> DNSResolver: Updated DNS cache
2026.03.18 21:13:20.807593 [ 121 ] {} <Debug> DNSResolver: Updating DNS cache
2026.03.18 21:13:20.809187 [ 121 ] {} <Debug> DNSResolver: Updated DNS cache
2026.03.18 21:13:32.028095 [ 285 ] {} <Trace> AsynchronousMetrics: Update heavy metrics. Update period 1 sec. Update heavy metrics period 120 sec. Heavy metrics calculation elapsed: 0.000691441 sec.
2026.03.18 21:13:35.809467 [ 105 ] {} <Debug> DNSResolver: Updating DNS cache
2026.03.18 21:13:35.811191 [ 105 ] {} <Debug> DNSResolver: Updated DNS cache
2026.03.18 21:13:50.815919 [ 117 ] {} <Debug> DNSResolver: Updating DNS cache
2026.03.18 21:13:50.817707 [ 117 ] {} <Debug> DNSResolver: Updated DNS cache
2026.03.18 21:14:05.818113 [ 118 ] {} <Debug> DNSResolver: Updating DNS cache
2026.03.18 21:14:05.819843 [ 118 ] {} <Debug> DNSResolver: Updated DNS cache
2026.03.18 21:14:20.824032 [ 56 ] {} <Debug> DNSResolver: Updating DNS cache
2026.03.18 21:14:20.825941 [ 56 ] {} <Debug> DNSResolver: Updated DNS cache
2026.03.18 21:14:35.827873 [ 111 ] {} <Debug> DNSResolver: Updating DNS cache
2026.03.18 21:14:35.829187 [ 111 ] {} <Debug> DNSResolver: Updated DNS cache
2026.03.18 21:14:50.835833 [ 144 ] {} <Debug> DNSResolver: Updating DNS cache
2026.03.18 21:14:50.837542 [ 144 ] {} <Debug> DNSResolver: Updated DNS cache
2026.03.18 21:15:06.116651 [ 156 ] {} <Debug> DNSResolver: Updating DNS cache
2026.03.18 21:15:06.118216 [ 156 ] {} <Debug> DNSResolver: Updated DNS cache
2026.03.18 21:15:21.128937 [ 68 ] {} <Debug> DNSResolver: Updating DNS cache
2026.03.18 21:15:21.130379 [ 68 ] {} <Debug> DNSResolver: Updated DNS cache
2026.03.18 21:15:32.023432 [ 285 ] {} <Trace> AsynchronousMetrics: Update heavy metrics. Update period 1 sec. Update heavy metrics period 120 sec. Heavy metrics calculation elapsed: 0.00020346 sec.
2026.03.18 21:15:36.155271 [ 54 ] {} <Debug> DNSResolver: Updating DNS cache
2026.03.18 21:15:36.156876 [ 54 ] {} <Debug> DNSResolver: Updated DNS cache
2026.03.18 21:15:38.015689 [ 285 ] {} <Trace> AsynchronousMetrics: Scanning /sys/block
2026.03.18 21:15:51.157066 [ 58 ] {} <Debug> DNSResolver: Updating DNS cache
2026.03.18 21:15:51.159565 [ 58 ] {} <Debug> DNSResolver: Updated DNS cache
2026.03.18 21:16:06.166267 [ 113 ] {} <Debug> DNSResolver: Updating DNS cache
2026.03.18 21:16:06.168043 [ 113 ] {} <Debug> DNSResolver: Updated DNS cache
2026.03.18 21:16:21.258015 [ 61 ] {} <Debug> DNSResolver: Updating DNS cache
2026.03.18 21:16:21.259874 [ 61 ] {} <Debug> DNSResolver: Updated DNS cache
2026.03.18 21:16:36.281942 [ 126 ] {} <Debug> DNSResolver: Updating DNS cache
2026.03.18 21:16:36.283563 [ 126 ] {} <Debug> DNSResolver: Updated DNS cache
2026.03.18 21:16:51.357403 [ 124 ] {} <Debug> DNSResolver: Updating DNS cache
2026.03.18 21:16:51.359054 [ 124 ] {} <Debug> DNSResolver: Updated DNS cache
2026.03.18 21:17:06.360517 [ 125 ] {} <Debug> DNSResolver: Updating DNS cache
2026.03.18 21:17:06.362156 [ 125 ] {} <Debug> DNSResolver: Updated DNS cache
2026.03.18 21:17:21.424509 [ 119 ] {} <Debug> DNSResolver: Updating DNS cache
2026.03.18 21:17:21.426548 [ 119 ] {} <Debug> DNSResolver: Updated DNS cache
2026.03.18 21:17:32.217273 [ 285 ] {} <Trace> AsynchronousMetrics: Update heavy metrics. Update period 1 sec. Update heavy metrics period 120 sec. Heavy metrics calculation elapsed: 0.00040155 sec.
2026.03.18 21:17:36.466015 [ 47 ] {} <Debug> DNSResolver: Updating DNS cache
2026.03.18 21:17:36.468056 [ 47 ] {} <Debug> DNSResolver: Updated DNS cache
2026.03.18 21:17:51.469000 [ 123 ] {} <Debug> DNSResolver: Updating DNS cache
2026.03.18 21:17:51.470467 [ 123 ] {} <Debug> DNSResolver: Updated DNS cache
2026.03.18 21:18:06.470956 [ 85 ] {} <Debug> DNSResolver: Updating DNS cache
2026.03.18 21:18:06.472366 [ 85 ] {} <Debug> DNSResolver: Updated DNS cache
2026.03.18 21:18:21.472894 [ 70 ] {} <Debug> DNSResolver: Updating DNS cache
2026.03.18 21:18:21.474552 [ 70 ] {} <Debug> DNSResolver: Updated DNS cache
2026.03.18 21:18:36.489580 [ 78 ] {} <Debug> DNSResolver: Updating DNS cache
2026.03.18 21:18:36.491383 [ 78 ] {} <Debug> DNSResolver: Updated DNS cache
2026.03.18 21:18:51.495144 [ 55 ] {} <Debug> DNSResolver: Updating DNS cache
2026.03.18 21:18:51.497051 [ 55 ] {} <Debug> DNSResolver: Updated DNS cache
2026.03.18 21:19:06.497597 [ 60 ] {} <Debug> DNSResolver: Updating DNS cache
2026.03.18 21:19:06.499352 [ 60 ] {} <Debug> DNSResolver: Updated DNS cache
2026.03.18 21:19:21.614340 [ 122 ] {} <Debug> DNSResolver: Updating DNS cache
2026.03.18 21:19:21.616141 [ 122 ] {} <Debug> DNSResolver: Updated DNS cache
2026.03.18 21:19:32.001348 [ 285 ] {} <Trace> AsynchronousMetrics: Update heavy metrics. Update period 1 sec. Update heavy metrics period 120 sec. Heavy metrics calculation elapsed: 0.000279532 sec.
2026.03.18 21:19:36.649379 [ 76 ] {} <Debug> DNSResolver: Updating DNS cache
2026.03.18 21:19:36.650962 [ 76 ] {} <Debug> DNSResolver: Updated DNS cache
2026.03.18 21:19:51.654849 [ 72 ] {} <Debug> DNSResolver: Updating DNS cache
2026.03.18 21:19:51.656534 [ 72 ] {} <Debug> DNSResolver: Updated DNS cache
2026.03.18 21:20:06.658354 [ 75 ] {} <Debug> DNSResolver: Updating DNS cache
2026.03.18 21:20:06.659969 [ 75 ] {} <Debug> DNSResolver: Updated DNS cache
2026.03.18 21:20:21.661588 [ 77 ] {} <Debug> DNSResolver: Updating DNS cache
2026.03.18 21:20:21.663894 [ 77 ] {} <Debug> DNSResolver: Updated DNS cache
2026.03.18 21:20:36.698217 [ 53 ] {} <Debug> DNSResolver: Updating DNS cache
2026.03.18 21:20:36.700145 [ 53 ] {} <Debug> DNSResolver: Updated DNS cache
2026.03.18 21:20:39.000779 [ 285 ] {} <Trace> AsynchronousMetrics: Scanning /sys/block
2026.03.18 21:20:51.704717 [ 96 ] {} <Debug> DNSResolver: Updating DNS cache
2026.03.18 21:20:51.706759 [ 96 ] {} <Debug> DNSResolver: Updated DNS cache
2026.03.18 21:21:06.730057 [ 157 ] {} <Debug> DNSResolver: Updating DNS cache
2026.03.18 21:21:06.731580 [ 157 ] {} <Debug> DNSResolver: Updated DNS cache
2026.03.18 21:21:21.744026 [ 160 ] {} <Debug> DNSResolver: Updating DNS cache
2026.03.18 21:21:21.745178 [ 160 ] {} <Debug> DNSResolver: Updated DNS cache
2026.03.18 21:21:32.008438 [ 285 ] {} <Trace> AsynchronousMetrics: Update heavy metrics. Update period 1 sec. Update heavy metrics period 120 sec. Heavy metrics calculation elapsed: 0.000156703 sec.
2026.03.18 21:21:36.748022 [ 159 ] {} <Debug> DNSResolver: Updating DNS cache
2026.03.18 21:21:36.749660 [ 159 ] {} <Debug> DNSResolver: Updated DNS cache
2026.03.18 21:21:51.754470 [ 129 ] {} <Debug> DNSResolver: Updating DNS cache
2026.03.18 21:21:51.756113 [ 129 ] {} <Debug> DNSResolver: Updated DNS cache
2026.03.18 21:22:06.852165 [ 107 ] {} <Debug> DNSResolver: Updating DNS cache
2026.03.18 21:22:06.854060 [ 107 ] {} <Debug> DNSResolver: Updated DNS cache
2026.03.18 21:22:21.854995 [ 86 ] {} <Debug> DNSResolver: Updating DNS cache
2026.03.18 21:22:21.856656 [ 86 ] {} <Debug> DNSResolver: Updated DNS cache
2026.03.18 21:22:36.857895 [ 162 ] {} <Debug> DNSResolver: Updating DNS cache
2026.03.18 21:22:36.859477 [ 162 ] {} <Debug> DNSResolver: Updated DNS cache
2026.03.18 21:22:51.888849 [ 93 ] {} <Debug> DNSResolver: Updating DNS cache
2026.03.18 21:22:51.891828 [ 93 ] {} <Debug> DNSResolver: Updated DNS cache
2026.03.18 21:23:06.894064 [ 147 ] {} <Debug> DNSResolver: Updating DNS cache
2026.03.18 21:23:06.895482 [ 147 ] {} <Debug> DNSResolver: Updated DNS cache
2026.03.18 21:23:21.900142 [ 153 ] {} <Debug> DNSResolver: Updating DNS cache
2026.03.18 21:23:21.902101 [ 153 ] {} <Debug> DNSResolver: Updated DNS cache
2026.03.18 21:23:32.004700 [ 285 ] {} <Trace> AsynchronousMetrics: Update heavy metrics. Update period 1 sec. Update heavy metrics period 120 sec. Heavy metrics calculation elapsed: 0.000226292 sec.
2026.03.18 21:23:36.906001 [ 148 ] {} <Debug> DNSResolver: Updating DNS cache
2026.03.18 21:23:36.907959 [ 148 ] {} <Debug> DNSResolver: Updated DNS cache
2026.03.18 21:23:51.909983 [ 131 ] {} <Debug> DNSResolver: Updating DNS cache
2026.03.18 21:23:51.912203 [ 131 ] {} <Debug> DNSResolver: Updated DNS cache
2026.03.18 21:24:06.912488 [ 165 ] {} <Debug> DNSResolver: Updating DNS cache
2026.03.18 21:24:06.913826 [ 165 ] {} <Debug> DNSResolver: Updated DNS cache
2026.03.18 21:24:21.914920 [ 158 ] {} <Debug> DNSResolver: Updating DNS cache
2026.03.18 21:24:21.916170 [ 158 ] {} <Debug> DNSResolver: Updated DNS cache
2026.03.18 21:24:36.919786 [ 175 ] {} <Debug> DNSResolver: Updating DNS cache
2026.03.18 21:24:36.921705 [ 175 ] {} <Debug> DNSResolver: Updated DNS cache
2026.03.18 21:24:51.923686 [ 171 ] {} <Debug> DNSResolver: Updating DNS cache
2026.03.18 21:24:51.925093 [ 171 ] {} <Debug> DNSResolver: Updated DNS cache
2026.03.18 21:25:06.925895 [ 169 ] {} <Debug> DNSResolver: Updating DNS cache
2026.03.18 21:25:06.927731 [ 169 ] {} <Debug> DNSResolver: Updated DNS cache
2026.03.18 21:25:21.928073 [ 176 ] {} <Debug> DNSResolver: Updating DNS cache
2026.03.18 21:25:21.930045 [ 176 ] {} <Debug> DNSResolver: Updated DNS cache
2026.03.18 21:25:32.001491 [ 285 ] {} <Trace> AsynchronousMetrics: Update heavy metrics. Update period 1 sec. Update heavy metrics period 120 sec. Heavy metrics calculation elapsed: 0.000493015 sec.
2026.03.18 21:25:37.073945 [ 177 ] {} <Debug> DNSResolver: Updating DNS cache
2026.03.18 21:25:37.075102 [ 177 ] {} <Debug> DNSResolver: Updated DNS cache
2026.03.18 21:25:39.024638 [ 285 ] {} <Trace> AsynchronousMetrics: Scanning /sys/block
2026.03.18 21:25:52.078382 [ 179 ] {} <Debug> DNSResolver: Updating DNS cache
2026.03.18 21:25:52.079742 [ 179 ] {} <Debug> DNSResolver: Updated DNS cache
2026.03.18 21:26:07.080150 [ 163 ] {} <Debug> DNSResolver: Updating DNS cache
2026.03.18 21:26:07.082494 [ 163 ] {} <Debug> DNSResolver: Updated DNS cache
2026.03.18 21:26:22.111595 [ 84 ] {} <Debug> DNSResolver: Updating DNS cache
2026.03.18 21:26:22.114352 [ 84 ] {} <Debug> DNSResolver: Updated DNS cache
2026.03.18 21:26:37.114892 [ 173 ] {} <Debug> DNSResolver: Updating DNS cache
2026.03.18 21:26:37.116749 [ 173 ] {} <Debug> DNSResolver: Updated DNS cache
2026.03.18 21:26:52.145933 [ 189 ] {} <Debug> DNSResolver: Updating DNS cache
2026.03.18 21:26:52.147159 [ 189 ] {} <Debug> DNSResolver: Updated DNS cache
2026.03.18 21:27:07.276860 [ 186 ] {} <Debug> DNSResolver: Updating DNS cache
2026.03.18 21:27:07.278973 [ 186 ] {} <Debug> DNSResolver: Updated DNS cache
2026.03.18 21:27:22.284439 [ 127 ] {} <Debug> DNSResolver: Updating DNS cache
2026.03.18 21:27:22.286324 [ 127 ] {} <Debug> DNSResolver: Updated DNS cache
2026.03.18 21:27:32.003119 [ 285 ] {} <Trace> AsynchronousMetrics: Update heavy metrics. Update period 1 sec. Update heavy metrics period 120 sec. Heavy metrics calculation elapsed: 0.000454639 sec.
2026.03.18 21:27:37.297658 [ 188 ] {} <Debug> DNSResolver: Updating DNS cache
2026.03.18 21:27:37.299023 [ 188 ] {} <Debug> DNSResolver: Updated DNS cache
2026.03.18 21:27:52.370064 [ 185 ] {} <Debug> DNSResolver: Updating DNS cache
2026.03.18 21:27:52.371478 [ 185 ] {} <Debug> DNSResolver: Updated DNS cache
2026.03.18 21:28:07.373859 [ 135 ] {} <Debug> DNSResolver: Updating DNS cache
2026.03.18 21:28:07.375490 [ 135 ] {} <Debug> DNSResolver: Updated DNS cache
2026.03.18 21:28:22.392577 [ 91 ] {} <Debug> DNSResolver: Updating DNS cache
2026.03.18 21:28:22.393885 [ 91 ] {} <Debug> DNSResolver: Updated DNS cache
2026.03.18 21:28:37.421811 [ 151 ] {} <Debug> DNSResolver: Updating DNS cache
2026.03.18 21:28:37.423385 [ 151 ] {} <Debug> DNSResolver: Updated DNS cache
2026.03.18 21:28:52.425812 [ 202 ] {} <Debug> DNSResolver: Updating DNS cache
2026.03.18 21:28:52.427961 [ 202 ] {} <Debug> DNSResolver: Updated DNS cache
2026.03.18 21:29:07.493424 [ 191 ] {} <Debug> DNSResolver: Updating DNS cache
2026.03.18 21:29:07.494891 [ 191 ] {} <Debug> DNSResolver: Updated DNS cache
2026.03.18 21:29:22.495455 [ 154 ] {} <Debug> DNSResolver: Updating DNS cache
2026.03.18 21:29:22.496947 [ 154 ] {} <Debug> DNSResolver: Updated DNS cache
2026.03.18 21:29:32.020694 [ 285 ] {} <Trace> AsynchronousMetrics: Update heavy metrics. Update period 1 sec. Update heavy metrics period 120 sec. Heavy metrics calculation elapsed: 0.000431646 sec.
2026.03.18 21:29:37.524344 [ 142 ] {} <Debug> DNSResolver: Updating DNS cache
2026.03.18 21:29:37.526322 [ 142 ] {} <Debug> DNSResolver: Updated DNS cache
2026.03.18 21:29:52.526593 [ 155 ] {} <Debug> DNSResolver: Updating DNS cache
2026.03.18 21:29:52.528529 [ 155 ] {} <Debug> DNSResolver: Updated DNS cache
2026.03.18 21:30:07.597244 [ 140 ] {} <Debug> DNSResolver: Updating DNS cache
2026.03.18 21:30:07.598641 [ 140 ] {} <Debug> DNSResolver: Updated DNS cache
2026.03.18 21:30:22.611653 [ 63 ] {} <Debug> DNSResolver: Updating DNS cache
2026.03.18 21:30:22.613014 [ 63 ] {} <Debug> DNSResolver: Updated DNS cache
2026.03.18 21:30:37.613200 [ 136 ] {} <Debug> DNSResolver: Updating DNS cache
2026.03.18 21:30:37.615056 [ 136 ] {} <Debug> DNSResolver: Updated DNS cache
2026.03.18 21:30:39.062078 [ 285 ] {} <Trace> AsynchronousMetrics: Scanning /sys/block
2026.03.18 21:30:52.666273 [ 51 ] {} <Debug> DNSResolver: Updating DNS cache
2026.03.18 21:30:52.667936 [ 51 ] {} <Debug> DNSResolver: Updated DNS cache
2026.03.18 21:31:07.669939 [ 141 ] {} <Debug> DNSResolver: Updating DNS cache
2026.03.18 21:31:07.671330 [ 141 ] {} <Debug> DNSResolver: Updated DNS cache
2026.03.18 21:31:22.671583 [ 137 ] {} <Debug> DNSResolver: Updating DNS cache
2026.03.18 21:31:22.673195 [ 137 ] {} <Debug> DNSResolver: Updated DNS cache
2026.03.18 21:31:32.008388 [ 285 ] {} <Trace> AsynchronousMetrics: Update heavy metrics. Update period 1 sec. Update heavy metrics period 120 sec. Heavy metrics calculation elapsed: 0.000171861 sec.
2026.03.18 21:31:37.675102 [ 133 ] {} <Debug> DNSResolver: Updating DNS cache
2026.03.18 21:31:37.676473 [ 133 ] {} <Debug> DNSResolver: Updated DNS cache
2026.03.18 21:31:52.676846 [ 180 ] {} <Debug> DNSResolver: Updating DNS cache
2026.03.18 21:31:52.678370 [ 180 ] {} <Debug> DNSResolver: Updated DNS cache
2026.03.18 21:32:07.680140 [ 138 ] {} <Debug> DNSResolver: Updating DNS cache
2026.03.18 21:32:07.681543 [ 138 ] {} <Debug> DNSResolver: Updated DNS cache
2026.03.18 21:32:22.682692 [ 170 ] {} <Debug> DNSResolver: Updating DNS cache
2026.03.18 21:32:22.684704 [ 170 ] {} <Debug> DNSResolver: Updated DNS cache
2026.03.18 21:32:37.685813 [ 164 ] {} <Debug> DNSResolver: Updating DNS cache
2026.03.18 21:32:37.687423 [ 164 ] {} <Debug> DNSResolver: Updated DNS cache
2026.03.18 21:32:52.696643 [ 168 ] {} <Debug> DNSResolver: Updating DNS cache
2026.03.18 21:32:52.698444 [ 168 ] {} <Debug> DNSResolver: Updated DNS cache
2026.03.18 21:33:07.699701 [ 166 ] {} <Debug> DNSResolver: Updating DNS cache
2026.03.18 21:33:07.701267 [ 166 ] {} <Debug> DNSResolver: Updated DNS cache
2026.03.18 21:33:22.701810 [ 134 ] {} <Debug> DNSResolver: Updating DNS cache
2026.03.18 21:33:22.703147 [ 134 ] {} <Debug> DNSResolver: Updated DNS cache
2026.03.18 21:33:32.028627 [ 285 ] {} <Trace> AsynchronousMetrics: Update heavy metrics. Update period 1 sec. Update heavy metrics period 120 sec. Heavy metrics calculation elapsed: 0.000787098 sec.
2026.03.18 21:33:37.744355 [ 167 ] {} <Debug> DNSResolver: Updating DNS cache
2026.03.18 21:33:37.746417 [ 167 ] {} <Debug> DNSResolver: Updated DNS cache
2026.03.18 21:33:52.748894 [ 222 ] {} <Debug> DNSResolver: Updating DNS cache
2026.03.18 21:33:52.751142 [ 222 ] {} <Debug> DNSResolver: Updated DNS cache
2026.03.18 21:34:07.834538 [ 128 ] {} <Debug> DNSResolver: Updating DNS cache
2026.03.18 21:34:07.836120 [ 128 ] {} <Debug> DNSResolver: Updated DNS cache
2026.03.18 21:34:22.901554 [ 228 ] {} <Debug> DNSResolver: Updating DNS cache
2026.03.18 21:34:22.903527 [ 228 ] {} <Debug> DNSResolver: Updated DNS cache
2026.03.18 21:34:37.903891 [ 223 ] {} <Debug> DNSResolver: Updating DNS cache
2026.03.18 21:34:37.905252 [ 223 ] {} <Debug> DNSResolver: Updated DNS cache
2026.03.18 21:34:52.913878 [ 196 ] {} <Debug> DNSResolver: Updating DNS cache
2026.03.18 21:34:52.915556 [ 196 ] {} <Debug> DNSResolver: Updated DNS cache
2026.03.18 21:35:07.926507 [ 282 ] {} <Debug> DNSResolver: Updating DNS cache
2026.03.18 21:35:07.928191 [ 282 ] {} <Debug> DNSResolver: Updated DNS cache
2026.03.18 21:35:22.928892 [ 283 ] {} <Debug> DNSResolver: Updating DNS cache
2026.03.18 21:35:22.931042 [ 283 ] {} <Debug> DNSResolver: Updated DNS cache
2026.03.18 21:35:32.008464 [ 285 ] {} <Trace> AsynchronousMetrics: Update heavy metrics. Update period 1 sec. Update heavy metrics period 120 sec. Heavy metrics calculation elapsed: 0.000192089 sec.
2026.03.18 21:35:37.932666 [ 69 ] {} <Debug> DNSResolver: Updating DNS cache
2026.03.18 21:35:37.934510 [ 69 ] {} <Debug> DNSResolver: Updated DNS cache
2026.03.18 21:35:39.150243 [ 285 ] {} <Trace> AsynchronousMetrics: Scanning /sys/block
2026.03.18 21:35:52.935969 [ 87 ] {} <Debug> DNSResolver: Updating DNS cache
2026.03.18 21:35:52.937490 [ 87 ] {} <Debug> DNSResolver: Updated DNS cache
2026.03.18 21:36:07.972093 [ 120 ] {} <Debug> DNSResolver: Updating DNS cache
2026.03.18 21:36:07.974098 [ 120 ] {} <Debug> DNSResolver: Updated DNS cache
2026.03.18 21:36:22.978651 [ 48 ] {} <Debug> DNSResolver: Updating DNS cache
2026.03.18 21:36:22.979974 [ 48 ] {} <Debug> DNSResolver: Updated DNS cache
2026.03.18 21:36:38.002948 [ 74 ] {} <Debug> DNSResolver: Updating DNS cache
2026.03.18 21:36:38.004554 [ 74 ] {} <Debug> DNSResolver: Updated DNS cache
2026.03.18 21:36:53.029374 [ 73 ] {} <Debug> DNSResolver: Updating DNS cache
2026.03.18 21:36:53.030993 [ 73 ] {} <Debug> DNSResolver: Updated DNS cache
2026.03.18 21:37:08.031853 [ 88 ] {} <Debug> DNSResolver: Updating DNS cache
2026.03.18 21:37:08.033005 [ 88 ] {} <Debug> DNSResolver: Updated DNS cache
2026.03.18 21:37:23.039969 [ 79 ] {} <Debug> DNSResolver: Updating DNS cache
2026.03.18 21:37:23.041245 [ 79 ] {} <Debug> DNSResolver: Updated DNS cache
2026.03.18 21:37:32.001350 [ 285 ] {} <Trace> AsynchronousMetrics: Update heavy metrics. Update period 1 sec. Update heavy metrics period 120 sec. Heavy metrics calculation elapsed: 0.00035335 sec.
2026.03.18 21:37:38.136424 [ 92 ] {} <Debug> DNSResolver: Updating DNS cache
2026.03.18 21:37:38.138016 [ 92 ] {} <Debug> DNSResolver: Updated DNS cache
2026.03.18 21:37:53.169235 [ 103 ] {} <Debug> DNSResolver: Updating DNS cache
2026.03.18 21:37:53.171145 [ 103 ] {} <Debug> DNSResolver: Updated DNS cache
2026.03.18 21:38:08.198252 [ 104 ] {} <Debug> DNSResolver: Updating DNS cache
2026.03.18 21:38:08.200265 [ 104 ] {} <Debug> DNSResolver: Updated DNS cache
2026.03.18 21:38:23.252937 [ 89 ] {} <Debug> DNSResolver: Updating DNS cache
2026.03.18 21:38:23.254593 [ 89 ] {} <Debug> DNSResolver: Updated DNS cache
2026.03.18 21:38:38.256470 [ 145 ] {} <Debug> DNSResolver: Updating DNS cache
2026.03.18 21:38:38.257991 [ 145 ] {} <Debug> DNSResolver: Updated DNS cache
2026.03.18 21:38:53.282914 [ 150 ] {} <Debug> DNSResolver: Updating DNS cache
2026.03.18 21:38:53.284947 [ 150 ] {} <Debug> DNSResolver: Updated DNS cache
2026.03.18 21:39:08.292922 [ 146 ] {} <Debug> DNSResolver: Updating DNS cache
2026.03.18 21:39:08.294272 [ 146 ] {} <Debug> DNSResolver: Updated DNS cache
2026.03.18 21:39:23.294603 [ 108 ] {} <Debug> DNSResolver: Updating DNS cache
2026.03.18 21:39:23.296570 [ 108 ] {} <Debug> DNSResolver: Updated DNS cache
2026.03.18 21:39:32.008005 [ 285 ] {} <Trace> AsynchronousMetrics: Update heavy metrics. Update period 1 sec. Update heavy metrics period 120 sec. Heavy metrics calculation elapsed: 0.00043969 sec.
2026.03.18 21:39:38.298181 [ 90 ] {} <Debug> DNSResolver: Updating DNS cache
2026.03.18 21:39:38.299474 [ 90 ] {} <Debug> DNSResolver: Updated DNS cache
2026.03.18 21:39:53.299627 [ 109 ] {} <Debug> DNSResolver: Updating DNS cache
2026.03.18 21:39:53.300620 [ 109 ] {} <Debug> DNSResolver: Updated DNS cache
2026.03.18 21:40:08.310166 [ 59 ] {} <Debug> DNSResolver: Updating DNS cache
2026.03.18 21:40:08.311612 [ 59 ] {} <Debug> DNSResolver: Updated DNS cache
2026.03.18 21:40:23.311943 [ 114 ] {} <Debug> DNSResolver: Updating DNS cache
2026.03.18 21:40:23.313133 [ 114 ] {} <Debug> DNSResolver: Updated DNS cache
2026.03.18 21:40:38.314911 [ 115 ] {} <Debug> DNSResolver: Updating DNS cache
2026.03.18 21:40:38.316205 [ 115 ] {} <Debug> DNSResolver: Updated DNS cache
2026.03.18 21:40:40.007032 [ 285 ] {} <Trace> AsynchronousMetrics: Scanning /sys/block
2026.03.18 21:40:53.317293 [ 110 ] {} <Debug> DNSResolver: Updating DNS cache
2026.03.18 21:40:53.318934 [ 110 ] {} <Debug> DNSResolver: Updated DNS cache
2026.03.18 21:41:08.319492 [ 101 ] {} <Debug> DNSResolver: Updating DNS cache
2026.03.18 21:41:08.320769 [ 101 ] {} <Debug> DNSResolver: Updated DNS cache
2026.03.18 21:41:23.331443 [ 105 ] {} <Debug> DNSResolver: Updating DNS cache
2026.03.18 21:41:23.333022 [ 105 ] {} <Debug> DNSResolver: Updated DNS cache
2026.03.18 21:41:32.002041 [ 285 ] {} <Trace> AsynchronousMetrics: Update heavy metrics. Update period 1 sec. Update heavy metrics period 120 sec. Heavy metrics calculation elapsed: 0.000243585 sec.
2026.03.18 21:41:38.378277 [ 118 ] {} <Debug> DNSResolver: Updating DNS cache
2026.03.18 21:41:38.379974 [ 118 ] {} <Debug> DNSResolver: Updated DNS cache
2026.03.18 21:41:53.448493 [ 56 ] {} <Debug> DNSResolver: Updating DNS cache
2026.03.18 21:41:53.449642 [ 56 ] {} <Debug> DNSResolver: Updated DNS cache
2026.03.18 21:42:08.457063 [ 111 ] {} <Debug> DNSResolver: Updating DNS cache
2026.03.18 21:42:08.458461 [ 111 ] {} <Debug> DNSResolver: Updated DNS cache
2026.03.18 21:42:23.461736 [ 112 ] {} <Debug> DNSResolver: Updating DNS cache
2026.03.18 21:42:23.463267 [ 112 ] {} <Debug> DNSResolver: Updated DNS cache
2026.03.18 21:42:38.547622 [ 156 ] {} <Debug> DNSResolver: Updating DNS cache
2026.03.18 21:42:38.549317 [ 156 ] {} <Debug> DNSResolver: Updated DNS cache
2026.03.18 21:42:53.584714 [ 68 ] {} <Debug> DNSResolver: Updating DNS cache
2026.03.18 21:42:53.586707 [ 68 ] {} <Debug> DNSResolver: Updated DNS cache
2026.03.18 21:43:08.624994 [ 54 ] {} <Debug> DNSResolver: Updating DNS cache
2026.03.18 21:43:08.626040 [ 54 ] {} <Debug> DNSResolver: Updated DNS cache
2026.03.18 21:43:23.626879 [ 58 ] {} <Debug> DNSResolver: Updating DNS cache
2026.03.18 21:43:23.629433 [ 58 ] {} <Debug> DNSResolver: Updated DNS cache
2026.03.18 21:43:32.008938 [ 285 ] {} <Trace> AsynchronousMetrics: Update heavy metrics. Update period 1 sec. Update heavy metrics period 120 sec. Heavy metrics calculation elapsed: 0.000199142 sec.
2026.03.18 21:43:38.674203 [ 113 ] {} <Debug> DNSResolver: Updating DNS cache
2026.03.18 21:43:38.675717 [ 113 ] {} <Debug> DNSResolver: Updated DNS cache
2026.03.18 21:43:53.687450 [ 61 ] {} <Debug> DNSResolver: Updating DNS cache
2026.03.18 21:43:53.688675 [ 61 ] {} <Debug> DNSResolver: Updated DNS cache
2026.03.18 21:44:08.703226 [ 126 ] {} <Debug> DNSResolver: Updating DNS cache
2026.03.18 21:44:08.704614 [ 126 ] {} <Debug> DNSResolver: Updated DNS cache
2026.03.18 21:44:23.740248 [ 124 ] {} <Debug> DNSResolver: Updating DNS cache
2026.03.18 21:44:23.741847 [ 124 ] {} <Debug> DNSResolver: Updated DNS cache
2026.03.18 21:44:38.753363 [ 125 ] {} <Debug> DNSResolver: Updating DNS cache
2026.03.18 21:44:38.755009 [ 125 ] {} <Debug> DNSResolver: Updated DNS cache
2026.03.18 21:44:53.756519 [ 47 ] {} <Debug> DNSResolver: Updating DNS cache
2026.03.18 21:44:53.757908 [ 47 ] {} <Debug> DNSResolver: Updated DNS cache
2026.03.18 21:45:08.760775 [ 123 ] {} <Debug> DNSResolver: Updating DNS cache
2026.03.18 21:45:08.761830 [ 123 ] {} <Debug> DNSResolver: Updated DNS cache
2026.03.18 21:45:23.763601 [ 85 ] {} <Debug> DNSResolver: Updating DNS cache
2026.03.18 21:45:23.765044 [ 85 ] {} <Debug> DNSResolver: Updated DNS cache
2026.03.18 21:45:32.066675 [ 285 ] {} <Trace> AsynchronousMetrics: Update heavy metrics. Update period 1 sec. Update heavy metrics period 120 sec. Heavy metrics calculation elapsed: 0.000265035 sec.
2026.03.18 21:45:38.877958 [ 70 ] {} <Debug> DNSResolver: Updating DNS cache
2026.03.18 21:45:38.879494 [ 70 ] {} <Debug> DNSResolver: Updated DNS cache
2026.03.18 21:45:40.021655 [ 285 ] {} <Trace> AsynchronousMetrics: Scanning /sys/block
2026.03.18 21:45:53.881423 [ 78 ] {} <Debug> DNSResolver: Updating DNS cache
2026.03.18 21:45:53.883237 [ 78 ] {} <Debug> DNSResolver: Updated DNS cache
2026.03.18 21:46:08.886965 [ 55 ] {} <Debug> DNSResolver: Updating DNS cache
2026.03.18 21:46:08.888205 [ 55 ] {} <Debug> DNSResolver: Updated DNS cache
2026.03.18 21:46:23.893243 [ 60 ] {} <Debug> DNSResolver: Updating DNS cache
2026.03.18 21:46:23.895538 [ 60 ] {} <Debug> DNSResolver: Updated DNS cache
2026.03.18 21:46:38.963441 [ 122 ] {} <Debug> DNSResolver: Updating DNS cache
2026.03.18 21:46:38.964524 [ 122 ] {} <Debug> DNSResolver: Updated DNS cache
2026.03.18 21:46:53.965112 [ 76 ] {} <Debug> DNSResolver: Updating DNS cache
2026.03.18 21:46:53.966441 [ 76 ] {} <Debug> DNSResolver: Updated DNS cache
2026.03.18 21:47:09.086224 [ 72 ] {} <Debug> DNSResolver: Updating DNS cache
2026.03.18 21:47:09.088077 [ 72 ] {} <Debug> DNSResolver: Updated DNS cache
2026.03.18 21:47:24.161177 [ 75 ] {} <Debug> DNSResolver: Updating DNS cache
2026.03.18 21:47:24.162942 [ 75 ] {} <Debug> DNSResolver: Updated DNS cache
2026.03.18 21:47:32.045136 [ 285 ] {} <Trace> AsynchronousMetrics: Update heavy metrics. Update period 1 sec. Update heavy metrics period 120 sec. Heavy metrics calculation elapsed: 0.000462132 sec.
2026.03.18 21:47:39.226727 [ 77 ] {} <Debug> DNSResolver: Updating DNS cache
2026.03.18 21:47:39.228362 [ 77 ] {} <Debug> DNSResolver: Updated DNS cache
2026.03.18 21:47:54.229794 [ 53 ] {} <Debug> DNSResolver: Updating DNS cache
2026.03.18 21:47:54.231138 [ 53 ] {} <Debug> DNSResolver: Updated DNS cache
2026.03.18 21:48:09.243063 [ 100 ] {} <Debug> DNSResolver: Updating DNS cache
2026.03.18 21:48:09.244494 [ 100 ] {} <Debug> DNSResolver: Updated DNS cache
2026.03.18 21:48:12.942210 [ 287 ] {} <Debug> DDLWorker: Scheduling tasks
2026.03.18 21:48:12.942320 [ 290 ] {} <Debug> DDLWorker: Cleaning queue
2026.03.18 21:48:12.943095 [ 287 ] {} <Trace> DDLWorker: scheduleTasks: initialized=true, size_before_filtering=13, queue_size=13, entries=query-0000000000..query-0000000012, first_failed_task_name=none, current_tasks_size=1, last_current_task=query-0000000011, last_skipped_entry_name=none
2026.03.18 21:48:12.943106 [ 287 ] {} <Debug> DDLWorker: Will schedule 1 tasks starting from query-0000000012
2026.03.18 21:48:12.943111 [ 287 ] {} <Trace> DDLWorker: Checking task query-0000000012
2026.03.18 21:48:12.944488 [ 287 ] {} <Debug> DDLWorker: Processing task query-0000000012 (CREATE TABLE IF NOT EXISTS test.teachers UUID 'd8702f36-9aae-4b6a-afce-0d5dc09db043' (`teacher_id` String, `full_name` String, `email` String, `position` String, `degree` String, `hire_date` Date, `max_hours` UInt16, `current_hours` UInt16, `created_at` DateTime DEFAULT now()) ENGINE = Distributed(cluster_3shards, test, teachers_local, cityHash64(teacher_id)))
2026.03.18 21:48:12.972361 [ 287 ] {} <Debug> DDLWorker: Executing query: CREATE TABLE IF NOT EXISTS test.teachers UUID 'd8702f36-9aae-4b6a-afce-0d5dc09db043' (`teacher_id` String, `full_name` String, `email` String, `position` String, `degree` String, `hire_date` Date, `max_hours` UInt16, `current_hours` UInt16, `created_at` DateTime DEFAULT now()) ENGINE = Distributed(cluster_3shards, test, teachers_local, cityHash64(teacher_id))
2026.03.18 21:48:12.972568 [ 287 ] {14384d58-997d-4ab7-ab77-4854546fc95f} <Debug> executeQuery: (from 0.0.0.0:0, user: , initial_query_id: e4aa3806-7ebc-4551-b939-8220dac22488) /* ddl_entry=query-0000000012 */ CREATE TABLE IF NOT EXISTS test.teachers UUID 'd8702f36-9aae-4b6a-afce-0d5dc09db043' (`teacher_id` String, `full_name` String, `email` String, `position` String, `degree` String, `hire_date` Date, `max_hours` UInt16, `current_hours` UInt16, `created_at` DateTime DEFAULT now()) ENGINE = Distributed(cluster_3shards, test, teachers_local, cityHash64(teacher_id)) (stage: Complete)
2026.03.18 21:48:12.974499 [ 287 ] {14384d58-997d-4ab7-ab77-4854546fc95f} <Debug> StorageDistributed (teachers): Auto-increment is 0
2026.03.18 21:48:12.985358 [ 287 ] {14384d58-997d-4ab7-ab77-4854546fc95f} <Debug> DDLWorker: Executed query: /* ddl_entry=query-0000000012 */ CREATE TABLE IF NOT EXISTS test.teachers UUID 'd8702f36-9aae-4b6a-afce-0d5dc09db043' (`teacher_id` String, `full_name` String, `email` String, `position` String, `degree` String, `hire_date` Date, `max_hours` UInt16, `current_hours` UInt16, `created_at` DateTime DEFAULT now()) ENGINE = Distributed(cluster_3shards, test, teachers_local, cityHash64(teacher_id))
2026.03.18 21:48:12.993935 [ 287 ] {} <Debug> DDLWorker: Waiting for queue updates
2026.03.18 21:48:24.256465 [ 96 ] {} <Debug> DNSResolver: Updating DNS cache
2026.03.18 21:48:24.257889 [ 96 ] {} <Debug> DNSResolver: Updated DNS cache
2026.03.18 21:48:30.415353 [ 287 ] {} <Debug> DDLWorker: Scheduling tasks
2026.03.18 21:48:30.415567 [ 290 ] {} <Trace> DDLWorker: Too early to clean queue, will do it later.
2026.03.18 21:48:30.423636 [ 287 ] {} <Trace> DDLWorker: scheduleTasks: initialized=true, size_before_filtering=14, queue_size=14, entries=query-0000000000..query-0000000013, first_failed_task_name=none, current_tasks_size=1, last_current_task=query-0000000012, last_skipped_entry_name=none
2026.03.18 21:48:30.426747 [ 287 ] {} <Debug> DDLWorker: Will schedule 1 tasks starting from query-0000000013
2026.03.18 21:48:30.426755 [ 287 ] {} <Trace> DDLWorker: Checking task query-0000000013
2026.03.18 21:48:30.447127 [ 287 ] {} <Debug> DDLWorker: Processing task query-0000000013 (CREATE TABLE IF NOT EXISTS test.courses UUID '625b0ee8-a9a7-4b06-820e-980cf2523c32' (`course_code` String, `course_name` String, `credits` UInt8, `department_id` String, `semester` UInt8, `is_elective` UInt8, `created_at` DateTime DEFAULT now()) ENGINE = Distributed(cluster_3shards, test, courses_local, cityHash64(course_code)))
2026.03.18 21:48:30.457375 [ 287 ] {} <Debug> DDLWorker: Executing query: CREATE TABLE IF NOT EXISTS test.courses UUID '625b0ee8-a9a7-4b06-820e-980cf2523c32' (`course_code` String, `course_name` String, `credits` UInt8, `department_id` String, `semester` UInt8, `is_elective` UInt8, `created_at` DateTime DEFAULT now()) ENGINE = Distributed(cluster_3shards, test, courses_local, cityHash64(course_code))
2026.03.18 21:48:30.457845 [ 287 ] {4beb566a-9877-4b55-b42b-923b5e693d16} <Debug> executeQuery: (from 0.0.0.0:0, user: , initial_query_id: 52d6634d-bf54-4ca4-9877-f00bd059b146) /* ddl_entry=query-0000000013 */ CREATE TABLE IF NOT EXISTS test.courses UUID '625b0ee8-a9a7-4b06-820e-980cf2523c32' (`course_code` String, `course_name` String, `credits` UInt8, `department_id` String, `semester` UInt8, `is_elective` UInt8, `created_at` DateTime DEFAULT now()) ENGINE = Distributed(cluster_3shards, test, courses_local, cityHash64(course_code)) (stage: Complete)
2026.03.18 21:48:30.458612 [ 287 ] {4beb566a-9877-4b55-b42b-923b5e693d16} <Debug> StorageDistributed (courses): Auto-increment is 0
2026.03.18 21:48:30.466195 [ 287 ] {4beb566a-9877-4b55-b42b-923b5e693d16} <Debug> DDLWorker: Executed query: /* ddl_entry=query-0000000013 */ CREATE TABLE IF NOT EXISTS test.courses UUID '625b0ee8-a9a7-4b06-820e-980cf2523c32' (`course_code` String, `course_name` String, `credits` UInt8, `department_id` String, `semester` UInt8, `is_elective` UInt8, `created_at` DateTime DEFAULT now()) ENGINE = Distributed(cluster_3shards, test, courses_local, cityHash64(course_code))
2026.03.18 21:48:30.473957 [ 287 ] {} <Debug> DDLWorker: Waiting for queue updates
2026.03.18 21:48:39.311538 [ 71 ] {} <Debug> DNSResolver: Updating DNS cache
2026.03.18 21:48:39.313330 [ 71 ] {} <Debug> DNSResolver: Updated DNS cache
2026.03.18 21:48:48.259501 [ 290 ] {} <Trace> DDLWorker: Too early to clean queue, will do it later.
2026.03.18 21:48:48.259524 [ 287 ] {} <Debug> DDLWorker: Scheduling tasks
2026.03.18 21:48:48.269572 [ 287 ] {} <Trace> DDLWorker: scheduleTasks: initialized=true, size_before_filtering=15, queue_size=15, entries=query-0000000000..query-0000000014, first_failed_task_name=none, current_tasks_size=1, last_current_task=query-0000000013, last_skipped_entry_name=none
2026.03.18 21:48:48.269588 [ 287 ] {} <Debug> DDLWorker: Will schedule 1 tasks starting from query-0000000014
2026.03.18 21:48:48.269592 [ 287 ] {} <Trace> DDLWorker: Checking task query-0000000014
2026.03.18 21:48:48.271709 [ 287 ] {} <Debug> DDLWorker: Processing task query-0000000014 (CREATE TABLE IF NOT EXISTS test.schedule UUID 'ee333041-0f03-4848-94c5-3f511ee055d3' (`schedule_id` String, `group_code` String, `course_code` String, `teacher_id` String, `day_of_week` UInt8, `pair_number` UInt8, `week_type` String, `classroom` String, `semester` UInt8, `academic_year` String, `created_at` DateTime DEFAULT now()) ENGINE = Distributed(cluster_3shards, test, schedule_local, cityHash64(group_code)))
2026.03.18 21:48:48.277487 [ 287 ] {} <Debug> DDLWorker: Executing query: CREATE TABLE IF NOT EXISTS test.schedule UUID 'ee333041-0f03-4848-94c5-3f511ee055d3' (`schedule_id` String, `group_code` String, `course_code` String, `teacher_id` String, `day_of_week` UInt8, `pair_number` UInt8, `week_type` String, `classroom` String, `semester` UInt8, `academic_year` String, `created_at` DateTime DEFAULT now()) ENGINE = Distributed(cluster_3shards, test, schedule_local, cityHash64(group_code))
2026.03.18 21:48:48.277605 [ 287 ] {cc9ef104-e34b-441a-bd56-418db3e5eca8} <Debug> executeQuery: (from 0.0.0.0:0, user: , initial_query_id: 11751e11-faa5-4217-84c8-540a93f233d1) /* ddl_entry=query-0000000014 */ CREATE TABLE IF NOT EXISTS test.schedule UUID 'ee333041-0f03-4848-94c5-3f511ee055d3' (`schedule_id` String, `group_code` String, `course_code` String, `teacher_id` String, `day_of_week` UInt8, `pair_number` UInt8, `week_type` String, `classroom` String, `semester` UInt8, `academic_year` String, `created_at` DateTime DEFAULT now()) ENGINE = Distributed(cluster_3shards, test, schedule_local, cityHash64(group_code)) (stage: Complete)
2026.03.18 21:48:48.278952 [ 287 ] {cc9ef104-e34b-441a-bd56-418db3e5eca8} <Debug> StorageDistributed (schedule): Auto-increment is 0
2026.03.18 21:48:48.286305 [ 287 ] {cc9ef104-e34b-441a-bd56-418db3e5eca8} <Debug> DDLWorker: Executed query: /* ddl_entry=query-0000000014 */ CREATE TABLE IF NOT EXISTS test.schedule UUID 'ee333041-0f03-4848-94c5-3f511ee055d3' (`schedule_id` String, `group_code` String, `course_code` String, `teacher_id` String, `day_of_week` UInt8, `pair_number` UInt8, `week_type` String, `classroom` String, `semester` UInt8, `academic_year` String, `created_at` DateTime DEFAULT now()) ENGINE = Distributed(cluster_3shards, test, schedule_local, cityHash64(group_code))
2026.03.18 21:48:48.295023 [ 287 ] {} <Debug> DDLWorker: Waiting for queue updates
2026.03.18 21:48:54.313597 [ 157 ] {} <Debug> DNSResolver: Updating DNS cache
2026.03.18 21:48:54.314839 [ 157 ] {} <Debug> DNSResolver: Updated DNS cache
2026.03.18 21:49:09.679300 [ 102 ] {} <Debug> DNSResolver: Updating DNS cache
2026.03.18 21:49:09.680456 [ 102 ] {} <Debug> DNSResolver: Updated DNS cache
2026.03.18 21:49:24.688002 [ 160 ] {} <Debug> DNSResolver: Updating DNS cache
2026.03.18 21:49:24.690256 [ 160 ] {} <Debug> DNSResolver: Updated DNS cache
2026.03.18 21:49:32.004011 [ 285 ] {} <Trace> AsynchronousMetrics: Update heavy metrics. Update period 1 sec. Update heavy metrics period 120 sec. Heavy metrics calculation elapsed: 0.000420695 sec.
2026.03.18 21:49:39.691409 [ 82 ] {} <Debug> DNSResolver: Updating DNS cache
2026.03.18 21:49:39.692672 [ 82 ] {} <Debug> DNSResolver: Updated DNS cache
2026.03.18 21:49:54.710370 [ 159 ] {} <Debug> DNSResolver: Updating DNS cache
2026.03.18 21:49:54.711703 [ 159 ] {} <Debug> DNSResolver: Updated DNS cache
2026.03.18 21:50:09.713627 [ 129 ] {} <Debug> DNSResolver: Updating DNS cache
2026.03.18 21:50:09.715000 [ 129 ] {} <Debug> DNSResolver: Updated DNS cache
2026.03.18 21:50:23.299229 [ 287 ] {} <Debug> DDLWorker: Scheduling tasks
2026.03.18 21:50:23.299245 [ 290 ] {} <Debug> DDLWorker: Cleaning queue
2026.03.18 21:50:23.299855 [ 287 ] {} <Trace> DDLWorker: scheduleTasks: initialized=true, size_before_filtering=16, queue_size=16, entries=query-0000000000..query-0000000015, first_failed_task_name=none, current_tasks_size=1, last_current_task=query-0000000014, last_skipped_entry_name=none
2026.03.18 21:50:23.299868 [ 287 ] {} <Debug> DDLWorker: Will schedule 1 tasks starting from query-0000000015
2026.03.18 21:50:23.299873 [ 287 ] {} <Trace> DDLWorker: Checking task query-0000000015
2026.03.18 21:50:23.302896 [ 287 ] {} <Debug> DDLWorker: Processing task query-0000000015 (CREATE TABLE IF NOT EXISTS test.departments UUID '8b772cdf-f06e-44ad-92cf-94d4ed7f7742' (`department_id` String, `name` String, `type` String, `dean_name` String, `contact_email` String, `phone` String, `building` String, `created_at` DateTime DEFAULT now()) ENGINE = Distributed(cluster_3shards, test, departments_local, rand()))
2026.03.18 21:50:23.323010 [ 287 ] {} <Debug> DDLWorker: Executing query: CREATE TABLE IF NOT EXISTS test.departments UUID '8b772cdf-f06e-44ad-92cf-94d4ed7f7742' (`department_id` String, `name` String, `type` String, `dean_name` String, `contact_email` String, `phone` String, `building` String, `created_at` DateTime DEFAULT now()) ENGINE = Distributed(cluster_3shards, test, departments_local, rand())
2026.03.18 21:50:23.323262 [ 287 ] {716a0b6f-76ea-4e1b-8ee1-e6c016371c15} <Debug> executeQuery: (from 0.0.0.0:0, user: , initial_query_id: 78e4b235-c0ed-489f-b4b8-d7276b0753c2) /* ddl_entry=query-0000000015 */ CREATE TABLE IF NOT EXISTS test.departments UUID '8b772cdf-f06e-44ad-92cf-94d4ed7f7742' (`department_id` String, `name` String, `type` String, `dean_name` String, `contact_email` String, `phone` String, `building` String, `created_at` DateTime DEFAULT now()) ENGINE = Distributed(cluster_3shards, test, departments_local, rand()) (stage: Complete)
2026.03.18 21:50:23.324347 [ 287 ] {716a0b6f-76ea-4e1b-8ee1-e6c016371c15} <Debug> StorageDistributed (departments): Auto-increment is 0
2026.03.18 21:50:23.331143 [ 287 ] {716a0b6f-76ea-4e1b-8ee1-e6c016371c15} <Debug> DDLWorker: Executed query: /* ddl_entry=query-0000000015 */ CREATE TABLE IF NOT EXISTS test.departments UUID '8b772cdf-f06e-44ad-92cf-94d4ed7f7742' (`department_id` String, `name` String, `type` String, `dean_name` String, `contact_email` String, `phone` String, `building` String, `created_at` DateTime DEFAULT now()) ENGINE = Distributed(cluster_3shards, test, departments_local, rand())
2026.03.18 21:50:23.343371 [ 287 ] {} <Debug> DDLWorker: Waiting for queue updates
2026.03.18 21:50:24.715205 [ 107 ] {} <Debug> DNSResolver: Updating DNS cache
2026.03.18 21:50:24.716516 [ 107 ] {} <Debug> DNSResolver: Updated DNS cache
2026.03.18 21:50:39.740864 [ 86 ] {} <Debug> DNSResolver: Updating DNS cache
2026.03.18 21:50:39.742587 [ 86 ] {} <Debug> DNSResolver: Updated DNS cache
2026.03.18 21:50:41.013193 [ 285 ] {} <Trace> AsynchronousMetrics: Scanning /sys/block
2026.03.18 21:50:54.742924 [ 162 ] {} <Debug> DNSResolver: Updating DNS cache
2026.03.18 21:50:54.744817 [ 162 ] {} <Debug> DNSResolver: Updated DNS cache
2026.03.18 21:51:09.745109 [ 147 ] {} <Debug> DNSResolver: Updating DNS cache
2026.03.18 21:51:09.746438 [ 147 ] {} <Debug> DNSResolver: Updated DNS cache
2026.03.18 21:51:24.748062 [ 148 ] {} <Debug> DNSResolver: Updating DNS cache
2026.03.18 21:51:24.749392 [ 148 ] {} <Debug> DNSResolver: Updated DNS cache
2026.03.18 21:51:32.001467 [ 285 ] {} <Trace> AsynchronousMetrics: Update heavy metrics. Update period 1 sec. Update heavy metrics period 120 sec. Heavy metrics calculation elapsed: 0.000475157 sec.
2026.03.18 21:51:39.749931 [ 165 ] {} <Debug> DNSResolver: Updating DNS cache
2026.03.18 21:51:39.752018 [ 165 ] {} <Debug> DNSResolver: Updated DNS cache
2026.03.18 21:51:50.256805 [ 44 ] {} <Trace> TCPHandlerFactory: TCP Request. Address: 172.18.0.6:56004
2026.03.18 21:51:50.256924 [ 44 ] {} <Debug> TCPHandler: Connected ClickHouse server version 23.8.0, revision: 54465, user: default.
2026.03.18 21:51:50.256949 [ 44 ] {} <Debug> TCP-Session: 5b267750-1deb-428c-94a8-2389957b68da Authenticating user 'default' from 172.18.0.6:56004
2026.03.18 21:51:50.256965 [ 44 ] {} <Debug> TCP-Session: 5b267750-1deb-428c-94a8-2389957b68da Authenticated with global context as user 94309d50-4f52-5250-31bd-74fecac179db
2026.03.18 21:51:50.256969 [ 44 ] {} <Debug> TCP-Session: 5b267750-1deb-428c-94a8-2389957b68da Creating session context with user_id: 94309d50-4f52-5250-31bd-74fecac179db
2026.03.18 21:51:50.257061 [ 44 ] {} <Trace> ContextAccess (default): Settings: readonly = 0, allow_ddl = true, allow_introspection_functions = false
2026.03.18 21:51:50.257077 [ 44 ] {} <Trace> ContextAccess (default): List of all grants: GRANT SHOW, SELECT, INSERT, ALTER, CREATE, DROP, UNDROP TABLE, TRUNCATE, OPTIMIZE, BACKUP, KILL QUERY, KILL TRANSACTION, MOVE PARTITION BETWEEN SHARDS, SYSTEM, dictGet, displaySecretsInShowAndSelect, INTROSPECTION, SOURCES, CLUSTER ON *.*
2026.03.18 21:51:50.257083 [ 44 ] {} <Trace> ContextAccess (default): List of all grants including implicit: GRANT SHOW, SELECT, INSERT, ALTER, CREATE, DROP, UNDROP TABLE, TRUNCATE, OPTIMIZE, BACKUP, KILL QUERY, KILL TRANSACTION, MOVE PARTITION BETWEEN SHARDS, SYSTEM, dictGet, displaySecretsInShowAndSelect, INTROSPECTION, SOURCES, CLUSTER ON *.*
2026.03.18 21:51:50.257892 [ 44 ] {} <Trace> TCP-Session: 5b267750-1deb-428c-94a8-2389957b68da Creating query context from session context, user_id: 94309d50-4f52-5250-31bd-74fecac179db, parent context user: default
2026.03.18 21:51:50.258103 [ 44 ] {d3f726a2-3a2f-4c76-8b6d-38505095f740} <Debug> executeQuery: (from 172.18.0.6:56004, initial_query_id: a035cd40-9fe9-4882-9af4-fd292ed09f96) INSERT INTO test.departments_local (department_id, name, type, dean_name, contact_email, phone, building, created_at) VALUES (stage: Complete)
2026.03.18 21:51:50.258305 [ 44 ] {d3f726a2-3a2f-4c76-8b6d-38505095f740} <Trace> ContextAccess (default): Access granted: INSERT(department_id, name, type, dean_name, contact_email, phone, building, created_at) ON test.departments_local
2026.03.18 21:51:50.259240 [ 44 ] {d3f726a2-3a2f-4c76-8b6d-38505095f740} <Trace> test.departments_local (802852eb-3467-4b52-9c99-f19fc24aa9f9): Trying to reserve 1.00 MiB using storage policy from min volume index 0
2026.03.18 21:51:50.259263 [ 44 ] {d3f726a2-3a2f-4c76-8b6d-38505095f740} <Trace> DiskLocal: Reserved 1.00 MiB on local disk `default`, having unreserved 101.51 GiB.
2026.03.18 21:51:50.259938 [ 44 ] {d3f726a2-3a2f-4c76-8b6d-38505095f740} <Trace> MergedBlockOutputStream: filled checksums all_1_1_0 (state Temporary)
2026.03.18 21:51:50.260210 [ 44 ] {d3f726a2-3a2f-4c76-8b6d-38505095f740} <Trace> test.departments_local (802852eb-3467-4b52-9c99-f19fc24aa9f9): Renaming temporary part tmp_insert_all_1_1_0 to all_1_1_0 with tid (1, 1, 00000000-0000-0000-0000-000000000000).
2026.03.18 21:51:50.260386 [ 44 ] {d3f726a2-3a2f-4c76-8b6d-38505095f740} <Debug> executeQuery: Read 3 rows, 665.00 B in 0.002337 sec., 1283.6970474967907 rows/sec., 277.88 KiB/sec.
2026.03.18 21:51:50.260404 [ 44 ] {d3f726a2-3a2f-4c76-8b6d-38505095f740} <Debug> MemoryTracker: Peak memory usage (for query): 4.25 MiB.
2026.03.18 21:51:50.260408 [ 44 ] {d3f726a2-3a2f-4c76-8b6d-38505095f740} <Debug> TCPHandler: Processed in 0.002826081 sec.
2026.03.18 21:51:51.028778 [ 285 ] {} <Trace> AsynchronousMetrics: MemoryTracking: was 395.73 MiB, peak 399.94 MiB, free memory in arenas 5.35 MiB, will set to 394.29 MiB (RSS), difference: -1.43 MiB
2026.03.18 21:51:54.780563 [ 175 ] {} <Debug> DNSResolver: Updating DNS cache
2026.03.18 21:51:54.781828 [ 175 ] {} <Debug> DNSResolver: Updated DNS cache
2026.03.18 21:52:09.782490 [ 80 ] {} <Debug> DNSResolver: Updating DNS cache
2026.03.18 21:52:09.783623 [ 80 ] {} <Debug> DNSResolver: Updated DNS cache
2026.03.18 21:52:24.789041 [ 169 ] {} <Debug> DNSResolver: Updating DNS cache
2026.03.18 21:52:24.790930 [ 169 ] {} <Debug> DNSResolver: Updated DNS cache
2026.03.18 21:52:39.791185 [ 176 ] {} <Debug> DNSResolver: Updating DNS cache
2026.03.18 21:52:39.792638 [ 176 ] {} <Debug> DNSResolver: Updated DNS cache
2026.03.18 21:52:54.792916 [ 179 ] {} <Debug> DNSResolver: Updating DNS cache
2026.03.18 21:52:54.794270 [ 179 ] {} <Debug> DNSResolver: Updated DNS cache
2026.03.18 21:53:09.818166 [ 163 ] {} <Debug> DNSResolver: Updating DNS cache
2026.03.18 21:53:09.819558 [ 163 ] {} <Debug> DNSResolver: Updated DNS cache
2026.03.18 21:53:24.941211 [ 173 ] {} <Debug> DNSResolver: Updating DNS cache
2026.03.18 21:53:24.943146 [ 173 ] {} <Debug> DNSResolver: Updated DNS cache
2026.03.18 21:53:32.001518 [ 285 ] {} <Trace> AsynchronousMetrics: Update heavy metrics. Update period 1 sec. Update heavy metrics period 120 sec. Heavy metrics calculation elapsed: 0.000311351 sec.
2026.03.18 21:53:39.953954 [ 189 ] {} <Debug> DNSResolver: Updating DNS cache
2026.03.18 21:53:39.956502 [ 189 ] {} <Debug> DNSResolver: Updated DNS cache
2026.03.18 21:53:54.968286 [ 186 ] {} <Debug> DNSResolver: Updating DNS cache
2026.03.18 21:53:54.970051 [ 186 ] {} <Debug> DNSResolver: Updated DNS cache
2026.03.18 21:54:09.970672 [ 188 ] {} <Debug> DNSResolver: Updating DNS cache
2026.03.18 21:54:09.972472 [ 188 ] {} <Debug> DNSResolver: Updated DNS cache
2026.03.18 21:54:14.399503 [ 44 ] {} <Trace> TCP-Session: 5b267750-1deb-428c-94a8-2389957b68da Creating query context from session context, user_id: 94309d50-4f52-5250-31bd-74fecac179db, parent context user: default
2026.03.18 21:54:14.399614 [ 44 ] {972ae298-c129-4e49-8fbd-033c2f1ecdbb} <Debug> executeQuery: (from 172.18.0.6:56004, initial_query_id: 1556da96-77e4-48ce-992a-1acae963f394) INSERT INTO test.teachers_local (teacher_id, full_name, email, position, degree, hire_date, max_hours, current_hours, created_at) VALUES (stage: Complete)
2026.03.18 21:54:14.399679 [ 44 ] {972ae298-c129-4e49-8fbd-033c2f1ecdbb} <Trace> ContextAccess (default): Access granted: INSERT(teacher_id, full_name, email, position, degree, hire_date, max_hours, current_hours, created_at) ON test.teachers_local
2026.03.18 21:54:14.401199 [ 44 ] {972ae298-c129-4e49-8fbd-033c2f1ecdbb} <Trace> test.teachers_local (e100a84f-1a8b-456d-baae-1ca19e5e5ecb): Trying to reserve 1.00 MiB using storage policy from min volume index 0
2026.03.18 21:54:14.401222 [ 44 ] {972ae298-c129-4e49-8fbd-033c2f1ecdbb} <Trace> DiskLocal: Reserved 1.00 MiB on local disk `default`, having unreserved 101.51 GiB.
2026.03.18 21:54:14.401583 [ 44 ] {972ae298-c129-4e49-8fbd-033c2f1ecdbb} <Trace> MergedBlockOutputStream: filled checksums 2019_1_1_0 (state Temporary)
2026.03.18 21:54:14.401906 [ 44 ] {972ae298-c129-4e49-8fbd-033c2f1ecdbb} <Trace> test.teachers_local (e100a84f-1a8b-456d-baae-1ca19e5e5ecb): Trying to reserve 1.00 MiB using storage policy from min volume index 0
2026.03.18 21:54:14.401920 [ 44 ] {972ae298-c129-4e49-8fbd-033c2f1ecdbb} <Trace> DiskLocal: Reserved 1.00 MiB on local disk `default`, having unreserved 101.51 GiB.
2026.03.18 21:54:14.402324 [ 44 ] {972ae298-c129-4e49-8fbd-033c2f1ecdbb} <Trace> MergedBlockOutputStream: filled checksums 2011_2_2_0 (state Temporary)
2026.03.18 21:54:14.402676 [ 44 ] {972ae298-c129-4e49-8fbd-033c2f1ecdbb} <Trace> test.teachers_local (e100a84f-1a8b-456d-baae-1ca19e5e5ecb): Renaming temporary part tmp_insert_2019_1_1_0 to 2019_1_1_0 with tid (1, 1, 00000000-0000-0000-0000-000000000000).
2026.03.18 21:54:14.403410 [ 44 ] {972ae298-c129-4e49-8fbd-033c2f1ecdbb} <Trace> test.teachers_local (e100a84f-1a8b-456d-baae-1ca19e5e5ecb): Trying to reserve 1.00 MiB using storage policy from min volume index 0
2026.03.18 21:54:14.403521 [ 44 ] {972ae298-c129-4e49-8fbd-033c2f1ecdbb} <Trace> DiskLocal: Reserved 1.00 MiB on local disk `default`, having unreserved 101.51 GiB.
2026.03.18 21:54:14.404197 [ 44 ] {972ae298-c129-4e49-8fbd-033c2f1ecdbb} <Trace> MergedBlockOutputStream: filled checksums 2010_3_3_0 (state Temporary)
2026.03.18 21:54:14.404472 [ 44 ] {972ae298-c129-4e49-8fbd-033c2f1ecdbb} <Trace> test.teachers_local (e100a84f-1a8b-456d-baae-1ca19e5e5ecb): Renaming temporary part tmp_insert_2011_2_2_0 to 2011_2_2_0 with tid (1, 1, 00000000-0000-0000-0000-000000000000).
2026.03.18 21:54:14.404581 [ 44 ] {972ae298-c129-4e49-8fbd-033c2f1ecdbb} <Trace> test.teachers_local (e100a84f-1a8b-456d-baae-1ca19e5e5ecb): Trying to reserve 1.00 MiB using storage policy from min volume index 0
2026.03.18 21:54:14.404655 [ 44 ] {972ae298-c129-4e49-8fbd-033c2f1ecdbb} <Trace> DiskLocal: Reserved 1.00 MiB on local disk `default`, having unreserved 101.51 GiB.
2026.03.18 21:54:14.405299 [ 44 ] {972ae298-c129-4e49-8fbd-033c2f1ecdbb} <Trace> MergedBlockOutputStream: filled checksums 2012_4_4_0 (state Temporary)
2026.03.18 21:54:14.405624 [ 44 ] {972ae298-c129-4e49-8fbd-033c2f1ecdbb} <Trace> test.teachers_local (e100a84f-1a8b-456d-baae-1ca19e5e5ecb): Renaming temporary part tmp_insert_2010_3_3_0 to 2010_3_3_0 with tid (1, 1, 00000000-0000-0000-0000-000000000000).
2026.03.18 21:54:14.405749 [ 44 ] {972ae298-c129-4e49-8fbd-033c2f1ecdbb} <Trace> test.teachers_local (e100a84f-1a8b-456d-baae-1ca19e5e5ecb): Trying to reserve 1.00 MiB using storage policy from min volume index 0
2026.03.18 21:54:14.405761 [ 44 ] {972ae298-c129-4e49-8fbd-033c2f1ecdbb} <Trace> DiskLocal: Reserved 1.00 MiB on local disk `default`, having unreserved 101.51 GiB.
2026.03.18 21:54:14.407275 [ 44 ] {972ae298-c129-4e49-8fbd-033c2f1ecdbb} <Trace> MergedBlockOutputStream: filled checksums 2013_5_5_0 (state Temporary)
2026.03.18 21:54:14.408931 [ 44 ] {972ae298-c129-4e49-8fbd-033c2f1ecdbb} <Trace> test.teachers_local (e100a84f-1a8b-456d-baae-1ca19e5e5ecb): Renaming temporary part tmp_insert_2012_4_4_0 to 2012_4_4_0 with tid (1, 1, 00000000-0000-0000-0000-000000000000).
2026.03.18 21:54:14.409034 [ 44 ] {972ae298-c129-4e49-8fbd-033c2f1ecdbb} <Trace> test.teachers_local (e100a84f-1a8b-456d-baae-1ca19e5e5ecb): Trying to reserve 1.00 MiB using storage policy from min volume index 0
2026.03.18 21:54:14.409045 [ 44 ] {972ae298-c129-4e49-8fbd-033c2f1ecdbb} <Trace> DiskLocal: Reserved 1.00 MiB on local disk `default`, having unreserved 101.51 GiB.
2026.03.18 21:54:14.411531 [ 44 ] {972ae298-c129-4e49-8fbd-033c2f1ecdbb} <Trace> MergedBlockOutputStream: filled checksums 2014_6_6_0 (state Temporary)
2026.03.18 21:54:14.412733 [ 44 ] {972ae298-c129-4e49-8fbd-033c2f1ecdbb} <Trace> test.teachers_local (e100a84f-1a8b-456d-baae-1ca19e5e5ecb): Renaming temporary part tmp_insert_2013_5_5_0 to 2013_5_5_0 with tid (1, 1, 00000000-0000-0000-0000-000000000000).
2026.03.18 21:54:14.416749 [ 44 ] {972ae298-c129-4e49-8fbd-033c2f1ecdbb} <Trace> test.teachers_local (e100a84f-1a8b-456d-baae-1ca19e5e5ecb): Trying to reserve 1.00 MiB using storage policy from min volume index 0
2026.03.18 21:54:14.417436 [ 44 ] {972ae298-c129-4e49-8fbd-033c2f1ecdbb} <Trace> DiskLocal: Reserved 1.00 MiB on local disk `default`, having unreserved 101.51 GiB.
2026.03.18 21:54:14.417853 [ 44 ] {972ae298-c129-4e49-8fbd-033c2f1ecdbb} <Trace> MergedBlockOutputStream: filled checksums 2016_7_7_0 (state Temporary)
2026.03.18 21:54:14.419547 [ 44 ] {972ae298-c129-4e49-8fbd-033c2f1ecdbb} <Trace> test.teachers_local (e100a84f-1a8b-456d-baae-1ca19e5e5ecb): Renaming temporary part tmp_insert_2014_6_6_0 to 2014_6_6_0 with tid (1, 1, 00000000-0000-0000-0000-000000000000).
2026.03.18 21:54:14.419897 [ 44 ] {972ae298-c129-4e49-8fbd-033c2f1ecdbb} <Trace> test.teachers_local (e100a84f-1a8b-456d-baae-1ca19e5e5ecb): Trying to reserve 1.00 MiB using storage policy from min volume index 0
2026.03.18 21:54:14.419911 [ 44 ] {972ae298-c129-4e49-8fbd-033c2f1ecdbb} <Trace> DiskLocal: Reserved 1.00 MiB on local disk `default`, having unreserved 101.51 GiB.
2026.03.18 21:54:14.420973 [ 44 ] {972ae298-c129-4e49-8fbd-033c2f1ecdbb} <Trace> MergedBlockOutputStream: filled checksums 2020_8_8_0 (state Temporary)
2026.03.18 21:54:14.421464 [ 44 ] {972ae298-c129-4e49-8fbd-033c2f1ecdbb} <Trace> test.teachers_local (e100a84f-1a8b-456d-baae-1ca19e5e5ecb): Renaming temporary part tmp_insert_2016_7_7_0 to 2016_7_7_0 with tid (1, 1, 00000000-0000-0000-0000-000000000000).
2026.03.18 21:54:14.421633 [ 44 ] {972ae298-c129-4e49-8fbd-033c2f1ecdbb} <Trace> test.teachers_local (e100a84f-1a8b-456d-baae-1ca19e5e5ecb): Trying to reserve 1.00 MiB using storage policy from min volume index 0
2026.03.18 21:54:14.421655 [ 44 ] {972ae298-c129-4e49-8fbd-033c2f1ecdbb} <Trace> DiskLocal: Reserved 1.00 MiB on local disk `default`, having unreserved 101.51 GiB.
2026.03.18 21:54:14.422238 [ 44 ] {972ae298-c129-4e49-8fbd-033c2f1ecdbb} <Trace> MergedBlockOutputStream: filled checksums 2017_9_9_0 (state Temporary)
2026.03.18 21:54:14.422655 [ 44 ] {972ae298-c129-4e49-8fbd-033c2f1ecdbb} <Trace> test.teachers_local (e100a84f-1a8b-456d-baae-1ca19e5e5ecb): Renaming temporary part tmp_insert_2020_8_8_0 to 2020_8_8_0 with tid (1, 1, 00000000-0000-0000-0000-000000000000).
2026.03.18 21:54:14.423207 [ 44 ] {972ae298-c129-4e49-8fbd-033c2f1ecdbb} <Trace> test.teachers_local (e100a84f-1a8b-456d-baae-1ca19e5e5ecb): Trying to reserve 1.00 MiB using storage policy from min volume index 0
2026.03.18 21:54:14.423222 [ 44 ] {972ae298-c129-4e49-8fbd-033c2f1ecdbb} <Trace> DiskLocal: Reserved 1.00 MiB on local disk `default`, having unreserved 101.51 GiB.
2026.03.18 21:54:14.423633 [ 44 ] {972ae298-c129-4e49-8fbd-033c2f1ecdbb} <Trace> MergedBlockOutputStream: filled checksums 2015_10_10_0 (state Temporary)
2026.03.18 21:54:14.424114 [ 44 ] {972ae298-c129-4e49-8fbd-033c2f1ecdbb} <Trace> test.teachers_local (e100a84f-1a8b-456d-baae-1ca19e5e5ecb): Renaming temporary part tmp_insert_2017_9_9_0 to 2017_9_9_0 with tid (1, 1, 00000000-0000-0000-0000-000000000000).
2026.03.18 21:54:14.424274 [ 44 ] {972ae298-c129-4e49-8fbd-033c2f1ecdbb} <Trace> test.teachers_local (e100a84f-1a8b-456d-baae-1ca19e5e5ecb): Renaming temporary part tmp_insert_2015_10_10_0 to 2015_10_10_0 with tid (1, 1, 00000000-0000-0000-0000-000000000000).
2026.03.18 21:54:14.424372 [ 44 ] {972ae298-c129-4e49-8fbd-033c2f1ecdbb} <Debug> executeQuery: Read 38 rows, 5.38 KiB in 0.024792 sec., 1532.7525008067119 rows/sec., 217.00 KiB/sec.
2026.03.18 21:54:14.424404 [ 44 ] {972ae298-c129-4e49-8fbd-033c2f1ecdbb} <Debug> MemoryTracker: Peak memory usage (for query): 8.43 MiB.
2026.03.18 21:54:14.424408 [ 44 ] {972ae298-c129-4e49-8fbd-033c2f1ecdbb} <Debug> TCPHandler: Processed in 0.024979458 sec.
2026.03.18 21:54:24.972896 [ 170 ] {} <Debug> DNSResolver: Updating DNS cache
2026.03.18 21:54:24.974104 [ 170 ] {} <Debug> DNSResolver: Updated DNS cache
2026.03.18 21:54:39.977347 [ 128 ] {} <Debug> DNSResolver: Updating DNS cache
2026.03.18 21:54:39.978772 [ 128 ] {} <Debug> DNSResolver: Updated DNS cache
2026.03.18 21:54:54.979714 [ 283 ] {} <Debug> DNSResolver: Updating DNS cache
2026.03.18 21:54:54.981153 [ 283 ] {} <Debug> DNSResolver: Updated DNS cache
2026.03.18 21:55:09.986149 [ 87 ] {} <Debug> DNSResolver: Updating DNS cache
2026.03.18 21:55:09.987790 [ 87 ] {} <Debug> DNSResolver: Updated DNS cache
2026.03.18 21:55:19.707030 [ 44 ] {} <Trace> TCP-Session: 5b267750-1deb-428c-94a8-2389957b68da Creating query context from session context, user_id: 94309d50-4f52-5250-31bd-74fecac179db, parent context user: default
2026.03.18 21:55:19.707143 [ 44 ] {cd0ca292-f878-42fe-8048-6d5cc512e177} <Debug> executeQuery: (from 172.18.0.6:56004, initial_query_id: 3816ca3f-d7a4-401a-a4ae-85bd91fe7820) INSERT INTO test.courses_local (course_code, course_name, credits, department_id, semester, is_elective, created_at) VALUES (stage: Complete)
2026.03.18 21:55:19.707202 [ 44 ] {cd0ca292-f878-42fe-8048-6d5cc512e177} <Trace> ContextAccess (default): Access granted: INSERT(course_code, course_name, credits, department_id, semester, is_elective, created_at) ON test.courses_local
2026.03.18 21:55:19.708388 [ 44 ] {cd0ca292-f878-42fe-8048-6d5cc512e177} <Trace> test.courses_local (459349ad-92fc-4b00-822f-1454403d3a61): Trying to reserve 1.00 MiB using storage policy from min volume index 0
2026.03.18 21:55:19.708411 [ 44 ] {cd0ca292-f878-42fe-8048-6d5cc512e177} <Trace> DiskLocal: Reserved 1.00 MiB on local disk `default`, having unreserved 101.51 GiB.
2026.03.18 21:55:19.709114 [ 44 ] {cd0ca292-f878-42fe-8048-6d5cc512e177} <Trace> MergedBlockOutputStream: filled checksums all_1_1_0 (state Temporary)
2026.03.18 21:55:19.709381 [ 44 ] {cd0ca292-f878-42fe-8048-6d5cc512e177} <Trace> test.courses_local (459349ad-92fc-4b00-822f-1454403d3a61): Renaming temporary part tmp_insert_all_1_1_0 to all_1_1_0 with tid (1, 1, 00000000-0000-0000-0000-000000000000).
2026.03.18 21:55:19.709536 [ 44 ] {cd0ca292-f878-42fe-8048-6d5cc512e177} <Debug> executeQuery: Read 43 rows, 3.55 KiB in 0.002422 sec., 17753.922378199833 rows/sec., 1.43 MiB/sec.
2026.03.18 21:55:19.709556 [ 44 ] {cd0ca292-f878-42fe-8048-6d5cc512e177} <Debug> MemoryTracker: Peak memory usage (for query): 4.24 MiB.
2026.03.18 21:55:19.709560 [ 44 ] {cd0ca292-f878-42fe-8048-6d5cc512e177} <Debug> TCPHandler: Processed in 0.002591263 sec.
2026.03.18 21:55:25.007933 [ 73 ] {} <Debug> DNSResolver: Updating DNS cache
2026.03.18 21:55:25.009792 [ 73 ] {} <Debug> DNSResolver: Updated DNS cache
2026.03.18 21:55:32.088514 [ 285 ] {} <Trace> AsynchronousMetrics: Update heavy metrics. Update period 1 sec. Update heavy metrics period 120 sec. Heavy metrics calculation elapsed: 0.000393465 sec.
2026.03.18 21:55:40.010237 [ 79 ] {} <Debug> DNSResolver: Updating DNS cache
2026.03.18 21:55:40.012187 [ 79 ] {} <Debug> DNSResolver: Updated DNS cache
2026.03.18 21:55:42.000942 [ 285 ] {} <Trace> AsynchronousMetrics: Scanning /sys/block
2026.03.18 21:55:44.448054 [ 44 ] {} <Trace> TCP-Session: 5b267750-1deb-428c-94a8-2389957b68da Creating query context from session context, user_id: 94309d50-4f52-5250-31bd-74fecac179db, parent context user: default
2026.03.18 21:55:44.448170 [ 44 ] {f703d143-9e1e-49a7-a4ec-0caf1c16c16a} <Debug> executeQuery: (from 172.18.0.6:56004, initial_query_id: af57622a-19d3-4037-8684-64be86508967) INSERT INTO test.students_local (student_id, full_name, birth_date, email, faculty_code, group_code, enrollment_year, status, gpa, created_at) VALUES (stage: Complete)
2026.03.18 21:55:44.448248 [ 44 ] {f703d143-9e1e-49a7-a4ec-0caf1c16c16a} <Trace> ContextAccess (default): Access granted: INSERT(student_id, full_name, birth_date, email, faculty_code, group_code, enrollment_year, status, gpa, created_at) ON test.students_local
2026.03.18 21:55:44.450186 [ 44 ] {f703d143-9e1e-49a7-a4ec-0caf1c16c16a} <Trace> test.students_local (adcc615b-4a80-499d-a267-5ed2e1cff73a): Trying to reserve 1.00 MiB using storage policy from min volume index 0
2026.03.18 21:55:44.450209 [ 44 ] {f703d143-9e1e-49a7-a4ec-0caf1c16c16a} <Trace> DiskLocal: Reserved 1.00 MiB on local disk `default`, having unreserved 101.51 GiB.
2026.03.18 21:55:44.450621 [ 44 ] {f703d143-9e1e-49a7-a4ec-0caf1c16c16a} <Trace> MergedBlockOutputStream: filled checksums 2020_1_1_0 (state Temporary)
2026.03.18 21:55:44.451045 [ 44 ] {f703d143-9e1e-49a7-a4ec-0caf1c16c16a} <Trace> test.students_local (adcc615b-4a80-499d-a267-5ed2e1cff73a): Trying to reserve 1.00 MiB using storage policy from min volume index 0
2026.03.18 21:55:44.451060 [ 44 ] {f703d143-9e1e-49a7-a4ec-0caf1c16c16a} <Trace> DiskLocal: Reserved 1.00 MiB on local disk `default`, having unreserved 101.51 GiB.
2026.03.18 21:55:44.454870 [ 44 ] {f703d143-9e1e-49a7-a4ec-0caf1c16c16a} <Trace> MergedBlockOutputStream: filled checksums 2022_2_2_0 (state Temporary)
2026.03.18 21:55:44.455212 [ 44 ] {f703d143-9e1e-49a7-a4ec-0caf1c16c16a} <Trace> test.students_local (adcc615b-4a80-499d-a267-5ed2e1cff73a): Renaming temporary part tmp_insert_2020_1_1_0 to 2020_1_1_0 with tid (1, 1, 00000000-0000-0000-0000-000000000000).
2026.03.18 21:55:44.455362 [ 44 ] {f703d143-9e1e-49a7-a4ec-0caf1c16c16a} <Trace> test.students_local (adcc615b-4a80-499d-a267-5ed2e1cff73a): Trying to reserve 1.00 MiB using storage policy from min volume index 0
2026.03.18 21:55:44.455375 [ 44 ] {f703d143-9e1e-49a7-a4ec-0caf1c16c16a} <Trace> DiskLocal: Reserved 1.00 MiB on local disk `default`, having unreserved 101.51 GiB.
2026.03.18 21:55:44.455708 [ 44 ] {f703d143-9e1e-49a7-a4ec-0caf1c16c16a} <Trace> MergedBlockOutputStream: filled checksums 2021_3_3_0 (state Temporary)
2026.03.18 21:55:44.456382 [ 44 ] {f703d143-9e1e-49a7-a4ec-0caf1c16c16a} <Trace> test.students_local (adcc615b-4a80-499d-a267-5ed2e1cff73a): Renaming temporary part tmp_insert_2022_2_2_0 to 2022_2_2_0 with tid (1, 1, 00000000-0000-0000-0000-000000000000).
2026.03.18 21:55:44.456525 [ 44 ] {f703d143-9e1e-49a7-a4ec-0caf1c16c16a} <Trace> test.students_local (adcc615b-4a80-499d-a267-5ed2e1cff73a): Trying to reserve 1.00 MiB using storage policy from min volume index 0
2026.03.18 21:55:44.456541 [ 44 ] {f703d143-9e1e-49a7-a4ec-0caf1c16c16a} <Trace> DiskLocal: Reserved 1.00 MiB on local disk `default`, having unreserved 101.51 GiB.
2026.03.18 21:55:44.457166 [ 44 ] {f703d143-9e1e-49a7-a4ec-0caf1c16c16a} <Trace> MergedBlockOutputStream: filled checksums 2023_4_4_0 (state Temporary)
2026.03.18 21:55:44.457449 [ 44 ] {f703d143-9e1e-49a7-a4ec-0caf1c16c16a} <Trace> test.students_local (adcc615b-4a80-499d-a267-5ed2e1cff73a): Renaming temporary part tmp_insert_2021_3_3_0 to 2021_3_3_0 with tid (1, 1, 00000000-0000-0000-0000-000000000000).
2026.03.18 21:55:44.457959 [ 44 ] {f703d143-9e1e-49a7-a4ec-0caf1c16c16a} <Trace> test.students_local (adcc615b-4a80-499d-a267-5ed2e1cff73a): Renaming temporary part tmp_insert_2023_4_4_0 to 2023_4_4_0 with tid (1, 1, 00000000-0000-0000-0000-000000000000).
2026.03.18 21:55:44.458254 [ 44 ] {f703d143-9e1e-49a7-a4ec-0caf1c16c16a} <Debug> executeQuery: Read 340 rows, 53.84 KiB in 0.010114 sec., 33616.768835277835 rows/sec., 5.20 MiB/sec.
2026.03.18 21:55:44.458322 [ 44 ] {f703d143-9e1e-49a7-a4ec-0caf1c16c16a} <Debug> MemoryTracker: Peak memory usage (for query): 8.60 MiB.
2026.03.18 21:55:44.458327 [ 44 ] {f703d143-9e1e-49a7-a4ec-0caf1c16c16a} <Debug> TCPHandler: Processed in 0.010340436 sec.
2026.03.18 21:55:55.015310 [ 106 ] {} <Debug> DNSResolver: Updating DNS cache
2026.03.18 21:55:55.016746 [ 106 ] {} <Debug> DNSResolver: Updated DNS cache
2026.03.18 21:56:02.055274 [ 44 ] {} <Trace> TCP-Session: 5b267750-1deb-428c-94a8-2389957b68da Creating query context from session context, user_id: 94309d50-4f52-5250-31bd-74fecac179db, parent context user: default
2026.03.18 21:56:02.055462 [ 44 ] {83f5e055-76bf-4ff4-b87b-1728f7267b5e} <Debug> executeQuery: (from 172.18.0.6:56004, initial_query_id: 8b70d831-845e-4471-9443-5443e6303ef4) INSERT INTO test.grades_local (grade_id, student_id, course_code, grade, grade_type, grade_date, semester, academic_year, created_at) VALUES (stage: Complete)
2026.03.18 21:56:02.055534 [ 44 ] {83f5e055-76bf-4ff4-b87b-1728f7267b5e} <Trace> ContextAccess (default): Access granted: INSERT(grade_id, student_id, course_code, grade, grade_type, grade_date, semester, academic_year, created_at) ON test.grades_local
2026.03.18 21:56:02.057097 [ 44 ] {83f5e055-76bf-4ff4-b87b-1728f7267b5e} <Trace> test.grades_local (7b83862b-cceb-45e9-8ab9-cc0189ed0327): Trying to reserve 1.00 MiB using storage policy from min volume index 0
2026.03.18 21:56:02.057127 [ 44 ] {83f5e055-76bf-4ff4-b87b-1728f7267b5e} <Trace> DiskLocal: Reserved 1.00 MiB on local disk `default`, having unreserved 101.51 GiB.
2026.03.18 21:56:02.057656 [ 44 ] {83f5e055-76bf-4ff4-b87b-1728f7267b5e} <Trace> MergedBlockOutputStream: filled checksums 202407_1_1_0 (state Temporary)
2026.03.18 21:56:02.058006 [ 44 ] {83f5e055-76bf-4ff4-b87b-1728f7267b5e} <Trace> test.grades_local (7b83862b-cceb-45e9-8ab9-cc0189ed0327): Trying to reserve 1.00 MiB using storage policy from min volume index 0
2026.03.18 21:56:02.058020 [ 44 ] {83f5e055-76bf-4ff4-b87b-1728f7267b5e} <Trace> DiskLocal: Reserved 1.00 MiB on local disk `default`, having unreserved 101.51 GiB.
2026.03.18 21:56:02.058776 [ 44 ] {83f5e055-76bf-4ff4-b87b-1728f7267b5e} <Trace> MergedBlockOutputStream: filled checksums 202303_2_2_0 (state Temporary)
2026.03.18 21:56:02.059095 [ 44 ] {83f5e055-76bf-4ff4-b87b-1728f7267b5e} <Trace> test.grades_local (7b83862b-cceb-45e9-8ab9-cc0189ed0327): Renaming temporary part tmp_insert_202407_1_1_0 to 202407_1_1_0 with tid (1, 1, 00000000-0000-0000-0000-000000000000).
2026.03.18 21:56:02.059337 [ 44 ] {83f5e055-76bf-4ff4-b87b-1728f7267b5e} <Trace> test.grades_local (7b83862b-cceb-45e9-8ab9-cc0189ed0327): Trying to reserve 1.00 MiB using storage policy from min volume index 0
2026.03.18 21:56:02.059354 [ 44 ] {83f5e055-76bf-4ff4-b87b-1728f7267b5e} <Trace> DiskLocal: Reserved 1.00 MiB on local disk `default`, having unreserved 101.51 GiB.
2026.03.18 21:56:02.060320 [ 44 ] {83f5e055-76bf-4ff4-b87b-1728f7267b5e} <Trace> MergedBlockOutputStream: filled checksums 202310_3_3_0 (state Temporary)
2026.03.18 21:56:02.060620 [ 44 ] {83f5e055-76bf-4ff4-b87b-1728f7267b5e} <Trace> test.grades_local (7b83862b-cceb-45e9-8ab9-cc0189ed0327): Renaming temporary part tmp_insert_202303_2_2_0 to 202303_2_2_0 with tid (1, 1, 00000000-0000-0000-0000-000000000000).
2026.03.18 21:56:02.060774 [ 44 ] {83f5e055-76bf-4ff4-b87b-1728f7267b5e} <Trace> test.grades_local (7b83862b-cceb-45e9-8ab9-cc0189ed0327): Trying to reserve 1.00 MiB using storage policy from min volume index 0
2026.03.18 21:56:02.060787 [ 44 ] {83f5e055-76bf-4ff4-b87b-1728f7267b5e} <Trace> DiskLocal: Reserved 1.00 MiB on local disk `default`, having unreserved 101.51 GiB.
2026.03.18 21:56:02.061138 [ 44 ] {83f5e055-76bf-4ff4-b87b-1728f7267b5e} <Trace> MergedBlockOutputStream: filled checksums 202401_4_4_0 (state Temporary)
2026.03.18 21:56:02.061446 [ 44 ] {83f5e055-76bf-4ff4-b87b-1728f7267b5e} <Trace> test.grades_local (7b83862b-cceb-45e9-8ab9-cc0189ed0327): Renaming temporary part tmp_insert_202310_3_3_0 to 202310_3_3_0 with tid (1, 1, 00000000-0000-0000-0000-000000000000).
2026.03.18 21:56:02.061541 [ 44 ] {83f5e055-76bf-4ff4-b87b-1728f7267b5e} <Trace> test.grades_local (7b83862b-cceb-45e9-8ab9-cc0189ed0327): Trying to reserve 1.00 MiB using storage policy from min volume index 0
2026.03.18 21:56:02.061553 [ 44 ] {83f5e055-76bf-4ff4-b87b-1728f7267b5e} <Trace> DiskLocal: Reserved 1.00 MiB on local disk `default`, having unreserved 101.51 GiB.
2026.03.18 21:56:02.061864 [ 44 ] {83f5e055-76bf-4ff4-b87b-1728f7267b5e} <Trace> MergedBlockOutputStream: filled checksums 202406_5_5_0 (state Temporary)
2026.03.18 21:56:02.062158 [ 44 ] {83f5e055-76bf-4ff4-b87b-1728f7267b5e} <Trace> test.grades_local (7b83862b-cceb-45e9-8ab9-cc0189ed0327): Renaming temporary part tmp_insert_202401_4_4_0 to 202401_4_4_0 with tid (1, 1, 00000000-0000-0000-0000-000000000000).
2026.03.18 21:56:02.062252 [ 44 ] {83f5e055-76bf-4ff4-b87b-1728f7267b5e} <Trace> test.grades_local (7b83862b-cceb-45e9-8ab9-cc0189ed0327): Trying to reserve 1.00 MiB using storage policy from min volume index 0
2026.03.18 21:56:02.062263 [ 44 ] {83f5e055-76bf-4ff4-b87b-1728f7267b5e} <Trace> DiskLocal: Reserved 1.00 MiB on local disk `default`, having unreserved 101.51 GiB.
2026.03.18 21:56:02.063343 [ 44 ] {83f5e055-76bf-4ff4-b87b-1728f7267b5e} <Trace> MergedBlockOutputStream: filled checksums 202307_6_6_0 (state Temporary)
2026.03.18 21:56:02.063861 [ 44 ] {83f5e055-76bf-4ff4-b87b-1728f7267b5e} <Trace> test.grades_local (7b83862b-cceb-45e9-8ab9-cc0189ed0327): Renaming temporary part tmp_insert_202406_5_5_0 to 202406_5_5_0 with tid (1, 1, 00000000-0000-0000-0000-000000000000).
2026.03.18 21:56:02.063985 [ 44 ] {83f5e055-76bf-4ff4-b87b-1728f7267b5e} <Trace> test.grades_local (7b83862b-cceb-45e9-8ab9-cc0189ed0327): Trying to reserve 1.00 MiB using storage policy from min volume index 0
2026.03.18 21:56:02.063999 [ 44 ] {83f5e055-76bf-4ff4-b87b-1728f7267b5e} <Trace> DiskLocal: Reserved 1.00 MiB on local disk `default`, having unreserved 101.51 GiB.
2026.03.18 21:56:02.064599 [ 44 ] {83f5e055-76bf-4ff4-b87b-1728f7267b5e} <Trace> MergedBlockOutputStream: filled checksums 202304_7_7_0 (state Temporary)
2026.03.18 21:56:02.064872 [ 44 ] {83f5e055-76bf-4ff4-b87b-1728f7267b5e} <Trace> test.grades_local (7b83862b-cceb-45e9-8ab9-cc0189ed0327): Renaming temporary part tmp_insert_202307_6_6_0 to 202307_6_6_0 with tid (1, 1, 00000000-0000-0000-0000-000000000000).
2026.03.18 21:56:02.064958 [ 44 ] {83f5e055-76bf-4ff4-b87b-1728f7267b5e} <Trace> test.grades_local (7b83862b-cceb-45e9-8ab9-cc0189ed0327): Trying to reserve 1.00 MiB using storage policy from min volume index 0
2026.03.18 21:56:02.064968 [ 44 ] {83f5e055-76bf-4ff4-b87b-1728f7267b5e} <Trace> DiskLocal: Reserved 1.00 MiB on local disk `default`, having unreserved 101.51 GiB.
2026.03.18 21:56:02.065298 [ 44 ] {83f5e055-76bf-4ff4-b87b-1728f7267b5e} <Trace> MergedBlockOutputStream: filled checksums 202305_8_8_0 (state Temporary)
2026.03.18 21:56:02.065566 [ 44 ] {83f5e055-76bf-4ff4-b87b-1728f7267b5e} <Trace> test.grades_local (7b83862b-cceb-45e9-8ab9-cc0189ed0327): Renaming temporary part tmp_insert_202304_7_7_0 to 202304_7_7_0 with tid (1, 1, 00000000-0000-0000-0000-000000000000).
2026.03.18 21:56:02.065655 [ 44 ] {83f5e055-76bf-4ff4-b87b-1728f7267b5e} <Trace> test.grades_local (7b83862b-cceb-45e9-8ab9-cc0189ed0327): Trying to reserve 1.00 MiB using storage policy from min volume index 0
2026.03.18 21:56:02.065667 [ 44 ] {83f5e055-76bf-4ff4-b87b-1728f7267b5e} <Trace> DiskLocal: Reserved 1.00 MiB on local disk `default`, having unreserved 101.51 GiB.
2026.03.18 21:56:02.065959 [ 44 ] {83f5e055-76bf-4ff4-b87b-1728f7267b5e} <Trace> MergedBlockOutputStream: filled checksums 202405_9_9_0 (state Temporary)
2026.03.18 21:56:02.066221 [ 44 ] {83f5e055-76bf-4ff4-b87b-1728f7267b5e} <Trace> test.grades_local (7b83862b-cceb-45e9-8ab9-cc0189ed0327): Renaming temporary part tmp_insert_202305_8_8_0 to 202305_8_8_0 with tid (1, 1, 00000000-0000-0000-0000-000000000000).
2026.03.18 21:56:02.066309 [ 44 ] {83f5e055-76bf-4ff4-b87b-1728f7267b5e} <Trace> test.grades_local (7b83862b-cceb-45e9-8ab9-cc0189ed0327): Trying to reserve 1.00 MiB using storage policy from min volume index 0
2026.03.18 21:56:02.066320 [ 44 ] {83f5e055-76bf-4ff4-b87b-1728f7267b5e} <Trace> DiskLocal: Reserved 1.00 MiB on local disk `default`, having unreserved 101.51 GiB.
2026.03.18 21:56:02.066602 [ 44 ] {83f5e055-76bf-4ff4-b87b-1728f7267b5e} <Trace> MergedBlockOutputStream: filled checksums 202211_10_10_0 (state Temporary)
2026.03.18 21:56:02.066872 [ 44 ] {83f5e055-76bf-4ff4-b87b-1728f7267b5e} <Trace> test.grades_local (7b83862b-cceb-45e9-8ab9-cc0189ed0327): Renaming temporary part tmp_insert_202405_9_9_0 to 202405_9_9_0 with tid (1, 1, 00000000-0000-0000-0000-000000000000).
2026.03.18 21:56:02.066959 [ 44 ] {83f5e055-76bf-4ff4-b87b-1728f7267b5e} <Trace> test.grades_local (7b83862b-cceb-45e9-8ab9-cc0189ed0327): Trying to reserve 1.00 MiB using storage policy from min volume index 0
2026.03.18 21:56:02.066985 [ 44 ] {83f5e055-76bf-4ff4-b87b-1728f7267b5e} <Trace> DiskLocal: Reserved 1.00 MiB on local disk `default`, having unreserved 101.51 GiB.
2026.03.18 21:56:02.067269 [ 44 ] {83f5e055-76bf-4ff4-b87b-1728f7267b5e} <Trace> MergedBlockOutputStream: filled checksums 202311_11_11_0 (state Temporary)
2026.03.18 21:56:02.069061 [ 44 ] {83f5e055-76bf-4ff4-b87b-1728f7267b5e} <Trace> test.grades_local (7b83862b-cceb-45e9-8ab9-cc0189ed0327): Renaming temporary part tmp_insert_202211_10_10_0 to 202211_10_10_0 with tid (1, 1, 00000000-0000-0000-0000-000000000000).
2026.03.18 21:56:02.069173 [ 44 ] {83f5e055-76bf-4ff4-b87b-1728f7267b5e} <Trace> test.grades_local (7b83862b-cceb-45e9-8ab9-cc0189ed0327): Trying to reserve 1.00 MiB using storage policy from min volume index 0
2026.03.18 21:56:02.069187 [ 44 ] {83f5e055-76bf-4ff4-b87b-1728f7267b5e} <Trace> DiskLocal: Reserved 1.00 MiB on local disk `default`, having unreserved 101.51 GiB.
2026.03.18 21:56:02.069500 [ 44 ] {83f5e055-76bf-4ff4-b87b-1728f7267b5e} <Trace> MergedBlockOutputStream: filled checksums 202209_12_12_0 (state Temporary)
2026.03.18 21:56:02.069780 [ 44 ] {83f5e055-76bf-4ff4-b87b-1728f7267b5e} <Trace> test.grades_local (7b83862b-cceb-45e9-8ab9-cc0189ed0327): Renaming temporary part tmp_insert_202311_11_11_0 to 202311_11_11_0 with tid (1, 1, 00000000-0000-0000-0000-000000000000).
2026.03.18 21:56:02.069871 [ 44 ] {83f5e055-76bf-4ff4-b87b-1728f7267b5e} <Trace> test.grades_local (7b83862b-cceb-45e9-8ab9-cc0189ed0327): Trying to reserve 1.00 MiB using storage policy from min volume index 0
2026.03.18 21:56:02.069884 [ 44 ] {83f5e055-76bf-4ff4-b87b-1728f7267b5e} <Trace> DiskLocal: Reserved 1.00 MiB on local disk `default`, having unreserved 101.51 GiB.
2026.03.18 21:56:02.070504 [ 44 ] {83f5e055-76bf-4ff4-b87b-1728f7267b5e} <Trace> MergedBlockOutputStream: filled checksums 202312_13_13_0 (state Temporary)
2026.03.18 21:56:02.071030 [ 44 ] {83f5e055-76bf-4ff4-b87b-1728f7267b5e} <Trace> test.grades_local (7b83862b-cceb-45e9-8ab9-cc0189ed0327): Renaming temporary part tmp_insert_202209_12_12_0 to 202209_12_12_0 with tid (1, 1, 00000000-0000-0000-0000-000000000000).
2026.03.18 21:56:02.071141 [ 44 ] {83f5e055-76bf-4ff4-b87b-1728f7267b5e} <Trace> test.grades_local (7b83862b-cceb-45e9-8ab9-cc0189ed0327): Trying to reserve 1.00 MiB using storage policy from min volume index 0
2026.03.18 21:56:02.071152 [ 44 ] {83f5e055-76bf-4ff4-b87b-1728f7267b5e} <Trace> DiskLocal: Reserved 1.00 MiB on local disk `default`, having unreserved 101.51 GiB.
2026.03.18 21:56:02.071436 [ 44 ] {83f5e055-76bf-4ff4-b87b-1728f7267b5e} <Trace> MergedBlockOutputStream: filled checksums 202306_14_14_0 (state Temporary)
2026.03.18 21:56:02.072014 [ 44 ] {83f5e055-76bf-4ff4-b87b-1728f7267b5e} <Trace> test.grades_local (7b83862b-cceb-45e9-8ab9-cc0189ed0327): Renaming temporary part tmp_insert_202312_13_13_0 to 202312_13_13_0 with tid (1, 1, 00000000-0000-0000-0000-000000000000).
2026.03.18 21:56:02.072189 [ 44 ] {83f5e055-76bf-4ff4-b87b-1728f7267b5e} <Trace> test.grades_local (7b83862b-cceb-45e9-8ab9-cc0189ed0327): Trying to reserve 1.00 MiB using storage policy from min volume index 0
2026.03.18 21:56:02.072203 [ 44 ] {83f5e055-76bf-4ff4-b87b-1728f7267b5e} <Trace> DiskLocal: Reserved 1.00 MiB on local disk `default`, having unreserved 101.51 GiB.
2026.03.18 21:56:02.072506 [ 44 ] {83f5e055-76bf-4ff4-b87b-1728f7267b5e} <Trace> MergedBlockOutputStream: filled checksums 202409_15_15_0 (state Temporary)
2026.03.18 21:56:02.072821 [ 44 ] {83f5e055-76bf-4ff4-b87b-1728f7267b5e} <Trace> test.grades_local (7b83862b-cceb-45e9-8ab9-cc0189ed0327): Renaming temporary part tmp_insert_202306_14_14_0 to 202306_14_14_0 with tid (1, 1, 00000000-0000-0000-0000-000000000000).
2026.03.18 21:56:02.073089 [ 44 ] {83f5e055-76bf-4ff4-b87b-1728f7267b5e} <Trace> test.grades_local (7b83862b-cceb-45e9-8ab9-cc0189ed0327): Trying to reserve 1.00 MiB using storage policy from min volume index 0
2026.03.18 21:56:02.073103 [ 44 ] {83f5e055-76bf-4ff4-b87b-1728f7267b5e} <Trace> DiskLocal: Reserved 1.00 MiB on local disk `default`, having unreserved 101.51 GiB.
2026.03.18 21:56:02.073443 [ 44 ] {83f5e055-76bf-4ff4-b87b-1728f7267b5e} <Trace> MergedBlockOutputStream: filled checksums 202301_16_16_0 (state Temporary)
2026.03.18 21:56:02.074389 [ 44 ] {83f5e055-76bf-4ff4-b87b-1728f7267b5e} <Trace> test.grades_local (7b83862b-cceb-45e9-8ab9-cc0189ed0327): Renaming temporary part tmp_insert_202409_15_15_0 to 202409_15_15_0 with tid (1, 1, 00000000-0000-0000-0000-000000000000).
2026.03.18 21:56:02.074488 [ 44 ] {83f5e055-76bf-4ff4-b87b-1728f7267b5e} <Trace> test.grades_local (7b83862b-cceb-45e9-8ab9-cc0189ed0327): Trying to reserve 1.00 MiB using storage policy from min volume index 0
2026.03.18 21:56:02.074499 [ 44 ] {83f5e055-76bf-4ff4-b87b-1728f7267b5e} <Trace> DiskLocal: Reserved 1.00 MiB on local disk `default`, having unreserved 101.51 GiB.
2026.03.18 21:56:02.077768 [ 44 ] {83f5e055-76bf-4ff4-b87b-1728f7267b5e} <Trace> MergedBlockOutputStream: filled checksums 202309_17_17_0 (state Temporary)
2026.03.18 21:56:02.078959 [ 44 ] {83f5e055-76bf-4ff4-b87b-1728f7267b5e} <Trace> test.grades_local (7b83862b-cceb-45e9-8ab9-cc0189ed0327): Renaming temporary part tmp_insert_202301_16_16_0 to 202301_16_16_0 with tid (1, 1, 00000000-0000-0000-0000-000000000000).
2026.03.18 21:56:02.080144 [ 44 ] {83f5e055-76bf-4ff4-b87b-1728f7267b5e} <Trace> test.grades_local (7b83862b-cceb-45e9-8ab9-cc0189ed0327): Trying to reserve 1.00 MiB using storage policy from min volume index 0
2026.03.18 21:56:02.080160 [ 44 ] {83f5e055-76bf-4ff4-b87b-1728f7267b5e} <Trace> DiskLocal: Reserved 1.00 MiB on local disk `default`, having unreserved 101.51 GiB.
2026.03.18 21:56:02.085443 [ 44 ] {83f5e055-76bf-4ff4-b87b-1728f7267b5e} <Trace> MergedBlockOutputStream: filled checksums 202302_18_18_0 (state Temporary)
2026.03.18 21:56:02.085787 [ 44 ] {83f5e055-76bf-4ff4-b87b-1728f7267b5e} <Trace> test.grades_local (7b83862b-cceb-45e9-8ab9-cc0189ed0327): Renaming temporary part tmp_insert_202309_17_17_0 to 202309_17_17_0 with tid (1, 1, 00000000-0000-0000-0000-000000000000).
2026.03.18 21:56:02.086820 [ 44 ] {83f5e055-76bf-4ff4-b87b-1728f7267b5e} <Trace> test.grades_local (7b83862b-cceb-45e9-8ab9-cc0189ed0327): Trying to reserve 1.00 MiB using storage policy from min volume index 0
2026.03.18 21:56:02.086836 [ 44 ] {83f5e055-76bf-4ff4-b87b-1728f7267b5e} <Trace> DiskLocal: Reserved 1.00 MiB on local disk `default`, having unreserved 101.51 GiB.
2026.03.18 21:56:02.088662 [ 44 ] {83f5e055-76bf-4ff4-b87b-1728f7267b5e} <Trace> MergedBlockOutputStream: filled checksums 202403_19_19_0 (state Temporary)
2026.03.18 21:56:02.089085 [ 44 ] {83f5e055-76bf-4ff4-b87b-1728f7267b5e} <Trace> test.grades_local (7b83862b-cceb-45e9-8ab9-cc0189ed0327): Renaming temporary part tmp_insert_202302_18_18_0 to 202302_18_18_0 with tid (1, 1, 00000000-0000-0000-0000-000000000000).
2026.03.18 21:56:02.089214 [ 44 ] {83f5e055-76bf-4ff4-b87b-1728f7267b5e} <Trace> test.grades_local (7b83862b-cceb-45e9-8ab9-cc0189ed0327): Trying to reserve 1.00 MiB using storage policy from min volume index 0
2026.03.18 21:56:02.089433 [ 44 ] {83f5e055-76bf-4ff4-b87b-1728f7267b5e} <Trace> DiskLocal: Reserved 1.00 MiB on local disk `default`, having unreserved 101.51 GiB.
2026.03.18 21:56:02.089939 [ 44 ] {83f5e055-76bf-4ff4-b87b-1728f7267b5e} <Trace> MergedBlockOutputStream: filled checksums 202308_20_20_0 (state Temporary)
2026.03.18 21:56:02.090323 [ 44 ] {83f5e055-76bf-4ff4-b87b-1728f7267b5e} <Trace> test.grades_local (7b83862b-cceb-45e9-8ab9-cc0189ed0327): Renaming temporary part tmp_insert_202403_19_19_0 to 202403_19_19_0 with tid (1, 1, 00000000-0000-0000-0000-000000000000).
2026.03.18 21:56:02.090493 [ 44 ] {83f5e055-76bf-4ff4-b87b-1728f7267b5e} <Trace> test.grades_local (7b83862b-cceb-45e9-8ab9-cc0189ed0327): Trying to reserve 1.00 MiB using storage policy from min volume index 0
2026.03.18 21:56:02.090614 [ 44 ] {83f5e055-76bf-4ff4-b87b-1728f7267b5e} <Trace> DiskLocal: Reserved 1.00 MiB on local disk `default`, having unreserved 101.51 GiB.
2026.03.18 21:56:02.106530 [ 44 ] {83f5e055-76bf-4ff4-b87b-1728f7267b5e} <Trace> MergedBlockOutputStream: filled checksums 202410_21_21_0 (state Temporary)
2026.03.18 21:56:02.107136 [ 44 ] {83f5e055-76bf-4ff4-b87b-1728f7267b5e} <Trace> test.grades_local (7b83862b-cceb-45e9-8ab9-cc0189ed0327): Renaming temporary part tmp_insert_202308_20_20_0 to 202308_20_20_0 with tid (1, 1, 00000000-0000-0000-0000-000000000000).
2026.03.18 21:56:02.107335 [ 44 ] {83f5e055-76bf-4ff4-b87b-1728f7267b5e} <Trace> test.grades_local (7b83862b-cceb-45e9-8ab9-cc0189ed0327): Trying to reserve 1.00 MiB using storage policy from min volume index 0
2026.03.18 21:56:02.107349 [ 44 ] {83f5e055-76bf-4ff4-b87b-1728f7267b5e} <Trace> DiskLocal: Reserved 1.00 MiB on local disk `default`, having unreserved 101.51 GiB.
2026.03.18 21:56:02.107783 [ 44 ] {83f5e055-76bf-4ff4-b87b-1728f7267b5e} <Trace> MergedBlockOutputStream: filled checksums 202210_22_22_0 (state Temporary)
2026.03.18 21:56:02.108071 [ 44 ] {83f5e055-76bf-4ff4-b87b-1728f7267b5e} <Trace> test.grades_local (7b83862b-cceb-45e9-8ab9-cc0189ed0327): Renaming temporary part tmp_insert_202410_21_21_0 to 202410_21_21_0 with tid (1, 1, 00000000-0000-0000-0000-000000000000).
2026.03.18 21:56:02.108262 [ 44 ] {83f5e055-76bf-4ff4-b87b-1728f7267b5e} <Trace> test.grades_local (7b83862b-cceb-45e9-8ab9-cc0189ed0327): Trying to reserve 1.00 MiB using storage policy from min volume index 0
2026.03.18 21:56:02.108275 [ 44 ] {83f5e055-76bf-4ff4-b87b-1728f7267b5e} <Trace> DiskLocal: Reserved 1.00 MiB on local disk `default`, having unreserved 101.51 GiB.
2026.03.18 21:56:02.108651 [ 44 ] {83f5e055-76bf-4ff4-b87b-1728f7267b5e} <Trace> MergedBlockOutputStream: filled checksums 202404_23_23_0 (state Temporary)
2026.03.18 21:56:02.109061 [ 44 ] {83f5e055-76bf-4ff4-b87b-1728f7267b5e} <Trace> test.grades_local (7b83862b-cceb-45e9-8ab9-cc0189ed0327): Renaming temporary part tmp_insert_202210_22_22_0 to 202210_22_22_0 with tid (1, 1, 00000000-0000-0000-0000-000000000000).
2026.03.18 21:56:02.109209 [ 44 ] {83f5e055-76bf-4ff4-b87b-1728f7267b5e} <Trace> test.grades_local (7b83862b-cceb-45e9-8ab9-cc0189ed0327): Trying to reserve 1.00 MiB using storage policy from min volume index 0
2026.03.18 21:56:02.109312 [ 44 ] {83f5e055-76bf-4ff4-b87b-1728f7267b5e} <Trace> DiskLocal: Reserved 1.00 MiB on local disk `default`, having unreserved 101.50 GiB.
2026.03.18 21:56:02.109646 [ 44 ] {83f5e055-76bf-4ff4-b87b-1728f7267b5e} <Trace> MergedBlockOutputStream: filled checksums 202212_24_24_0 (state Temporary)
2026.03.18 21:56:02.109925 [ 44 ] {83f5e055-76bf-4ff4-b87b-1728f7267b5e} <Trace> test.grades_local (7b83862b-cceb-45e9-8ab9-cc0189ed0327): Renaming temporary part tmp_insert_202404_23_23_0 to 202404_23_23_0 with tid (1, 1, 00000000-0000-0000-0000-000000000000).
2026.03.18 21:56:02.110174 [ 44 ] {83f5e055-76bf-4ff4-b87b-1728f7267b5e} <Trace> test.grades_local (7b83862b-cceb-45e9-8ab9-cc0189ed0327): Trying to reserve 1.00 MiB using storage policy from min volume index 0
2026.03.18 21:56:02.110187 [ 44 ] {83f5e055-76bf-4ff4-b87b-1728f7267b5e} <Trace> DiskLocal: Reserved 1.00 MiB on local disk `default`, having unreserved 101.50 GiB.
2026.03.18 21:56:02.110480 [ 44 ] {83f5e055-76bf-4ff4-b87b-1728f7267b5e} <Trace> MergedBlockOutputStream: filled checksums 202411_25_25_0 (state Temporary)
2026.03.18 21:56:02.110789 [ 44 ] {83f5e055-76bf-4ff4-b87b-1728f7267b5e} <Trace> test.grades_local (7b83862b-cceb-45e9-8ab9-cc0189ed0327): Renaming temporary part tmp_insert_202212_24_24_0 to 202212_24_24_0 with tid (1, 1, 00000000-0000-0000-0000-000000000000).
2026.03.18 21:56:02.111033 [ 44 ] {83f5e055-76bf-4ff4-b87b-1728f7267b5e} <Trace> test.grades_local (7b83862b-cceb-45e9-8ab9-cc0189ed0327): Trying to reserve 1.00 MiB using storage policy from min volume index 0
2026.03.18 21:56:02.111047 [ 44 ] {83f5e055-76bf-4ff4-b87b-1728f7267b5e} <Trace> DiskLocal: Reserved 1.00 MiB on local disk `default`, having unreserved 101.50 GiB.
2026.03.18 21:56:02.111334 [ 44 ] {83f5e055-76bf-4ff4-b87b-1728f7267b5e} <Trace> MergedBlockOutputStream: filled checksums 202408_26_26_0 (state Temporary)
2026.03.18 21:56:02.111616 [ 44 ] {83f5e055-76bf-4ff4-b87b-1728f7267b5e} <Trace> test.grades_local (7b83862b-cceb-45e9-8ab9-cc0189ed0327): Renaming temporary part tmp_insert_202411_25_25_0 to 202411_25_25_0 with tid (1, 1, 00000000-0000-0000-0000-000000000000).
2026.03.18 21:56:02.111866 [ 44 ] {83f5e055-76bf-4ff4-b87b-1728f7267b5e} <Trace> test.grades_local (7b83862b-cceb-45e9-8ab9-cc0189ed0327): Trying to reserve 1.00 MiB using storage policy from min volume index 0
2026.03.18 21:56:02.111973 [ 44 ] {83f5e055-76bf-4ff4-b87b-1728f7267b5e} <Trace> DiskLocal: Reserved 1.00 MiB on local disk `default`, having unreserved 101.50 GiB.
2026.03.18 21:56:02.112270 [ 44 ] {83f5e055-76bf-4ff4-b87b-1728f7267b5e} <Trace> MergedBlockOutputStream: filled checksums 202402_27_27_0 (state Temporary)
2026.03.18 21:56:02.112520 [ 44 ] {83f5e055-76bf-4ff4-b87b-1728f7267b5e} <Trace> test.grades_local (7b83862b-cceb-45e9-8ab9-cc0189ed0327): Renaming temporary part tmp_insert_202408_26_26_0 to 202408_26_26_0 with tid (1, 1, 00000000-0000-0000-0000-000000000000).
2026.03.18 21:56:02.112895 [ 44 ] {83f5e055-76bf-4ff4-b87b-1728f7267b5e} <Trace> test.grades_local (7b83862b-cceb-45e9-8ab9-cc0189ed0327): Renaming temporary part tmp_insert_202402_27_27_0 to 202402_27_27_0 with tid (1, 1, 00000000-0000-0000-0000-000000000000).
2026.03.18 21:56:02.113073 [ 44 ] {83f5e055-76bf-4ff4-b87b-1728f7267b5e} <Debug> executeQuery: Read 1746 rows, 151.01 KiB in 0.057646 sec., 30288.31141796482 rows/sec., 2.56 MiB/sec.
2026.03.18 21:56:02.113108 [ 44 ] {83f5e055-76bf-4ff4-b87b-1728f7267b5e} <Debug> MemoryTracker: Peak memory usage (for query): 9.03 MiB.
2026.03.18 21:56:02.113112 [ 44 ] {83f5e055-76bf-4ff4-b87b-1728f7267b5e} <Debug> TCPHandler: Processed in 0.058042451 sec.
2026.03.18 21:56:10.030397 [ 82 ] {} <Debug> DNSResolver: Updating DNS cache
2026.03.18 21:56:10.032100 [ 82 ] {} <Debug> DNSResolver: Updated DNS cache
2026.03.18 21:56:20.506381 [ 44 ] {} <Trace> TCP-Session: 5b267750-1deb-428c-94a8-2389957b68da Creating query context from session context, user_id: 94309d50-4f52-5250-31bd-74fecac179db, parent context user: default
2026.03.18 21:56:20.506651 [ 44 ] {12b55c01-220e-477e-a5c9-90cc9f5d0277} <Debug> executeQuery: (from 172.18.0.6:56004, initial_query_id: a8892f57-051f-4889-9ed5-405330438bee) INSERT INTO test.schedule_local (schedule_id, group_code, course_code, teacher_id, day_of_week, pair_number, week_type, classroom, semester, academic_year, created_at) VALUES (stage: Complete)
2026.03.18 21:56:20.506944 [ 44 ] {12b55c01-220e-477e-a5c9-90cc9f5d0277} <Trace> ContextAccess (default): Access granted: INSERT(schedule_id, group_code, course_code, teacher_id, day_of_week, pair_number, week_type, classroom, semester, academic_year, created_at) ON test.schedule_local
2026.03.18 21:56:20.508996 [ 44 ] {12b55c01-220e-477e-a5c9-90cc9f5d0277} <Trace> test.schedule_local (c5a236a4-b19d-49e9-bdcd-89504d35b521): Trying to reserve 1.00 MiB using storage policy from min volume index 0
2026.03.18 21:56:20.509021 [ 44 ] {12b55c01-220e-477e-a5c9-90cc9f5d0277} <Trace> DiskLocal: Reserved 1.00 MiB on local disk `default`, having unreserved 101.50 GiB.
2026.03.18 21:56:20.509754 [ 44 ] {12b55c01-220e-477e-a5c9-90cc9f5d0277} <Trace> MergedBlockOutputStream: filled checksums 1_1_1_0 (state Temporary)
2026.03.18 21:56:20.510349 [ 44 ] {12b55c01-220e-477e-a5c9-90cc9f5d0277} <Trace> test.schedule_local (c5a236a4-b19d-49e9-bdcd-89504d35b521): Trying to reserve 1.00 MiB using storage policy from min volume index 0
2026.03.18 21:56:20.510372 [ 44 ] {12b55c01-220e-477e-a5c9-90cc9f5d0277} <Trace> DiskLocal: Reserved 1.00 MiB on local disk `default`, having unreserved 101.50 GiB.
2026.03.18 21:56:20.510841 [ 44 ] {12b55c01-220e-477e-a5c9-90cc9f5d0277} <Trace> MergedBlockOutputStream: filled checksums 2_2_2_0 (state Temporary)
2026.03.18 21:56:20.511253 [ 44 ] {12b55c01-220e-477e-a5c9-90cc9f5d0277} <Trace> test.schedule_local (c5a236a4-b19d-49e9-bdcd-89504d35b521): Renaming temporary part tmp_insert_1_1_1_0 to 1_1_1_0 with tid (1, 1, 00000000-0000-0000-0000-000000000000).
2026.03.18 21:56:20.511589 [ 44 ] {12b55c01-220e-477e-a5c9-90cc9f5d0277} <Trace> test.schedule_local (c5a236a4-b19d-49e9-bdcd-89504d35b521): Trying to reserve 1.00 MiB using storage policy from min volume index 0
2026.03.18 21:56:20.511602 [ 44 ] {12b55c01-220e-477e-a5c9-90cc9f5d0277} <Trace> DiskLocal: Reserved 1.00 MiB on local disk `default`, having unreserved 101.50 GiB.
2026.03.18 21:56:20.511993 [ 44 ] {12b55c01-220e-477e-a5c9-90cc9f5d0277} <Trace> MergedBlockOutputStream: filled checksums 6_3_3_0 (state Temporary)
2026.03.18 21:56:20.512307 [ 44 ] {12b55c01-220e-477e-a5c9-90cc9f5d0277} <Trace> test.schedule_local (c5a236a4-b19d-49e9-bdcd-89504d35b521): Renaming temporary part tmp_insert_2_2_2_0 to 2_2_2_0 with tid (1, 1, 00000000-0000-0000-0000-000000000000).
2026.03.18 21:56:20.512495 [ 44 ] {12b55c01-220e-477e-a5c9-90cc9f5d0277} <Trace> test.schedule_local (c5a236a4-b19d-49e9-bdcd-89504d35b521): Trying to reserve 1.00 MiB using storage policy from min volume index 0
2026.03.18 21:56:20.512507 [ 44 ] {12b55c01-220e-477e-a5c9-90cc9f5d0277} <Trace> DiskLocal: Reserved 1.00 MiB on local disk `default`, having unreserved 101.50 GiB.
2026.03.18 21:56:20.513509 [ 44 ] {12b55c01-220e-477e-a5c9-90cc9f5d0277} <Trace> MergedBlockOutputStream: filled checksums 7_4_4_0 (state Temporary)
2026.03.18 21:56:20.514505 [ 44 ] {12b55c01-220e-477e-a5c9-90cc9f5d0277} <Trace> test.schedule_local (c5a236a4-b19d-49e9-bdcd-89504d35b521): Renaming temporary part tmp_insert_6_3_3_0 to 6_3_3_0 with tid (1, 1, 00000000-0000-0000-0000-000000000000).
2026.03.18 21:56:20.515597 [ 44 ] {12b55c01-220e-477e-a5c9-90cc9f5d0277} <Trace> test.schedule_local (c5a236a4-b19d-49e9-bdcd-89504d35b521): Trying to reserve 1.00 MiB using storage policy from min volume index 0
2026.03.18 21:56:20.515613 [ 44 ] {12b55c01-220e-477e-a5c9-90cc9f5d0277} <Trace> DiskLocal: Reserved 1.00 MiB on local disk `default`, having unreserved 101.50 GiB.
2026.03.18 21:56:20.518418 [ 44 ] {12b55c01-220e-477e-a5c9-90cc9f5d0277} <Trace> MergedBlockOutputStream: filled checksums 3_5_5_0 (state Temporary)
2026.03.18 21:56:20.518782 [ 44 ] {12b55c01-220e-477e-a5c9-90cc9f5d0277} <Trace> test.schedule_local (c5a236a4-b19d-49e9-bdcd-89504d35b521): Renaming temporary part tmp_insert_7_4_4_0 to 7_4_4_0 with tid (1, 1, 00000000-0000-0000-0000-000000000000).
2026.03.18 21:56:20.522093 [ 44 ] {12b55c01-220e-477e-a5c9-90cc9f5d0277} <Trace> test.schedule_local (c5a236a4-b19d-49e9-bdcd-89504d35b521): Trying to reserve 1.00 MiB using storage policy from min volume index 0
2026.03.18 21:56:20.522111 [ 44 ] {12b55c01-220e-477e-a5c9-90cc9f5d0277} <Trace> DiskLocal: Reserved 1.00 MiB on local disk `default`, having unreserved 101.50 GiB.
2026.03.18 21:56:20.522422 [ 44 ] {12b55c01-220e-477e-a5c9-90cc9f5d0277} <Trace> MergedBlockOutputStream: filled checksums 5_6_6_0 (state Temporary)
2026.03.18 21:56:20.522816 [ 44 ] {12b55c01-220e-477e-a5c9-90cc9f5d0277} <Trace> test.schedule_local (c5a236a4-b19d-49e9-bdcd-89504d35b521): Renaming temporary part tmp_insert_3_5_5_0 to 3_5_5_0 with tid (1, 1, 00000000-0000-0000-0000-000000000000).
2026.03.18 21:56:20.523358 [ 44 ] {12b55c01-220e-477e-a5c9-90cc9f5d0277} <Trace> test.schedule_local (c5a236a4-b19d-49e9-bdcd-89504d35b521): Renaming temporary part tmp_insert_5_6_6_0 to 5_6_6_0 with tid (1, 1, 00000000-0000-0000-0000-000000000000).
2026.03.18 21:56:20.524158 [ 44 ] {12b55c01-220e-477e-a5c9-90cc9f5d0277} <Debug> executeQuery: Read 300 rows, 34.24 KiB in 0.017548 sec., 17095.965352176885 rows/sec., 1.91 MiB/sec.
2026.03.18 21:56:20.524208 [ 44 ] {12b55c01-220e-477e-a5c9-90cc9f5d0277} <Debug> MemoryTracker: Peak memory usage (for query): 8.55 MiB.
2026.03.18 21:56:20.524212 [ 44 ] {12b55c01-220e-477e-a5c9-90cc9f5d0277} <Debug> TCPHandler: Processed in 0.017907476 sec.
2026.03.18 21:56:25.039521 [ 127 ] {} <Debug> DNSResolver: Updating DNS cache
2026.03.18 21:56:25.040699 [ 127 ] {} <Debug> DNSResolver: Updated DNS cache
2026.03.18 21:56:40.051556 [ 143 ] {} <Debug> DNSResolver: Updating DNS cache
2026.03.18 21:56:40.053090 [ 143 ] {} <Debug> DNSResolver: Updated DNS cache
2026.03.18 21:56:55.183277 [ 134 ] {} <Debug> DNSResolver: Updating DNS cache
2026.03.18 21:56:55.184661 [ 134 ] {} <Debug> DNSResolver: Updated DNS cache
2026.03.18 21:57:10.185547 [ 282 ] {} <Debug> DNSResolver: Updating DNS cache
2026.03.18 21:57:10.187314 [ 282 ] {} <Debug> DNSResolver: Updated DNS cache
2026.03.18 21:57:25.205316 [ 120 ] {} <Debug> DNSResolver: Updating DNS cache
2026.03.18 21:57:25.206870 [ 120 ] {} <Debug> DNSResolver: Updated DNS cache
2026.03.18 21:57:32.001227 [ 285 ] {} <Trace> AsynchronousMetrics: Update heavy metrics. Update period 1 sec. Update heavy metrics period 120 sec. Heavy metrics calculation elapsed: 0.000361004 sec.
2026.03.18 21:57:40.223505 [ 79 ] {} <Debug> DNSResolver: Updating DNS cache
2026.03.18 21:57:40.225107 [ 79 ] {} <Debug> DNSResolver: Updated DNS cache
2026.03.18 21:57:55.226065 [ 104 ] {} <Debug> DNSResolver: Updating DNS cache
2026.03.18 21:57:55.227449 [ 104 ] {} <Debug> DNSResolver: Updated DNS cache
2026.03.18 21:58:10.256219 [ 150 ] {} <Debug> DNSResolver: Updating DNS cache
2026.03.18 21:58:10.258123 [ 150 ] {} <Debug> DNSResolver: Updated DNS cache
2026.03.18 21:58:25.307031 [ 59 ] {} <Debug> DNSResolver: Updating DNS cache
2026.03.18 21:58:25.308406 [ 59 ] {} <Debug> DNSResolver: Updated DNS cache
2026.03.18 21:58:40.308982 [ 116 ] {} <Debug> DNSResolver: Updating DNS cache
2026.03.18 21:58:40.310339 [ 116 ] {} <Debug> DNSResolver: Updated DNS cache
2026.03.18 21:58:55.383486 [ 106 ] {} <Debug> DNSResolver: Updating DNS cache
2026.03.18 21:58:55.385177 [ 106 ] {} <Debug> DNSResolver: Updated DNS cache
2026.03.18 21:59:10.403314 [ 105 ] {} <Debug> DNSResolver: Updating DNS cache
2026.03.18 21:59:10.404925 [ 105 ] {} <Debug> DNSResolver: Updated DNS cache
2026.03.18 21:59:25.409593 [ 118 ] {} <Debug> DNSResolver: Updating DNS cache
2026.03.18 21:59:25.410993 [ 118 ] {} <Debug> DNSResolver: Updated DNS cache
2026.03.18 21:59:32.223376 [ 285 ] {} <Trace> AsynchronousMetrics: Update heavy metrics. Update period 1 sec. Update heavy metrics period 120 sec. Heavy metrics calculation elapsed: 0.000196887 sec.
2026.03.18 21:59:48.920358 [ 144 ] {} <Debug> DNSResolver: Updating DNS cache
2026.03.18 21:59:48.921018 [ 144 ] {} <Debug> DNSResolver: Updated DNS cache
2026.03.18 22:00:03.981088 [ 68 ] {} <Debug> DNSResolver: Updating DNS cache
2026.03.18 22:00:03.983696 [ 68 ] {} <Debug> DNSResolver: Updated DNS cache
2026.03.18 22:00:19.015142 [ 58 ] {} <Debug> DNSResolver: Updating DNS cache
2026.03.18 22:00:19.016453 [ 58 ] {} <Debug> DNSResolver: Updated DNS cache
2026.03.18 22:00:34.020627 [ 61 ] {} <Debug> DNSResolver: Updating DNS cache
2026.03.18 22:00:34.022256 [ 61 ] {} <Debug> DNSResolver: Updated DNS cache
2026.03.18 22:00:43.001433 [ 285 ] {} <Trace> AsynchronousMetrics: Scanning /sys/block
2026.03.18 22:00:49.022527 [ 124 ] {} <Debug> DNSResolver: Updating DNS cache
2026.03.18 22:00:49.023854 [ 124 ] {} <Debug> DNSResolver: Updated DNS cache
2026.03.18 22:01:04.024349 [ 125 ] {} <Debug> DNSResolver: Updating DNS cache
2026.03.18 22:01:04.026267 [ 125 ] {} <Debug> DNSResolver: Updated DNS cache
2026.03.18 22:01:19.027360 [ 123 ] {} <Debug> DNSResolver: Updating DNS cache
2026.03.18 22:01:19.029032 [ 123 ] {} <Debug> DNSResolver: Updated DNS cache
2026.03.18 22:01:32.059300 [ 285 ] {} <Trace> AsynchronousMetrics: Update heavy metrics. Update period 1 sec. Update heavy metrics period 120 sec. Heavy metrics calculation elapsed: 0.000176058 sec.
2026.03.18 22:01:34.029343 [ 78 ] {} <Debug> DNSResolver: Updating DNS cache
2026.03.18 22:01:34.030050 [ 78 ] {} <Debug> DNSResolver: Updated DNS cache
2026.03.18 22:01:49.030575 [ 55 ] {} <Debug> DNSResolver: Updating DNS cache
2026.03.18 22:01:49.034822 [ 55 ] {} <Debug> DNSResolver: Updated DNS cache
2026.03.18 22:02:04.038560 [ 122 ] {} <Debug> DNSResolver: Updating DNS cache
2026.03.18 22:02:04.040591 [ 122 ] {} <Debug> DNSResolver: Updated DNS cache
2026.03.18 22:02:19.053103 [ 76 ] {} <Debug> DNSResolver: Updating DNS cache
2026.03.18 22:02:19.054855 [ 76 ] {} <Debug> DNSResolver: Updated DNS cache
2026.03.18 22:02:34.056946 [ 75 ] {} <Debug> DNSResolver: Updating DNS cache
2026.03.18 22:02:34.058315 [ 75 ] {} <Debug> DNSResolver: Updated DNS cache
2026.03.18 22:02:49.058602 [ 53 ] {} <Debug> DNSResolver: Updating DNS cache
2026.03.18 22:02:49.060112 [ 53 ] {} <Debug> DNSResolver: Updated DNS cache
2026.03.18 22:03:04.097746 [ 96 ] {} <Debug> DNSResolver: Updating DNS cache
2026.03.18 22:03:04.098869 [ 96 ] {} <Debug> DNSResolver: Updated DNS cache
2026.03.18 22:03:19.099946 [ 157 ] {} <Debug> DNSResolver: Updating DNS cache
2026.03.18 22:03:19.100989 [ 157 ] {} <Debug> DNSResolver: Updated DNS cache
2026.03.18 22:03:32.001027 [ 285 ] {} <Trace> AsynchronousMetrics: Update heavy metrics. Update period 1 sec. Update heavy metrics period 120 sec. Heavy metrics calculation elapsed: 0.000192119 sec.
2026.03.18 22:03:34.101324 [ 102 ] {} <Debug> DNSResolver: Updating DNS cache
2026.03.18 22:03:34.103083 [ 102 ] {} <Debug> DNSResolver: Updated DNS cache
2026.03.18 22:03:49.104272 [ 160 ] {} <Debug> DNSResolver: Updating DNS cache
2026.03.18 22:03:49.106225 [ 160 ] {} <Debug> DNSResolver: Updated DNS cache
2026.03.18 22:04:04.106607 [ 82 ] {} <Debug> DNSResolver: Updating DNS cache
2026.03.18 22:04:04.108629 [ 82 ] {} <Debug> DNSResolver: Updated DNS cache
2026.03.18 22:04:19.111837 [ 129 ] {} <Debug> DNSResolver: Updating DNS cache
2026.03.18 22:04:19.112878 [ 129 ] {} <Debug> DNSResolver: Updated DNS cache
2026.03.18 22:04:34.113175 [ 107 ] {} <Debug> DNSResolver: Updating DNS cache
2026.03.18 22:04:34.114384 [ 107 ] {} <Debug> DNSResolver: Updated DNS cache
2026.03.18 22:04:49.114906 [ 161 ] {} <Debug> DNSResolver: Updating DNS cache
2026.03.18 22:04:49.116226 [ 161 ] {} <Debug> DNSResolver: Updated DNS cache
2026.03.18 22:05:04.117360 [ 93 ] {} <Debug> DNSResolver: Updating DNS cache
2026.03.18 22:05:04.118482 [ 93 ] {} <Debug> DNSResolver: Updated DNS cache
2026.03.18 22:05:19.119000 [ 153 ] {} <Debug> DNSResolver: Updating DNS cache
2026.03.18 22:05:19.120426 [ 153 ] {} <Debug> DNSResolver: Updated DNS cache
2026.03.18 22:05:32.001172 [ 285 ] {} <Trace> AsynchronousMetrics: Update heavy metrics. Update period 1 sec. Update heavy metrics period 120 sec. Heavy metrics calculation elapsed: 0.000339904 sec.
2026.03.18 22:05:34.168449 [ 165 ] {} <Debug> DNSResolver: Updating DNS cache
2026.03.18 22:05:34.169738 [ 165 ] {} <Debug> DNSResolver: Updated DNS cache
2026.03.18 22:05:44.000498 [ 285 ] {} <Trace> AsynchronousMetrics: Scanning /sys/block
2026.03.18 22:05:49.169908 [ 158 ] {} <Debug> DNSResolver: Updating DNS cache
2026.03.18 22:05:49.171210 [ 158 ] {} <Debug> DNSResolver: Updated DNS cache
2026.03.18 22:06:04.200855 [ 175 ] {} <Debug> DNSResolver: Updating DNS cache
2026.03.18 22:06:04.201802 [ 175 ] {} <Debug> DNSResolver: Updated DNS cache
2026.03.18 22:06:19.209484 [ 80 ] {} <Debug> DNSResolver: Updating DNS cache
2026.03.18 22:06:19.210561 [ 80 ] {} <Debug> DNSResolver: Updated DNS cache
2026.03.18 22:06:34.210975 [ 171 ] {} <Debug> DNSResolver: Updating DNS cache
2026.03.18 22:06:34.212208 [ 171 ] {} <Debug> DNSResolver: Updated DNS cache
2026.03.18 22:06:49.219053 [ 169 ] {} <Debug> DNSResolver: Updating DNS cache
2026.03.18 22:06:49.220810 [ 169 ] {} <Debug> DNSResolver: Updated DNS cache
2026.03.18 22:07:04.225009 [ 176 ] {} <Debug> DNSResolver: Updating DNS cache
2026.03.18 22:07:04.226539 [ 176 ] {} <Debug> DNSResolver: Updated DNS cache
2026.03.18 22:07:19.244273 [ 177 ] {} <Debug> DNSResolver: Updating DNS cache
2026.03.18 22:07:19.245487 [ 177 ] {} <Debug> DNSResolver: Updated DNS cache
2026.03.18 22:07:32.005873 [ 285 ] {} <Trace> AsynchronousMetrics: Update heavy metrics. Update period 1 sec. Update heavy metrics period 120 sec. Heavy metrics calculation elapsed: 0.000384488 sec.
2026.03.18 22:07:34.248470 [ 179 ] {} <Debug> DNSResolver: Updating DNS cache
2026.03.18 22:07:34.250362 [ 179 ] {} <Debug> DNSResolver: Updated DNS cache
2026.03.18 22:07:49.251249 [ 84 ] {} <Debug> DNSResolver: Updating DNS cache
2026.03.18 22:07:49.252560 [ 84 ] {} <Debug> DNSResolver: Updated DNS cache
2026.03.18 22:08:04.283977 [ 173 ] {} <Debug> DNSResolver: Updating DNS cache
2026.03.18 22:08:04.285116 [ 173 ] {} <Debug> DNSResolver: Updated DNS cache
2026.03.18 22:08:19.289720 [ 186 ] {} <Debug> DNSResolver: Updating DNS cache
2026.03.18 22:08:19.291565 [ 186 ] {} <Debug> DNSResolver: Updated DNS cache
2026.03.18 22:08:34.358551 [ 185 ] {} <Debug> DNSResolver: Updating DNS cache
2026.03.18 22:08:34.360266 [ 185 ] {} <Debug> DNSResolver: Updated DNS cache
2026.03.18 22:08:49.361039 [ 135 ] {} <Debug> DNSResolver: Updating DNS cache
2026.03.18 22:08:49.362514 [ 135 ] {} <Debug> DNSResolver: Updated DNS cache
2026.03.18 22:09:04.363117 [ 91 ] {} <Debug> DNSResolver: Updating DNS cache
2026.03.18 22:09:04.364918 [ 91 ] {} <Debug> DNSResolver: Updated DNS cache
2026.03.18 22:09:19.368192 [ 151 ] {} <Debug> DNSResolver: Updating DNS cache
2026.03.18 22:09:19.370008 [ 151 ] {} <Debug> DNSResolver: Updated DNS cache
2026.03.18 22:09:32.004695 [ 285 ] {} <Trace> AsynchronousMetrics: Update heavy metrics. Update period 1 sec. Update heavy metrics period 120 sec. Heavy metrics calculation elapsed: 0.000243154 sec.
2026.03.18 22:09:34.562713 [ 191 ] {} <Debug> DNSResolver: Updating DNS cache
2026.03.18 22:09:34.564444 [ 191 ] {} <Debug> DNSResolver: Updated DNS cache
2026.03.18 22:09:49.592916 [ 154 ] {} <Debug> DNSResolver: Updating DNS cache
2026.03.18 22:09:49.594875 [ 154 ] {} <Debug> DNSResolver: Updated DNS cache
2026.03.18 22:10:04.605087 [ 142 ] {} <Debug> DNSResolver: Updating DNS cache
2026.03.18 22:10:04.606522 [ 142 ] {} <Debug> DNSResolver: Updated DNS cache
2026.03.18 22:10:19.611223 [ 155 ] {} <Debug> DNSResolver: Updating DNS cache
2026.03.18 22:10:19.612773 [ 155 ] {} <Debug> DNSResolver: Updated DNS cache
2026.03.18 22:10:34.617226 [ 140 ] {} <Debug> DNSResolver: Updating DNS cache
2026.03.18 22:10:34.619043 [ 140 ] {} <Debug> DNSResolver: Updated DNS cache
2026.03.18 22:10:44.032955 [ 285 ] {} <Trace> AsynchronousMetrics: Scanning /sys/block
2026.03.18 22:10:49.657038 [ 63 ] {} <Debug> DNSResolver: Updating DNS cache
2026.03.18 22:10:49.658761 [ 63 ] {} <Debug> DNSResolver: Updated DNS cache
2026.03.18 22:11:04.662292 [ 136 ] {} <Debug> DNSResolver: Updating DNS cache
2026.03.18 22:11:04.664053 [ 136 ] {} <Debug> DNSResolver: Updated DNS cache
2026.03.18 22:11:19.736566 [ 57 ] {} <Debug> DNSResolver: Updating DNS cache
2026.03.18 22:11:19.737428 [ 57 ] {} <Debug> DNSResolver: Updated DNS cache
2026.03.18 22:11:32.001332 [ 285 ] {} <Trace> AsynchronousMetrics: Update heavy metrics. Update period 1 sec. Update heavy metrics period 120 sec. Heavy metrics calculation elapsed: 0.000245147 sec.
2026.03.18 22:11:34.828135 [ 132 ] {} <Debug> DNSResolver: Updating DNS cache
2026.03.18 22:11:34.829535 [ 132 ] {} <Debug> DNSResolver: Updated DNS cache
2026.03.18 22:11:49.838832 [ 141 ] {} <Debug> DNSResolver: Updating DNS cache
2026.03.18 22:11:49.840372 [ 141 ] {} <Debug> DNSResolver: Updated DNS cache
2026.03.18 22:12:04.857428 [ 130 ] {} <Debug> DNSResolver: Updating DNS cache
2026.03.18 22:12:04.858930 [ 130 ] {} <Debug> DNSResolver: Updated DNS cache
2026.03.18 22:12:19.861982 [ 137 ] {} <Debug> DNSResolver: Updating DNS cache
2026.03.18 22:12:19.863555 [ 137 ] {} <Debug> DNSResolver: Updated DNS cache
2026.03.18 22:12:34.879433 [ 133 ] {} <Debug> DNSResolver: Updating DNS cache
2026.03.18 22:12:34.881494 [ 133 ] {} <Debug> DNSResolver: Updated DNS cache
2026.03.18 22:12:49.885049 [ 138 ] {} <Debug> DNSResolver: Updating DNS cache
2026.03.18 22:12:49.886640 [ 138 ] {} <Debug> DNSResolver: Updated DNS cache
2026.03.18 22:13:04.926408 [ 170 ] {} <Debug> DNSResolver: Updating DNS cache
2026.03.18 22:13:04.927757 [ 170 ] {} <Debug> DNSResolver: Updated DNS cache
2026.03.18 22:13:19.929905 [ 164 ] {} <Debug> DNSResolver: Updating DNS cache
2026.03.18 22:13:19.932143 [ 164 ] {} <Debug> DNSResolver: Updated DNS cache
2026.03.18 22:13:32.001322 [ 285 ] {} <Trace> AsynchronousMetrics: Update heavy metrics. Update period 1 sec. Update heavy metrics period 120 sec. Heavy metrics calculation elapsed: 0.000320688 sec.
2026.03.18 22:13:34.934343 [ 168 ] {} <Debug> DNSResolver: Updating DNS cache
2026.03.18 22:13:34.936334 [ 168 ] {} <Debug> DNSResolver: Updated DNS cache
2026.03.18 22:13:49.967130 [ 166 ] {} <Debug> DNSResolver: Updating DNS cache
2026.03.18 22:13:49.968422 [ 166 ] {} <Debug> DNSResolver: Updated DNS cache
2026.03.18 22:14:05.047959 [ 134 ] {} <Debug> DNSResolver: Updating DNS cache
2026.03.18 22:14:05.049619 [ 134 ] {} <Debug> DNSResolver: Updated DNS cache
2026.03.18 22:14:20.054915 [ 167 ] {} <Debug> DNSResolver: Updating DNS cache
2026.03.18 22:14:20.056548 [ 167 ] {} <Debug> DNSResolver: Updated DNS cache
2026.03.18 22:14:35.056886 [ 128 ] {} <Debug> DNSResolver: Updating DNS cache
2026.03.18 22:14:35.058431 [ 128 ] {} <Debug> DNSResolver: Updated DNS cache
2026.03.18 22:14:50.060091 [ 228 ] {} <Debug> DNSResolver: Updating DNS cache
2026.03.18 22:14:50.062192 [ 228 ] {} <Debug> DNSResolver: Updated DNS cache
2026.03.18 22:15:05.062596 [ 223 ] {} <Debug> DNSResolver: Updating DNS cache
2026.03.18 22:15:05.064045 [ 223 ] {} <Debug> DNSResolver: Updated DNS cache
2026.03.18 22:15:20.104808 [ 258 ] {} <Debug> DNSResolver: Updating DNS cache
2026.03.18 22:15:20.106418 [ 258 ] {} <Debug> DNSResolver: Updated DNS cache
2026.03.18 22:15:32.001362 [ 285 ] {} <Trace> AsynchronousMetrics: Update heavy metrics. Update period 1 sec. Update heavy metrics period 120 sec. Heavy metrics calculation elapsed: 0.000229879 sec.
2026.03.18 22:15:35.109968 [ 282 ] {} <Debug> DNSResolver: Updating DNS cache
2026.03.18 22:15:35.114701 [ 282 ] {} <Debug> DNSResolver: Updated DNS cache
2026.03.18 22:15:45.002306 [ 285 ] {} <Trace> AsynchronousMetrics: Scanning /sys/block
2026.03.18 22:15:50.120933 [ 283 ] {} <Debug> DNSResolver: Updating DNS cache
2026.03.18 22:15:50.122614 [ 283 ] {} <Debug> DNSResolver: Updated DNS cache
2026.03.18 22:16:05.140352 [ 281 ] {} <Debug> DNSResolver: Updating DNS cache
2026.03.18 22:16:05.141986 [ 281 ] {} <Debug> DNSResolver: Updated DNS cache
2026.03.18 22:16:06.358860 [ 44 ] {} <Trace> TCP-Session: 5b267750-1deb-428c-94a8-2389957b68da Creating query context from session context, user_id: 94309d50-4f52-5250-31bd-74fecac179db, parent context user: default
2026.03.18 22:16:06.359131 [ 44 ] {58b4827d-b727-4c91-92ee-7eddbb5fc5ae} <Debug> executeQuery: (from 172.18.0.6:56004, initial_query_id: 8658c6a3-87b2-459b-8e11-88bf8488f0e0) SELECT `student_id`, `full_name`, `faculty_code`, `group_code`, `enrollment_year`, `status`, `gpa` FROM `test`.`students_local` ORDER BY `faculty_code` ASC, `group_code` ASC, `full_name` ASC LIMIT 20 (stage: WithMergeableStateAfterAggregationAndLimit)
2026.03.18 22:16:06.359563 [ 44 ] {58b4827d-b727-4c91-92ee-7eddbb5fc5ae} <Trace> ContextAccess (default): Access granted: SELECT(student_id, full_name, faculty_code, group_code, enrollment_year, status, gpa) ON test.students_local
2026.03.18 22:16:06.359609 [ 44 ] {58b4827d-b727-4c91-92ee-7eddbb5fc5ae} <Trace> InterpreterSelectQuery: FetchColumns -> WithMergeableStateAfterAggregationAndLimit
2026.03.18 22:16:06.359837 [ 44 ] {58b4827d-b727-4c91-92ee-7eddbb5fc5ae} <Debug> test.students_local (adcc615b-4a80-499d-a267-5ed2e1cff73a) (SelectExecutor): Key condition: unknown
2026.03.18 22:16:06.359858 [ 44 ] {58b4827d-b727-4c91-92ee-7eddbb5fc5ae} <Debug> test.students_local (adcc615b-4a80-499d-a267-5ed2e1cff73a) (SelectExecutor): MinMax index condition: unknown
2026.03.18 22:16:06.361010 [ 44 ] {58b4827d-b727-4c91-92ee-7eddbb5fc5ae} <Debug> test.students_local (adcc615b-4a80-499d-a267-5ed2e1cff73a) (SelectExecutor): Selected 4/4 parts by partition key, 4 parts by primary key, 4/4 marks by primary key, 4 marks to read from 4 ranges
2026.03.18 22:16:06.361024 [ 44 ] {58b4827d-b727-4c91-92ee-7eddbb5fc5ae} <Trace> test.students_local (adcc615b-4a80-499d-a267-5ed2e1cff73a) (SelectExecutor): Spreading mark ranges among streams (default reading)
2026.03.18 22:16:06.361096 [ 44 ] {58b4827d-b727-4c91-92ee-7eddbb5fc5ae} <Debug> MergeTreeReadPool: min_marks_for_concurrent_read=24
2026.03.18 22:16:06.361107 [ 44 ] {58b4827d-b727-4c91-92ee-7eddbb5fc5ae} <Debug> test.students_local (adcc615b-4a80-499d-a267-5ed2e1cff73a) (SelectExecutor): Reading approx. 340 rows with 4 streams
2026.03.18 22:16:06.363724 [ 298 ] {58b4827d-b727-4c91-92ee-7eddbb5fc5ae} <Debug> MergingSortedTransform: Merge sorted 1 blocks, 20 rows in 0.002000015 sec., 9999.925000562496 rows/sec., 3.30 MiB/sec
2026.03.18 22:16:06.364941 [ 44 ] {58b4827d-b727-4c91-92ee-7eddbb5fc5ae} <Debug> executeQuery: Read 340 rows, 41.11 KiB in 0.005884 sec., 57783.82053025153 rows/sec., 6.82 MiB/sec.
2026.03.18 22:16:06.365014 [ 44 ] {58b4827d-b727-4c91-92ee-7eddbb5fc5ae} <Debug> MemoryTracker: Peak memory usage (for query): 187.87 KiB.
2026.03.18 22:16:06.365018 [ 44 ] {58b4827d-b727-4c91-92ee-7eddbb5fc5ae} <Debug> TCPHandler: Processed in 0.006328329 sec.
2026.03.18 22:16:06.365897 [ 44 ] {} <Information> TCPHandler: Change cancellation status from NOT_CANCELLED to FULLY_CANCELLED. Log message: Received 'Cancel' packet from the client, canceling the query.
2026.03.18 22:16:06.405542 [ 44 ] {} <Trace> TCP-Session: 5b267750-1deb-428c-94a8-2389957b68da Creating query context from session context, user_id: 94309d50-4f52-5250-31bd-74fecac179db, parent context user: default
2026.03.18 22:16:06.405660 [ 44 ] {40666c51-6323-415b-abd0-87ce363adce1} <Debug> executeQuery: (from 172.18.0.6:56004, initial_query_id: 6c7a3ee8-d05f-4503-8e14-e9eff4b03b6a) SELECT count() FROM `test`.`students_local` (stage: WithMergeableState)
2026.03.18 22:16:06.405812 [ 44 ] {40666c51-6323-415b-abd0-87ce363adce1} <Trace> ContextAccess (default): Access granted: SELECT(student_id) ON test.students_local
2026.03.18 22:16:06.405830 [ 44 ] {40666c51-6323-415b-abd0-87ce363adce1} <Trace> InterpreterSelectQuery: WithMergeableState -> WithMergeableState
2026.03.18 22:16:06.406501 [ 44 ] {40666c51-6323-415b-abd0-87ce363adce1} <Debug> executeQuery: Read 1 rows, 16.00 B in 0.00087 sec., 1149.4252873563219 rows/sec., 17.96 KiB/sec.
2026.03.18 22:16:06.406518 [ 44 ] {40666c51-6323-415b-abd0-87ce363adce1} <Debug> TCPHandler: Processed in 0.001039325 sec.
2026.03.18 22:16:20.146279 [ 69 ] {} <Debug> DNSResolver: Updating DNS cache
2026.03.18 22:16:20.147676 [ 69 ] {} <Debug> DNSResolver: Updated DNS cache
2026.03.18 22:16:21.970418 [ 44 ] {} <Trace> TCP-Session: 5b267750-1deb-428c-94a8-2389957b68da Creating query context from session context, user_id: 94309d50-4f52-5250-31bd-74fecac179db, parent context user: default
2026.03.18 22:16:21.970593 [ 44 ] {1e4cfd4c-3632-497c-b35b-588f05b58f13} <Debug> executeQuery: (from 172.18.0.6:56004, initial_query_id: 63bb58dd-1a00-412e-8c08-856c538d57ec) SELECT `students_local`.`student_id`, `students_local`.`full_name`, `students_local`.`birth_date`, `students_local`.`email`, `students_local`.`faculty_code`, `students_local`.`group_code`, `students_local`.`enrollment_year`, `students_local`.`status`, `students_local`.`gpa`, `students_local`.`created_at` FROM `test`.`students_local` WHERE `student_id` = 'STU1001' (stage: Complete)
2026.03.18 22:16:21.970971 [ 44 ] {1e4cfd4c-3632-497c-b35b-588f05b58f13} <Trace> InterpreterSelectQuery: The min valid primary key position for moving to the tail of PREWHERE is 0
2026.03.18 22:16:21.970985 [ 44 ] {1e4cfd4c-3632-497c-b35b-588f05b58f13} <Debug> InterpreterSelectQuery: MergeTreeWhereOptimizer: condition "student_id = 'STU1001'" moved to PREWHERE
2026.03.18 22:16:21.971155 [ 44 ] {1e4cfd4c-3632-497c-b35b-588f05b58f13} <Trace> ContextAccess (default): Access granted: SELECT(student_id, full_name, birth_date, email, faculty_code, group_code, enrollment_year, status, gpa, created_at) ON test.students_local
2026.03.18 22:16:21.971200 [ 44 ] {1e4cfd4c-3632-497c-b35b-588f05b58f13} <Trace> InterpreterSelectQuery: FetchColumns -> Complete
2026.03.18 22:16:21.971336 [ 44 ] {1e4cfd4c-3632-497c-b35b-588f05b58f13} <Debug> test.students_local (adcc615b-4a80-499d-a267-5ed2e1cff73a) (SelectExecutor): Key condition: (column 0 in ['STU1001', 'STU1001'])
2026.03.18 22:16:21.971348 [ 44 ] {1e4cfd4c-3632-497c-b35b-588f05b58f13} <Debug> test.students_local (adcc615b-4a80-499d-a267-5ed2e1cff73a) (SelectExecutor): MinMax index condition: unknown
2026.03.18 22:16:21.971491 [ 299 ] {1e4cfd4c-3632-497c-b35b-588f05b58f13} <Trace> test.students_local (adcc615b-4a80-499d-a267-5ed2e1cff73a) (SelectExecutor): Running binary search on index range for part 2021_3_3_0 (2 marks)
2026.03.18 22:16:21.971489 [ 295 ] {1e4cfd4c-3632-497c-b35b-588f05b58f13} <Trace> test.students_local (adcc615b-4a80-499d-a267-5ed2e1cff73a) (SelectExecutor): Running binary search on index range for part 2020_1_1_0 (2 marks)
2026.03.18 22:16:21.971502 [ 299 ] {1e4cfd4c-3632-497c-b35b-588f05b58f13} <Trace> test.students_local (adcc615b-4a80-499d-a267-5ed2e1cff73a) (SelectExecutor): Found (LEFT) boundary mark: 1
2026.03.18 22:16:21.971505 [ 299 ] {1e4cfd4c-3632-497c-b35b-588f05b58f13} <Trace> test.students_local (adcc615b-4a80-499d-a267-5ed2e1cff73a) (SelectExecutor): Found (RIGHT) boundary mark: 2
2026.03.18 22:16:21.971506 [ 295 ] {1e4cfd4c-3632-497c-b35b-588f05b58f13} <Trace> test.students_local (adcc615b-4a80-499d-a267-5ed2e1cff73a) (SelectExecutor): Found (LEFT) boundary mark: 0
2026.03.18 22:16:21.971522 [ 298 ] {1e4cfd4c-3632-497c-b35b-588f05b58f13} <Trace> test.students_local (adcc615b-4a80-499d-a267-5ed2e1cff73a) (SelectExecutor): Running binary search on index range for part 2022_2_2_0 (2 marks)
2026.03.18 22:16:21.971533 [ 298 ] {1e4cfd4c-3632-497c-b35b-588f05b58f13} <Trace> test.students_local (adcc615b-4a80-499d-a267-5ed2e1cff73a) (SelectExecutor): Found (LEFT) boundary mark: 1
2026.03.18 22:16:21.971536 [ 298 ] {1e4cfd4c-3632-497c-b35b-588f05b58f13} <Trace> test.students_local (adcc615b-4a80-499d-a267-5ed2e1cff73a) (SelectExecutor): Found (RIGHT) boundary mark: 2
2026.03.18 22:16:21.971540 [ 298 ] {1e4cfd4c-3632-497c-b35b-588f05b58f13} <Trace> test.students_local (adcc615b-4a80-499d-a267-5ed2e1cff73a) (SelectExecutor): Found empty range in 1 steps
2026.03.18 22:16:21.971542 [ 299 ] {1e4cfd4c-3632-497c-b35b-588f05b58f13} <Trace> test.students_local (adcc615b-4a80-499d-a267-5ed2e1cff73a) (SelectExecutor): Found empty range in 1 steps
2026.03.18 22:16:21.971506 [ 296 ] {1e4cfd4c-3632-497c-b35b-588f05b58f13} <Trace> test.students_local (adcc615b-4a80-499d-a267-5ed2e1cff73a) (SelectExecutor): Running binary search on index range for part 2023_4_4_0 (2 marks)
2026.03.18 22:16:21.971622 [ 296 ] {1e4cfd4c-3632-497c-b35b-588f05b58f13} <Trace> test.students_local (adcc615b-4a80-499d-a267-5ed2e1cff73a) (SelectExecutor): Found (LEFT) boundary mark: 1
2026.03.18 22:16:21.971627 [ 296 ] {1e4cfd4c-3632-497c-b35b-588f05b58f13} <Trace> test.students_local (adcc615b-4a80-499d-a267-5ed2e1cff73a) (SelectExecutor): Found (RIGHT) boundary mark: 2
2026.03.18 22:16:21.971632 [ 296 ] {1e4cfd4c-3632-497c-b35b-588f05b58f13} <Trace> test.students_local (adcc615b-4a80-499d-a267-5ed2e1cff73a) (SelectExecutor): Found empty range in 1 steps
2026.03.18 22:16:21.971550 [ 295 ] {1e4cfd4c-3632-497c-b35b-588f05b58f13} <Trace> test.students_local (adcc615b-4a80-499d-a267-5ed2e1cff73a) (SelectExecutor): Found (RIGHT) boundary mark: 1
2026.03.18 22:16:21.971697 [ 295 ] {1e4cfd4c-3632-497c-b35b-588f05b58f13} <Trace> test.students_local (adcc615b-4a80-499d-a267-5ed2e1cff73a) (SelectExecutor): Found continuous range in 2 steps
2026.03.18 22:16:21.972109 [ 44 ] {1e4cfd4c-3632-497c-b35b-588f05b58f13} <Debug> test.students_local (adcc615b-4a80-499d-a267-5ed2e1cff73a) (SelectExecutor): Selected 4/4 parts by partition key, 1 parts by primary key, 1/4 marks by primary key, 1 marks to read from 1 ranges
2026.03.18 22:16:21.972121 [ 44 ] {1e4cfd4c-3632-497c-b35b-588f05b58f13} <Trace> test.students_local (adcc615b-4a80-499d-a267-5ed2e1cff73a) (SelectExecutor): Spreading mark ranges among streams (default reading)
2026.03.18 22:16:21.972147 [ 44 ] {1e4cfd4c-3632-497c-b35b-588f05b58f13} <Trace> MergeTreeBaseSelectProcessor: PREWHERE condition was split into 1 steps: "equals(student_id, 'STU1001')"
2026.03.18 22:16:21.972156 [ 44 ] {1e4cfd4c-3632-497c-b35b-588f05b58f13} <Trace> MergeTreeInOrderSelectProcessor: Reading 1 ranges in order from part 2020_1_1_0, approx. 79 rows starting from 0
2026.03.18 22:16:21.973487 [ 44 ] {1e4cfd4c-3632-497c-b35b-588f05b58f13} <Debug> executeQuery: Read 79 rows, 12.54 KiB in 0.002976 sec., 26545.698924731183 rows/sec., 4.11 MiB/sec.
2026.03.18 22:16:21.973529 [ 44 ] {1e4cfd4c-3632-497c-b35b-588f05b58f13} <Debug> TCPHandler: Processed in 0.003181348 sec.
2026.03.18 22:16:35.153046 [ 87 ] {} <Debug> DNSResolver: Updating DNS cache
2026.03.18 22:16:35.154325 [ 87 ] {} <Debug> DNSResolver: Updated DNS cache
2026.03.18 22:16:50.169160 [ 120 ] {} <Debug> DNSResolver: Updating DNS cache
2026.03.18 22:16:50.170208 [ 120 ] {} <Debug> DNSResolver: Updated DNS cache
2026.03.18 22:17:05.170534 [ 48 ] {} <Debug> DNSResolver: Updating DNS cache
2026.03.18 22:17:05.171884 [ 48 ] {} <Debug> DNSResolver: Updated DNS cache
2026.03.18 22:17:20.172992 [ 74 ] {} <Debug> DNSResolver: Updating DNS cache
2026.03.18 22:17:20.174380 [ 74 ] {} <Debug> DNSResolver: Updated DNS cache
2026.03.18 22:17:32.001235 [ 285 ] {} <Trace> AsynchronousMetrics: Update heavy metrics. Update period 1 sec. Update heavy metrics period 120 sec. Heavy metrics calculation elapsed: 0.000202037 sec.
2026.03.18 22:17:35.198401 [ 73 ] {} <Debug> DNSResolver: Updating DNS cache
2026.03.18 22:17:35.199838 [ 73 ] {} <Debug> DNSResolver: Updated DNS cache
2026.03.18 22:17:50.255245 [ 88 ] {} <Debug> DNSResolver: Updating DNS cache
2026.03.18 22:17:50.400522 [ 88 ] {} <Debug> DNSResolver: Updated DNS cache
2026.03.18 22:18:05.438322 [ 79 ] {} <Debug> DNSResolver: Updating DNS cache
2026.03.18 22:18:05.439305 [ 79 ] {} <Debug> DNSResolver: Updated DNS cache
2026.03.18 22:18:20.439801 [ 92 ] {} <Debug> DNSResolver: Updating DNS cache
2026.03.18 22:18:20.441614 [ 92 ] {} <Debug> DNSResolver: Updated DNS cache
2026.03.18 22:18:35.523007 [ 103 ] {} <Debug> DNSResolver: Updating DNS cache
2026.03.18 22:18:35.524391 [ 103 ] {} <Debug> DNSResolver: Updated DNS cache
2026.03.18 22:18:50.525023 [ 104 ] {} <Debug> DNSResolver: Updating DNS cache
2026.03.18 22:18:50.526279 [ 104 ] {} <Debug> DNSResolver: Updated DNS cache
2026.03.18 22:19:05.533113 [ 145 ] {} <Debug> DNSResolver: Updating DNS cache
2026.03.18 22:19:05.534432 [ 145 ] {} <Debug> DNSResolver: Updated DNS cache
2026.03.18 22:19:20.536472 [ 150 ] {} <Debug> DNSResolver: Updating DNS cache
2026.03.18 22:19:20.537849 [ 150 ] {} <Debug> DNSResolver: Updated DNS cache
2026.03.18 22:19:32.059481 [ 285 ] {} <Trace> AsynchronousMetrics: Update heavy metrics. Update period 1 sec. Update heavy metrics period 120 sec. Heavy metrics calculation elapsed: 0.000387253 sec.
2026.03.18 22:19:35.551244 [ 108 ] {} <Debug> DNSResolver: Updating DNS cache
2026.03.18 22:19:35.552499 [ 108 ] {} <Debug> DNSResolver: Updated DNS cache
2026.03.18 22:19:50.555041 [ 109 ] {} <Debug> DNSResolver: Updating DNS cache
2026.03.18 22:19:50.556243 [ 109 ] {} <Debug> DNSResolver: Updated DNS cache
2026.03.18 22:20:05.582494 [ 59 ] {} <Debug> DNSResolver: Updating DNS cache
2026.03.18 22:20:05.583450 [ 59 ] {} <Debug> DNSResolver: Updated DNS cache
2026.03.18 22:20:20.759767 [ 115 ] {} <Debug> DNSResolver: Updating DNS cache
2026.03.18 22:20:20.761258 [ 115 ] {} <Debug> DNSResolver: Updated DNS cache
2026.03.18 22:20:35.773256 [ 116 ] {} <Debug> DNSResolver: Updating DNS cache
2026.03.18 22:20:35.774453 [ 116 ] {} <Debug> DNSResolver: Updated DNS cache
2026.03.18 22:20:46.018367 [ 285 ] {} <Trace> AsynchronousMetrics: Scanning /sys/block
2026.03.18 22:20:50.775842 [ 110 ] {} <Debug> DNSResolver: Updating DNS cache
2026.03.18 22:20:50.776956 [ 110 ] {} <Debug> DNSResolver: Updated DNS cache
2026.03.18 22:21:05.833100 [ 106 ] {} <Debug> DNSResolver: Updating DNS cache
2026.03.18 22:21:05.835174 [ 106 ] {} <Debug> DNSResolver: Updated DNS cache
2026.03.18 22:21:20.841161 [ 101 ] {} <Debug> DNSResolver: Updating DNS cache
2026.03.18 22:21:20.843286 [ 101 ] {} <Debug> DNSResolver: Updated DNS cache
2026.03.18 22:21:32.008174 [ 285 ] {} <Trace> AsynchronousMetrics: Update heavy metrics. Update period 1 sec. Update heavy metrics period 120 sec. Heavy metrics calculation elapsed: 0.000340616 sec.
2026.03.18 22:21:35.887329 [ 121 ] {} <Debug> DNSResolver: Updating DNS cache
2026.03.18 22:21:35.888935 [ 121 ] {} <Debug> DNSResolver: Updated DNS cache
2026.03.18 22:21:50.889755 [ 105 ] {} <Debug> DNSResolver: Updating DNS cache
2026.03.18 22:21:50.891194 [ 105 ] {} <Debug> DNSResolver: Updated DNS cache
2026.03.18 22:22:05.891407 [ 117 ] {} <Debug> DNSResolver: Updating DNS cache
2026.03.18 22:22:05.892540 [ 117 ] {} <Debug> DNSResolver: Updated DNS cache
2026.03.18 22:22:20.894446 [ 118 ] {} <Debug> DNSResolver: Updating DNS cache
2026.03.18 22:22:20.895978 [ 118 ] {} <Debug> DNSResolver: Updated DNS cache
2026.03.18 22:22:35.934878 [ 56 ] {} <Debug> DNSResolver: Updating DNS cache
2026.03.18 22:22:35.935694 [ 56 ] {} <Debug> DNSResolver: Updated DNS cache
2026.03.18 22:22:50.936420 [ 111 ] {} <Debug> DNSResolver: Updating DNS cache
2026.03.18 22:22:50.937957 [ 111 ] {} <Debug> DNSResolver: Updated DNS cache
2026.03.18 22:23:05.972999 [ 144 ] {} <Debug> DNSResolver: Updating DNS cache
2026.03.18 22:23:05.974280 [ 144 ] {} <Debug> DNSResolver: Updated DNS cache
2026.03.18 22:23:20.985586 [ 112 ] {} <Debug> DNSResolver: Updating DNS cache
2026.03.18 22:23:20.986823 [ 112 ] {} <Debug> DNSResolver: Updated DNS cache
2026.03.18 22:23:32.003556 [ 285 ] {} <Trace> AsynchronousMetrics: Update heavy metrics. Update period 1 sec. Update heavy metrics period 120 sec. Heavy metrics calculation elapsed: 0.000163966 sec.
2026.03.18 22:23:36.007143 [ 68 ] {} <Debug> DNSResolver: Updating DNS cache
2026.03.18 22:23:36.008049 [ 68 ] {} <Debug> DNSResolver: Updated DNS cache
2026.03.18 22:23:51.010417 [ 54 ] {} <Debug> DNSResolver: Updating DNS cache
2026.03.18 22:23:51.013813 [ 54 ] {} <Debug> DNSResolver: Updated DNS cache
2026.03.18 22:24:06.014531 [ 58 ] {} <Debug> DNSResolver: Updating DNS cache
2026.03.18 22:24:06.015953 [ 58 ] {} <Debug> DNSResolver: Updated DNS cache
2026.03.18 22:24:21.016193 [ 113 ] {} <Debug> DNSResolver: Updating DNS cache
2026.03.18 22:24:21.017520 [ 113 ] {} <Debug> DNSResolver: Updated DNS cache
2026.03.18 22:24:35.187158 [ 45 ] {} <Trace> TCPHandlerFactory: TCP Request. Address: 172.18.0.6:49796
2026.03.18 22:24:35.187354 [ 45 ] {} <Debug> TCPHandler: Connected ClickHouse server version 23.8.0, revision: 54465, user: default.
2026.03.18 22:24:35.187393 [ 45 ] {} <Debug> TCP-Session: a1e4ffc4-7a88-4f2c-b9c1-4fcfcf4de38f Authenticating user 'default' from 172.18.0.6:49796
2026.03.18 22:24:35.187405 [ 45 ] {} <Debug> TCP-Session: a1e4ffc4-7a88-4f2c-b9c1-4fcfcf4de38f Authenticated with global context as user 94309d50-4f52-5250-31bd-74fecac179db
2026.03.18 22:24:35.187410 [ 45 ] {} <Debug> TCP-Session: a1e4ffc4-7a88-4f2c-b9c1-4fcfcf4de38f Creating session context with user_id: 94309d50-4f52-5250-31bd-74fecac179db
2026.03.18 22:24:35.187515 [ 45 ] {} <Trace> ContextAccess (default): Settings: readonly = 0, allow_ddl = true, allow_introspection_functions = false
2026.03.18 22:24:35.187567 [ 45 ] {} <Trace> ContextAccess (default): List of all grants: GRANT SHOW, SELECT, INSERT, ALTER, CREATE, DROP, UNDROP TABLE, TRUNCATE, OPTIMIZE, BACKUP, KILL QUERY, KILL TRANSACTION, MOVE PARTITION BETWEEN SHARDS, SYSTEM, dictGet, displaySecretsInShowAndSelect, INTROSPECTION, SOURCES, CLUSTER ON *.*
2026.03.18 22:24:35.187577 [ 45 ] {} <Trace> ContextAccess (default): List of all grants including implicit: GRANT SHOW, SELECT, INSERT, ALTER, CREATE, DROP, UNDROP TABLE, TRUNCATE, OPTIMIZE, BACKUP, KILL QUERY, KILL TRANSACTION, MOVE PARTITION BETWEEN SHARDS, SYSTEM, dictGet, displaySecretsInShowAndSelect, INTROSPECTION, SOURCES, CLUSTER ON *.*
2026.03.18 22:24:35.188301 [ 44 ] {} <Trace> TCP-Session: 5b267750-1deb-428c-94a8-2389957b68da Creating query context from session context, user_id: 94309d50-4f52-5250-31bd-74fecac179db, parent context user: default
2026.03.18 22:24:35.188479 [ 44 ] {ed4e3954-4d05-406d-af46-b6d0984aed72} <Debug> executeQuery: (from 172.18.0.6:56004, initial_query_id: 63a00869-0de7-49cc-80a7-f1cc1c4f96cf) SELECT `s`.`full_name`, `s`.`faculty_code`, `s`.`group_code`, `s`.`gpa`, count(`g`.`grade`) AS `grades_count` FROM `test`.`students_local` AS `s` ALL LEFT JOIN `test`.`grades` AS `g` ON `s`.`student_id` = `g`.`student_id` WHERE `s`.`status` = 'active' GROUP BY `s`.`full_name`, `s`.`faculty_code`, `s`.`group_code`, `s`.`gpa` ORDER BY `s`.`gpa` DESC LIMIT 10 (stage: WithMergeableState)
2026.03.18 22:24:35.188865 [ 45 ] {} <Trace> TCP-Session: a1e4ffc4-7a88-4f2c-b9c1-4fcfcf4de38f Creating query context from session context, user_id: 94309d50-4f52-5250-31bd-74fecac179db, parent context user: default
2026.03.18 22:24:35.189071 [ 45 ] {5940964f-8312-41bf-ab07-9914daadadd8} <Debug> executeQuery: (from 172.18.0.6:49796, initial_query_id: 63a00869-0de7-49cc-80a7-f1cc1c4f96cf) SELECT `student_id`, `grade` FROM `test`.`grades_local` (stage: Complete)
2026.03.18 22:24:35.189494 [ 45 ] {5940964f-8312-41bf-ab07-9914daadadd8} <Trace> ContextAccess (default): Access granted: SELECT(student_id, grade) ON test.grades_local
2026.03.18 22:24:35.189535 [ 44 ] {ed4e3954-4d05-406d-af46-b6d0984aed72} <Trace> ContextAccess (default): Access granted: SELECT(student_id, grade) ON test.grades
2026.03.18 22:24:35.189554 [ 45 ] {5940964f-8312-41bf-ab07-9914daadadd8} <Trace> InterpreterSelectQuery: FetchColumns -> Complete
2026.03.18 22:24:35.189626 [ 44 ] {ed4e3954-4d05-406d-af46-b6d0984aed72} <Trace> ContextAccess (default): Access granted: SELECT(student_id, grade) ON test.grades
2026.03.18 22:24:35.189937 [ 44 ] {ed4e3954-4d05-406d-af46-b6d0984aed72} <Trace> ContextAccess (default): Access granted: SELECT(student_id, grade) ON test.grades_local
2026.03.18 22:24:35.189980 [ 44 ] {ed4e3954-4d05-406d-af46-b6d0984aed72} <Trace> InterpreterSelectQuery: FetchColumns -> Complete
2026.03.18 22:24:35.190092 [ 44 ] {ed4e3954-4d05-406d-af46-b6d0984aed72} <Trace> InterpreterSelectQuery: Complete -> Complete
2026.03.18 22:24:35.190126 [ 44 ] {ed4e3954-4d05-406d-af46-b6d0984aed72} <Debug> HashJoin: (0x7859c33f3198) Datatype: EMPTY, kind: Left, strictness: All, right header: g.student_id String String(size = 0), grade UInt8 UInt8(size = 0)
2026.03.18 22:24:35.190132 [ 44 ] {ed4e3954-4d05-406d-af46-b6d0984aed72} <Debug> HashJoin: (0x7859c33f3198) Keys: [(student_id) = (g.student_id)]
2026.03.18 22:24:35.189937 [ 45 ] {5940964f-8312-41bf-ab07-9914daadadd8} <Debug> test.grades_local (7b83862b-cceb-45e9-8ab9-cc0189ed0327) (SelectExecutor): Key condition: unknown
2026.03.18 22:24:35.190218 [ 45 ] {5940964f-8312-41bf-ab07-9914daadadd8} <Debug> test.grades_local (7b83862b-cceb-45e9-8ab9-cc0189ed0327) (SelectExecutor): MinMax index condition: unknown
2026.03.18 22:24:35.190231 [ 44 ] {ed4e3954-4d05-406d-af46-b6d0984aed72} <Trace> ContextAccess (default): Access granted: SELECT(student_id, full_name, faculty_code, group_code, status, gpa) ON test.students_local
2026.03.18 22:24:35.190386 [ 44 ] {ed4e3954-4d05-406d-af46-b6d0984aed72} <Trace> InterpreterSelectQuery: FetchColumns -> WithMergeableState
2026.03.18 22:24:35.190411 [ 44 ] {ed4e3954-4d05-406d-af46-b6d0984aed72} <Debug> JoiningTransform: Before join block: 'student_id String String(size = 0), full_name String String(size = 0), faculty_code String String(size = 0), group_code String String(size = 0), status String String(size = 0), gpa Float32 Float32(size = 0)'
2026.03.18 22:24:35.190435 [ 44 ] {ed4e3954-4d05-406d-af46-b6d0984aed72} <Debug> JoiningTransform: After join block: 'student_id String String(size = 0), full_name String String(size = 0), faculty_code String String(size = 0), group_code String String(size = 0), status String String(size = 0), gpa Float32 Float32(size = 0), grade UInt8 UInt8(size = 0)'
2026.03.18 22:24:35.190678 [ 44 ] {ed4e3954-4d05-406d-af46-b6d0984aed72} <Debug> JoiningTransform: Before join block: 'student_id String String(size = 0), full_name String String(size = 0), faculty_code String String(size = 0), group_code String String(size = 0), status String String(size = 0), gpa Float32 Float32(size = 0)'
2026.03.18 22:24:35.190691 [ 44 ] {ed4e3954-4d05-406d-af46-b6d0984aed72} <Debug> JoiningTransform: After join block: 'student_id String String(size = 0), full_name String String(size = 0), faculty_code String String(size = 0), group_code String String(size = 0), status String String(size = 0), gpa Float32 Float32(size = 0), grade UInt8 UInt8(size = 0)'
2026.03.18 22:24:35.191205 [ 44 ] {ed4e3954-4d05-406d-af46-b6d0984aed72} <Debug> QueryPlanOptimizations: Pushed down filter equals(status, 'active') to the Left side of join
2026.03.18 22:24:35.191363 [ 44 ] {ed4e3954-4d05-406d-af46-b6d0984aed72} <Debug> test.students_local (adcc615b-4a80-499d-a267-5ed2e1cff73a) (SelectExecutor): Key condition: unknown
2026.03.18 22:24:35.191376 [ 44 ] {ed4e3954-4d05-406d-af46-b6d0984aed72} <Debug> test.students_local (adcc615b-4a80-499d-a267-5ed2e1cff73a) (SelectExecutor): MinMax index condition: unknown
2026.03.18 22:24:35.193992 [ 44 ] {ed4e3954-4d05-406d-af46-b6d0984aed72} <Debug> test.students_local (adcc615b-4a80-499d-a267-5ed2e1cff73a) (SelectExecutor): Selected 4/4 parts by partition key, 4 parts by primary key, 4/4 marks by primary key, 4 marks to read from 4 ranges
2026.03.18 22:24:35.194004 [ 44 ] {ed4e3954-4d05-406d-af46-b6d0984aed72} <Trace> test.students_local (adcc615b-4a80-499d-a267-5ed2e1cff73a) (SelectExecutor): Spreading mark ranges among streams (default reading)
2026.03.18 22:24:35.194052 [ 44 ] {ed4e3954-4d05-406d-af46-b6d0984aed72} <Debug> MergeTreeReadPool: min_marks_for_concurrent_read=24
2026.03.18 22:24:35.194060 [ 44 ] {ed4e3954-4d05-406d-af46-b6d0984aed72} <Debug> test.students_local (adcc615b-4a80-499d-a267-5ed2e1cff73a) (SelectExecutor): Reading approx. 340 rows with 4 streams
2026.03.18 22:24:35.194240 [ 44 ] {ed4e3954-4d05-406d-af46-b6d0984aed72} <Debug> test.grades_local (7b83862b-cceb-45e9-8ab9-cc0189ed0327) (SelectExecutor): Key condition: unknown
2026.03.18 22:24:35.194259 [ 44 ] {ed4e3954-4d05-406d-af46-b6d0984aed72} <Debug> test.grades_local (7b83862b-cceb-45e9-8ab9-cc0189ed0327) (SelectExecutor): MinMax index condition: unknown
2026.03.18 22:24:35.194681 [ 45 ] {5940964f-8312-41bf-ab07-9914daadadd8} <Debug> test.grades_local (7b83862b-cceb-45e9-8ab9-cc0189ed0327) (SelectExecutor): Selected 27/27 parts by partition key, 27 parts by primary key, 27/27 marks by primary key, 27 marks to read from 27 ranges
2026.03.18 22:24:35.194713 [ 45 ] {5940964f-8312-41bf-ab07-9914daadadd8} <Trace> test.grades_local (7b83862b-cceb-45e9-8ab9-cc0189ed0327) (SelectExecutor): Spreading mark ranges among streams (default reading)
2026.03.18 22:24:35.195788 [ 45 ] {5940964f-8312-41bf-ab07-9914daadadd8} <Debug> MergeTreeReadPool: min_marks_for_concurrent_read=24
2026.03.18 22:24:35.195827 [ 45 ] {5940964f-8312-41bf-ab07-9914daadadd8} <Debug> test.grades_local (7b83862b-cceb-45e9-8ab9-cc0189ed0327) (SelectExecutor): Reading approx. 1746 rows with 4 streams
2026.03.18 22:24:35.197731 [ 44 ] {ed4e3954-4d05-406d-af46-b6d0984aed72} <Debug> test.grades_local (7b83862b-cceb-45e9-8ab9-cc0189ed0327) (SelectExecutor): Selected 27/27 parts by partition key, 27 parts by primary key, 27/27 marks by primary key, 27 marks to read from 27 ranges
2026.03.18 22:24:35.197857 [ 44 ] {ed4e3954-4d05-406d-af46-b6d0984aed72} <Trace> test.grades_local (7b83862b-cceb-45e9-8ab9-cc0189ed0327) (SelectExecutor): Spreading mark ranges among streams (default reading)
2026.03.18 22:24:35.198075 [ 44 ] {ed4e3954-4d05-406d-af46-b6d0984aed72} <Debug> MergeTreeReadPool: min_marks_for_concurrent_read=24
2026.03.18 22:24:35.198090 [ 44 ] {ed4e3954-4d05-406d-af46-b6d0984aed72} <Debug> test.grades_local (7b83862b-cceb-45e9-8ab9-cc0189ed0327) (SelectExecutor): Reading approx. 1746 rows with 4 streams
2026.03.18 22:24:35.198469 [ 44 ] {ed4e3954-4d05-406d-af46-b6d0984aed72} <Debug> JoiningTransform: Before join block: 'student_id String String(size = 0), full_name String String(size = 0), faculty_code String String(size = 0), group_code String String(size = 0), status String String(size = 0), gpa Float32 Float32(size = 0)'
2026.03.18 22:24:35.198491 [ 44 ] {ed4e3954-4d05-406d-af46-b6d0984aed72} <Debug> JoiningTransform: After join block: 'student_id String String(size = 0), full_name String String(size = 0), faculty_code String String(size = 0), group_code String String(size = 0), status String String(size = 0), gpa Float32 Float32(size = 0), grade UInt8 UInt8(size = 0)'
2026.03.18 22:24:35.208031 [ 301 ] {ed4e3954-4d05-406d-af46-b6d0984aed72} <Trace> Connection (clickhouse-node2:9000): Connecting. Database: (not specified). User: default
2026.03.18 22:24:35.209127 [ 305 ] {ed4e3954-4d05-406d-af46-b6d0984aed72} <Trace> Connection (clickhouse-node1:9000): Connecting. Database: (not specified). User: default
2026.03.18 22:24:35.210935 [ 301 ] {ed4e3954-4d05-406d-af46-b6d0984aed72} <Trace> Connection (clickhouse-node2:9000): Connected to ClickHouse server version 23.8.16.
2026.03.18 22:24:35.211539 [ 305 ] {ed4e3954-4d05-406d-af46-b6d0984aed72} <Trace> Connection (clickhouse-node1:9000): Connected to ClickHouse server version 23.8.16.
2026.03.18 22:24:35.206202 [ 46 ] {} <Trace> TCPHandlerFactory: TCP Request. Address: 172.18.0.7:38942
2026.03.18 22:24:35.212279 [ 46 ] {} <Debug> TCPHandler: Connected ClickHouse server version 23.8.0, revision: 54465, user: default.
2026.03.18 22:24:35.212303 [ 46 ] {} <Debug> TCP-Session: 7d95cf43-fde8-4a52-857d-f12b1973d4ef Authenticating user 'default' from 172.18.0.7:38942
2026.03.18 22:24:35.212311 [ 46 ] {} <Debug> TCP-Session: 7d95cf43-fde8-4a52-857d-f12b1973d4ef Authenticated with global context as user 94309d50-4f52-5250-31bd-74fecac179db
2026.03.18 22:24:35.212314 [ 46 ] {} <Debug> TCP-Session: 7d95cf43-fde8-4a52-857d-f12b1973d4ef Creating session context with user_id: 94309d50-4f52-5250-31bd-74fecac179db
2026.03.18 22:24:35.212376 [ 46 ] {} <Trace> ContextAccess (default): Settings: readonly = 0, allow_ddl = true, allow_introspection_functions = false
2026.03.18 22:24:35.212434 [ 46 ] {} <Trace> ContextAccess (default): List of all grants: GRANT SHOW, SELECT, INSERT, ALTER, CREATE, DROP, UNDROP TABLE, TRUNCATE, OPTIMIZE, BACKUP, KILL QUERY, KILL TRANSACTION, MOVE PARTITION BETWEEN SHARDS, SYSTEM, dictGet, displaySecretsInShowAndSelect, INTROSPECTION, SOURCES, CLUSTER ON *.*
2026.03.18 22:24:35.212451 [ 46 ] {} <Trace> ContextAccess (default): List of all grants including implicit: GRANT SHOW, SELECT, INSERT, ALTER, CREATE, DROP, UNDROP TABLE, TRUNCATE, OPTIMIZE, BACKUP, KILL QUERY, KILL TRANSACTION, MOVE PARTITION BETWEEN SHARDS, SYSTEM, dictGet, displaySecretsInShowAndSelect, INTROSPECTION, SOURCES, CLUSTER ON *.*
2026.03.18 22:24:35.213239 [ 46 ] {} <Trace> TCP-Session: 7d95cf43-fde8-4a52-857d-f12b1973d4ef Creating query context from session context, user_id: 94309d50-4f52-5250-31bd-74fecac179db, parent context user: default
2026.03.18 22:24:35.213713 [ 46 ] {aa052c2c-7c6f-4719-af39-40d95a746628} <Debug> executeQuery: (from 172.18.0.7:38942, initial_query_id: 63a00869-0de7-49cc-80a7-f1cc1c4f96cf) SELECT `student_id`, `grade` FROM `test`.`grades_local` (stage: Complete)
2026.03.18 22:24:35.214485 [ 301 ] {ed4e3954-4d05-406d-af46-b6d0984aed72} <Debug> Connection (clickhouse-node2:9000): Sent data for 2 scalars, total 2 rows in 4.4153e-05 sec., 45082 rows/sec., 68.00 B (1.46 MiB/sec.), compressed 0.4594594594594595 times to 148.00 B (3.18 MiB/sec.)
2026.03.18 22:24:35.215707 [ 305 ] {ed4e3954-4d05-406d-af46-b6d0984aed72} <Debug> Connection (clickhouse-node1:9000): Sent data for 2 scalars, total 2 rows in 0.000481509 sec., 4151 rows/sec., 68.00 B (137.84 KiB/sec.), compressed 0.4594594594594595 times to 148.00 B (299.99 KiB/sec.)
2026.03.18 22:24:35.216175 [ 46 ] {aa052c2c-7c6f-4719-af39-40d95a746628} <Trace> ContextAccess (default): Access granted: SELECT(student_id, grade) ON test.grades_local
2026.03.18 22:24:35.216219 [ 46 ] {aa052c2c-7c6f-4719-af39-40d95a746628} <Trace> InterpreterSelectQuery: FetchColumns -> Complete
2026.03.18 22:24:35.216284 [ 46 ] {aa052c2c-7c6f-4719-af39-40d95a746628} <Debug> test.grades_local (7b83862b-cceb-45e9-8ab9-cc0189ed0327) (SelectExecutor): Key condition: unknown
2026.03.18 22:24:35.216785 [ 45 ] {5940964f-8312-41bf-ab07-9914daadadd8} <Debug> executeQuery: Read 1746 rows, 28.99 KiB in 0.02774 sec., 62941.600576784425 rows/sec., 1.02 MiB/sec.
2026.03.18 22:24:35.216840 [ 45 ] {5940964f-8312-41bf-ab07-9914daadadd8} <Debug> MemoryTracker: Peak memory usage (for query): 141.96 KiB.
2026.03.18 22:24:35.216844 [ 45 ] {5940964f-8312-41bf-ab07-9914daadadd8} <Debug> TCPHandler: Processed in 0.028159996 sec.
2026.03.18 22:24:35.216302 [ 46 ] {aa052c2c-7c6f-4719-af39-40d95a746628} <Debug> test.grades_local (7b83862b-cceb-45e9-8ab9-cc0189ed0327) (SelectExecutor): MinMax index condition: unknown
2026.03.18 22:24:35.225295 [ 46 ] {aa052c2c-7c6f-4719-af39-40d95a746628} <Debug> test.grades_local (7b83862b-cceb-45e9-8ab9-cc0189ed0327) (SelectExecutor): Selected 27/27 parts by partition key, 27 parts by primary key, 27/27 marks by primary key, 27 marks to read from 27 ranges
2026.03.18 22:24:35.225317 [ 46 ] {aa052c2c-7c6f-4719-af39-40d95a746628} <Trace> test.grades_local (7b83862b-cceb-45e9-8ab9-cc0189ed0327) (SelectExecutor): Spreading mark ranges among streams (default reading)
2026.03.18 22:24:35.226454 [ 46 ] {aa052c2c-7c6f-4719-af39-40d95a746628} <Debug> MergeTreeReadPool: min_marks_for_concurrent_read=24
2026.03.18 22:24:35.226483 [ 46 ] {aa052c2c-7c6f-4719-af39-40d95a746628} <Debug> test.grades_local (7b83862b-cceb-45e9-8ab9-cc0189ed0327) (SelectExecutor): Reading approx. 1746 rows with 4 streams
2026.03.18 22:24:35.230114 [ 46 ] {aa052c2c-7c6f-4719-af39-40d95a746628} <Debug> executeQuery: Read 1746 rows, 28.99 KiB in 0.016426 sec., 106294.89833191282 rows/sec., 1.72 MiB/sec.
2026.03.18 22:24:35.230158 [ 46 ] {aa052c2c-7c6f-4719-af39-40d95a746628} <Debug> MemoryTracker: Peak memory usage (for query): 138.43 KiB.
2026.03.18 22:24:35.230180 [ 46 ] {aa052c2c-7c6f-4719-af39-40d95a746628} <Debug> TCPHandler: Processed in 0.017066166 sec.
2026.03.18 22:24:35.237523 [ 300 ] {ed4e3954-4d05-406d-af46-b6d0984aed72} <Trace> AggregatingTransform: Aggregating
2026.03.18 22:24:35.237538 [ 300 ] {ed4e3954-4d05-406d-af46-b6d0984aed72} <Trace> Aggregator: Aggregation method: serialized
2026.03.18 22:24:35.237710 [ 306 ] {ed4e3954-4d05-406d-af46-b6d0984aed72} <Trace> AggregatingTransform: Aggregating
2026.03.18 22:24:35.237747 [ 306 ] {ed4e3954-4d05-406d-af46-b6d0984aed72} <Trace> Aggregator: Aggregation method: serialized
2026.03.18 22:24:35.237819 [ 300 ] {ed4e3954-4d05-406d-af46-b6d0984aed72} <Trace> AggregatingTransform: Aggregated. 906 to 173 rows (from 80.54 KiB) in 0.038738247 sec. (23387.739 rows/sec., 2.03 MiB/sec.)
2026.03.18 22:24:35.237824 [ 306 ] {ed4e3954-4d05-406d-af46-b6d0984aed72} <Trace> AggregatingTransform: Aggregated. 253 to 57 rows (from 22.42 KiB) in 0.03902746 sec. (6482.615 rows/sec., 574.59 KiB/sec.)
2026.03.18 22:24:35.237830 [ 300 ] {ed4e3954-4d05-406d-af46-b6d0984aed72} <Trace> AggregatingTransform: Aggregated. 0 to 0 rows (from 0.00 B) in 0.038745251 sec. (0.000 rows/sec., 0.00 B/sec.)
2026.03.18 22:24:35.237862 [ 305 ] {ed4e3954-4d05-406d-af46-b6d0984aed72} <Trace> AggregatingTransform: Aggregated. 0 to 0 rows (from 0.00 B) in 0.039072104 sec. (0.000 rows/sec., 0.00 B/sec.)
2026.03.18 22:24:35.237868 [ 305 ] {ed4e3954-4d05-406d-af46-b6d0984aed72} <Trace> Aggregator: Merging aggregated data
2026.03.18 22:24:35.237874 [ 305 ] {ed4e3954-4d05-406d-af46-b6d0984aed72} <Trace> Aggregator: Statistics updated for key=4065113363608449451: new sum_of_sizes=230, median_size=57
2026.03.18 22:24:35.238991 [ 44 ] {ed4e3954-4d05-406d-af46-b6d0984aed72} <Debug> executeQuery: Read 5340 rows, 123.46 KiB in 0.050583 sec., 105569.06470553347 rows/sec., 2.38 MiB/sec.
2026.03.18 22:24:35.239267 [ 44 ] {ed4e3954-4d05-406d-af46-b6d0984aed72} <Trace> HashJoin: (0x7859c33f3198) Join data is being destroyed, 475392 bytes and 995 rows in hash table
2026.03.18 22:24:35.239385 [ 44 ] {ed4e3954-4d05-406d-af46-b6d0984aed72} <Debug> MemoryTracker: Peak memory usage (for query): 7.39 MiB.
2026.03.18 22:24:35.239391 [ 44 ] {ed4e3954-4d05-406d-af46-b6d0984aed72} <Debug> TCPHandler: Processed in 0.051211817 sec.
2026.03.18 22:24:36.000682 [ 285 ] {} <Trace> AsynchronousMetrics: MemoryTracking: was 408.63 MiB, peak 410.00 MiB, free memory in arenas 5.14 MiB, will set to 403.20 MiB (RSS), difference: -5.43 MiB
2026.03.18 22:24:36.022264 [ 126 ] {} <Debug> DNSResolver: Updating DNS cache
2026.03.18 22:24:36.023586 [ 126 ] {} <Debug> DNSResolver: Updated DNS cache
2026.03.18 22:24:38.499518 [ 44 ] {} <Trace> TCP-Session: 5b267750-1deb-428c-94a8-2389957b68da Creating query context from session context, user_id: 94309d50-4f52-5250-31bd-74fecac179db, parent context user: default
2026.03.18 22:24:38.499692 [ 44 ] {2b044961-edeb-429f-999a-ec0c41ce1f79} <Debug> executeQuery: (from 172.18.0.6:56004, initial_query_id: d49dfb49-4e64-4229-bce1-8b51e1f52224) SELECT `faculty_code`, count() AS `student_count`, countIf(`status` = 'active') AS `active_count`, round(avg(`gpa`), 2) AS `avg_gpa`, min(`gpa`) AS `min_gpa`, max(`gpa`) AS `max_gpa` FROM `test`.`students_local` GROUP BY `faculty_code` ORDER BY `avg_gpa` DESC (stage: WithMergeableState)
2026.03.18 22:24:38.500069 [ 44 ] {2b044961-edeb-429f-999a-ec0c41ce1f79} <Trace> ContextAccess (default): Access granted: SELECT(faculty_code, status, gpa) ON test.students_local
2026.03.18 22:24:38.500097 [ 44 ] {2b044961-edeb-429f-999a-ec0c41ce1f79} <Trace> InterpreterSelectQuery: FetchColumns -> WithMergeableState
2026.03.18 22:24:38.500333 [ 44 ] {2b044961-edeb-429f-999a-ec0c41ce1f79} <Debug> test.students_local (adcc615b-4a80-499d-a267-5ed2e1cff73a) (SelectExecutor): Key condition: unknown
2026.03.18 22:24:38.500348 [ 44 ] {2b044961-edeb-429f-999a-ec0c41ce1f79} <Debug> test.students_local (adcc615b-4a80-499d-a267-5ed2e1cff73a) (SelectExecutor): MinMax index condition: unknown
2026.03.18 22:24:38.500582 [ 44 ] {2b044961-edeb-429f-999a-ec0c41ce1f79} <Debug> test.students_local (adcc615b-4a80-499d-a267-5ed2e1cff73a) (SelectExecutor): Selected 4/4 parts by partition key, 4 parts by primary key, 4/4 marks by primary key, 4 marks to read from 4 ranges
2026.03.18 22:24:38.500591 [ 44 ] {2b044961-edeb-429f-999a-ec0c41ce1f79} <Trace> test.students_local (adcc615b-4a80-499d-a267-5ed2e1cff73a) (SelectExecutor): Spreading mark ranges among streams (default reading)
2026.03.18 22:24:38.500621 [ 44 ] {2b044961-edeb-429f-999a-ec0c41ce1f79} <Debug> MergeTreeReadPool: min_marks_for_concurrent_read=24
2026.03.18 22:24:38.500628 [ 44 ] {2b044961-edeb-429f-999a-ec0c41ce1f79} <Debug> test.students_local (adcc615b-4a80-499d-a267-5ed2e1cff73a) (SelectExecutor): Reading approx. 340 rows with 4 streams
2026.03.18 22:24:38.501330 [ 298 ] {2b044961-edeb-429f-999a-ec0c41ce1f79} <Trace> AggregatingTransform: Aggregating
2026.03.18 22:24:38.501374 [ 298 ] {2b044961-edeb-429f-999a-ec0c41ce1f79} <Trace> Aggregator: Aggregation method: key_string
2026.03.18 22:24:38.501594 [ 298 ] {2b044961-edeb-429f-999a-ec0c41ce1f79} <Trace> AggregatingTransform: Aggregated. 340 to 5 rows (from 5.64 KiB) in 0.000843865 sec. (402908.048 rows/sec., 6.53 MiB/sec.)
2026.03.18 22:24:38.501603 [ 298 ] {2b044961-edeb-429f-999a-ec0c41ce1f79} <Trace> AggregatingTransform: Aggregated. 0 to 0 rows (from 0.00 B) in 0.000849836 sec. (0.000 rows/sec., 0.00 B/sec.)
2026.03.18 22:24:38.501610 [ 298 ] {2b044961-edeb-429f-999a-ec0c41ce1f79} <Trace> AggregatingTransform: Aggregated. 0 to 0 rows (from 0.00 B) in 0.000845939 sec. (0.000 rows/sec., 0.00 B/sec.)
2026.03.18 22:24:38.501614 [ 298 ] {2b044961-edeb-429f-999a-ec0c41ce1f79} <Trace> AggregatingTransform: Aggregated. 0 to 0 rows (from 0.00 B) in 0.000839627 sec. (0.000 rows/sec., 0.00 B/sec.)
2026.03.18 22:24:38.501617 [ 298 ] {2b044961-edeb-429f-999a-ec0c41ce1f79} <Trace> Aggregator: Merging aggregated data
2026.03.18 22:24:38.501620 [ 298 ] {2b044961-edeb-429f-999a-ec0c41ce1f79} <Trace> Aggregator: Statistics updated for key=11893731310873864658: new sum_of_sizes=5, median_size=0
2026.03.18 22:24:38.502241 [ 44 ] {2b044961-edeb-429f-999a-ec0c41ce1f79} <Debug> executeQuery: Read 340 rows, 10.88 KiB in 0.002626 sec., 129474.48591012949 rows/sec., 4.05 MiB/sec.
2026.03.18 22:24:38.502317 [ 44 ] {2b044961-edeb-429f-999a-ec0c41ce1f79} <Debug> TCPHandler: Processed in 0.002926621 sec.
2026.03.18 22:24:45.159536 [ 44 ] {} <Trace> TCP-Session: 5b267750-1deb-428c-94a8-2389957b68da Creating query context from session context, user_id: 94309d50-4f52-5250-31bd-74fecac179db, parent context user: default
2026.03.18 22:24:45.159657 [ 44 ] {9fc277ee-31af-4a6b-934d-9d5d27835a2e} <Debug> executeQuery: (from 172.18.0.6:56004, initial_query_id: 2a19ca2f-a875-4947-9639-3b0c954f3c81) SELECT `course_code`, `course_name` FROM `test`.`courses_local` (stage: Complete)
2026.03.18 22:24:45.159800 [ 44 ] {9fc277ee-31af-4a6b-934d-9d5d27835a2e} <Trace> ContextAccess (default): Access granted: SELECT(course_code, course_name) ON test.courses_local
2026.03.18 22:24:45.159828 [ 44 ] {9fc277ee-31af-4a6b-934d-9d5d27835a2e} <Trace> InterpreterSelectQuery: FetchColumns -> Complete
2026.03.18 22:24:45.159881 [ 44 ] {9fc277ee-31af-4a6b-934d-9d5d27835a2e} <Debug> test.courses_local (459349ad-92fc-4b00-822f-1454403d3a61) (SelectExecutor): Key condition: unknown
2026.03.18 22:24:45.159891 [ 44 ] {9fc277ee-31af-4a6b-934d-9d5d27835a2e} <Debug> test.courses_local (459349ad-92fc-4b00-822f-1454403d3a61) (SelectExecutor): Selected 1/1 parts by partition key, 1 parts by primary key, 1/1 marks by primary key, 1 marks to read from 1 ranges
2026.03.18 22:24:45.159896 [ 44 ] {9fc277ee-31af-4a6b-934d-9d5d27835a2e} <Trace> test.courses_local (459349ad-92fc-4b00-822f-1454403d3a61) (SelectExecutor): Spreading mark ranges among streams (default reading)
2026.03.18 22:24:45.159908 [ 44 ] {9fc277ee-31af-4a6b-934d-9d5d27835a2e} <Trace> MergeTreeInOrderSelectProcessor: Reading 1 ranges in order from part all_1_1_0, approx. 43 rows starting from 0
2026.03.18 22:24:45.160007 [ 45 ] {} <Trace> TCP-Session: a1e4ffc4-7a88-4f2c-b9c1-4fcfcf4de38f Creating query context from session context, user_id: 94309d50-4f52-5250-31bd-74fecac179db, parent context user: default
2026.03.18 22:24:45.160426 [ 45 ] {69d050ff-660e-4363-b305-26992995167e} <Debug> executeQuery: (from 172.18.0.6:49796, initial_query_id: 2a19ca2f-a875-4947-9639-3b0c954f3c81) SELECT `g`.`course_code`, `c`.`course_name`, `g`.`grade`, `g`.`grade_type`, `g`.`grade_date`, `g`.`semester`, `g`.`academic_year` FROM `test`.`grades_local` AS `g` ALL LEFT JOIN `test`.`courses` AS `c` ON `g`.`course_code` = `c`.`course_code` WHERE `g`.`student_id` = 'STU1001' ORDER BY `g`.`grade_date` DESC (stage: WithMergeableStateAfterAggregationAndLimit)
2026.03.18 22:24:45.161455 [ 44 ] {9fc277ee-31af-4a6b-934d-9d5d27835a2e} <Debug> executeQuery: Read 43 rows, 2.77 KiB in 0.001825 sec., 23561.64383561644 rows/sec., 1.48 MiB/sec.
2026.03.18 22:24:45.161466 [ 45 ] {69d050ff-660e-4363-b305-26992995167e} <Trace> ContextAccess (default): Access granted: SELECT(course_code, course_name) ON test.courses
2026.03.18 22:24:45.161487 [ 44 ] {9fc277ee-31af-4a6b-934d-9d5d27835a2e} <Debug> TCPHandler: Processed in 0.002013388 sec.
2026.03.18 22:24:45.161540 [ 45 ] {69d050ff-660e-4363-b305-26992995167e} <Trace> ContextAccess (default): Access granted: SELECT(course_code, course_name) ON test.courses
2026.03.18 22:24:45.161623 [ 45 ] {69d050ff-660e-4363-b305-26992995167e} <Trace> ContextAccess (default): Access granted: SELECT(course_code, course_name) ON test.courses_local
2026.03.18 22:24:45.161637 [ 45 ] {69d050ff-660e-4363-b305-26992995167e} <Trace> InterpreterSelectQuery: FetchColumns -> Complete
2026.03.18 22:24:45.161657 [ 45 ] {69d050ff-660e-4363-b305-26992995167e} <Trace> InterpreterSelectQuery: Complete -> Complete
2026.03.18 22:24:45.161681 [ 45 ] {69d050ff-660e-4363-b305-26992995167e} <Debug> HashJoin: (0x78599eb86518) Datatype: EMPTY, kind: Left, strictness: All, right header: c.course_code String String(size = 0), course_name String String(size = 0)
2026.03.18 22:24:45.161686 [ 45 ] {69d050ff-660e-4363-b305-26992995167e} <Debug> HashJoin: (0x78599eb86518) Keys: [(course_code) = (c.course_code)]
2026.03.18 22:24:45.161795 [ 45 ] {69d050ff-660e-4363-b305-26992995167e} <Trace> ContextAccess (default): Access granted: SELECT(student_id, course_code, grade, grade_type, grade_date, semester, academic_year) ON test.grades_local
2026.03.18 22:24:45.161834 [ 45 ] {69d050ff-660e-4363-b305-26992995167e} <Trace> InterpreterSelectQuery: FetchColumns -> WithMergeableStateAfterAggregationAndLimit
2026.03.18 22:24:45.161874 [ 45 ] {69d050ff-660e-4363-b305-26992995167e} <Debug> JoiningTransform: Before join block: 'student_id String String(size = 0), course_code String String(size = 0), grade UInt8 UInt8(size = 0), grade_type String String(size = 0), grade_date Date UInt16(size = 0), semester UInt8 UInt8(size = 0), academic_year String String(size = 0)'
2026.03.18 22:24:45.161885 [ 45 ] {69d050ff-660e-4363-b305-26992995167e} <Debug> JoiningTransform: After join block: 'student_id String String(size = 0), course_code String String(size = 0), grade UInt8 UInt8(size = 0), grade_type String String(size = 0), grade_date Date UInt16(size = 0), semester UInt8 UInt8(size = 0), academic_year String String(size = 0), course_name String String(size = 0)'
2026.03.18 22:24:45.161978 [ 45 ] {69d050ff-660e-4363-b305-26992995167e} <Debug> JoiningTransform: Before join block: 'student_id String String(size = 0), course_code String String(size = 0), grade UInt8 UInt8(size = 0), grade_type String String(size = 0), grade_date Date UInt16(size = 0), semester UInt8 UInt8(size = 0), academic_year String String(size = 0)'
2026.03.18 22:24:45.161988 [ 45 ] {69d050ff-660e-4363-b305-26992995167e} <Debug> JoiningTransform: After join block: 'student_id String String(size = 0), course_code String String(size = 0), grade UInt8 UInt8(size = 0), grade_type String String(size = 0), grade_date Date UInt16(size = 0), semester UInt8 UInt8(size = 0), academic_year String String(size = 0), course_name String String(size = 0)'
2026.03.18 22:24:45.161998 [ 45 ] {69d050ff-660e-4363-b305-26992995167e} <Debug> QueryPlanOptimizations: Pushed down filter equals(student_id, 'STU1001') to the Left side of join
2026.03.18 22:24:45.162105 [ 45 ] {69d050ff-660e-4363-b305-26992995167e} <Debug> test.grades_local (7b83862b-cceb-45e9-8ab9-cc0189ed0327) (SelectExecutor): Key condition: (column 0 in ['STU1001', 'STU1001'])
2026.03.18 22:24:45.162130 [ 45 ] {69d050ff-660e-4363-b305-26992995167e} <Debug> test.grades_local (7b83862b-cceb-45e9-8ab9-cc0189ed0327) (SelectExecutor): MinMax index condition: unknown
2026.03.18 22:24:45.162197 [ 305 ] {69d050ff-660e-4363-b305-26992995167e} <Trace> test.grades_local (7b83862b-cceb-45e9-8ab9-cc0189ed0327) (SelectExecutor): Running binary search on index range for part 202209_12_12_0 (2 marks)
2026.03.18 22:24:45.162210 [ 305 ] {69d050ff-660e-4363-b305-26992995167e} <Trace> test.grades_local (7b83862b-cceb-45e9-8ab9-cc0189ed0327) (SelectExecutor): Found (LEFT) boundary mark: 0
2026.03.18 22:24:45.162213 [ 305 ] {69d050ff-660e-4363-b305-26992995167e} <Trace> test.grades_local (7b83862b-cceb-45e9-8ab9-cc0189ed0327) (SelectExecutor): Found (RIGHT) boundary mark: 1
2026.03.18 22:24:45.162217 [ 305 ] {69d050ff-660e-4363-b305-26992995167e} <Trace> test.grades_local (7b83862b-cceb-45e9-8ab9-cc0189ed0327) (SelectExecutor): Found continuous range in 2 steps
2026.03.18 22:24:45.162619 [ 306 ] {69d050ff-660e-4363-b305-26992995167e} <Trace> test.grades_local (7b83862b-cceb-45e9-8ab9-cc0189ed0327) (SelectExecutor): Running binary search on index range for part 202210_22_22_0 (2 marks)
2026.03.18 22:24:45.162632 [ 306 ] {69d050ff-660e-4363-b305-26992995167e} <Trace> test.grades_local (7b83862b-cceb-45e9-8ab9-cc0189ed0327) (SelectExecutor): Found (LEFT) boundary mark: 1
2026.03.18 22:24:45.162634 [ 306 ] {69d050ff-660e-4363-b305-26992995167e} <Trace> test.grades_local (7b83862b-cceb-45e9-8ab9-cc0189ed0327) (SelectExecutor): Found (RIGHT) boundary mark: 2
2026.03.18 22:24:45.162638 [ 306 ] {69d050ff-660e-4363-b305-26992995167e} <Trace> test.grades_local (7b83862b-cceb-45e9-8ab9-cc0189ed0327) (SelectExecutor): Found empty range in 1 steps
2026.03.18 22:24:45.162658 [ 306 ] {69d050ff-660e-4363-b305-26992995167e} <Trace> test.grades_local (7b83862b-cceb-45e9-8ab9-cc0189ed0327) (SelectExecutor): Running binary search on index range for part 202212_24_24_0 (2 marks)
2026.03.18 22:24:45.162663 [ 306 ] {69d050ff-660e-4363-b305-26992995167e} <Trace> test.grades_local (7b83862b-cceb-45e9-8ab9-cc0189ed0327) (SelectExecutor): Found (LEFT) boundary mark: 1
2026.03.18 22:24:45.162663 [ 301 ] {69d050ff-660e-4363-b305-26992995167e} <Trace> test.grades_local (7b83862b-cceb-45e9-8ab9-cc0189ed0327) (SelectExecutor): Running binary search on index range for part 202211_10_10_0 (2 marks)
2026.03.18 22:24:45.162677 [ 300 ] {69d050ff-660e-4363-b305-26992995167e} <Trace> test.grades_local (7b83862b-cceb-45e9-8ab9-cc0189ed0327) (SelectExecutor): Running binary search on index range for part 202301_16_16_0 (2 marks)
2026.03.18 22:24:45.162686 [ 300 ] {69d050ff-660e-4363-b305-26992995167e} <Trace> test.grades_local (7b83862b-cceb-45e9-8ab9-cc0189ed0327) (SelectExecutor): Found (LEFT) boundary mark: 1
2026.03.18 22:24:45.162689 [ 300 ] {69d050ff-660e-4363-b305-26992995167e} <Trace> test.grades_local (7b83862b-cceb-45e9-8ab9-cc0189ed0327) (SelectExecutor): Found (RIGHT) boundary mark: 2
2026.03.18 22:24:45.162692 [ 300 ] {69d050ff-660e-4363-b305-26992995167e} <Trace> test.grades_local (7b83862b-cceb-45e9-8ab9-cc0189ed0327) (SelectExecutor): Found empty range in 1 steps
2026.03.18 22:24:45.162709 [ 301 ] {69d050ff-660e-4363-b305-26992995167e} <Trace> test.grades_local (7b83862b-cceb-45e9-8ab9-cc0189ed0327) (SelectExecutor): Found (LEFT) boundary mark: 1
2026.03.18 22:24:45.162717 [ 301 ] {69d050ff-660e-4363-b305-26992995167e} <Trace> test.grades_local (7b83862b-cceb-45e9-8ab9-cc0189ed0327) (SelectExecutor): Found (RIGHT) boundary mark: 2
2026.03.18 22:24:45.162720 [ 301 ] {69d050ff-660e-4363-b305-26992995167e} <Trace> test.grades_local (7b83862b-cceb-45e9-8ab9-cc0189ed0327) (SelectExecutor): Found empty range in 1 steps
2026.03.18 22:24:45.162726 [ 300 ] {69d050ff-660e-4363-b305-26992995167e} <Trace> test.grades_local (7b83862b-cceb-45e9-8ab9-cc0189ed0327) (SelectExecutor): Running binary search on index range for part 202302_18_18_0 (2 marks)
2026.03.18 22:24:45.162730 [ 300 ] {69d050ff-660e-4363-b305-26992995167e} <Trace> test.grades_local (7b83862b-cceb-45e9-8ab9-cc0189ed0327) (SelectExecutor): Found (LEFT) boundary mark: 1
2026.03.18 22:24:45.162733 [ 300 ] {69d050ff-660e-4363-b305-26992995167e} <Trace> test.grades_local (7b83862b-cceb-45e9-8ab9-cc0189ed0327) (SelectExecutor): Found (RIGHT) boundary mark: 2
2026.03.18 22:24:45.162741 [ 300 ] {69d050ff-660e-4363-b305-26992995167e} <Trace> test.grades_local (7b83862b-cceb-45e9-8ab9-cc0189ed0327) (SelectExecutor): Found empty range in 1 steps
2026.03.18 22:24:45.162666 [ 306 ] {69d050ff-660e-4363-b305-26992995167e} <Trace> test.grades_local (7b83862b-cceb-45e9-8ab9-cc0189ed0327) (SelectExecutor): Found (RIGHT) boundary mark: 2
2026.03.18 22:24:45.162914 [ 306 ] {69d050ff-660e-4363-b305-26992995167e} <Trace> test.grades_local (7b83862b-cceb-45e9-8ab9-cc0189ed0327) (SelectExecutor): Found empty range in 1 steps
2026.03.18 22:24:45.162958 [ 301 ] {69d050ff-660e-4363-b305-26992995167e} <Trace> test.grades_local (7b83862b-cceb-45e9-8ab9-cc0189ed0327) (SelectExecutor): Running binary search on index range for part 202303_2_2_0 (2 marks)
2026.03.18 22:24:45.162964 [ 301 ] {69d050ff-660e-4363-b305-26992995167e} <Trace> test.grades_local (7b83862b-cceb-45e9-8ab9-cc0189ed0327) (SelectExecutor): Found (LEFT) boundary mark: 0
2026.03.18 22:24:45.162967 [ 301 ] {69d050ff-660e-4363-b305-26992995167e} <Trace> test.grades_local (7b83862b-cceb-45e9-8ab9-cc0189ed0327) (SelectExecutor): Found (RIGHT) boundary mark: 1
2026.03.18 22:24:45.162970 [ 301 ] {69d050ff-660e-4363-b305-26992995167e} <Trace> test.grades_local (7b83862b-cceb-45e9-8ab9-cc0189ed0327) (SelectExecutor): Found continuous range in 2 steps
2026.03.18 22:24:45.162993 [ 301 ] {69d050ff-660e-4363-b305-26992995167e} <Trace> test.grades_local (7b83862b-cceb-45e9-8ab9-cc0189ed0327) (SelectExecutor): Running binary search on index range for part 202304_7_7_0 (2 marks)
2026.03.18 22:24:45.162997 [ 301 ] {69d050ff-660e-4363-b305-26992995167e} <Trace> test.grades_local (7b83862b-cceb-45e9-8ab9-cc0189ed0327) (SelectExecutor): Found (LEFT) boundary mark: 1
2026.03.18 22:24:45.162999 [ 301 ] {69d050ff-660e-4363-b305-26992995167e} <Trace> test.grades_local (7b83862b-cceb-45e9-8ab9-cc0189ed0327) (SelectExecutor): Found (RIGHT) boundary mark: 2
2026.03.18 22:24:45.163002 [ 301 ] {69d050ff-660e-4363-b305-26992995167e} <Trace> test.grades_local (7b83862b-cceb-45e9-8ab9-cc0189ed0327) (SelectExecutor): Found empty range in 1 steps
2026.03.18 22:24:45.163010 [ 300 ] {69d050ff-660e-4363-b305-26992995167e} <Trace> test.grades_local (7b83862b-cceb-45e9-8ab9-cc0189ed0327) (SelectExecutor): Running binary search on index range for part 202306_14_14_0 (2 marks)
2026.03.18 22:24:45.163016 [ 300 ] {69d050ff-660e-4363-b305-26992995167e} <Trace> test.grades_local (7b83862b-cceb-45e9-8ab9-cc0189ed0327) (SelectExecutor): Found (LEFT) boundary mark: 1
2026.03.18 22:24:45.163018 [ 301 ] {69d050ff-660e-4363-b305-26992995167e} <Trace> test.grades_local (7b83862b-cceb-45e9-8ab9-cc0189ed0327) (SelectExecutor): Running binary search on index range for part 202305_8_8_0 (2 marks)
2026.03.18 22:24:45.163056 [ 301 ] {69d050ff-660e-4363-b305-26992995167e} <Trace> test.grades_local (7b83862b-cceb-45e9-8ab9-cc0189ed0327) (SelectExecutor): Found (LEFT) boundary mark: 1
2026.03.18 22:24:45.163061 [ 301 ] {69d050ff-660e-4363-b305-26992995167e} <Trace> test.grades_local (7b83862b-cceb-45e9-8ab9-cc0189ed0327) (SelectExecutor): Found (RIGHT) boundary mark: 2
2026.03.18 22:24:45.163064 [ 301 ] {69d050ff-660e-4363-b305-26992995167e} <Trace> test.grades_local (7b83862b-cceb-45e9-8ab9-cc0189ed0327) (SelectExecutor): Found empty range in 1 steps
2026.03.18 22:24:45.163018 [ 300 ] {69d050ff-660e-4363-b305-26992995167e} <Trace> test.grades_local (7b83862b-cceb-45e9-8ab9-cc0189ed0327) (SelectExecutor): Found (RIGHT) boundary mark: 2
2026.03.18 22:24:45.163115 [ 306 ] {69d050ff-660e-4363-b305-26992995167e} <Trace> test.grades_local (7b83862b-cceb-45e9-8ab9-cc0189ed0327) (SelectExecutor): Running binary search on index range for part 202308_20_20_0 (2 marks)
2026.03.18 22:24:45.163120 [ 306 ] {69d050ff-660e-4363-b305-26992995167e} <Trace> test.grades_local (7b83862b-cceb-45e9-8ab9-cc0189ed0327) (SelectExecutor): Found (LEFT) boundary mark: 1
2026.03.18 22:24:45.163123 [ 306 ] {69d050ff-660e-4363-b305-26992995167e} <Trace> test.grades_local (7b83862b-cceb-45e9-8ab9-cc0189ed0327) (SelectExecutor): Found (RIGHT) boundary mark: 2
2026.03.18 22:24:45.163131 [ 306 ] {69d050ff-660e-4363-b305-26992995167e} <Trace> test.grades_local (7b83862b-cceb-45e9-8ab9-cc0189ed0327) (SelectExecutor): Found empty range in 1 steps
2026.03.18 22:24:45.163147 [ 300 ] {69d050ff-660e-4363-b305-26992995167e} <Trace> test.grades_local (7b83862b-cceb-45e9-8ab9-cc0189ed0327) (SelectExecutor): Found empty range in 1 steps
2026.03.18 22:24:45.163153 [ 306 ] {69d050ff-660e-4363-b305-26992995167e} <Trace> test.grades_local (7b83862b-cceb-45e9-8ab9-cc0189ed0327) (SelectExecutor): Running binary search on index range for part 202309_17_17_0 (2 marks)
2026.03.18 22:24:45.163158 [ 306 ] {69d050ff-660e-4363-b305-26992995167e} <Trace> test.grades_local (7b83862b-cceb-45e9-8ab9-cc0189ed0327) (SelectExecutor): Found (LEFT) boundary mark: 1
2026.03.18 22:24:45.163160 [ 306 ] {69d050ff-660e-4363-b305-26992995167e} <Trace> test.grades_local (7b83862b-cceb-45e9-8ab9-cc0189ed0327) (SelectExecutor): Found (RIGHT) boundary mark: 2
2026.03.18 22:24:45.163163 [ 306 ] {69d050ff-660e-4363-b305-26992995167e} <Trace> test.grades_local (7b83862b-cceb-45e9-8ab9-cc0189ed0327) (SelectExecutor): Found empty range in 1 steps
2026.03.18 22:24:45.163104 [ 305 ] {69d050ff-660e-4363-b305-26992995167e} <Trace> test.grades_local (7b83862b-cceb-45e9-8ab9-cc0189ed0327) (SelectExecutor): Running binary search on index range for part 202307_6_6_0 (2 marks)
2026.03.18 22:24:45.163191 [ 305 ] {69d050ff-660e-4363-b305-26992995167e} <Trace> test.grades_local (7b83862b-cceb-45e9-8ab9-cc0189ed0327) (SelectExecutor): Found (LEFT) boundary mark: 1
2026.03.18 22:24:45.163195 [ 305 ] {69d050ff-660e-4363-b305-26992995167e} <Trace> test.grades_local (7b83862b-cceb-45e9-8ab9-cc0189ed0327) (SelectExecutor): Found (RIGHT) boundary mark: 2
2026.03.18 22:24:45.163198 [ 305 ] {69d050ff-660e-4363-b305-26992995167e} <Trace> test.grades_local (7b83862b-cceb-45e9-8ab9-cc0189ed0327) (SelectExecutor): Found empty range in 1 steps
2026.03.18 22:24:45.163220 [ 301 ] {69d050ff-660e-4363-b305-26992995167e} <Trace> test.grades_local (7b83862b-cceb-45e9-8ab9-cc0189ed0327) (SelectExecutor): Running binary search on index range for part 202310_3_3_0 (2 marks)
2026.03.18 22:24:45.163230 [ 301 ] {69d050ff-660e-4363-b305-26992995167e} <Trace> test.grades_local (7b83862b-cceb-45e9-8ab9-cc0189ed0327) (SelectExecutor): Found (LEFT) boundary mark: 0
2026.03.18 22:24:45.163233 [ 301 ] {69d050ff-660e-4363-b305-26992995167e} <Trace> test.grades_local (7b83862b-cceb-45e9-8ab9-cc0189ed0327) (SelectExecutor): Found (RIGHT) boundary mark: 1
2026.03.18 22:24:45.163237 [ 301 ] {69d050ff-660e-4363-b305-26992995167e} <Trace> test.grades_local (7b83862b-cceb-45e9-8ab9-cc0189ed0327) (SelectExecutor): Found continuous range in 2 steps
2026.03.18 22:24:45.163411 [ 306 ] {69d050ff-660e-4363-b305-26992995167e} <Trace> test.grades_local (7b83862b-cceb-45e9-8ab9-cc0189ed0327) (SelectExecutor): Running binary search on index range for part 202311_11_11_0 (2 marks)
2026.03.18 22:24:45.163420 [ 306 ] {69d050ff-660e-4363-b305-26992995167e} <Trace> test.grades_local (7b83862b-cceb-45e9-8ab9-cc0189ed0327) (SelectExecutor): Found (LEFT) boundary mark: 1
2026.03.18 22:24:45.163421 [ 300 ] {69d050ff-660e-4363-b305-26992995167e} <Trace> test.grades_local (7b83862b-cceb-45e9-8ab9-cc0189ed0327) (SelectExecutor): Running binary search on index range for part 202312_13_13_0 (2 marks)
2026.03.18 22:24:45.163439 [ 300 ] {69d050ff-660e-4363-b305-26992995167e} <Trace> test.grades_local (7b83862b-cceb-45e9-8ab9-cc0189ed0327) (SelectExecutor): Found (LEFT) boundary mark: 1
2026.03.18 22:24:45.163443 [ 300 ] {69d050ff-660e-4363-b305-26992995167e} <Trace> test.grades_local (7b83862b-cceb-45e9-8ab9-cc0189ed0327) (SelectExecutor): Found (RIGHT) boundary mark: 2
2026.03.18 22:24:45.163447 [ 300 ] {69d050ff-660e-4363-b305-26992995167e} <Trace> test.grades_local (7b83862b-cceb-45e9-8ab9-cc0189ed0327) (SelectExecutor): Found empty range in 1 steps
2026.03.18 22:24:45.163478 [ 300 ] {69d050ff-660e-4363-b305-26992995167e} <Trace> test.grades_local (7b83862b-cceb-45e9-8ab9-cc0189ed0327) (SelectExecutor): Running binary search on index range for part 202401_4_4_0 (2 marks)
2026.03.18 22:24:45.163489 [ 300 ] {69d050ff-660e-4363-b305-26992995167e} <Trace> test.grades_local (7b83862b-cceb-45e9-8ab9-cc0189ed0327) (SelectExecutor): Found (LEFT) boundary mark: 1
2026.03.18 22:24:45.163493 [ 300 ] {69d050ff-660e-4363-b305-26992995167e} <Trace> test.grades_local (7b83862b-cceb-45e9-8ab9-cc0189ed0327) (SelectExecutor): Found (RIGHT) boundary mark: 2
2026.03.18 22:24:45.163497 [ 300 ] {69d050ff-660e-4363-b305-26992995167e} <Trace> test.grades_local (7b83862b-cceb-45e9-8ab9-cc0189ed0327) (SelectExecutor): Found empty range in 1 steps
2026.03.18 22:24:45.163617 [ 301 ] {69d050ff-660e-4363-b305-26992995167e} <Trace> test.grades_local (7b83862b-cceb-45e9-8ab9-cc0189ed0327) (SelectExecutor): Running binary search on index range for part 202402_27_27_0 (2 marks)
2026.03.18 22:24:45.163624 [ 301 ] {69d050ff-660e-4363-b305-26992995167e} <Trace> test.grades_local (7b83862b-cceb-45e9-8ab9-cc0189ed0327) (SelectExecutor): Found (LEFT) boundary mark: 1
2026.03.18 22:24:45.163626 [ 301 ] {69d050ff-660e-4363-b305-26992995167e} <Trace> test.grades_local (7b83862b-cceb-45e9-8ab9-cc0189ed0327) (SelectExecutor): Found (RIGHT) boundary mark: 2
2026.03.18 22:24:45.163629 [ 301 ] {69d050ff-660e-4363-b305-26992995167e} <Trace> test.grades_local (7b83862b-cceb-45e9-8ab9-cc0189ed0327) (SelectExecutor): Found empty range in 1 steps
2026.03.18 22:24:45.163638 [ 305 ] {69d050ff-660e-4363-b305-26992995167e} <Trace> test.grades_local (7b83862b-cceb-45e9-8ab9-cc0189ed0327) (SelectExecutor): Running binary search on index range for part 202403_19_19_0 (2 marks)
2026.03.18 22:24:45.163649 [ 305 ] {69d050ff-660e-4363-b305-26992995167e} <Trace> test.grades_local (7b83862b-cceb-45e9-8ab9-cc0189ed0327) (SelectExecutor): Found (LEFT) boundary mark: 1
2026.03.18 22:24:45.163651 [ 301 ] {69d050ff-660e-4363-b305-26992995167e} <Trace> test.grades_local (7b83862b-cceb-45e9-8ab9-cc0189ed0327) (SelectExecutor): Running binary search on index range for part 202404_23_23_0 (2 marks)
2026.03.18 22:24:45.163652 [ 305 ] {69d050ff-660e-4363-b305-26992995167e} <Trace> test.grades_local (7b83862b-cceb-45e9-8ab9-cc0189ed0327) (SelectExecutor): Found (RIGHT) boundary mark: 2
2026.03.18 22:24:45.163423 [ 306 ] {69d050ff-660e-4363-b305-26992995167e} <Trace> test.grades_local (7b83862b-cceb-45e9-8ab9-cc0189ed0327) (SelectExecutor): Found (RIGHT) boundary mark: 2
2026.03.18 22:24:45.163891 [ 300 ] {69d050ff-660e-4363-b305-26992995167e} <Trace> test.grades_local (7b83862b-cceb-45e9-8ab9-cc0189ed0327) (SelectExecutor): Running binary search on index range for part 202405_9_9_0 (2 marks)
2026.03.18 22:24:45.164076 [ 300 ] {69d050ff-660e-4363-b305-26992995167e} <Trace> test.grades_local (7b83862b-cceb-45e9-8ab9-cc0189ed0327) (SelectExecutor): Found (LEFT) boundary mark: 1
2026.03.18 22:24:45.164081 [ 300 ] {69d050ff-660e-4363-b305-26992995167e} <Trace> test.grades_local (7b83862b-cceb-45e9-8ab9-cc0189ed0327) (SelectExecutor): Found (RIGHT) boundary mark: 2
2026.03.18 22:24:45.164085 [ 300 ] {69d050ff-660e-4363-b305-26992995167e} <Trace> test.grades_local (7b83862b-cceb-45e9-8ab9-cc0189ed0327) (SelectExecutor): Found empty range in 1 steps
2026.03.18 22:24:45.164139 [ 306 ] {69d050ff-660e-4363-b305-26992995167e} <Trace> test.grades_local (7b83862b-cceb-45e9-8ab9-cc0189ed0327) (SelectExecutor): Found empty range in 1 steps
2026.03.18 22:24:45.163940 [ 301 ] {69d050ff-660e-4363-b305-26992995167e} <Trace> test.grades_local (7b83862b-cceb-45e9-8ab9-cc0189ed0327) (SelectExecutor): Found (LEFT) boundary mark: 0
2026.03.18 22:24:45.164168 [ 301 ] {69d050ff-660e-4363-b305-26992995167e} <Trace> test.grades_local (7b83862b-cceb-45e9-8ab9-cc0189ed0327) (SelectExecutor): Found (RIGHT) boundary mark: 1
2026.03.18 22:24:45.164173 [ 301 ] {69d050ff-660e-4363-b305-26992995167e} <Trace> test.grades_local (7b83862b-cceb-45e9-8ab9-cc0189ed0327) (SelectExecutor): Found continuous range in 2 steps
2026.03.18 22:24:45.164186 [ 305 ] {69d050ff-660e-4363-b305-26992995167e} <Trace> test.grades_local (7b83862b-cceb-45e9-8ab9-cc0189ed0327) (SelectExecutor): Found empty range in 1 steps
2026.03.18 22:24:45.165048 [ 301 ] {69d050ff-660e-4363-b305-26992995167e} <Trace> test.grades_local (7b83862b-cceb-45e9-8ab9-cc0189ed0327) (SelectExecutor): Running binary search on index range for part 202406_5_5_0 (2 marks)
2026.03.18 22:24:45.165066 [ 301 ] {69d050ff-660e-4363-b305-26992995167e} <Trace> test.grades_local (7b83862b-cceb-45e9-8ab9-cc0189ed0327) (SelectExecutor): Found (LEFT) boundary mark: 1
2026.03.18 22:24:45.165069 [ 301 ] {69d050ff-660e-4363-b305-26992995167e} <Trace> test.grades_local (7b83862b-cceb-45e9-8ab9-cc0189ed0327) (SelectExecutor): Found (RIGHT) boundary mark: 2
2026.03.18 22:24:45.165072 [ 301 ] {69d050ff-660e-4363-b305-26992995167e} <Trace> test.grades_local (7b83862b-cceb-45e9-8ab9-cc0189ed0327) (SelectExecutor): Found empty range in 1 steps
2026.03.18 22:24:45.165052 [ 300 ] {69d050ff-660e-4363-b305-26992995167e} <Trace> test.grades_local (7b83862b-cceb-45e9-8ab9-cc0189ed0327) (SelectExecutor): Running binary search on index range for part 202407_1_1_0 (2 marks)
2026.03.18 22:24:45.165135 [ 301 ] {69d050ff-660e-4363-b305-26992995167e} <Trace> test.grades_local (7b83862b-cceb-45e9-8ab9-cc0189ed0327) (SelectExecutor): Running binary search on index range for part 202409_15_15_0 (2 marks)
2026.03.18 22:24:45.165143 [ 301 ] {69d050ff-660e-4363-b305-26992995167e} <Trace> test.grades_local (7b83862b-cceb-45e9-8ab9-cc0189ed0327) (SelectExecutor): Found (LEFT) boundary mark: 1
2026.03.18 22:24:45.165153 [ 301 ] {69d050ff-660e-4363-b305-26992995167e} <Trace> test.grades_local (7b83862b-cceb-45e9-8ab9-cc0189ed0327) (SelectExecutor): Found (RIGHT) boundary mark: 2
2026.03.18 22:24:45.165156 [ 301 ] {69d050ff-660e-4363-b305-26992995167e} <Trace> test.grades_local (7b83862b-cceb-45e9-8ab9-cc0189ed0327) (SelectExecutor): Found empty range in 1 steps
2026.03.18 22:24:45.165175 [ 301 ] {69d050ff-660e-4363-b305-26992995167e} <Trace> test.grades_local (7b83862b-cceb-45e9-8ab9-cc0189ed0327) (SelectExecutor): Running binary search on index range for part 202408_26_26_0 (2 marks)
2026.03.18 22:24:45.165179 [ 301 ] {69d050ff-660e-4363-b305-26992995167e} <Trace> test.grades_local (7b83862b-cceb-45e9-8ab9-cc0189ed0327) (SelectExecutor): Found (LEFT) boundary mark: 1
2026.03.18 22:24:45.165181 [ 301 ] {69d050ff-660e-4363-b305-26992995167e} <Trace> test.grades_local (7b83862b-cceb-45e9-8ab9-cc0189ed0327) (SelectExecutor): Found (RIGHT) boundary mark: 2
2026.03.18 22:24:45.165184 [ 301 ] {69d050ff-660e-4363-b305-26992995167e} <Trace> test.grades_local (7b83862b-cceb-45e9-8ab9-cc0189ed0327) (SelectExecutor): Found empty range in 1 steps
2026.03.18 22:24:45.165143 [ 300 ] {69d050ff-660e-4363-b305-26992995167e} <Trace> test.grades_local (7b83862b-cceb-45e9-8ab9-cc0189ed0327) (SelectExecutor): Found (LEFT) boundary mark: 1
2026.03.18 22:24:45.165218 [ 300 ] {69d050ff-660e-4363-b305-26992995167e} <Trace> test.grades_local (7b83862b-cceb-45e9-8ab9-cc0189ed0327) (SelectExecutor): Found (RIGHT) boundary mark: 2
2026.03.18 22:24:45.165225 [ 300 ] {69d050ff-660e-4363-b305-26992995167e} <Trace> test.grades_local (7b83862b-cceb-45e9-8ab9-cc0189ed0327) (SelectExecutor): Found empty range in 1 steps
2026.03.18 22:24:45.165240 [ 301 ] {69d050ff-660e-4363-b305-26992995167e} <Trace> test.grades_local (7b83862b-cceb-45e9-8ab9-cc0189ed0327) (SelectExecutor): Running binary search on index range for part 202410_21_21_0 (2 marks)
2026.03.18 22:24:45.165248 [ 301 ] {69d050ff-660e-4363-b305-26992995167e} <Trace> test.grades_local (7b83862b-cceb-45e9-8ab9-cc0189ed0327) (SelectExecutor): Found (LEFT) boundary mark: 1
2026.03.18 22:24:45.165251 [ 301 ] {69d050ff-660e-4363-b305-26992995167e} <Trace> test.grades_local (7b83862b-cceb-45e9-8ab9-cc0189ed0327) (SelectExecutor): Found (RIGHT) boundary mark: 2
2026.03.18 22:24:45.165253 [ 300 ] {69d050ff-660e-4363-b305-26992995167e} <Trace> test.grades_local (7b83862b-cceb-45e9-8ab9-cc0189ed0327) (SelectExecutor): Running binary search on index range for part 202411_25_25_0 (2 marks)
2026.03.18 22:24:45.165270 [ 300 ] {69d050ff-660e-4363-b305-26992995167e} <Trace> test.grades_local (7b83862b-cceb-45e9-8ab9-cc0189ed0327) (SelectExecutor): Found (LEFT) boundary mark: 1
2026.03.18 22:24:45.165273 [ 300 ] {69d050ff-660e-4363-b305-26992995167e} <Trace> test.grades_local (7b83862b-cceb-45e9-8ab9-cc0189ed0327) (SelectExecutor): Found (RIGHT) boundary mark: 2
2026.03.18 22:24:45.165277 [ 300 ] {69d050ff-660e-4363-b305-26992995167e} <Trace> test.grades_local (7b83862b-cceb-45e9-8ab9-cc0189ed0327) (SelectExecutor): Found empty range in 1 steps
2026.03.18 22:24:45.165254 [ 301 ] {69d050ff-660e-4363-b305-26992995167e} <Trace> test.grades_local (7b83862b-cceb-45e9-8ab9-cc0189ed0327) (SelectExecutor): Found empty range in 1 steps
2026.03.18 22:24:45.166658 [ 46 ] {} <Trace> TCP-Session: 7d95cf43-fde8-4a52-857d-f12b1973d4ef Creating query context from session context, user_id: 94309d50-4f52-5250-31bd-74fecac179db, parent context user: default
2026.03.18 22:24:45.166757 [ 46 ] {d419ed15-9ab4-4aac-b769-4a3cf85ee0f0} <Debug> executeQuery: (from 172.18.0.7:38942, initial_query_id: 2a19ca2f-a875-4947-9639-3b0c954f3c81) SELECT `course_code`, `course_name` FROM `test`.`courses_local` (stage: Complete)
2026.03.18 22:24:45.166861 [ 46 ] {d419ed15-9ab4-4aac-b769-4a3cf85ee0f0} <Trace> ContextAccess (default): Access granted: SELECT(course_code, course_name) ON test.courses_local
2026.03.18 22:24:45.166881 [ 46 ] {d419ed15-9ab4-4aac-b769-4a3cf85ee0f0} <Trace> InterpreterSelectQuery: FetchColumns -> Complete
2026.03.18 22:24:45.166918 [ 46 ] {d419ed15-9ab4-4aac-b769-4a3cf85ee0f0} <Debug> test.courses_local (459349ad-92fc-4b00-822f-1454403d3a61) (SelectExecutor): Key condition: unknown
2026.03.18 22:24:45.166928 [ 46 ] {d419ed15-9ab4-4aac-b769-4a3cf85ee0f0} <Debug> test.courses_local (459349ad-92fc-4b00-822f-1454403d3a61) (SelectExecutor): Selected 1/1 parts by partition key, 1 parts by primary key, 1/1 marks by primary key, 1 marks to read from 1 ranges
2026.03.18 22:24:45.166932 [ 46 ] {d419ed15-9ab4-4aac-b769-4a3cf85ee0f0} <Trace> test.courses_local (459349ad-92fc-4b00-822f-1454403d3a61) (SelectExecutor): Spreading mark ranges among streams (default reading)
2026.03.18 22:24:45.166942 [ 46 ] {d419ed15-9ab4-4aac-b769-4a3cf85ee0f0} <Trace> MergeTreeInOrderSelectProcessor: Reading 1 ranges in order from part all_1_1_0, approx. 43 rows starting from 0
2026.03.18 22:24:45.167148 [ 45 ] {69d050ff-660e-4363-b305-26992995167e} <Debug> test.grades_local (7b83862b-cceb-45e9-8ab9-cc0189ed0327) (SelectExecutor): Selected 27/27 parts by partition key, 4 parts by primary key, 4/27 marks by primary key, 4 marks to read from 4 ranges
2026.03.18 22:24:45.167161 [ 45 ] {69d050ff-660e-4363-b305-26992995167e} <Trace> test.grades_local (7b83862b-cceb-45e9-8ab9-cc0189ed0327) (SelectExecutor): Spreading mark ranges among streams (default reading)
2026.03.18 22:24:45.167205 [ 45 ] {69d050ff-660e-4363-b305-26992995167e} <Debug> MergeTreeReadPool: min_marks_for_concurrent_read=24
2026.03.18 22:24:45.167214 [ 45 ] {69d050ff-660e-4363-b305-26992995167e} <Debug> test.grades_local (7b83862b-cceb-45e9-8ab9-cc0189ed0327) (SelectExecutor): Reading approx. 303 rows with 4 streams
2026.03.18 22:24:45.167401 [ 45 ] {69d050ff-660e-4363-b305-26992995167e} <Debug> test.courses_local (459349ad-92fc-4b00-822f-1454403d3a61) (SelectExecutor): Key condition: unknown
2026.03.18 22:24:45.167414 [ 45 ] {69d050ff-660e-4363-b305-26992995167e} <Debug> test.courses_local (459349ad-92fc-4b00-822f-1454403d3a61) (SelectExecutor): Selected 1/1 parts by partition key, 1 parts by primary key, 1/1 marks by primary key, 1 marks to read from 1 ranges
2026.03.18 22:24:45.167420 [ 45 ] {69d050ff-660e-4363-b305-26992995167e} <Trace> test.courses_local (459349ad-92fc-4b00-822f-1454403d3a61) (SelectExecutor): Spreading mark ranges among streams (default reading)
2026.03.18 22:24:45.167428 [ 45 ] {69d050ff-660e-4363-b305-26992995167e} <Trace> MergeTreeInOrderSelectProcessor: Reading 1 ranges in order from part all_1_1_0, approx. 43 rows starting from 0
2026.03.18 22:24:45.167621 [ 45 ] {69d050ff-660e-4363-b305-26992995167e} <Debug> JoiningTransform: Before join block: 'student_id String String(size = 0), course_code String String(size = 0), grade UInt8 UInt8(size = 0), grade_type String String(size = 0), grade_date Date UInt16(size = 0), semester UInt8 UInt8(size = 0), academic_year String String(size = 0)'
2026.03.18 22:24:45.167638 [ 45 ] {69d050ff-660e-4363-b305-26992995167e} <Debug> JoiningTransform: After join block: 'student_id String String(size = 0), course_code String String(size = 0), grade UInt8 UInt8(size = 0), grade_type String String(size = 0), grade_date Date UInt16(size = 0), semester UInt8 UInt8(size = 0), academic_year String String(size = 0), course_name String String(size = 0)'
2026.03.18 22:24:45.169253 [ 46 ] {d419ed15-9ab4-4aac-b769-4a3cf85ee0f0} <Debug> executeQuery: Read 43 rows, 2.77 KiB in 0.00252 sec., 17063.492063492064 rows/sec., 1.07 MiB/sec.
2026.03.18 22:24:45.169514 [ 295 ] {69d050ff-660e-4363-b305-26992995167e} <Debug> Connection (clickhouse-node2:9000): Sent data for 2 scalars, total 2 rows in 0.000178734 sec., 11173 rows/sec., 68.00 B (370.93 KiB/sec.), compressed 0.4594594594594595 times to 148.00 B (807.19 KiB/sec.)
2026.03.18 22:24:45.169928 [ 299 ] {69d050ff-660e-4363-b305-26992995167e} <Debug> Connection (clickhouse-node1:9000): Sent data for 2 scalars, total 2 rows in 0.000236121 sec., 8458 rows/sec., 68.00 B (280.79 KiB/sec.), compressed 0.4594594594594595 times to 148.00 B (611.04 KiB/sec.)
2026.03.18 22:24:45.170139 [ 46 ] {d419ed15-9ab4-4aac-b769-4a3cf85ee0f0} <Debug> TCPHandler: Processed in 0.003531209 sec.
2026.03.18 22:24:45.172305 [ 295 ] {69d050ff-660e-4363-b305-26992995167e} <Debug> MergingSortedTransform: Merge sorted 1 blocks, 7 rows in 0.005000014 sec., 1399.9960800109761 rows/sec., 6.40 MiB/sec
2026.03.18 22:24:45.173391 [ 45 ] {69d050ff-660e-4363-b305-26992995167e} <Debug> executeQuery: Read 403 rows, 26.44 KiB in 0.013082 sec., 30805.68720379147 rows/sec., 1.97 MiB/sec.
2026.03.18 22:24:45.173638 [ 45 ] {69d050ff-660e-4363-b305-26992995167e} <Trace> HashJoin: (0x78599eb86518) Join data is being destroyed, 24064 bytes and 99 rows in hash table
2026.03.18 22:24:45.173692 [ 45 ] {69d050ff-660e-4363-b305-26992995167e} <Debug> MemoryTracker: Peak memory usage (for query): 830.22 KiB.
2026.03.18 22:24:45.173696 [ 45 ] {69d050ff-660e-4363-b305-26992995167e} <Debug> TCPHandler: Processed in 0.013736924 sec.
2026.03.18 22:24:45.189730 [ 44 ] {} <Trace> TCP-Session: 5b267750-1deb-428c-94a8-2389957b68da Creating query context from session context, user_id: 94309d50-4f52-5250-31bd-74fecac179db, parent context user: default
2026.03.18 22:24:45.189905 [ 44 ] {e747a111-b79a-4a0d-aa8e-d23b5a56bd5f} <Debug> executeQuery: (from 172.18.0.6:56004, initial_query_id: e9f99836-6392-4e59-9c82-f39784aea4eb) SELECT round(avg(`grade`), 2) FROM `test`.`grades_local` WHERE `student_id` = 'STU1001' (stage: WithMergeableState)
2026.03.18 22:24:45.190163 [ 44 ] {e747a111-b79a-4a0d-aa8e-d23b5a56bd5f} <Trace> InterpreterSelectQuery: The min valid primary key position for moving to the tail of PREWHERE is 0
2026.03.18 22:24:45.190174 [ 44 ] {e747a111-b79a-4a0d-aa8e-d23b5a56bd5f} <Debug> InterpreterSelectQuery: MergeTreeWhereOptimizer: condition "student_id = 'STU1001'" moved to PREWHERE
2026.03.18 22:24:45.190327 [ 44 ] {e747a111-b79a-4a0d-aa8e-d23b5a56bd5f} <Trace> ContextAccess (default): Access granted: SELECT(student_id, grade) ON test.grades_local
2026.03.18 22:24:45.190354 [ 44 ] {e747a111-b79a-4a0d-aa8e-d23b5a56bd5f} <Trace> InterpreterSelectQuery: FetchColumns -> WithMergeableState
2026.03.18 22:24:45.190584 [ 44 ] {e747a111-b79a-4a0d-aa8e-d23b5a56bd5f} <Debug> test.grades_local (7b83862b-cceb-45e9-8ab9-cc0189ed0327) (SelectExecutor): Key condition: (column 0 in ['STU1001', 'STU1001'])
2026.03.18 22:24:45.190612 [ 44 ] {e747a111-b79a-4a0d-aa8e-d23b5a56bd5f} <Debug> test.grades_local (7b83862b-cceb-45e9-8ab9-cc0189ed0327) (SelectExecutor): MinMax index condition: unknown
2026.03.18 22:24:45.190714 [ 306 ] {e747a111-b79a-4a0d-aa8e-d23b5a56bd5f} <Trace> test.grades_local (7b83862b-cceb-45e9-8ab9-cc0189ed0327) (SelectExecutor): Running binary search on index range for part 202209_12_12_0 (2 marks)
2026.03.18 22:24:45.191570 [ 306 ] {e747a111-b79a-4a0d-aa8e-d23b5a56bd5f} <Trace> test.grades_local (7b83862b-cceb-45e9-8ab9-cc0189ed0327) (SelectExecutor): Found (LEFT) boundary mark: 0
2026.03.18 22:24:45.191579 [ 306 ] {e747a111-b79a-4a0d-aa8e-d23b5a56bd5f} <Trace> test.grades_local (7b83862b-cceb-45e9-8ab9-cc0189ed0327) (SelectExecutor): Found (RIGHT) boundary mark: 1
2026.03.18 22:24:45.191584 [ 306 ] {e747a111-b79a-4a0d-aa8e-d23b5a56bd5f} <Trace> test.grades_local (7b83862b-cceb-45e9-8ab9-cc0189ed0327) (SelectExecutor): Found continuous range in 2 steps
2026.03.18 22:24:45.191611 [ 306 ] {e747a111-b79a-4a0d-aa8e-d23b5a56bd5f} <Trace> test.grades_local (7b83862b-cceb-45e9-8ab9-cc0189ed0327) (SelectExecutor): Running binary search on index range for part 202212_24_24_0 (2 marks)
2026.03.18 22:24:45.191616 [ 306 ] {e747a111-b79a-4a0d-aa8e-d23b5a56bd5f} <Trace> test.grades_local (7b83862b-cceb-45e9-8ab9-cc0189ed0327) (SelectExecutor): Found (LEFT) boundary mark: 1
2026.03.18 22:24:45.191618 [ 306 ] {e747a111-b79a-4a0d-aa8e-d23b5a56bd5f} <Trace> test.grades_local (7b83862b-cceb-45e9-8ab9-cc0189ed0327) (SelectExecutor): Found (RIGHT) boundary mark: 2
2026.03.18 22:24:45.191621 [ 306 ] {e747a111-b79a-4a0d-aa8e-d23b5a56bd5f} <Trace> test.grades_local (7b83862b-cceb-45e9-8ab9-cc0189ed0327) (SelectExecutor): Found empty range in 1 steps
2026.03.18 22:24:45.191638 [ 306 ] {e747a111-b79a-4a0d-aa8e-d23b5a56bd5f} <Trace> test.grades_local (7b83862b-cceb-45e9-8ab9-cc0189ed0327) (SelectExecutor): Running binary search on index range for part 202211_10_10_0 (2 marks)
2026.03.18 22:24:45.191642 [ 306 ] {e747a111-b79a-4a0d-aa8e-d23b5a56bd5f} <Trace> test.grades_local (7b83862b-cceb-45e9-8ab9-cc0189ed0327) (SelectExecutor): Found (LEFT) boundary mark: 1
2026.03.18 22:24:45.191644 [ 306 ] {e747a111-b79a-4a0d-aa8e-d23b5a56bd5f} <Trace> test.grades_local (7b83862b-cceb-45e9-8ab9-cc0189ed0327) (SelectExecutor): Found (RIGHT) boundary mark: 2
2026.03.18 22:24:45.191647 [ 306 ] {e747a111-b79a-4a0d-aa8e-d23b5a56bd5f} <Trace> test.grades_local (7b83862b-cceb-45e9-8ab9-cc0189ed0327) (SelectExecutor): Found empty range in 1 steps
2026.03.18 22:24:45.191701 [ 297 ] {e747a111-b79a-4a0d-aa8e-d23b5a56bd5f} <Trace> test.grades_local (7b83862b-cceb-45e9-8ab9-cc0189ed0327) (SelectExecutor): Running binary search on index range for part 202301_16_16_0 (2 marks)
2026.03.18 22:24:45.191707 [ 297 ] {e747a111-b79a-4a0d-aa8e-d23b5a56bd5f} <Trace> test.grades_local (7b83862b-cceb-45e9-8ab9-cc0189ed0327) (SelectExecutor): Found (LEFT) boundary mark: 1
2026.03.18 22:24:45.191710 [ 297 ] {e747a111-b79a-4a0d-aa8e-d23b5a56bd5f} <Trace> test.grades_local (7b83862b-cceb-45e9-8ab9-cc0189ed0327) (SelectExecutor): Found (RIGHT) boundary mark: 2
2026.03.18 22:24:45.191712 [ 297 ] {e747a111-b79a-4a0d-aa8e-d23b5a56bd5f} <Trace> test.grades_local (7b83862b-cceb-45e9-8ab9-cc0189ed0327) (SelectExecutor): Found empty range in 1 steps
2026.03.18 22:24:45.191158 [ 302 ] {e747a111-b79a-4a0d-aa8e-d23b5a56bd5f} <Trace> test.grades_local (7b83862b-cceb-45e9-8ab9-cc0189ed0327) (SelectExecutor): Running binary search on index range for part 202210_22_22_0 (2 marks)
2026.03.18 22:24:45.192283 [ 302 ] {e747a111-b79a-4a0d-aa8e-d23b5a56bd5f} <Trace> test.grades_local (7b83862b-cceb-45e9-8ab9-cc0189ed0327) (SelectExecutor): Found (LEFT) boundary mark: 1
2026.03.18 22:24:45.192288 [ 302 ] {e747a111-b79a-4a0d-aa8e-d23b5a56bd5f} <Trace> test.grades_local (7b83862b-cceb-45e9-8ab9-cc0189ed0327) (SelectExecutor): Found (RIGHT) boundary mark: 2
2026.03.18 22:24:45.192292 [ 302 ] {e747a111-b79a-4a0d-aa8e-d23b5a56bd5f} <Trace> test.grades_local (7b83862b-cceb-45e9-8ab9-cc0189ed0327) (SelectExecutor): Found empty range in 1 steps
2026.03.18 22:24:45.192324 [ 302 ] {e747a111-b79a-4a0d-aa8e-d23b5a56bd5f} <Trace> test.grades_local (7b83862b-cceb-45e9-8ab9-cc0189ed0327) (SelectExecutor): Running binary search on index range for part 202303_2_2_0 (2 marks)
2026.03.18 22:24:45.192336 [ 302 ] {e747a111-b79a-4a0d-aa8e-d23b5a56bd5f} <Trace> test.grades_local (7b83862b-cceb-45e9-8ab9-cc0189ed0327) (SelectExecutor): Found (LEFT) boundary mark: 0
2026.03.18 22:24:45.192341 [ 302 ] {e747a111-b79a-4a0d-aa8e-d23b5a56bd5f} <Trace> test.grades_local (7b83862b-cceb-45e9-8ab9-cc0189ed0327) (SelectExecutor): Found (RIGHT) boundary mark: 1
2026.03.18 22:24:45.192346 [ 302 ] {e747a111-b79a-4a0d-aa8e-d23b5a56bd5f} <Trace> test.grades_local (7b83862b-cceb-45e9-8ab9-cc0189ed0327) (SelectExecutor): Found continuous range in 2 steps
2026.03.18 22:24:45.193475 [ 297 ] {e747a111-b79a-4a0d-aa8e-d23b5a56bd5f} <Trace> test.grades_local (7b83862b-cceb-45e9-8ab9-cc0189ed0327) (SelectExecutor): Running binary search on index range for part 202302_18_18_0 (2 marks)
2026.03.18 22:24:45.193487 [ 297 ] {e747a111-b79a-4a0d-aa8e-d23b5a56bd5f} <Trace> test.grades_local (7b83862b-cceb-45e9-8ab9-cc0189ed0327) (SelectExecutor): Found (LEFT) boundary mark: 1
2026.03.18 22:24:45.193490 [ 297 ] {e747a111-b79a-4a0d-aa8e-d23b5a56bd5f} <Trace> test.grades_local (7b83862b-cceb-45e9-8ab9-cc0189ed0327) (SelectExecutor): Found (RIGHT) boundary mark: 2
2026.03.18 22:24:45.193493 [ 297 ] {e747a111-b79a-4a0d-aa8e-d23b5a56bd5f} <Trace> test.grades_local (7b83862b-cceb-45e9-8ab9-cc0189ed0327) (SelectExecutor): Found empty range in 1 steps
2026.03.18 22:24:45.193538 [ 306 ] {e747a111-b79a-4a0d-aa8e-d23b5a56bd5f} <Trace> test.grades_local (7b83862b-cceb-45e9-8ab9-cc0189ed0327) (SelectExecutor): Running binary search on index range for part 202304_7_7_0 (2 marks)
2026.03.18 22:24:45.193543 [ 306 ] {e747a111-b79a-4a0d-aa8e-d23b5a56bd5f} <Trace> test.grades_local (7b83862b-cceb-45e9-8ab9-cc0189ed0327) (SelectExecutor): Found (LEFT) boundary mark: 1
2026.03.18 22:24:45.193546 [ 306 ] {e747a111-b79a-4a0d-aa8e-d23b5a56bd5f} <Trace> test.grades_local (7b83862b-cceb-45e9-8ab9-cc0189ed0327) (SelectExecutor): Found (RIGHT) boundary mark: 2
2026.03.18 22:24:45.193549 [ 306 ] {e747a111-b79a-4a0d-aa8e-d23b5a56bd5f} <Trace> test.grades_local (7b83862b-cceb-45e9-8ab9-cc0189ed0327) (SelectExecutor): Found empty range in 1 steps
2026.03.18 22:24:45.193569 [ 306 ] {e747a111-b79a-4a0d-aa8e-d23b5a56bd5f} <Trace> test.grades_local (7b83862b-cceb-45e9-8ab9-cc0189ed0327) (SelectExecutor): Running binary search on index range for part 202305_8_8_0 (2 marks)
2026.03.18 22:24:45.193573 [ 306 ] {e747a111-b79a-4a0d-aa8e-d23b5a56bd5f} <Trace> test.grades_local (7b83862b-cceb-45e9-8ab9-cc0189ed0327) (SelectExecutor): Found (LEFT) boundary mark: 1
2026.03.18 22:24:45.193575 [ 306 ] {e747a111-b79a-4a0d-aa8e-d23b5a56bd5f} <Trace> test.grades_local (7b83862b-cceb-45e9-8ab9-cc0189ed0327) (SelectExecutor): Found (RIGHT) boundary mark: 2
2026.03.18 22:24:45.193578 [ 306 ] {e747a111-b79a-4a0d-aa8e-d23b5a56bd5f} <Trace> test.grades_local (7b83862b-cceb-45e9-8ab9-cc0189ed0327) (SelectExecutor): Found empty range in 1 steps
2026.03.18 22:24:45.193607 [ 297 ] {e747a111-b79a-4a0d-aa8e-d23b5a56bd5f} <Trace> test.grades_local (7b83862b-cceb-45e9-8ab9-cc0189ed0327) (SelectExecutor): Running binary search on index range for part 202308_20_20_0 (2 marks)
2026.03.18 22:24:45.193612 [ 297 ] {e747a111-b79a-4a0d-aa8e-d23b5a56bd5f} <Trace> test.grades_local (7b83862b-cceb-45e9-8ab9-cc0189ed0327) (SelectExecutor): Found (LEFT) boundary mark: 1
2026.03.18 22:24:45.193614 [ 297 ] {e747a111-b79a-4a0d-aa8e-d23b5a56bd5f} <Trace> test.grades_local (7b83862b-cceb-45e9-8ab9-cc0189ed0327) (SelectExecutor): Found (RIGHT) boundary mark: 2
2026.03.18 22:24:45.193617 [ 297 ] {e747a111-b79a-4a0d-aa8e-d23b5a56bd5f} <Trace> test.grades_local (7b83862b-cceb-45e9-8ab9-cc0189ed0327) (SelectExecutor): Found empty range in 1 steps
2026.03.18 22:24:45.193621 [ 302 ] {e747a111-b79a-4a0d-aa8e-d23b5a56bd5f} <Trace> test.grades_local (7b83862b-cceb-45e9-8ab9-cc0189ed0327) (SelectExecutor): Running binary search on index range for part 202307_6_6_0 (2 marks)
2026.03.18 22:24:45.193633 [ 302 ] {e747a111-b79a-4a0d-aa8e-d23b5a56bd5f} <Trace> test.grades_local (7b83862b-cceb-45e9-8ab9-cc0189ed0327) (SelectExecutor): Found (LEFT) boundary mark: 1
2026.03.18 22:24:45.193643 [ 302 ] {e747a111-b79a-4a0d-aa8e-d23b5a56bd5f} <Trace> test.grades_local (7b83862b-cceb-45e9-8ab9-cc0189ed0327) (SelectExecutor): Found (RIGHT) boundary mark: 2
2026.03.18 22:24:45.193646 [ 297 ] {e747a111-b79a-4a0d-aa8e-d23b5a56bd5f} <Trace> test.grades_local (7b83862b-cceb-45e9-8ab9-cc0189ed0327) (SelectExecutor): Running binary search on index range for part 202309_17_17_0 (2 marks)
2026.03.18 22:24:45.193655 [ 297 ] {e747a111-b79a-4a0d-aa8e-d23b5a56bd5f} <Trace> test.grades_local (7b83862b-cceb-45e9-8ab9-cc0189ed0327) (SelectExecutor): Found (LEFT) boundary mark: 1
2026.03.18 22:24:45.193657 [ 297 ] {e747a111-b79a-4a0d-aa8e-d23b5a56bd5f} <Trace> test.grades_local (7b83862b-cceb-45e9-8ab9-cc0189ed0327) (SelectExecutor): Found (RIGHT) boundary mark: 2
2026.03.18 22:24:45.193660 [ 297 ] {e747a111-b79a-4a0d-aa8e-d23b5a56bd5f} <Trace> test.grades_local (7b83862b-cceb-45e9-8ab9-cc0189ed0327) (SelectExecutor): Found empty range in 1 steps
2026.03.18 22:24:45.193666 [ 306 ] {e747a111-b79a-4a0d-aa8e-d23b5a56bd5f} <Trace> test.grades_local (7b83862b-cceb-45e9-8ab9-cc0189ed0327) (SelectExecutor): Running binary search on index range for part 202306_14_14_0 (2 marks)
2026.03.18 22:24:45.193672 [ 306 ] {e747a111-b79a-4a0d-aa8e-d23b5a56bd5f} <Trace> test.grades_local (7b83862b-cceb-45e9-8ab9-cc0189ed0327) (SelectExecutor): Found (LEFT) boundary mark: 1
2026.03.18 22:24:45.193675 [ 306 ] {e747a111-b79a-4a0d-aa8e-d23b5a56bd5f} <Trace> test.grades_local (7b83862b-cceb-45e9-8ab9-cc0189ed0327) (SelectExecutor): Found (RIGHT) boundary mark: 2
2026.03.18 22:24:45.193679 [ 306 ] {e747a111-b79a-4a0d-aa8e-d23b5a56bd5f} <Trace> test.grades_local (7b83862b-cceb-45e9-8ab9-cc0189ed0327) (SelectExecutor): Found empty range in 1 steps
2026.03.18 22:24:45.193689 [ 297 ] {e747a111-b79a-4a0d-aa8e-d23b5a56bd5f} <Trace> test.grades_local (7b83862b-cceb-45e9-8ab9-cc0189ed0327) (SelectExecutor): Running binary search on index range for part 202311_11_11_0 (2 marks)
2026.03.18 22:24:45.193693 [ 297 ] {e747a111-b79a-4a0d-aa8e-d23b5a56bd5f} <Trace> test.grades_local (7b83862b-cceb-45e9-8ab9-cc0189ed0327) (SelectExecutor): Found (LEFT) boundary mark: 1
2026.03.18 22:24:45.193693 [ 300 ] {e747a111-b79a-4a0d-aa8e-d23b5a56bd5f} <Trace> test.grades_local (7b83862b-cceb-45e9-8ab9-cc0189ed0327) (SelectExecutor): Running binary search on index range for part 202310_3_3_0 (2 marks)
2026.03.18 22:24:45.193696 [ 297 ] {e747a111-b79a-4a0d-aa8e-d23b5a56bd5f} <Trace> test.grades_local (7b83862b-cceb-45e9-8ab9-cc0189ed0327) (SelectExecutor): Found (RIGHT) boundary mark: 2
2026.03.18 22:24:45.195064 [ 297 ] {e747a111-b79a-4a0d-aa8e-d23b5a56bd5f} <Trace> test.grades_local (7b83862b-cceb-45e9-8ab9-cc0189ed0327) (SelectExecutor): Found empty range in 1 steps
2026.03.18 22:24:45.195556 [ 300 ] {e747a111-b79a-4a0d-aa8e-d23b5a56bd5f} <Trace> test.grades_local (7b83862b-cceb-45e9-8ab9-cc0189ed0327) (SelectExecutor): Found (LEFT) boundary mark: 0
2026.03.18 22:24:45.195560 [ 300 ] {e747a111-b79a-4a0d-aa8e-d23b5a56bd5f} <Trace> test.grades_local (7b83862b-cceb-45e9-8ab9-cc0189ed0327) (SelectExecutor): Found (RIGHT) boundary mark: 1
2026.03.18 22:24:45.195564 [ 300 ] {e747a111-b79a-4a0d-aa8e-d23b5a56bd5f} <Trace> test.grades_local (7b83862b-cceb-45e9-8ab9-cc0189ed0327) (SelectExecutor): Found continuous range in 2 steps
2026.03.18 22:24:45.193647 [ 302 ] {e747a111-b79a-4a0d-aa8e-d23b5a56bd5f} <Trace> test.grades_local (7b83862b-cceb-45e9-8ab9-cc0189ed0327) (SelectExecutor): Found empty range in 1 steps
2026.03.18 22:24:45.197633 [ 297 ] {e747a111-b79a-4a0d-aa8e-d23b5a56bd5f} <Trace> test.grades_local (7b83862b-cceb-45e9-8ab9-cc0189ed0327) (SelectExecutor): Running binary search on index range for part 202312_13_13_0 (2 marks)
2026.03.18 22:24:45.197644 [ 297 ] {e747a111-b79a-4a0d-aa8e-d23b5a56bd5f} <Trace> test.grades_local (7b83862b-cceb-45e9-8ab9-cc0189ed0327) (SelectExecutor): Found (LEFT) boundary mark: 1
2026.03.18 22:24:45.197647 [ 297 ] {e747a111-b79a-4a0d-aa8e-d23b5a56bd5f} <Trace> test.grades_local (7b83862b-cceb-45e9-8ab9-cc0189ed0327) (SelectExecutor): Found (RIGHT) boundary mark: 2
2026.03.18 22:24:45.197655 [ 297 ] {e747a111-b79a-4a0d-aa8e-d23b5a56bd5f} <Trace> test.grades_local (7b83862b-cceb-45e9-8ab9-cc0189ed0327) (SelectExecutor): Found empty range in 1 steps
2026.03.18 22:24:45.198006 [ 297 ] {e747a111-b79a-4a0d-aa8e-d23b5a56bd5f} <Trace> test.grades_local (7b83862b-cceb-45e9-8ab9-cc0189ed0327) (SelectExecutor): Running binary search on index range for part 202402_27_27_0 (2 marks)
2026.03.18 22:24:45.198015 [ 297 ] {e747a111-b79a-4a0d-aa8e-d23b5a56bd5f} <Trace> test.grades_local (7b83862b-cceb-45e9-8ab9-cc0189ed0327) (SelectExecutor): Found (LEFT) boundary mark: 1
2026.03.18 22:24:45.198018 [ 297 ] {e747a111-b79a-4a0d-aa8e-d23b5a56bd5f} <Trace> test.grades_local (7b83862b-cceb-45e9-8ab9-cc0189ed0327) (SelectExecutor): Found (RIGHT) boundary mark: 2
2026.03.18 22:24:45.198021 [ 297 ] {e747a111-b79a-4a0d-aa8e-d23b5a56bd5f} <Trace> test.grades_local (7b83862b-cceb-45e9-8ab9-cc0189ed0327) (SelectExecutor): Found empty range in 1 steps
2026.03.18 22:24:45.198026 [ 302 ] {e747a111-b79a-4a0d-aa8e-d23b5a56bd5f} <Trace> test.grades_local (7b83862b-cceb-45e9-8ab9-cc0189ed0327) (SelectExecutor): Running binary search on index range for part 202403_19_19_0 (2 marks)
2026.03.18 22:24:45.198032 [ 302 ] {e747a111-b79a-4a0d-aa8e-d23b5a56bd5f} <Trace> test.grades_local (7b83862b-cceb-45e9-8ab9-cc0189ed0327) (SelectExecutor): Found (LEFT) boundary mark: 1
2026.03.18 22:24:45.198034 [ 302 ] {e747a111-b79a-4a0d-aa8e-d23b5a56bd5f} <Trace> test.grades_local (7b83862b-cceb-45e9-8ab9-cc0189ed0327) (SelectExecutor): Found (RIGHT) boundary mark: 2
2026.03.18 22:24:45.198037 [ 302 ] {e747a111-b79a-4a0d-aa8e-d23b5a56bd5f} <Trace> test.grades_local (7b83862b-cceb-45e9-8ab9-cc0189ed0327) (SelectExecutor): Found empty range in 1 steps
2026.03.18 22:24:45.198811 [ 300 ] {e747a111-b79a-4a0d-aa8e-d23b5a56bd5f} <Trace> test.grades_local (7b83862b-cceb-45e9-8ab9-cc0189ed0327) (SelectExecutor): Running binary search on index range for part 202401_4_4_0 (2 marks)
2026.03.18 22:24:45.198823 [ 300 ] {e747a111-b79a-4a0d-aa8e-d23b5a56bd5f} <Trace> test.grades_local (7b83862b-cceb-45e9-8ab9-cc0189ed0327) (SelectExecutor): Found (LEFT) boundary mark: 1
2026.03.18 22:24:45.198826 [ 300 ] {e747a111-b79a-4a0d-aa8e-d23b5a56bd5f} <Trace> test.grades_local (7b83862b-cceb-45e9-8ab9-cc0189ed0327) (SelectExecutor): Found (RIGHT) boundary mark: 2
2026.03.18 22:24:45.198829 [ 300 ] {e747a111-b79a-4a0d-aa8e-d23b5a56bd5f} <Trace> test.grades_local (7b83862b-cceb-45e9-8ab9-cc0189ed0327) (SelectExecutor): Found empty range in 1 steps
2026.03.18 22:24:45.198855 [ 300 ] {e747a111-b79a-4a0d-aa8e-d23b5a56bd5f} <Trace> test.grades_local (7b83862b-cceb-45e9-8ab9-cc0189ed0327) (SelectExecutor): Running binary search on index range for part 202404_23_23_0 (2 marks)
2026.03.18 22:24:45.198860 [ 300 ] {e747a111-b79a-4a0d-aa8e-d23b5a56bd5f} <Trace> test.grades_local (7b83862b-cceb-45e9-8ab9-cc0189ed0327) (SelectExecutor): Found (LEFT) boundary mark: 0
2026.03.18 22:24:45.198863 [ 300 ] {e747a111-b79a-4a0d-aa8e-d23b5a56bd5f} <Trace> test.grades_local (7b83862b-cceb-45e9-8ab9-cc0189ed0327) (SelectExecutor): Found (RIGHT) boundary mark: 1
2026.03.18 22:24:45.198869 [ 300 ] {e747a111-b79a-4a0d-aa8e-d23b5a56bd5f} <Trace> test.grades_local (7b83862b-cceb-45e9-8ab9-cc0189ed0327) (SelectExecutor): Found continuous range in 2 steps
2026.03.18 22:24:45.198887 [ 300 ] {e747a111-b79a-4a0d-aa8e-d23b5a56bd5f} <Trace> test.grades_local (7b83862b-cceb-45e9-8ab9-cc0189ed0327) (SelectExecutor): Running binary search on index range for part 202405_9_9_0 (2 marks)
2026.03.18 22:24:45.198890 [ 300 ] {e747a111-b79a-4a0d-aa8e-d23b5a56bd5f} <Trace> test.grades_local (7b83862b-cceb-45e9-8ab9-cc0189ed0327) (SelectExecutor): Found (LEFT) boundary mark: 1
2026.03.18 22:24:45.198893 [ 300 ] {e747a111-b79a-4a0d-aa8e-d23b5a56bd5f} <Trace> test.grades_local (7b83862b-cceb-45e9-8ab9-cc0189ed0327) (SelectExecutor): Found (RIGHT) boundary mark: 2
2026.03.18 22:24:45.198895 [ 300 ] {e747a111-b79a-4a0d-aa8e-d23b5a56bd5f} <Trace> test.grades_local (7b83862b-cceb-45e9-8ab9-cc0189ed0327) (SelectExecutor): Found empty range in 1 steps
2026.03.18 22:24:45.198919 [ 302 ] {e747a111-b79a-4a0d-aa8e-d23b5a56bd5f} <Trace> test.grades_local (7b83862b-cceb-45e9-8ab9-cc0189ed0327) (SelectExecutor): Running binary search on index range for part 202406_5_5_0 (2 marks)
2026.03.18 22:24:45.200707 [ 302 ] {e747a111-b79a-4a0d-aa8e-d23b5a56bd5f} <Trace> test.grades_local (7b83862b-cceb-45e9-8ab9-cc0189ed0327) (SelectExecutor): Found (LEFT) boundary mark: 1
2026.03.18 22:24:45.200713 [ 302 ] {e747a111-b79a-4a0d-aa8e-d23b5a56bd5f} <Trace> test.grades_local (7b83862b-cceb-45e9-8ab9-cc0189ed0327) (SelectExecutor): Found (RIGHT) boundary mark: 2
2026.03.18 22:24:45.200716 [ 302 ] {e747a111-b79a-4a0d-aa8e-d23b5a56bd5f} <Trace> test.grades_local (7b83862b-cceb-45e9-8ab9-cc0189ed0327) (SelectExecutor): Found empty range in 1 steps
2026.03.18 22:24:45.200740 [ 302 ] {e747a111-b79a-4a0d-aa8e-d23b5a56bd5f} <Trace> test.grades_local (7b83862b-cceb-45e9-8ab9-cc0189ed0327) (SelectExecutor): Running binary search on index range for part 202407_1_1_0 (2 marks)
2026.03.18 22:24:45.200745 [ 302 ] {e747a111-b79a-4a0d-aa8e-d23b5a56bd5f} <Trace> test.grades_local (7b83862b-cceb-45e9-8ab9-cc0189ed0327) (SelectExecutor): Found (LEFT) boundary mark: 1
2026.03.18 22:24:45.200747 [ 302 ] {e747a111-b79a-4a0d-aa8e-d23b5a56bd5f} <Trace> test.grades_local (7b83862b-cceb-45e9-8ab9-cc0189ed0327) (SelectExecutor): Found (RIGHT) boundary mark: 2
2026.03.18 22:24:45.200750 [ 302 ] {e747a111-b79a-4a0d-aa8e-d23b5a56bd5f} <Trace> test.grades_local (7b83862b-cceb-45e9-8ab9-cc0189ed0327) (SelectExecutor): Found empty range in 1 steps
2026.03.18 22:24:45.200767 [ 302 ] {e747a111-b79a-4a0d-aa8e-d23b5a56bd5f} <Trace> test.grades_local (7b83862b-cceb-45e9-8ab9-cc0189ed0327) (SelectExecutor): Running binary search on index range for part 202408_26_26_0 (2 marks)
2026.03.18 22:24:45.200770 [ 302 ] {e747a111-b79a-4a0d-aa8e-d23b5a56bd5f} <Trace> test.grades_local (7b83862b-cceb-45e9-8ab9-cc0189ed0327) (SelectExecutor): Found (LEFT) boundary mark: 1
2026.03.18 22:24:45.200773 [ 302 ] {e747a111-b79a-4a0d-aa8e-d23b5a56bd5f} <Trace> test.grades_local (7b83862b-cceb-45e9-8ab9-cc0189ed0327) (SelectExecutor): Found (RIGHT) boundary mark: 2
2026.03.18 22:24:45.200775 [ 302 ] {e747a111-b79a-4a0d-aa8e-d23b5a56bd5f} <Trace> test.grades_local (7b83862b-cceb-45e9-8ab9-cc0189ed0327) (SelectExecutor): Found empty range in 1 steps
2026.03.18 22:24:45.201545 [ 300 ] {e747a111-b79a-4a0d-aa8e-d23b5a56bd5f} <Trace> test.grades_local (7b83862b-cceb-45e9-8ab9-cc0189ed0327) (SelectExecutor): Running binary search on index range for part 202409_15_15_0 (2 marks)
2026.03.18 22:24:45.201557 [ 300 ] {e747a111-b79a-4a0d-aa8e-d23b5a56bd5f} <Trace> test.grades_local (7b83862b-cceb-45e9-8ab9-cc0189ed0327) (SelectExecutor): Found (LEFT) boundary mark: 1
2026.03.18 22:24:45.201560 [ 300 ] {e747a111-b79a-4a0d-aa8e-d23b5a56bd5f} <Trace> test.grades_local (7b83862b-cceb-45e9-8ab9-cc0189ed0327) (SelectExecutor): Found (RIGHT) boundary mark: 2
2026.03.18 22:24:45.201563 [ 300 ] {e747a111-b79a-4a0d-aa8e-d23b5a56bd5f} <Trace> test.grades_local (7b83862b-cceb-45e9-8ab9-cc0189ed0327) (SelectExecutor): Found empty range in 1 steps
2026.03.18 22:24:45.201582 [ 300 ] {e747a111-b79a-4a0d-aa8e-d23b5a56bd5f} <Trace> test.grades_local (7b83862b-cceb-45e9-8ab9-cc0189ed0327) (SelectExecutor): Running binary search on index range for part 202410_21_21_0 (2 marks)
2026.03.18 22:24:45.201586 [ 300 ] {e747a111-b79a-4a0d-aa8e-d23b5a56bd5f} <Trace> test.grades_local (7b83862b-cceb-45e9-8ab9-cc0189ed0327) (SelectExecutor): Found (LEFT) boundary mark: 1
2026.03.18 22:24:45.201588 [ 300 ] {e747a111-b79a-4a0d-aa8e-d23b5a56bd5f} <Trace> test.grades_local (7b83862b-cceb-45e9-8ab9-cc0189ed0327) (SelectExecutor): Found (RIGHT) boundary mark: 2
2026.03.18 22:24:45.201591 [ 300 ] {e747a111-b79a-4a0d-aa8e-d23b5a56bd5f} <Trace> test.grades_local (7b83862b-cceb-45e9-8ab9-cc0189ed0327) (SelectExecutor): Found empty range in 1 steps
2026.03.18 22:24:45.202794 [ 297 ] {e747a111-b79a-4a0d-aa8e-d23b5a56bd5f} <Trace> test.grades_local (7b83862b-cceb-45e9-8ab9-cc0189ed0327) (SelectExecutor): Running binary search on index range for part 202411_25_25_0 (2 marks)
2026.03.18 22:24:45.202832 [ 297 ] {e747a111-b79a-4a0d-aa8e-d23b5a56bd5f} <Trace> test.grades_local (7b83862b-cceb-45e9-8ab9-cc0189ed0327) (SelectExecutor): Found (LEFT) boundary mark: 1
2026.03.18 22:24:45.202836 [ 297 ] {e747a111-b79a-4a0d-aa8e-d23b5a56bd5f} <Trace> test.grades_local (7b83862b-cceb-45e9-8ab9-cc0189ed0327) (SelectExecutor): Found (RIGHT) boundary mark: 2
2026.03.18 22:24:45.202839 [ 297 ] {e747a111-b79a-4a0d-aa8e-d23b5a56bd5f} <Trace> test.grades_local (7b83862b-cceb-45e9-8ab9-cc0189ed0327) (SelectExecutor): Found empty range in 1 steps
2026.03.18 22:24:45.206540 [ 44 ] {e747a111-b79a-4a0d-aa8e-d23b5a56bd5f} <Debug> test.grades_local (7b83862b-cceb-45e9-8ab9-cc0189ed0327) (SelectExecutor): Selected 27/27 parts by partition key, 4 parts by primary key, 4/27 marks by primary key, 4 marks to read from 4 ranges
2026.03.18 22:24:45.206556 [ 44 ] {e747a111-b79a-4a0d-aa8e-d23b5a56bd5f} <Trace> test.grades_local (7b83862b-cceb-45e9-8ab9-cc0189ed0327) (SelectExecutor): Spreading mark ranges among streams (default reading)
2026.03.18 22:24:45.206621 [ 44 ] {e747a111-b79a-4a0d-aa8e-d23b5a56bd5f} <Debug> MergeTreeReadPool: min_marks_for_concurrent_read=24
2026.03.18 22:24:45.206628 [ 44 ] {e747a111-b79a-4a0d-aa8e-d23b5a56bd5f} <Debug> test.grades_local (7b83862b-cceb-45e9-8ab9-cc0189ed0327) (SelectExecutor): Reading approx. 303 rows with 4 streams
2026.03.18 22:24:45.206646 [ 44 ] {e747a111-b79a-4a0d-aa8e-d23b5a56bd5f} <Trace> MergeTreeBaseSelectProcessor: PREWHERE condition was split into 1 steps: "equals(student_id, 'STU1001')"
2026.03.18 22:24:45.206688 [ 44 ] {e747a111-b79a-4a0d-aa8e-d23b5a56bd5f} <Trace> MergeTreeBaseSelectProcessor: PREWHERE condition was split into 1 steps: "equals(student_id, 'STU1001')"
2026.03.18 22:24:45.206697 [ 44 ] {e747a111-b79a-4a0d-aa8e-d23b5a56bd5f} <Trace> MergeTreeBaseSelectProcessor: PREWHERE condition was split into 1 steps: "equals(student_id, 'STU1001')"
2026.03.18 22:24:45.206705 [ 44 ] {e747a111-b79a-4a0d-aa8e-d23b5a56bd5f} <Trace> MergeTreeBaseSelectProcessor: PREWHERE condition was split into 1 steps: "equals(student_id, 'STU1001')"
2026.03.18 22:24:45.209843 [ 298 ] {e747a111-b79a-4a0d-aa8e-d23b5a56bd5f} <Trace> AggregatingTransform: Aggregating
2026.03.18 22:24:45.209859 [ 298 ] {e747a111-b79a-4a0d-aa8e-d23b5a56bd5f} <Trace> Aggregator: Aggregation method: without_key
2026.03.18 22:24:45.210208 [ 304 ] {e747a111-b79a-4a0d-aa8e-d23b5a56bd5f} <Trace> AggregatingTransform: Aggregating
2026.03.18 22:24:45.210223 [ 304 ] {e747a111-b79a-4a0d-aa8e-d23b5a56bd5f} <Trace> Aggregator: Aggregation method: without_key
2026.03.18 22:24:45.210303 [ 298 ] {e747a111-b79a-4a0d-aa8e-d23b5a56bd5f} <Trace> AggregatingTransform: Aggregated. 1 to 1 rows (from 1.00 B) in 0.002265373 sec. (441.428 rows/sec., 441.43 B/sec.)
2026.03.18 22:24:45.210315 [ 298 ] {e747a111-b79a-4a0d-aa8e-d23b5a56bd5f} <Trace> Aggregator: Aggregation method: without_key
2026.03.18 22:24:45.210320 [ 298 ] {e747a111-b79a-4a0d-aa8e-d23b5a56bd5f} <Trace> AggregatingTransform: Aggregated. 0 to 1 rows (from 0.00 B) in 0.002286393 sec. (0.000 rows/sec., 0.00 B/sec.)
2026.03.18 22:24:45.210333 [ 304 ] {e747a111-b79a-4a0d-aa8e-d23b5a56bd5f} <Trace> AggregatingTransform: Aggregated. 5 to 1 rows (from 5.00 B) in 0.002294812 sec. (2178.828 rows/sec., 2.13 KiB/sec.)
2026.03.18 22:24:45.210412 [ 303 ] {e747a111-b79a-4a0d-aa8e-d23b5a56bd5f} <Trace> AggregatingTransform: Aggregating
2026.03.18 22:24:45.210418 [ 303 ] {e747a111-b79a-4a0d-aa8e-d23b5a56bd5f} <Trace> Aggregator: Aggregation method: without_key
2026.03.18 22:24:45.210428 [ 303 ] {e747a111-b79a-4a0d-aa8e-d23b5a56bd5f} <Trace> AggregatingTransform: Aggregated. 1 to 1 rows (from 1.00 B) in 0.002395847 sec. (417.389 rows/sec., 417.39 B/sec.)
2026.03.18 22:24:45.210432 [ 303 ] {e747a111-b79a-4a0d-aa8e-d23b5a56bd5f} <Trace> Aggregator: Merging aggregated data
2026.03.18 22:24:45.210437 [ 303 ] {e747a111-b79a-4a0d-aa8e-d23b5a56bd5f} <Trace> Aggregator: Statistics updated for key=8763066421949248324: new sum_of_sizes=4, median_size=1
2026.03.18 22:24:45.211637 [ 44 ] {e747a111-b79a-4a0d-aa8e-d23b5a56bd5f} <Debug> executeQuery: Read 303 rows, 5.03 KiB in 0.021798 sec., 13900.357830993667 rows/sec., 230.77 KiB/sec.
2026.03.18 22:24:45.211856 [ 44 ] {e747a111-b79a-4a0d-aa8e-d23b5a56bd5f} <Debug> TCPHandler: Processed in 0.022192363 sec.
2026.03.18 22:24:51.254205 [ 124 ] {} <Debug> DNSResolver: Updating DNS cache
2026.03.18 22:24:51.255904 [ 124 ] {} <Debug> DNSResolver: Updated DNS cache
2026.03.18 22:24:56.406337 [ 45 ] {} <Trace> TCP-Session: a1e4ffc4-7a88-4f2c-b9c1-4fcfcf4de38f Creating query context from session context, user_id: 94309d50-4f52-5250-31bd-74fecac179db, parent context user: default
2026.03.18 22:24:56.406451 [ 45 ] {3febbf58-0cb2-4575-b412-3fb5a1cf5deb} <Debug> executeQuery: (from 172.18.0.6:49796, initial_query_id: 7e0fc92e-957a-4bb5-8776-1c54323a9cd9) SELECT `course_code`, `course_name` FROM `test`.`courses_local` (stage: Complete)
2026.03.18 22:24:56.406574 [ 45 ] {3febbf58-0cb2-4575-b412-3fb5a1cf5deb} <Trace> ContextAccess (default): Access granted: SELECT(course_code, course_name) ON test.courses_local
2026.03.18 22:24:56.406596 [ 45 ] {3febbf58-0cb2-4575-b412-3fb5a1cf5deb} <Trace> InterpreterSelectQuery: FetchColumns -> Complete
2026.03.18 22:24:56.406641 [ 45 ] {3febbf58-0cb2-4575-b412-3fb5a1cf5deb} <Debug> test.courses_local (459349ad-92fc-4b00-822f-1454403d3a61) (SelectExecutor): Key condition: unknown
2026.03.18 22:24:56.406652 [ 45 ] {3febbf58-0cb2-4575-b412-3fb5a1cf5deb} <Debug> test.courses_local (459349ad-92fc-4b00-822f-1454403d3a61) (SelectExecutor): Selected 1/1 parts by partition key, 1 parts by primary key, 1/1 marks by primary key, 1 marks to read from 1 ranges
2026.03.18 22:24:56.406656 [ 45 ] {3febbf58-0cb2-4575-b412-3fb5a1cf5deb} <Trace> test.courses_local (459349ad-92fc-4b00-822f-1454403d3a61) (SelectExecutor): Spreading mark ranges among streams (default reading)
2026.03.18 22:24:56.406666 [ 45 ] {3febbf58-0cb2-4575-b412-3fb5a1cf5deb} <Trace> MergeTreeInOrderSelectProcessor: Reading 1 ranges in order from part all_1_1_0, approx. 43 rows starting from 0
2026.03.18 22:24:56.406828 [ 44 ] {} <Trace> TCP-Session: 5b267750-1deb-428c-94a8-2389957b68da Creating query context from session context, user_id: 94309d50-4f52-5250-31bd-74fecac179db, parent context user: default
2026.03.18 22:24:56.407088 [ 44 ] {7bd4c95c-8132-4fcd-a047-0d02518a1758} <Debug> executeQuery: (from 172.18.0.6:56004, initial_query_id: 7e0fc92e-957a-4bb5-8776-1c54323a9cd9) SELECT `g`.`course_code`, `c`.`course_name`, count() AS `grades_count`, round(avg(`g`.`grade`), 2) AS `avg_grade`, uniqExact(`g`.`student_id`) AS `students_count`, countIf(`g`.`grade` = 5) AS `excellent`, countIf(`g`.`grade` = 2) AS `failed` FROM `test`.`grades_local` AS `g` ALL LEFT JOIN `test`.`courses` AS `c` ON `g`.`course_code` = `c`.`course_code` GROUP BY `g`.`course_code`, `c`.`course_name` ORDER BY `avg_grade` DESC LIMIT 20 (stage: WithMergeableState)
2026.03.18 22:24:56.407372 [ 45 ] {3febbf58-0cb2-4575-b412-3fb5a1cf5deb} <Debug> executeQuery: Read 43 rows, 2.77 KiB in 0.000947 sec., 45406.5469904963 rows/sec., 2.86 MiB/sec.
2026.03.18 22:24:56.407549 [ 44 ] {7bd4c95c-8132-4fcd-a047-0d02518a1758} <Trace> ContextAccess (default): Access granted: SELECT(course_code, course_name) ON test.courses
2026.03.18 22:24:56.407604 [ 44 ] {7bd4c95c-8132-4fcd-a047-0d02518a1758} <Trace> ContextAccess (default): Access granted: SELECT(course_code, course_name) ON test.courses
2026.03.18 22:24:56.407684 [ 44 ] {7bd4c95c-8132-4fcd-a047-0d02518a1758} <Trace> ContextAccess (default): Access granted: SELECT(course_code, course_name) ON test.courses_local
2026.03.18 22:24:56.407697 [ 44 ] {7bd4c95c-8132-4fcd-a047-0d02518a1758} <Trace> InterpreterSelectQuery: FetchColumns -> Complete
2026.03.18 22:24:56.407709 [ 45 ] {3febbf58-0cb2-4575-b412-3fb5a1cf5deb} <Debug> TCPHandler: Processed in 0.001117896 sec.
2026.03.18 22:24:56.407931 [ 44 ] {7bd4c95c-8132-4fcd-a047-0d02518a1758} <Trace> InterpreterSelectQuery: Complete -> Complete
2026.03.18 22:24:56.407972 [ 44 ] {7bd4c95c-8132-4fcd-a047-0d02518a1758} <Debug> HashJoin: (0x7859c33f2f18) Datatype: EMPTY, kind: Left, strictness: All, right header: c.course_code String String(size = 0), course_name String String(size = 0)
2026.03.18 22:24:56.407978 [ 44 ] {7bd4c95c-8132-4fcd-a047-0d02518a1758} <Debug> HashJoin: (0x7859c33f2f18) Keys: [(course_code) = (c.course_code)]
2026.03.18 22:24:56.408057 [ 44 ] {7bd4c95c-8132-4fcd-a047-0d02518a1758} <Trace> ContextAccess (default): Access granted: SELECT(student_id, course_code, grade) ON test.grades_local
2026.03.18 22:24:56.408082 [ 44 ] {7bd4c95c-8132-4fcd-a047-0d02518a1758} <Trace> InterpreterSelectQuery: FetchColumns -> WithMergeableState
2026.03.18 22:24:56.408095 [ 44 ] {7bd4c95c-8132-4fcd-a047-0d02518a1758} <Debug> JoiningTransform: Before join block: 'student_id String String(size = 0), course_code String String(size = 0), grade UInt8 UInt8(size = 0)'
2026.03.18 22:24:56.408104 [ 44 ] {7bd4c95c-8132-4fcd-a047-0d02518a1758} <Debug> JoiningTransform: After join block: 'student_id String String(size = 0), course_code String String(size = 0), grade UInt8 UInt8(size = 0), course_name String String(size = 0)'
2026.03.18 22:24:56.408229 [ 44 ] {7bd4c95c-8132-4fcd-a047-0d02518a1758} <Debug> test.grades_local (7b83862b-cceb-45e9-8ab9-cc0189ed0327) (SelectExecutor): Key condition: unknown
2026.03.18 22:24:56.408255 [ 44 ] {7bd4c95c-8132-4fcd-a047-0d02518a1758} <Debug> test.grades_local (7b83862b-cceb-45e9-8ab9-cc0189ed0327) (SelectExecutor): MinMax index condition: unknown
2026.03.18 22:24:56.410321 [ 44 ] {7bd4c95c-8132-4fcd-a047-0d02518a1758} <Debug> test.grades_local (7b83862b-cceb-45e9-8ab9-cc0189ed0327) (SelectExecutor): Selected 27/27 parts by partition key, 27 parts by primary key, 27/27 marks by primary key, 27 marks to read from 27 ranges
2026.03.18 22:24:56.410340 [ 44 ] {7bd4c95c-8132-4fcd-a047-0d02518a1758} <Trace> test.grades_local (7b83862b-cceb-45e9-8ab9-cc0189ed0327) (SelectExecutor): Spreading mark ranges among streams (default reading)
2026.03.18 22:24:56.411195 [ 44 ] {7bd4c95c-8132-4fcd-a047-0d02518a1758} <Debug> MergeTreeReadPool: min_marks_for_concurrent_read=24
2026.03.18 22:24:56.411226 [ 44 ] {7bd4c95c-8132-4fcd-a047-0d02518a1758} <Debug> test.grades_local (7b83862b-cceb-45e9-8ab9-cc0189ed0327) (SelectExecutor): Reading approx. 1746 rows with 4 streams
2026.03.18 22:24:56.411330 [ 44 ] {7bd4c95c-8132-4fcd-a047-0d02518a1758} <Debug> test.courses_local (459349ad-92fc-4b00-822f-1454403d3a61) (SelectExecutor): Key condition: unknown
2026.03.18 22:24:56.411343 [ 44 ] {7bd4c95c-8132-4fcd-a047-0d02518a1758} <Debug> test.courses_local (459349ad-92fc-4b00-822f-1454403d3a61) (SelectExecutor): Selected 1/1 parts by partition key, 1 parts by primary key, 1/1 marks by primary key, 1 marks to read from 1 ranges
2026.03.18 22:24:56.411347 [ 44 ] {7bd4c95c-8132-4fcd-a047-0d02518a1758} <Trace> test.courses_local (459349ad-92fc-4b00-822f-1454403d3a61) (SelectExecutor): Spreading mark ranges among streams (default reading)
2026.03.18 22:24:56.411356 [ 44 ] {7bd4c95c-8132-4fcd-a047-0d02518a1758} <Trace> MergeTreeInOrderSelectProcessor: Reading 1 ranges in order from part all_1_1_0, approx. 43 rows starting from 0
2026.03.18 22:24:56.411462 [ 44 ] {7bd4c95c-8132-4fcd-a047-0d02518a1758} <Debug> JoiningTransform: Before join block: 'student_id String String(size = 0), course_code String String(size = 0), grade UInt8 UInt8(size = 0)'
2026.03.18 22:24:56.411474 [ 44 ] {7bd4c95c-8132-4fcd-a047-0d02518a1758} <Debug> JoiningTransform: After join block: 'student_id String String(size = 0), course_code String String(size = 0), grade UInt8 UInt8(size = 0), course_name String String(size = 0)'
2026.03.18 22:24:56.413541 [ 305 ] {7bd4c95c-8132-4fcd-a047-0d02518a1758} <Debug> Connection (clickhouse-node2:9000): Sent data for 2 scalars, total 2 rows in 8.542e-05 sec., 23320 rows/sec., 68.00 B (774.06 KiB/sec.), compressed 0.4594594594594595 times to 148.00 B (1.64 MiB/sec.)
2026.03.18 22:24:56.413753 [ 300 ] {7bd4c95c-8132-4fcd-a047-0d02518a1758} <Debug> Connection (clickhouse-node1:9000): Sent data for 2 scalars, total 2 rows in 0.000340035 sec., 5877 rows/sec., 68.00 B (195.13 KiB/sec.), compressed 0.4594594594594595 times to 148.00 B (424.66 KiB/sec.)
2026.03.18 22:24:56.414925 [ 46 ] {} <Trace> TCP-Session: 7d95cf43-fde8-4a52-857d-f12b1973d4ef Creating query context from session context, user_id: 94309d50-4f52-5250-31bd-74fecac179db, parent context user: default
2026.03.18 22:24:56.415019 [ 46 ] {c39184b4-6348-4ee3-ba31-829b3e3cb830} <Debug> executeQuery: (from 172.18.0.7:38942, initial_query_id: 7e0fc92e-957a-4bb5-8776-1c54323a9cd9) SELECT `course_code`, `course_name` FROM `test`.`courses_local` (stage: Complete)
2026.03.18 22:24:56.415143 [ 46 ] {c39184b4-6348-4ee3-ba31-829b3e3cb830} <Trace> ContextAccess (default): Access granted: SELECT(course_code, course_name) ON test.courses_local
2026.03.18 22:24:56.415175 [ 46 ] {c39184b4-6348-4ee3-ba31-829b3e3cb830} <Trace> InterpreterSelectQuery: FetchColumns -> Complete
2026.03.18 22:24:56.415209 [ 46 ] {c39184b4-6348-4ee3-ba31-829b3e3cb830} <Debug> test.courses_local (459349ad-92fc-4b00-822f-1454403d3a61) (SelectExecutor): Key condition: unknown
2026.03.18 22:24:56.415218 [ 46 ] {c39184b4-6348-4ee3-ba31-829b3e3cb830} <Debug> test.courses_local (459349ad-92fc-4b00-822f-1454403d3a61) (SelectExecutor): Selected 1/1 parts by partition key, 1 parts by primary key, 1/1 marks by primary key, 1 marks to read from 1 ranges
2026.03.18 22:24:56.415222 [ 46 ] {c39184b4-6348-4ee3-ba31-829b3e3cb830} <Trace> test.courses_local (459349ad-92fc-4b00-822f-1454403d3a61) (SelectExecutor): Spreading mark ranges among streams (default reading)
2026.03.18 22:24:56.415230 [ 46 ] {c39184b4-6348-4ee3-ba31-829b3e3cb830} <Trace> MergeTreeInOrderSelectProcessor: Reading 1 ranges in order from part all_1_1_0, approx. 43 rows starting from 0
2026.03.18 22:24:56.416298 [ 46 ] {c39184b4-6348-4ee3-ba31-829b3e3cb830} <Debug> executeQuery: Read 43 rows, 2.77 KiB in 0.001299 sec., 33102.38645111624 rows/sec., 2.08 MiB/sec.
2026.03.18 22:24:56.416322 [ 46 ] {c39184b4-6348-4ee3-ba31-829b3e3cb830} <Debug> TCPHandler: Processed in 0.001854841 sec.
2026.03.18 22:24:56.416474 [ 303 ] {7bd4c95c-8132-4fcd-a047-0d02518a1758} <Trace> AggregatingTransform: Aggregating
2026.03.18 22:24:56.416490 [ 303 ] {7bd4c95c-8132-4fcd-a047-0d02518a1758} <Trace> Aggregator: Aggregation method: serialized
2026.03.18 22:24:56.416961 [ 305 ] {7bd4c95c-8132-4fcd-a047-0d02518a1758} <Trace> AggregatingTransform: Aggregating
2026.03.18 22:24:56.416969 [ 305 ] {7bd4c95c-8132-4fcd-a047-0d02518a1758} <Trace> Aggregator: Aggregation method: serialized
2026.03.18 22:24:56.418162 [ 305 ] {7bd4c95c-8132-4fcd-a047-0d02518a1758} <Trace> AggregatingTransform: Aggregated. 453 to 379 rows (from 19.20 KiB) in 0.006482177 sec. (69883.929 rows/sec., 2.89 MiB/sec.)
2026.03.18 22:24:56.418176 [ 305 ] {7bd4c95c-8132-4fcd-a047-0d02518a1758} <Trace> AggregatingTransform: Aggregated. 0 to 0 rows (from 0.00 B) in 0.006492235 sec. (0.000 rows/sec., 0.00 B/sec.)
2026.03.18 22:24:56.418202 [ 303 ] {7bd4c95c-8132-4fcd-a047-0d02518a1758} <Trace> AggregatingTransform: Aggregated. 1234 to 931 rows (from 52.43 KiB) in 0.006534264 sec. (188850.649 rows/sec., 7.84 MiB/sec.)
2026.03.18 22:24:56.419014 [ 300 ] {7bd4c95c-8132-4fcd-a047-0d02518a1758} <Trace> AggregatingTransform: Aggregating
2026.03.18 22:24:56.419020 [ 300 ] {7bd4c95c-8132-4fcd-a047-0d02518a1758} <Trace> Aggregator: Aggregation method: serialized
2026.03.18 22:24:56.419036 [ 300 ] {7bd4c95c-8132-4fcd-a047-0d02518a1758} <Trace> AggregatingTransform: Aggregated. 59 to 52 rows (from 2.48 KiB) in 0.007377126 sec. (7997.694 rows/sec., 335.84 KiB/sec.)
2026.03.18 22:24:56.419040 [ 300 ] {7bd4c95c-8132-4fcd-a047-0d02518a1758} <Trace> Aggregator: Merging aggregated data
2026.03.18 22:24:56.419044 [ 300 ] {7bd4c95c-8132-4fcd-a047-0d02518a1758} <Trace> Aggregator: Statistics updated for key=8606792967265493120: new sum_of_sizes=1362, median_size=379
2026.03.18 22:24:56.420736 [ 44 ] {7bd4c95c-8132-4fcd-a047-0d02518a1758} <Debug> executeQuery: Read 1846 rows, 60.85 KiB in 0.01373 sec., 134450.10924981794 rows/sec., 4.33 MiB/sec.
2026.03.18 22:24:56.421186 [ 44 ] {7bd4c95c-8132-4fcd-a047-0d02518a1758} <Trace> HashJoin: (0x7859c33f2f18) Join data is being destroyed, 24064 bytes and 99 rows in hash table
2026.03.18 22:24:56.421303 [ 44 ] {7bd4c95c-8132-4fcd-a047-0d02518a1758} <Debug> MemoryTracker: Peak memory usage (for query): 1.33 MiB.
2026.03.18 22:24:56.421310 [ 44 ] {7bd4c95c-8132-4fcd-a047-0d02518a1758} <Debug> TCPHandler: Processed in 0.014526166 sec.
2026.03.18 22:24:57.025236 [ 285 ] {} <Trace> AsynchronousMetrics: MemoryTracking: was 403.47 MiB, peak 410.00 MiB, free memory in arenas 5.13 MiB, will set to 404.62 MiB (RSS), difference: 1.15 MiB
2026.03.18 22:24:58.578274 [ 44 ] {} <Trace> TCP-Session: 5b267750-1deb-428c-94a8-2389957b68da Creating query context from session context, user_id: 94309d50-4f52-5250-31bd-74fecac179db, parent context user: default
2026.03.18 22:24:58.578450 [ 44 ] {514d0cce-0c3b-48eb-9fec-fbd8b823c2a1} <Debug> executeQuery: (from 172.18.0.6:56004, initial_query_id: f4616d99-cd04-45ec-acfb-f3f471926eb5) SELECT `grade`, count() AS `count`, round((count() * 100.) / sum(count()) OVER (), 2) AS `percentage` FROM `test`.`grades_local` GROUP BY `grade` ORDER BY `grade` ASC (stage: WithMergeableState)
2026.03.18 22:24:58.578696 [ 44 ] {514d0cce-0c3b-48eb-9fec-fbd8b823c2a1} <Trace> ContextAccess (default): Access granted: SELECT(grade) ON test.grades_local
2026.03.18 22:24:58.578715 [ 44 ] {514d0cce-0c3b-48eb-9fec-fbd8b823c2a1} <Trace> InterpreterSelectQuery: FetchColumns -> WithMergeableState
2026.03.18 22:24:58.578902 [ 44 ] {514d0cce-0c3b-48eb-9fec-fbd8b823c2a1} <Debug> test.grades_local (7b83862b-cceb-45e9-8ab9-cc0189ed0327) (SelectExecutor): Key condition: unknown
2026.03.18 22:24:58.578931 [ 44 ] {514d0cce-0c3b-48eb-9fec-fbd8b823c2a1} <Debug> test.grades_local (7b83862b-cceb-45e9-8ab9-cc0189ed0327) (SelectExecutor): MinMax index condition: unknown
2026.03.18 22:24:58.581910 [ 44 ] {514d0cce-0c3b-48eb-9fec-fbd8b823c2a1} <Debug> test.grades_local (7b83862b-cceb-45e9-8ab9-cc0189ed0327) (SelectExecutor): Selected 27/27 parts by partition key, 27 parts by primary key, 27/27 marks by primary key, 27 marks to read from 27 ranges
2026.03.18 22:24:58.581933 [ 44 ] {514d0cce-0c3b-48eb-9fec-fbd8b823c2a1} <Trace> test.grades_local (7b83862b-cceb-45e9-8ab9-cc0189ed0327) (SelectExecutor): Spreading mark ranges among streams (default reading)
2026.03.18 22:24:58.582119 [ 44 ] {514d0cce-0c3b-48eb-9fec-fbd8b823c2a1} <Debug> MergeTreeReadPool: min_marks_for_concurrent_read=24
2026.03.18 22:24:58.582135 [ 44 ] {514d0cce-0c3b-48eb-9fec-fbd8b823c2a1} <Debug> test.grades_local (7b83862b-cceb-45e9-8ab9-cc0189ed0327) (SelectExecutor): Reading approx. 1746 rows with 4 streams
2026.03.18 22:24:58.582848 [ 296 ] {514d0cce-0c3b-48eb-9fec-fbd8b823c2a1} <Trace> AggregatingTransform: Aggregating
2026.03.18 22:24:58.582857 [ 296 ] {514d0cce-0c3b-48eb-9fec-fbd8b823c2a1} <Trace> Aggregator: Aggregation method: key8
2026.03.18 22:24:58.583229 [ 303 ] {514d0cce-0c3b-48eb-9fec-fbd8b823c2a1} <Trace> AggregatingTransform: Aggregating
2026.03.18 22:24:58.583236 [ 303 ] {514d0cce-0c3b-48eb-9fec-fbd8b823c2a1} <Trace> Aggregator: Aggregation method: key8
2026.03.18 22:24:58.583637 [ 296 ] {514d0cce-0c3b-48eb-9fec-fbd8b823c2a1} <Trace> AggregatingTransform: Aggregated. 1070 to 4 rows (from 1.04 KiB) in 0.001410454 sec. (758620.983 rows/sec., 740.84 KiB/sec.)
2026.03.18 22:24:58.583649 [ 296 ] {514d0cce-0c3b-48eb-9fec-fbd8b823c2a1} <Trace> AggregatingTransform: Aggregated. 0 to 0 rows (from 0.00 B) in 0.001417016 sec. (0.000 rows/sec., 0.00 B/sec.)
2026.03.18 22:24:58.583682 [ 296 ] {514d0cce-0c3b-48eb-9fec-fbd8b823c2a1} <Trace> AggregatingTransform: Aggregated. 0 to 0 rows (from 0.00 B) in 0.001446692 sec. (0.000 rows/sec., 0.00 B/sec.)
2026.03.18 22:24:58.583649 [ 303 ] {514d0cce-0c3b-48eb-9fec-fbd8b823c2a1} <Trace> AggregatingTransform: Aggregated. 676 to 4 rows (from 676.00 B) in 0.001421212 sec. (475650.360 rows/sec., 464.50 KiB/sec.)
2026.03.18 22:24:58.583782 [ 303 ] {514d0cce-0c3b-48eb-9fec-fbd8b823c2a1} <Trace> Aggregator: Merging aggregated data
2026.03.18 22:24:58.583788 [ 303 ] {514d0cce-0c3b-48eb-9fec-fbd8b823c2a1} <Trace> Aggregator: Statistics updated for key=6694794458551874275: new sum_of_sizes=8, median_size=4
2026.03.18 22:24:58.584948 [ 44 ] {514d0cce-0c3b-48eb-9fec-fbd8b823c2a1} <Debug> executeQuery: Read 1746 rows, 1.71 KiB in 0.006581 sec., 265309.2235222611 rows/sec., 259.09 KiB/sec.
2026.03.18 22:24:58.585009 [ 44 ] {514d0cce-0c3b-48eb-9fec-fbd8b823c2a1} <Debug> TCPHandler: Processed in 0.006798014 sec.
2026.03.18 22:25:04.238440 [ 44 ] {} <Trace> TCP-Session: 5b267750-1deb-428c-94a8-2389957b68da Creating query context from session context, user_id: 94309d50-4f52-5250-31bd-74fecac179db, parent context user: default
2026.03.18 22:25:04.238605 [ 44 ] {74d4968d-421a-4553-a1d7-15f15ca3a906} <Debug> executeQuery: (from 172.18.0.6:56004, initial_query_id: f708fa93-0b8d-425a-9f11-22cea3760f58) SELECT `teacher_id`, `full_name`, `position`, `degree`, `hire_date`, `current_hours`, `max_hours` FROM `test`.`teachers_local` ORDER BY `position` ASC, `full_name` ASC LIMIT 30 (stage: WithMergeableStateAfterAggregationAndLimit)
2026.03.18 22:25:04.238786 [ 44 ] {74d4968d-421a-4553-a1d7-15f15ca3a906} <Trace> ContextAccess (default): Access granted: SELECT(teacher_id, full_name, position, degree, hire_date, max_hours, current_hours) ON test.teachers_local
2026.03.18 22:25:04.238821 [ 44 ] {74d4968d-421a-4553-a1d7-15f15ca3a906} <Trace> InterpreterSelectQuery: FetchColumns -> WithMergeableStateAfterAggregationAndLimit
2026.03.18 22:25:04.238920 [ 44 ] {74d4968d-421a-4553-a1d7-15f15ca3a906} <Debug> test.teachers_local (e100a84f-1a8b-456d-baae-1ca19e5e5ecb) (SelectExecutor): Key condition: unknown
2026.03.18 22:25:04.238936 [ 44 ] {74d4968d-421a-4553-a1d7-15f15ca3a906} <Debug> test.teachers_local (e100a84f-1a8b-456d-baae-1ca19e5e5ecb) (SelectExecutor): MinMax index condition: unknown
2026.03.18 22:25:04.239253 [ 44 ] {74d4968d-421a-4553-a1d7-15f15ca3a906} <Debug> test.teachers_local (e100a84f-1a8b-456d-baae-1ca19e5e5ecb) (SelectExecutor): Selected 10/10 parts by partition key, 10 parts by primary key, 10/10 marks by primary key, 10 marks to read from 10 ranges
2026.03.18 22:25:04.239262 [ 44 ] {74d4968d-421a-4553-a1d7-15f15ca3a906} <Trace> test.teachers_local (e100a84f-1a8b-456d-baae-1ca19e5e5ecb) (SelectExecutor): Spreading mark ranges among streams (default reading)
2026.03.18 22:25:04.239547 [ 44 ] {74d4968d-421a-4553-a1d7-15f15ca3a906} <Debug> MergeTreeReadPool: min_marks_for_concurrent_read=24
2026.03.18 22:25:04.239565 [ 44 ] {74d4968d-421a-4553-a1d7-15f15ca3a906} <Debug> test.teachers_local (e100a84f-1a8b-456d-baae-1ca19e5e5ecb) (SelectExecutor): Reading approx. 38 rows with 4 streams
2026.03.18 22:25:04.241991 [ 305 ] {74d4968d-421a-4553-a1d7-15f15ca3a906} <Debug> MergingSortedTransform: Merge sorted 1 blocks, 30 rows in 0.002000005 sec., 14999.96250009375 rows/sec., 15.26 MiB/sec
2026.03.18 22:25:04.243724 [ 44 ] {74d4968d-421a-4553-a1d7-15f15ca3a906} <Debug> executeQuery: Read 38 rows, 4.04 KiB in 0.00517 sec., 7350.096711798839 rows/sec., 780.87 KiB/sec.
2026.03.18 22:25:04.246456 [ 44 ] {74d4968d-421a-4553-a1d7-15f15ca3a906} <Debug> TCPHandler: Processed in 0.00808196 sec.
2026.03.18 22:25:04.250264 [ 44 ] {} <Information> TCPHandler: Change cancellation status from NOT_CANCELLED to FULLY_CANCELLED. Log message: Received 'Cancel' packet from the client, canceling the query.
2026.03.18 22:25:06.324200 [ 125 ] {} <Debug> DNSResolver: Updating DNS cache
2026.03.18 22:25:06.325517 [ 125 ] {} <Debug> DNSResolver: Updated DNS cache
2026.03.18 22:25:08.191793 [ 44 ] {} <Trace> TCP-Session: 5b267750-1deb-428c-94a8-2389957b68da Creating query context from session context, user_id: 94309d50-4f52-5250-31bd-74fecac179db, parent context user: default
2026.03.18 22:25:08.192207 [ 44 ] {784bc539-7417-4efc-9df2-dcf0a2d0ea63} <Debug> executeQuery: (from 172.18.0.6:56004, initial_query_id: ee2ef8d6-ba00-4b82-b8af-fbcdf2138e25) SELECT `t`.`full_name`, `t`.`position`, `t`.`current_hours`, `t`.`max_hours`, round((`t`.`current_hours` * 100.) / `t`.`max_hours`, 1) AS `workload_percent`, uniqExact(`s`.`course_code`) AS `courses_count` FROM `test`.`teachers_local` AS `t` ALL LEFT JOIN `test`.`schedule` AS `s` ON `t`.`teacher_id` = `s`.`teacher_id` GROUP BY `t`.`full_name`, `t`.`position`, `t`.`current_hours`, `t`.`max_hours` ORDER BY `workload_percent` DESC LIMIT 20 (stage: WithMergeableState)
2026.03.18 22:25:08.192816 [ 44 ] {784bc539-7417-4efc-9df2-dcf0a2d0ea63} <Trace> ContextAccess (default): Access granted: SELECT(course_code, teacher_id) ON test.schedule
2026.03.18 22:25:08.192885 [ 44 ] {784bc539-7417-4efc-9df2-dcf0a2d0ea63} <Trace> ContextAccess (default): Access granted: SELECT(course_code, teacher_id) ON test.schedule
2026.03.18 22:25:08.193000 [ 44 ] {784bc539-7417-4efc-9df2-dcf0a2d0ea63} <Trace> ContextAccess (default): Access granted: SELECT(course_code, teacher_id) ON test.schedule_local
2026.03.18 22:25:08.193219 [ 45 ] {} <Trace> TCP-Session: a1e4ffc4-7a88-4f2c-b9c1-4fcfcf4de38f Creating query context from session context, user_id: 94309d50-4f52-5250-31bd-74fecac179db, parent context user: default
2026.03.18 22:25:08.193349 [ 45 ] {a38a59b7-bad8-4cfa-b1ae-8b900f2472fc} <Debug> executeQuery: (from 172.18.0.6:49796, initial_query_id: ee2ef8d6-ba00-4b82-b8af-fbcdf2138e25) SELECT `course_code`, `teacher_id` FROM `test`.`schedule_local` (stage: Complete)
2026.03.18 22:25:08.193467 [ 45 ] {a38a59b7-bad8-4cfa-b1ae-8b900f2472fc} <Trace> ContextAccess (default): Access granted: SELECT(course_code, teacher_id) ON test.schedule_local
2026.03.18 22:25:08.193488 [ 45 ] {a38a59b7-bad8-4cfa-b1ae-8b900f2472fc} <Trace> InterpreterSelectQuery: FetchColumns -> Complete
2026.03.18 22:25:08.193531 [ 45 ] {a38a59b7-bad8-4cfa-b1ae-8b900f2472fc} <Debug> test.schedule_local (c5a236a4-b19d-49e9-bdcd-89504d35b521) (SelectExecutor): Key condition: unknown
2026.03.18 22:25:08.193542 [ 45 ] {a38a59b7-bad8-4cfa-b1ae-8b900f2472fc} <Debug> test.schedule_local (c5a236a4-b19d-49e9-bdcd-89504d35b521) (SelectExecutor): MinMax index condition: unknown
2026.03.18 22:25:08.193997 [ 44 ] {784bc539-7417-4efc-9df2-dcf0a2d0ea63} <Trace> InterpreterSelectQuery: FetchColumns -> Complete
2026.03.18 22:25:08.194027 [ 44 ] {784bc539-7417-4efc-9df2-dcf0a2d0ea63} <Trace> InterpreterSelectQuery: Complete -> Complete
2026.03.18 22:25:08.194055 [ 44 ] {784bc539-7417-4efc-9df2-dcf0a2d0ea63} <Debug> HashJoin: (0x7859c33f5e98) Datatype: EMPTY, kind: Left, strictness: All, right header: s.teacher_id String String(size = 0), course_code String String(size = 0)
2026.03.18 22:25:08.194059 [ 44 ] {784bc539-7417-4efc-9df2-dcf0a2d0ea63} <Debug> HashJoin: (0x7859c33f5e98) Keys: [(teacher_id) = (s.teacher_id)]
2026.03.18 22:25:08.194141 [ 44 ] {784bc539-7417-4efc-9df2-dcf0a2d0ea63} <Trace> ContextAccess (default): Access granted: SELECT(teacher_id, full_name, position, max_hours, current_hours) ON test.teachers_local
2026.03.18 22:25:08.194156 [ 45 ] {a38a59b7-bad8-4cfa-b1ae-8b900f2472fc} <Debug> test.schedule_local (c5a236a4-b19d-49e9-bdcd-89504d35b521) (SelectExecutor): Selected 6/6 parts by partition key, 6 parts by primary key, 6/6 marks by primary key, 6 marks to read from 6 ranges
2026.03.18 22:25:08.194166 [ 44 ] {784bc539-7417-4efc-9df2-dcf0a2d0ea63} <Trace> InterpreterSelectQuery: FetchColumns -> WithMergeableState
2026.03.18 22:25:08.194363 [ 44 ] {784bc539-7417-4efc-9df2-dcf0a2d0ea63} <Debug> JoiningTransform: Before join block: 'teacher_id String String(size = 0), full_name String String(size = 0), position String String(size = 0), max_hours UInt16 UInt16(size = 0), current_hours UInt16 UInt16(size = 0)'
2026.03.18 22:25:08.194376 [ 44 ] {784bc539-7417-4efc-9df2-dcf0a2d0ea63} <Debug> JoiningTransform: After join block: 'teacher_id String String(size = 0), full_name String String(size = 0), position String String(size = 0), max_hours UInt16 UInt16(size = 0), current_hours UInt16 UInt16(size = 0), course_code String String(size = 0)'
2026.03.18 22:25:08.194464 [ 44 ] {784bc539-7417-4efc-9df2-dcf0a2d0ea63} <Debug> test.teachers_local (e100a84f-1a8b-456d-baae-1ca19e5e5ecb) (SelectExecutor): Key condition: unknown
2026.03.18 22:25:08.194484 [ 44 ] {784bc539-7417-4efc-9df2-dcf0a2d0ea63} <Debug> test.teachers_local (e100a84f-1a8b-456d-baae-1ca19e5e5ecb) (SelectExecutor): MinMax index condition: unknown
2026.03.18 22:25:08.194505 [ 45 ] {a38a59b7-bad8-4cfa-b1ae-8b900f2472fc} <Trace> test.schedule_local (c5a236a4-b19d-49e9-bdcd-89504d35b521) (SelectExecutor): Spreading mark ranges among streams (default reading)
2026.03.18 22:25:08.194684 [ 45 ] {a38a59b7-bad8-4cfa-b1ae-8b900f2472fc} <Debug> MergeTreeReadPool: min_marks_for_concurrent_read=24
2026.03.18 22:25:08.194695 [ 45 ] {a38a59b7-bad8-4cfa-b1ae-8b900f2472fc} <Debug> test.schedule_local (c5a236a4-b19d-49e9-bdcd-89504d35b521) (SelectExecutor): Reading approx. 300 rows with 4 streams
2026.03.18 22:25:08.198927 [ 45 ] {a38a59b7-bad8-4cfa-b1ae-8b900f2472fc} <Debug> executeQuery: Read 300 rows, 8.44 KiB in 0.005593 sec., 53638.47666726265 rows/sec., 1.47 MiB/sec.
2026.03.18 22:25:08.199019 [ 45 ] {a38a59b7-bad8-4cfa-b1ae-8b900f2472fc} <Debug> TCPHandler: Processed in 0.005847637 sec.
2026.03.18 22:25:08.203637 [ 44 ] {784bc539-7417-4efc-9df2-dcf0a2d0ea63} <Debug> test.teachers_local (e100a84f-1a8b-456d-baae-1ca19e5e5ecb) (SelectExecutor): Selected 10/10 parts by partition key, 10 parts by primary key, 10/10 marks by primary key, 10 marks to read from 10 ranges
2026.03.18 22:25:08.203662 [ 44 ] {784bc539-7417-4efc-9df2-dcf0a2d0ea63} <Trace> test.teachers_local (e100a84f-1a8b-456d-baae-1ca19e5e5ecb) (SelectExecutor): Spreading mark ranges among streams (default reading)
2026.03.18 22:25:08.204339 [ 44 ] {784bc539-7417-4efc-9df2-dcf0a2d0ea63} <Debug> MergeTreeReadPool: min_marks_for_concurrent_read=24
2026.03.18 22:25:08.204362 [ 44 ] {784bc539-7417-4efc-9df2-dcf0a2d0ea63} <Debug> test.teachers_local (e100a84f-1a8b-456d-baae-1ca19e5e5ecb) (SelectExecutor): Reading approx. 38 rows with 4 streams
2026.03.18 22:25:08.204459 [ 44 ] {784bc539-7417-4efc-9df2-dcf0a2d0ea63} <Debug> test.schedule_local (c5a236a4-b19d-49e9-bdcd-89504d35b521) (SelectExecutor): Key condition: unknown
2026.03.18 22:25:08.204474 [ 44 ] {784bc539-7417-4efc-9df2-dcf0a2d0ea63} <Debug> test.schedule_local (c5a236a4-b19d-49e9-bdcd-89504d35b521) (SelectExecutor): MinMax index condition: unknown
2026.03.18 22:25:08.208680 [ 46 ] {} <Trace> TCP-Session: 7d95cf43-fde8-4a52-857d-f12b1973d4ef Creating query context from session context, user_id: 94309d50-4f52-5250-31bd-74fecac179db, parent context user: default
2026.03.18 22:25:08.208728 [ 44 ] {784bc539-7417-4efc-9df2-dcf0a2d0ea63} <Debug> test.schedule_local (c5a236a4-b19d-49e9-bdcd-89504d35b521) (SelectExecutor): Selected 6/6 parts by partition key, 6 parts by primary key, 6/6 marks by primary key, 6 marks to read from 6 ranges
2026.03.18 22:25:08.208742 [ 44 ] {784bc539-7417-4efc-9df2-dcf0a2d0ea63} <Trace> test.schedule_local (c5a236a4-b19d-49e9-bdcd-89504d35b521) (SelectExecutor): Spreading mark ranges among streams (default reading)
2026.03.18 22:25:08.208800 [ 44 ] {784bc539-7417-4efc-9df2-dcf0a2d0ea63} <Debug> MergeTreeReadPool: min_marks_for_concurrent_read=24
2026.03.18 22:25:08.208807 [ 46 ] {1bf1a1a2-18c7-4461-bea0-4380a19a2121} <Debug> executeQuery: (from 172.18.0.7:38942, initial_query_id: ee2ef8d6-ba00-4b82-b8af-fbcdf2138e25) SELECT `course_code`, `teacher_id` FROM `test`.`schedule_local` (stage: Complete)
2026.03.18 22:25:08.208822 [ 44 ] {784bc539-7417-4efc-9df2-dcf0a2d0ea63} <Debug> test.schedule_local (c5a236a4-b19d-49e9-bdcd-89504d35b521) (SelectExecutor): Reading approx. 300 rows with 4 streams
2026.03.18 22:25:08.209019 [ 44 ] {784bc539-7417-4efc-9df2-dcf0a2d0ea63} <Debug> JoiningTransform: Before join block: 'teacher_id String String(size = 0), full_name String String(size = 0), position String String(size = 0), max_hours UInt16 UInt16(size = 0), current_hours UInt16 UInt16(size = 0)'
2026.03.18 22:25:08.209039 [ 44 ] {784bc539-7417-4efc-9df2-dcf0a2d0ea63} <Debug> JoiningTransform: After join block: 'teacher_id String String(size = 0), full_name String String(size = 0), position String String(size = 0), max_hours UInt16 UInt16(size = 0), current_hours UInt16 UInt16(size = 0), course_code String String(size = 0)'
2026.03.18 22:25:08.209343 [ 46 ] {1bf1a1a2-18c7-4461-bea0-4380a19a2121} <Trace> ContextAccess (default): Access granted: SELECT(course_code, teacher_id) ON test.schedule_local
2026.03.18 22:25:08.209370 [ 46 ] {1bf1a1a2-18c7-4461-bea0-4380a19a2121} <Trace> InterpreterSelectQuery: FetchColumns -> Complete
2026.03.18 22:25:08.209420 [ 46 ] {1bf1a1a2-18c7-4461-bea0-4380a19a2121} <Debug> test.schedule_local (c5a236a4-b19d-49e9-bdcd-89504d35b521) (SelectExecutor): Key condition: unknown
2026.03.18 22:25:08.209429 [ 46 ] {1bf1a1a2-18c7-4461-bea0-4380a19a2121} <Debug> test.schedule_local (c5a236a4-b19d-49e9-bdcd-89504d35b521) (SelectExecutor): MinMax index condition: unknown
2026.03.18 22:25:08.211405 [ 46 ] {1bf1a1a2-18c7-4461-bea0-4380a19a2121} <Debug> test.schedule_local (c5a236a4-b19d-49e9-bdcd-89504d35b521) (SelectExecutor): Selected 6/6 parts by partition key, 6 parts by primary key, 6/6 marks by primary key, 6 marks to read from 6 ranges
2026.03.18 22:25:08.211419 [ 46 ] {1bf1a1a2-18c7-4461-bea0-4380a19a2121} <Trace> test.schedule_local (c5a236a4-b19d-49e9-bdcd-89504d35b521) (SelectExecutor): Spreading mark ranges among streams (default reading)
2026.03.18 22:25:08.211587 [ 46 ] {1bf1a1a2-18c7-4461-bea0-4380a19a2121} <Debug> MergeTreeReadPool: min_marks_for_concurrent_read=24
2026.03.18 22:25:08.211601 [ 46 ] {1bf1a1a2-18c7-4461-bea0-4380a19a2121} <Debug> test.schedule_local (c5a236a4-b19d-49e9-bdcd-89504d35b521) (SelectExecutor): Reading approx. 300 rows with 4 streams
2026.03.18 22:25:08.211920 [ 301 ] {784bc539-7417-4efc-9df2-dcf0a2d0ea63} <Debug> Connection (clickhouse-node1:9000): Sent data for 2 scalars, total 2 rows in 0.000441714 sec., 4524 rows/sec., 68.00 B (150.23 KiB/sec.), compressed 0.4594594594594595 times to 148.00 B (326.95 KiB/sec.)
2026.03.18 22:25:08.212768 [ 299 ] {784bc539-7417-4efc-9df2-dcf0a2d0ea63} <Debug> Connection (clickhouse-node2:9000): Sent data for 2 scalars, total 2 rows in 8.8134e-05 sec., 22620 rows/sec., 68.00 B (750.82 KiB/sec.), compressed 0.4594594594594595 times to 148.00 B (1.60 MiB/sec.)
2026.03.18 22:25:08.214970 [ 46 ] {1bf1a1a2-18c7-4461-bea0-4380a19a2121} <Debug> executeQuery: Read 300 rows, 8.44 KiB in 0.006199 sec., 48394.90240361349 rows/sec., 1.33 MiB/sec.
2026.03.18 22:25:08.215106 [ 46 ] {1bf1a1a2-18c7-4461-bea0-4380a19a2121} <Debug> TCPHandler: Processed in 0.006484851 sec.
2026.03.18 22:25:08.218983 [ 304 ] {784bc539-7417-4efc-9df2-dcf0a2d0ea63} <Trace> AggregatingTransform: Aggregating
2026.03.18 22:25:08.219002 [ 304 ] {784bc539-7417-4efc-9df2-dcf0a2d0ea63} <Trace> Aggregator: Aggregation method: serialized
2026.03.18 22:25:08.219580 [ 304 ] {784bc539-7417-4efc-9df2-dcf0a2d0ea63} <Trace> AggregatingTransform: Aggregated. 379 to 38 rows (from 40.62 KiB) in 0.010383627 sec. (36499.770 rows/sec., 3.82 MiB/sec.)
2026.03.18 22:25:08.219707 [ 304 ] {784bc539-7417-4efc-9df2-dcf0a2d0ea63} <Trace> AggregatingTransform: Aggregated. 0 to 0 rows (from 0.00 B) in 0.010507157 sec. (0.000 rows/sec., 0.00 B/sec.)
2026.03.18 22:25:08.219800 [ 299 ] {784bc539-7417-4efc-9df2-dcf0a2d0ea63} <Trace> AggregatingTransform: Aggregated. 0 to 0 rows (from 0.00 B) in 0.010586836 sec. (0.000 rows/sec., 0.00 B/sec.)
2026.03.18 22:25:08.219797 [ 298 ] {784bc539-7417-4efc-9df2-dcf0a2d0ea63} <Trace> AggregatingTransform: Aggregated. 0 to 0 rows (from 0.00 B) in 0.010592198 sec. (0.000 rows/sec., 0.00 B/sec.)
2026.03.18 22:25:08.219887 [ 298 ] {784bc539-7417-4efc-9df2-dcf0a2d0ea63} <Trace> Aggregator: Merging aggregated data
2026.03.18 22:25:08.219893 [ 298 ] {784bc539-7417-4efc-9df2-dcf0a2d0ea63} <Trace> Aggregator: Statistics updated for key=10903878320770153668: new sum_of_sizes=38, median_size=0
2026.03.18 22:25:08.220982 [ 44 ] {784bc539-7417-4efc-9df2-dcf0a2d0ea63} <Debug> executeQuery: Read 1038 rows, 31.65 KiB in 0.02908 sec., 35694.635488308115 rows/sec., 1.06 MiB/sec.
2026.03.18 22:25:08.221223 [ 44 ] {784bc539-7417-4efc-9df2-dcf0a2d0ea63} <Trace> HashJoin: (0x7859c33f5e98) Join data is being destroyed, 69888 bytes and 100 rows in hash table
2026.03.18 22:25:08.221301 [ 44 ] {784bc539-7417-4efc-9df2-dcf0a2d0ea63} <Debug> MemoryTracker: Peak memory usage (for query): 1.14 MiB.
2026.03.18 22:25:08.221306 [ 44 ] {784bc539-7417-4efc-9df2-dcf0a2d0ea63} <Debug> TCPHandler: Processed in 0.029584837 sec.
2026.03.18 22:25:19.967622 [ 44 ] {} <Trace> TCP-Session: 5b267750-1deb-428c-94a8-2389957b68da Creating query context from session context, user_id: 94309d50-4f52-5250-31bd-74fecac179db, parent context user: default
2026.03.18 22:25:19.967821 [ 44 ] {155dae33-1e8b-497d-9dcc-d9723507d7da} <Debug> executeQuery: (from 172.18.0.6:56004, initial_query_id: 5a88ebbb-9744-4970-a96f-09030e0adf88) SELECT `day_of_week`, `pair_number`, `course_code`, `t`.`full_name` AS `teacher`, `classroom`, `week_type` FROM `test`.`schedule_local` AS `s` ALL LEFT JOIN `test`.`teachers` AS `t` ON `s`.`teacher_id` = `t`.`teacher_id` WHERE `group_code` = 'FIT-21-1' ORDER BY `day_of_week` ASC, `pair_number` ASC (stage: WithMergeableStateAfterAggregationAndLimit)
2026.03.18 22:25:19.968100 [ 45 ] {} <Trace> TCP-Session: a1e4ffc4-7a88-4f2c-b9c1-4fcfcf4de38f Creating query context from session context, user_id: 94309d50-4f52-5250-31bd-74fecac179db, parent context user: default
2026.03.18 22:25:19.968366 [ 45 ] {4d41d677-6eb6-4435-870e-4ee4f040f368} <Debug> executeQuery: (from 172.18.0.6:49796, initial_query_id: 5a88ebbb-9744-4970-a96f-09030e0adf88) SELECT `teacher_id`, `full_name` FROM `test`.`teachers_local` (stage: Complete)
2026.03.18 22:25:19.968490 [ 45 ] {4d41d677-6eb6-4435-870e-4ee4f040f368} <Trace> ContextAccess (default): Access granted: SELECT(teacher_id, full_name) ON test.teachers_local
2026.03.18 22:25:19.968515 [ 45 ] {4d41d677-6eb6-4435-870e-4ee4f040f368} <Trace> InterpreterSelectQuery: FetchColumns -> Complete
2026.03.18 22:25:19.968565 [ 45 ] {4d41d677-6eb6-4435-870e-4ee4f040f368} <Debug> test.teachers_local (e100a84f-1a8b-456d-baae-1ca19e5e5ecb) (SelectExecutor): Key condition: unknown
2026.03.18 22:25:19.968580 [ 45 ] {4d41d677-6eb6-4435-870e-4ee4f040f368} <Debug> test.teachers_local (e100a84f-1a8b-456d-baae-1ca19e5e5ecb) (SelectExecutor): MinMax index condition: unknown
2026.03.18 22:25:19.969193 [ 44 ] {155dae33-1e8b-497d-9dcc-d9723507d7da} <Trace> ContextAccess (default): Access granted: SELECT(teacher_id, full_name) ON test.teachers
2026.03.18 22:25:19.969258 [ 44 ] {155dae33-1e8b-497d-9dcc-d9723507d7da} <Trace> ContextAccess (default): Access granted: SELECT(teacher_id, full_name) ON test.teachers
2026.03.18 22:25:19.969335 [ 44 ] {155dae33-1e8b-497d-9dcc-d9723507d7da} <Trace> ContextAccess (default): Access granted: SELECT(teacher_id, full_name) ON test.teachers_local
2026.03.18 22:25:19.969357 [ 44 ] {155dae33-1e8b-497d-9dcc-d9723507d7da} <Trace> InterpreterSelectQuery: FetchColumns -> Complete
2026.03.18 22:25:19.969361 [ 45 ] {4d41d677-6eb6-4435-870e-4ee4f040f368} <Debug> test.teachers_local (e100a84f-1a8b-456d-baae-1ca19e5e5ecb) (SelectExecutor): Selected 10/10 parts by partition key, 10 parts by primary key, 10/10 marks by primary key, 10 marks to read from 10 ranges
2026.03.18 22:25:19.969377 [ 45 ] {4d41d677-6eb6-4435-870e-4ee4f040f368} <Trace> test.teachers_local (e100a84f-1a8b-456d-baae-1ca19e5e5ecb) (SelectExecutor): Spreading mark ranges among streams (default reading)
2026.03.18 22:25:19.969558 [ 45 ] {4d41d677-6eb6-4435-870e-4ee4f040f368} <Debug> MergeTreeReadPool: min_marks_for_concurrent_read=24
2026.03.18 22:25:19.969572 [ 45 ] {4d41d677-6eb6-4435-870e-4ee4f040f368} <Debug> test.teachers_local (e100a84f-1a8b-456d-baae-1ca19e5e5ecb) (SelectExecutor): Reading approx. 38 rows with 4 streams
2026.03.18 22:25:19.969379 [ 44 ] {155dae33-1e8b-497d-9dcc-d9723507d7da} <Trace> InterpreterSelectQuery: Complete -> Complete
2026.03.18 22:25:19.970285 [ 44 ] {155dae33-1e8b-497d-9dcc-d9723507d7da} <Debug> HashJoin: (0x7859c33f5e98) Datatype: EMPTY, kind: Left, strictness: All, right header: t.teacher_id String String(size = 0), full_name String String(size = 0)
2026.03.18 22:25:19.970298 [ 44 ] {155dae33-1e8b-497d-9dcc-d9723507d7da} <Debug> HashJoin: (0x7859c33f5e98) Keys: [(teacher_id) = (t.teacher_id)]
2026.03.18 22:25:19.970546 [ 44 ] {155dae33-1e8b-497d-9dcc-d9723507d7da} <Trace> ContextAccess (default): Access granted: SELECT(group_code, course_code, teacher_id, day_of_week, pair_number, week_type, classroom) ON test.schedule_local
2026.03.18 22:25:19.970574 [ 44 ] {155dae33-1e8b-497d-9dcc-d9723507d7da} <Trace> InterpreterSelectQuery: FetchColumns -> WithMergeableStateAfterAggregationAndLimit
2026.03.18 22:25:19.970592 [ 44 ] {155dae33-1e8b-497d-9dcc-d9723507d7da} <Debug> JoiningTransform: Before join block: 'group_code String String(size = 0), course_code String String(size = 0), teacher_id String String(size = 0), day_of_week UInt8 UInt8(size = 0), pair_number UInt8 UInt8(size = 0), week_type String String(size = 0), classroom String String(size = 0)'
2026.03.18 22:25:19.970602 [ 44 ] {155dae33-1e8b-497d-9dcc-d9723507d7da} <Debug> JoiningTransform: After join block: 'group_code String String(size = 0), course_code String String(size = 0), teacher_id String String(size = 0), day_of_week UInt8 UInt8(size = 0), pair_number UInt8 UInt8(size = 0), week_type String String(size = 0), classroom String String(size = 0), full_name String String(size = 0)'
2026.03.18 22:25:19.970697 [ 44 ] {155dae33-1e8b-497d-9dcc-d9723507d7da} <Debug> JoiningTransform: Before join block: 'group_code String String(size = 0), course_code String String(size = 0), teacher_id String String(size = 0), day_of_week UInt8 UInt8(size = 0), pair_number UInt8 UInt8(size = 0), week_type String String(size = 0), classroom String String(size = 0)'
2026.03.18 22:25:19.970706 [ 44 ] {155dae33-1e8b-497d-9dcc-d9723507d7da} <Debug> JoiningTransform: After join block: 'group_code String String(size = 0), course_code String String(size = 0), teacher_id String String(size = 0), day_of_week UInt8 UInt8(size = 0), pair_number UInt8 UInt8(size = 0), week_type String String(size = 0), classroom String String(size = 0), full_name String String(size = 0)'
2026.03.18 22:25:19.970714 [ 44 ] {155dae33-1e8b-497d-9dcc-d9723507d7da} <Debug> QueryPlanOptimizations: Pushed down filter equals(group_code, 'FIT-21-1') to the Left side of join
2026.03.18 22:25:19.970821 [ 44 ] {155dae33-1e8b-497d-9dcc-d9723507d7da} <Debug> test.schedule_local (c5a236a4-b19d-49e9-bdcd-89504d35b521) (SelectExecutor): Key condition: (column 0 in ['FIT-21-1', 'FIT-21-1'])
2026.03.18 22:25:19.970833 [ 44 ] {155dae33-1e8b-497d-9dcc-d9723507d7da} <Debug> test.schedule_local (c5a236a4-b19d-49e9-bdcd-89504d35b521) (SelectExecutor): MinMax index condition: unknown
2026.03.18 22:25:19.971204 [ 298 ] {155dae33-1e8b-497d-9dcc-d9723507d7da} <Trace> test.schedule_local (c5a236a4-b19d-49e9-bdcd-89504d35b521) (SelectExecutor): Running binary search on index range for part 1_1_1_0 (2 marks)
2026.03.18 22:25:19.971218 [ 298 ] {155dae33-1e8b-497d-9dcc-d9723507d7da} <Trace> test.schedule_local (c5a236a4-b19d-49e9-bdcd-89504d35b521) (SelectExecutor): Found (LEFT) boundary mark: 1
2026.03.18 22:25:19.971221 [ 298 ] {155dae33-1e8b-497d-9dcc-d9723507d7da} <Trace> test.schedule_local (c5a236a4-b19d-49e9-bdcd-89504d35b521) (SelectExecutor): Found (RIGHT) boundary mark: 2
2026.03.18 22:25:19.971224 [ 298 ] {155dae33-1e8b-497d-9dcc-d9723507d7da} <Trace> test.schedule_local (c5a236a4-b19d-49e9-bdcd-89504d35b521) (SelectExecutor): Found empty range in 1 steps
2026.03.18 22:25:19.971451 [ 297 ] {155dae33-1e8b-497d-9dcc-d9723507d7da} <Trace> test.schedule_local (c5a236a4-b19d-49e9-bdcd-89504d35b521) (SelectExecutor): Running binary search on index range for part 2_2_2_0 (2 marks)
2026.03.18 22:25:19.971462 [ 297 ] {155dae33-1e8b-497d-9dcc-d9723507d7da} <Trace> test.schedule_local (c5a236a4-b19d-49e9-bdcd-89504d35b521) (SelectExecutor): Found (LEFT) boundary mark: 0
2026.03.18 22:25:19.971465 [ 297 ] {155dae33-1e8b-497d-9dcc-d9723507d7da} <Trace> test.schedule_local (c5a236a4-b19d-49e9-bdcd-89504d35b521) (SelectExecutor): Found (RIGHT) boundary mark: 1
2026.03.18 22:25:19.971470 [ 297 ] {155dae33-1e8b-497d-9dcc-d9723507d7da} <Trace> test.schedule_local (c5a236a4-b19d-49e9-bdcd-89504d35b521) (SelectExecutor): Found continuous range in 2 steps
2026.03.18 22:25:19.971510 [ 297 ] {155dae33-1e8b-497d-9dcc-d9723507d7da} <Trace> test.schedule_local (c5a236a4-b19d-49e9-bdcd-89504d35b521) (SelectExecutor): Running binary search on index range for part 3_5_5_0 (2 marks)
2026.03.18 22:25:19.971515 [ 297 ] {155dae33-1e8b-497d-9dcc-d9723507d7da} <Trace> test.schedule_local (c5a236a4-b19d-49e9-bdcd-89504d35b521) (SelectExecutor): Found (LEFT) boundary mark: 1
2026.03.18 22:25:19.971518 [ 297 ] {155dae33-1e8b-497d-9dcc-d9723507d7da} <Trace> test.schedule_local (c5a236a4-b19d-49e9-bdcd-89504d35b521) (SelectExecutor): Found (RIGHT) boundary mark: 2
2026.03.18 22:25:19.971521 [ 297 ] {155dae33-1e8b-497d-9dcc-d9723507d7da} <Trace> test.schedule_local (c5a236a4-b19d-49e9-bdcd-89504d35b521) (SelectExecutor): Found empty range in 1 steps
2026.03.18 22:25:19.971592 [ 301 ] {155dae33-1e8b-497d-9dcc-d9723507d7da} <Trace> test.schedule_local (c5a236a4-b19d-49e9-bdcd-89504d35b521) (SelectExecutor): Running binary search on index range for part 5_6_6_0 (2 marks)
2026.03.18 22:25:19.971611 [ 298 ] {155dae33-1e8b-497d-9dcc-d9723507d7da} <Trace> test.schedule_local (c5a236a4-b19d-49e9-bdcd-89504d35b521) (SelectExecutor): Running binary search on index range for part 6_3_3_0 (2 marks)
2026.03.18 22:25:19.971621 [ 298 ] {155dae33-1e8b-497d-9dcc-d9723507d7da} <Trace> test.schedule_local (c5a236a4-b19d-49e9-bdcd-89504d35b521) (SelectExecutor): Found (LEFT) boundary mark: 0
2026.03.18 22:25:19.971624 [ 298 ] {155dae33-1e8b-497d-9dcc-d9723507d7da} <Trace> test.schedule_local (c5a236a4-b19d-49e9-bdcd-89504d35b521) (SelectExecutor): Found (RIGHT) boundary mark: 1
2026.03.18 22:25:19.971629 [ 298 ] {155dae33-1e8b-497d-9dcc-d9723507d7da} <Trace> test.schedule_local (c5a236a4-b19d-49e9-bdcd-89504d35b521) (SelectExecutor): Found continuous range in 2 steps
2026.03.18 22:25:19.971603 [ 301 ] {155dae33-1e8b-497d-9dcc-d9723507d7da} <Trace> test.schedule_local (c5a236a4-b19d-49e9-bdcd-89504d35b521) (SelectExecutor): Found (LEFT) boundary mark: 1
2026.03.18 22:25:19.972009 [ 301 ] {155dae33-1e8b-497d-9dcc-d9723507d7da} <Trace> test.schedule_local (c5a236a4-b19d-49e9-bdcd-89504d35b521) (SelectExecutor): Found (RIGHT) boundary mark: 2
2026.03.18 22:25:19.972016 [ 301 ] {155dae33-1e8b-497d-9dcc-d9723507d7da} <Trace> test.schedule_local (c5a236a4-b19d-49e9-bdcd-89504d35b521) (SelectExecutor): Found empty range in 1 steps
2026.03.18 22:25:19.971702 [ 303 ] {155dae33-1e8b-497d-9dcc-d9723507d7da} <Trace> test.schedule_local (c5a236a4-b19d-49e9-bdcd-89504d35b521) (SelectExecutor): Running binary search on index range for part 7_4_4_0 (2 marks)
2026.03.18 22:25:19.972149 [ 303 ] {155dae33-1e8b-497d-9dcc-d9723507d7da} <Trace> test.schedule_local (c5a236a4-b19d-49e9-bdcd-89504d35b521) (SelectExecutor): Found (LEFT) boundary mark: 1
2026.03.18 22:25:19.972155 [ 303 ] {155dae33-1e8b-497d-9dcc-d9723507d7da} <Trace> test.schedule_local (c5a236a4-b19d-49e9-bdcd-89504d35b521) (SelectExecutor): Found (RIGHT) boundary mark: 2
2026.03.18 22:25:19.972158 [ 303 ] {155dae33-1e8b-497d-9dcc-d9723507d7da} <Trace> test.schedule_local (c5a236a4-b19d-49e9-bdcd-89504d35b521) (SelectExecutor): Found empty range in 1 steps
2026.03.18 22:25:19.971717 [ 45 ] {4d41d677-6eb6-4435-870e-4ee4f040f368} <Debug> executeQuery: Read 38 rows, 2.60 KiB in 0.00354 sec., 10734.463276836157 rows/sec., 734.35 KiB/sec.
2026.03.18 22:25:19.972249 [ 44 ] {155dae33-1e8b-497d-9dcc-d9723507d7da} <Debug> test.schedule_local (c5a236a4-b19d-49e9-bdcd-89504d35b521) (SelectExecutor): Selected 6/6 parts by partition key, 2 parts by primary key, 2/6 marks by primary key, 2 marks to read from 2 ranges
2026.03.18 22:25:19.972255 [ 45 ] {4d41d677-6eb6-4435-870e-4ee4f040f368} <Debug> TCPHandler: Processed in 0.004200439 sec.
2026.03.18 22:25:19.972256 [ 44 ] {155dae33-1e8b-497d-9dcc-d9723507d7da} <Trace> test.schedule_local (c5a236a4-b19d-49e9-bdcd-89504d35b521) (SelectExecutor): Spreading mark ranges among streams (default reading)
2026.03.18 22:25:19.972392 [ 44 ] {155dae33-1e8b-497d-9dcc-d9723507d7da} <Debug> MergeTreeReadPool: min_marks_for_concurrent_read=24
2026.03.18 22:25:19.972403 [ 44 ] {155dae33-1e8b-497d-9dcc-d9723507d7da} <Debug> test.schedule_local (c5a236a4-b19d-49e9-bdcd-89504d35b521) (SelectExecutor): Reading approx. 94 rows with 2 streams
2026.03.18 22:25:19.972473 [ 44 ] {155dae33-1e8b-497d-9dcc-d9723507d7da} <Debug> test.teachers_local (e100a84f-1a8b-456d-baae-1ca19e5e5ecb) (SelectExecutor): Key condition: unknown
2026.03.18 22:25:19.972483 [ 44 ] {155dae33-1e8b-497d-9dcc-d9723507d7da} <Debug> test.teachers_local (e100a84f-1a8b-456d-baae-1ca19e5e5ecb) (SelectExecutor): MinMax index condition: unknown
2026.03.18 22:25:19.973418 [ 44 ] {155dae33-1e8b-497d-9dcc-d9723507d7da} <Debug> test.teachers_local (e100a84f-1a8b-456d-baae-1ca19e5e5ecb) (SelectExecutor): Selected 10/10 parts by partition key, 10 parts by primary key, 10/10 marks by primary key, 10 marks to read from 10 ranges
2026.03.18 22:25:19.973432 [ 44 ] {155dae33-1e8b-497d-9dcc-d9723507d7da} <Trace> test.teachers_local (e100a84f-1a8b-456d-baae-1ca19e5e5ecb) (SelectExecutor): Spreading mark ranges among streams (default reading)
2026.03.18 22:25:19.973480 [ 44 ] {155dae33-1e8b-497d-9dcc-d9723507d7da} <Debug> MergeTreeReadPool: min_marks_for_concurrent_read=24
2026.03.18 22:25:19.973498 [ 44 ] {155dae33-1e8b-497d-9dcc-d9723507d7da} <Debug> test.teachers_local (e100a84f-1a8b-456d-baae-1ca19e5e5ecb) (SelectExecutor): Reading approx. 38 rows with 4 streams
2026.03.18 22:25:19.973593 [ 44 ] {155dae33-1e8b-497d-9dcc-d9723507d7da} <Debug> JoiningTransform: Before join block: 'group_code String String(size = 0), course_code String String(size = 0), teacher_id String String(size = 0), day_of_week UInt8 UInt8(size = 0), pair_number UInt8 UInt8(size = 0), week_type String String(size = 0), classroom String String(size = 0)'
2026.03.18 22:25:19.973606 [ 44 ] {155dae33-1e8b-497d-9dcc-d9723507d7da} <Debug> JoiningTransform: After join block: 'group_code String String(size = 0), course_code String String(size = 0), teacher_id String String(size = 0), day_of_week UInt8 UInt8(size = 0), pair_number UInt8 UInt8(size = 0), week_type String String(size = 0), classroom String String(size = 0), full_name String String(size = 0)'
2026.03.18 22:25:19.975647 [ 304 ] {155dae33-1e8b-497d-9dcc-d9723507d7da} <Debug> Connection (clickhouse-node1:9000): Sent data for 2 scalars, total 2 rows in 0.000341377 sec., 5853 rows/sec., 68.00 B (194.35 KiB/sec.), compressed 0.4594594594594595 times to 148.00 B (422.97 KiB/sec.)
2026.03.18 22:25:19.976236 [ 297 ] {155dae33-1e8b-497d-9dcc-d9723507d7da} <Debug> Connection (clickhouse-node2:9000): Sent data for 2 scalars, total 2 rows in 9.0389e-05 sec., 22063 rows/sec., 68.00 B (732.32 KiB/sec.), compressed 0.4594594594594595 times to 148.00 B (1.56 MiB/sec.)
2026.03.18 22:25:19.977193 [ 46 ] {} <Trace> TCP-Session: 7d95cf43-fde8-4a52-857d-f12b1973d4ef Creating query context from session context, user_id: 94309d50-4f52-5250-31bd-74fecac179db, parent context user: default
2026.03.18 22:25:19.977284 [ 46 ] {8a03ba2c-8e40-4bdd-b21f-5d58f7e5ab65} <Debug> executeQuery: (from 172.18.0.7:38942, initial_query_id: 5a88ebbb-9744-4970-a96f-09030e0adf88) SELECT `teacher_id`, `full_name` FROM `test`.`teachers_local` (stage: Complete)
2026.03.18 22:25:19.977579 [ 46 ] {8a03ba2c-8e40-4bdd-b21f-5d58f7e5ab65} <Trace> ContextAccess (default): Access granted: SELECT(teacher_id, full_name) ON test.teachers_local
2026.03.18 22:25:19.977598 [ 46 ] {8a03ba2c-8e40-4bdd-b21f-5d58f7e5ab65} <Trace> InterpreterSelectQuery: FetchColumns -> Complete
2026.03.18 22:25:19.977638 [ 46 ] {8a03ba2c-8e40-4bdd-b21f-5d58f7e5ab65} <Debug> test.teachers_local (e100a84f-1a8b-456d-baae-1ca19e5e5ecb) (SelectExecutor): Key condition: unknown
2026.03.18 22:25:19.977650 [ 46 ] {8a03ba2c-8e40-4bdd-b21f-5d58f7e5ab65} <Debug> test.teachers_local (e100a84f-1a8b-456d-baae-1ca19e5e5ecb) (SelectExecutor): MinMax index condition: unknown
2026.03.18 22:25:19.978125 [ 46 ] {8a03ba2c-8e40-4bdd-b21f-5d58f7e5ab65} <Debug> test.teachers_local (e100a84f-1a8b-456d-baae-1ca19e5e5ecb) (SelectExecutor): Selected 10/10 parts by partition key, 10 parts by primary key, 10/10 marks by primary key, 10 marks to read from 10 ranges
2026.03.18 22:25:19.978245 [ 46 ] {8a03ba2c-8e40-4bdd-b21f-5d58f7e5ab65} <Trace> test.teachers_local (e100a84f-1a8b-456d-baae-1ca19e5e5ecb) (SelectExecutor): Spreading mark ranges among streams (default reading)
2026.03.18 22:25:19.978498 [ 46 ] {8a03ba2c-8e40-4bdd-b21f-5d58f7e5ab65} <Debug> MergeTreeReadPool: min_marks_for_concurrent_read=24
2026.03.18 22:25:19.978609 [ 46 ] {8a03ba2c-8e40-4bdd-b21f-5d58f7e5ab65} <Debug> test.teachers_local (e100a84f-1a8b-456d-baae-1ca19e5e5ecb) (SelectExecutor): Reading approx. 38 rows with 4 streams
2026.03.18 22:25:19.982696 [ 304 ] {155dae33-1e8b-497d-9dcc-d9723507d7da} <Debug> MergingSortedTransform: Merge sorted 2 blocks, 39 rows in 0.009000024 sec., 4333.321777808592 rows/sec., 804.90 KiB/sec
2026.03.18 22:25:19.983565 [ 44 ] {155dae33-1e8b-497d-9dcc-d9723507d7da} <Debug> executeQuery: Read 194 rows, 13.99 KiB in 0.015829 sec., 12255.985848758608 rows/sec., 883.53 KiB/sec.
2026.03.18 22:25:19.984660 [ 46 ] {8a03ba2c-8e40-4bdd-b21f-5d58f7e5ab65} <Debug> executeQuery: Read 38 rows, 2.60 KiB in 0.007339 sec., 5177.8171412999045 rows/sec., 354.22 KiB/sec.
2026.03.18 22:25:19.985179 [ 46 ] {8a03ba2c-8e40-4bdd-b21f-5d58f7e5ab65} <Debug> TCPHandler: Processed in 0.008029789 sec.
2026.03.18 22:25:19.986227 [ 44 ] {155dae33-1e8b-497d-9dcc-d9723507d7da} <Trace> HashJoin: (0x7859c33f5e98) Join data is being destroyed, 36096 bytes and 100 rows in hash table
2026.03.18 22:25:19.986573 [ 44 ] {155dae33-1e8b-497d-9dcc-d9723507d7da} <Debug> MemoryTracker: Peak memory usage (for query): 821.01 KiB.
2026.03.18 22:25:19.986581 [ 44 ] {155dae33-1e8b-497d-9dcc-d9723507d7da} <Debug> TCPHandler: Processed in 0.019031805 sec.
2026.03.18 22:25:21.326020 [ 119 ] {} <Debug> DNSResolver: Updating DNS cache
2026.03.18 22:25:21.327476 [ 119 ] {} <Debug> DNSResolver: Updated DNS cache
2026.03.18 22:25:30.583199 [ 44 ] {} <Trace> TCP-Session: 5b267750-1deb-428c-94a8-2389957b68da Creating query context from session context, user_id: 94309d50-4f52-5250-31bd-74fecac179db, parent context user: default
2026.03.18 22:25:30.583508 [ 44 ] {bc93c0cb-6b9c-4d04-a4a0-6528de8c9347} <Debug> executeQuery: (from 172.18.0.6:56004, initial_query_id: 4ce89228-d631-4112-b124-172da289bbce) SELECT `s`.`group_code`, `s`.`course_code`, `s`.`day_of_week`, `s`.`pair_number`, `s`.`classroom`, `s`.`week_type` FROM `test`.`schedule_local` AS `s` WHERE `teacher_id` = 'TCH001' ORDER BY `day_of_week` ASC, `pair_number` ASC (stage: WithMergeableStateAfterAggregationAndLimit)
2026.03.18 22:25:30.583757 [ 44 ] {bc93c0cb-6b9c-4d04-a4a0-6528de8c9347} <Trace> InterpreterSelectQuery: The min valid primary key position for moving to the tail of PREWHERE is -1
2026.03.18 22:25:30.583767 [ 44 ] {bc93c0cb-6b9c-4d04-a4a0-6528de8c9347} <Debug> InterpreterSelectQuery: MergeTreeWhereOptimizer: condition "teacher_id = 'TCH001'" moved to PREWHERE
2026.03.18 22:25:30.583879 [ 44 ] {bc93c0cb-6b9c-4d04-a4a0-6528de8c9347} <Trace> ContextAccess (default): Access granted: SELECT(group_code, course_code, teacher_id, day_of_week, pair_number, week_type, classroom) ON test.schedule_local
2026.03.18 22:25:30.583915 [ 44 ] {bc93c0cb-6b9c-4d04-a4a0-6528de8c9347} <Trace> InterpreterSelectQuery: FetchColumns -> WithMergeableStateAfterAggregationAndLimit
2026.03.18 22:25:30.584029 [ 44 ] {bc93c0cb-6b9c-4d04-a4a0-6528de8c9347} <Debug> test.schedule_local (c5a236a4-b19d-49e9-bdcd-89504d35b521) (SelectExecutor): Key condition: unknown
2026.03.18 22:25:30.584045 [ 44 ] {bc93c0cb-6b9c-4d04-a4a0-6528de8c9347} <Debug> test.schedule_local (c5a236a4-b19d-49e9-bdcd-89504d35b521) (SelectExecutor): MinMax index condition: unknown
2026.03.18 22:25:30.584723 [ 44 ] {bc93c0cb-6b9c-4d04-a4a0-6528de8c9347} <Debug> test.schedule_local (c5a236a4-b19d-49e9-bdcd-89504d35b521) (SelectExecutor): Selected 6/6 parts by partition key, 6 parts by primary key, 6/6 marks by primary key, 6 marks to read from 6 ranges
2026.03.18 22:25:30.584829 [ 44 ] {bc93c0cb-6b9c-4d04-a4a0-6528de8c9347} <Trace> test.schedule_local (c5a236a4-b19d-49e9-bdcd-89504d35b521) (SelectExecutor): Spreading mark ranges among streams (default reading)
2026.03.18 22:25:30.584978 [ 44 ] {bc93c0cb-6b9c-4d04-a4a0-6528de8c9347} <Debug> MergeTreeReadPool: min_marks_for_concurrent_read=24
2026.03.18 22:25:30.584989 [ 44 ] {bc93c0cb-6b9c-4d04-a4a0-6528de8c9347} <Debug> test.schedule_local (c5a236a4-b19d-49e9-bdcd-89504d35b521) (SelectExecutor): Reading approx. 300 rows with 4 streams
2026.03.18 22:25:30.585006 [ 44 ] {bc93c0cb-6b9c-4d04-a4a0-6528de8c9347} <Trace> MergeTreeBaseSelectProcessor: PREWHERE condition was split into 1 steps: "equals(teacher_id, 'TCH001')"
2026.03.18 22:25:30.585020 [ 44 ] {bc93c0cb-6b9c-4d04-a4a0-6528de8c9347} <Trace> MergeTreeBaseSelectProcessor: PREWHERE condition was split into 1 steps: "equals(teacher_id, 'TCH001')"
2026.03.18 22:25:30.585032 [ 44 ] {bc93c0cb-6b9c-4d04-a4a0-6528de8c9347} <Trace> MergeTreeBaseSelectProcessor: PREWHERE condition was split into 1 steps: "equals(teacher_id, 'TCH001')"
2026.03.18 22:25:30.585043 [ 44 ] {bc93c0cb-6b9c-4d04-a4a0-6528de8c9347} <Trace> MergeTreeBaseSelectProcessor: PREWHERE condition was split into 1 steps: "equals(teacher_id, 'TCH001')"
2026.03.18 22:25:30.585130 [ 44 ] {bc93c0cb-6b9c-4d04-a4a0-6528de8c9347} <Trace> SortDescription: Compile sort description UInt8 1 1UInt8 1 1
2026.03.18 22:25:30.592413 [ 302 ] {bc93c0cb-6b9c-4d04-a4a0-6528de8c9347} <Debug> MergingSortedTransform: Merge sorted 1 blocks, 0 rows in 0.002000005 sec., 0 rows/sec., 622.07 KiB/sec
2026.03.18 22:25:30.593544 [ 44 ] {bc93c0cb-6b9c-4d04-a4a0-6528de8c9347} <Debug> executeQuery: Read 300 rows, 4.08 KiB in 0.010234 sec., 29314.0512018761 rows/sec., 398.58 KiB/sec.
2026.03.18 22:25:30.593633 [ 44 ] {bc93c0cb-6b9c-4d04-a4a0-6528de8c9347} <Debug> TCPHandler: Processed in 0.010502709 sec.
2026.03.18 22:25:31.007821 [ 285 ] {} <Trace> AsynchronousMetrics: MemoryTracking: was 404.66 MiB, peak 410.00 MiB, free memory in arenas 2.18 MiB, will set to 407.72 MiB (RSS), difference: 3.06 MiB
2026.03.18 22:25:32.014513 [ 285 ] {} <Trace> AsynchronousMetrics: Update heavy metrics. Update period 1 sec. Update heavy metrics period 120 sec. Heavy metrics calculation elapsed: 0.000392572 sec.
2026.03.18 22:25:36.327841 [ 47 ] {} <Debug> DNSResolver: Updating DNS cache
2026.03.18 22:25:36.329137 [ 47 ] {} <Debug> DNSResolver: Updated DNS cache
2026.03.18 22:25:41.624398 [ 44 ] {} <Trace> TCP-Session: 5b267750-1deb-428c-94a8-2389957b68da Creating query context from session context, user_id: 94309d50-4f52-5250-31bd-74fecac179db, parent context user: default
2026.03.18 22:25:41.624575 [ 44 ] {d8b1e80c-403e-4f9d-8640-b66b28e72d32} <Debug> executeQuery: (from 172.18.0.6:56004, initial_query_id: 18e8a9af-20cb-4d61-9733-d0675b7cccb3) SELECT `s`.`group_code`, `s`.`course_code`, `s`.`day_of_week`, `s`.`pair_number`, `s`.`classroom`, `s`.`week_type` FROM `test`.`schedule_local` AS `s` WHERE `teacher_id` = 'TCH001' ORDER BY `day_of_week` ASC, `pair_number` ASC (stage: WithMergeableStateAfterAggregationAndLimit)
2026.03.18 22:25:41.624873 [ 44 ] {d8b1e80c-403e-4f9d-8640-b66b28e72d32} <Trace> InterpreterSelectQuery: The min valid primary key position for moving to the tail of PREWHERE is -1
2026.03.18 22:25:41.624886 [ 44 ] {d8b1e80c-403e-4f9d-8640-b66b28e72d32} <Debug> InterpreterSelectQuery: MergeTreeWhereOptimizer: condition "teacher_id = 'TCH001'" moved to PREWHERE
2026.03.18 22:25:41.624963 [ 44 ] {d8b1e80c-403e-4f9d-8640-b66b28e72d32} <Trace> ContextAccess (default): Access granted: SELECT(group_code, course_code, teacher_id, day_of_week, pair_number, week_type, classroom) ON test.schedule_local
2026.03.18 22:25:41.624990 [ 44 ] {d8b1e80c-403e-4f9d-8640-b66b28e72d32} <Trace> InterpreterSelectQuery: FetchColumns -> WithMergeableStateAfterAggregationAndLimit
2026.03.18 22:25:41.625080 [ 44 ] {d8b1e80c-403e-4f9d-8640-b66b28e72d32} <Debug> test.schedule_local (c5a236a4-b19d-49e9-bdcd-89504d35b521) (SelectExecutor): Key condition: unknown
2026.03.18 22:25:41.625099 [ 44 ] {d8b1e80c-403e-4f9d-8640-b66b28e72d32} <Debug> test.schedule_local (c5a236a4-b19d-49e9-bdcd-89504d35b521) (SelectExecutor): MinMax index condition: unknown
2026.03.18 22:25:41.625836 [ 44 ] {d8b1e80c-403e-4f9d-8640-b66b28e72d32} <Debug> test.schedule_local (c5a236a4-b19d-49e9-bdcd-89504d35b521) (SelectExecutor): Selected 6/6 parts by partition key, 6 parts by primary key, 6/6 marks by primary key, 6 marks to read from 6 ranges
2026.03.18 22:25:41.625849 [ 44 ] {d8b1e80c-403e-4f9d-8640-b66b28e72d32} <Trace> test.schedule_local (c5a236a4-b19d-49e9-bdcd-89504d35b521) (SelectExecutor): Spreading mark ranges among streams (default reading)
2026.03.18 22:25:41.625943 [ 44 ] {d8b1e80c-403e-4f9d-8640-b66b28e72d32} <Debug> MergeTreeReadPool: min_marks_for_concurrent_read=24
2026.03.18 22:25:41.625951 [ 44 ] {d8b1e80c-403e-4f9d-8640-b66b28e72d32} <Debug> test.schedule_local (c5a236a4-b19d-49e9-bdcd-89504d35b521) (SelectExecutor): Reading approx. 300 rows with 4 streams
2026.03.18 22:25:41.625967 [ 44 ] {d8b1e80c-403e-4f9d-8640-b66b28e72d32} <Trace> MergeTreeBaseSelectProcessor: PREWHERE condition was split into 1 steps: "equals(teacher_id, 'TCH001')"
2026.03.18 22:25:41.625982 [ 44 ] {d8b1e80c-403e-4f9d-8640-b66b28e72d32} <Trace> MergeTreeBaseSelectProcessor: PREWHERE condition was split into 1 steps: "equals(teacher_id, 'TCH001')"
2026.03.18 22:25:41.626027 [ 44 ] {d8b1e80c-403e-4f9d-8640-b66b28e72d32} <Trace> MergeTreeBaseSelectProcessor: PREWHERE condition was split into 1 steps: "equals(teacher_id, 'TCH001')"
2026.03.18 22:25:41.626051 [ 44 ] {d8b1e80c-403e-4f9d-8640-b66b28e72d32} <Trace> MergeTreeBaseSelectProcessor: PREWHERE condition was split into 1 steps: "equals(teacher_id, 'TCH001')"
2026.03.18 22:25:41.626923 [ 296 ] {d8b1e80c-403e-4f9d-8640-b66b28e72d32} <Debug> MergingSortedTransform: Merge sorted 1 blocks, 0 rows in 0 sec.
2026.03.18 22:25:41.627816 [ 44 ] {d8b1e80c-403e-4f9d-8640-b66b28e72d32} <Debug> executeQuery: Read 300 rows, 4.08 KiB in 0.003318 sec., 90415.91320072333 rows/sec., 1.20 MiB/sec.
2026.03.18 22:25:41.627925 [ 44 ] {d8b1e80c-403e-4f9d-8640-b66b28e72d32} <Debug> TCPHandler: Processed in 0.003589769 sec.
2026.03.18 22:25:47.029465 [ 285 ] {} <Trace> AsynchronousMetrics: Scanning /sys/block
2026.03.18 22:25:51.338925 [ 123 ] {} <Debug> DNSResolver: Updating DNS cache
2026.03.18 22:25:51.340251 [ 123 ] {} <Debug> DNSResolver: Updated DNS cache
2026.03.18 22:25:53.733354 [ 44 ] {} <Trace> TCP-Session: 5b267750-1deb-428c-94a8-2389957b68da Creating query context from session context, user_id: 94309d50-4f52-5250-31bd-74fecac179db, parent context user: default
2026.03.18 22:25:53.733577 [ 44 ] {878674f9-8636-4016-a71f-fbc0f3419287} <Debug> executeQuery: (from 172.18.0.6:56004, initial_query_id: cf90ca78-c481-4a6d-ac4b-cc52e73c559e) SELECT `s`.`group_code`, `s`.`course_code`, `s`.`day_of_week`, `s`.`pair_number`, `s`.`classroom`, `s`.`week_type` FROM `test`.`schedule_local` AS `s` WHERE `teacher_id` = 'TCH002' ORDER BY `day_of_week` ASC, `pair_number` ASC (stage: WithMergeableStateAfterAggregationAndLimit)
2026.03.18 22:25:53.733891 [ 44 ] {878674f9-8636-4016-a71f-fbc0f3419287} <Trace> InterpreterSelectQuery: The min valid primary key position for moving to the tail of PREWHERE is -1
2026.03.18 22:25:53.733905 [ 44 ] {878674f9-8636-4016-a71f-fbc0f3419287} <Debug> InterpreterSelectQuery: MergeTreeWhereOptimizer: condition "teacher_id = 'TCH002'" moved to PREWHERE
2026.03.18 22:25:53.734007 [ 44 ] {878674f9-8636-4016-a71f-fbc0f3419287} <Trace> ContextAccess (default): Access granted: SELECT(group_code, course_code, teacher_id, day_of_week, pair_number, week_type, classroom) ON test.schedule_local
2026.03.18 22:25:53.734041 [ 44 ] {878674f9-8636-4016-a71f-fbc0f3419287} <Trace> InterpreterSelectQuery: FetchColumns -> WithMergeableStateAfterAggregationAndLimit
2026.03.18 22:25:53.734141 [ 44 ] {878674f9-8636-4016-a71f-fbc0f3419287} <Debug> test.schedule_local (c5a236a4-b19d-49e9-bdcd-89504d35b521) (SelectExecutor): Key condition: unknown
2026.03.18 22:25:53.734156 [ 44 ] {878674f9-8636-4016-a71f-fbc0f3419287} <Debug> test.schedule_local (c5a236a4-b19d-49e9-bdcd-89504d35b521) (SelectExecutor): MinMax index condition: unknown
2026.03.18 22:25:53.734607 [ 44 ] {878674f9-8636-4016-a71f-fbc0f3419287} <Debug> test.schedule_local (c5a236a4-b19d-49e9-bdcd-89504d35b521) (SelectExecutor): Selected 6/6 parts by partition key, 6 parts by primary key, 6/6 marks by primary key, 6 marks to read from 6 ranges
2026.03.18 22:25:53.734620 [ 44 ] {878674f9-8636-4016-a71f-fbc0f3419287} <Trace> test.schedule_local (c5a236a4-b19d-49e9-bdcd-89504d35b521) (SelectExecutor): Spreading mark ranges among streams (default reading)
2026.03.18 22:25:53.734706 [ 44 ] {878674f9-8636-4016-a71f-fbc0f3419287} <Debug> MergeTreeReadPool: min_marks_for_concurrent_read=24
2026.03.18 22:25:53.734714 [ 44 ] {878674f9-8636-4016-a71f-fbc0f3419287} <Debug> test.schedule_local (c5a236a4-b19d-49e9-bdcd-89504d35b521) (SelectExecutor): Reading approx. 300 rows with 4 streams
2026.03.18 22:25:53.734731 [ 44 ] {878674f9-8636-4016-a71f-fbc0f3419287} <Trace> MergeTreeBaseSelectProcessor: PREWHERE condition was split into 1 steps: "equals(teacher_id, 'TCH002')"
2026.03.18 22:25:53.734750 [ 44 ] {878674f9-8636-4016-a71f-fbc0f3419287} <Trace> MergeTreeBaseSelectProcessor: PREWHERE condition was split into 1 steps: "equals(teacher_id, 'TCH002')"
2026.03.18 22:25:53.734762 [ 44 ] {878674f9-8636-4016-a71f-fbc0f3419287} <Trace> MergeTreeBaseSelectProcessor: PREWHERE condition was split into 1 steps: "equals(teacher_id, 'TCH002')"
2026.03.18 22:25:53.734775 [ 44 ] {878674f9-8636-4016-a71f-fbc0f3419287} <Trace> MergeTreeBaseSelectProcessor: PREWHERE condition was split into 1 steps: "equals(teacher_id, 'TCH002')"
2026.03.18 22:25:53.736612 [ 305 ] {878674f9-8636-4016-a71f-fbc0f3419287} <Debug> MergingSortedTransform: Merge sorted 1 blocks, 0 rows in 0.001000003 sec., 0 rows/sec., 1.21 MiB/sec
2026.03.18 22:25:53.738072 [ 44 ] {878674f9-8636-4016-a71f-fbc0f3419287} <Debug> executeQuery: Read 300 rows, 4.08 KiB in 0.004551 sec., 65919.57811470007 rows/sec., 896.31 KiB/sec.
2026.03.18 22:25:53.738501 [ 44 ] {878674f9-8636-4016-a71f-fbc0f3419287} <Debug> TCPHandler: Processed in 0.005211493 sec.
2026.03.18 22:26:05.754079 [ 44 ] {} <Trace> TCP-Session: 5b267750-1deb-428c-94a8-2389957b68da Creating query context from session context, user_id: 94309d50-4f52-5250-31bd-74fecac179db, parent context user: default
2026.03.18 22:26:05.754318 [ 44 ] {97c610a6-7a8d-4d16-9609-f377d25c9e16} <Debug> executeQuery: (from 172.18.0.6:56004, initial_query_id: 4c7b12c4-bf13-4db0-9e52-55291377972e) SELECT `s`.`group_code`, `s`.`course_code`, `s`.`day_of_week`, `s`.`pair_number`, `s`.`classroom`, `s`.`week_type` FROM `test`.`schedule_local` AS `s` WHERE `teacher_id` = 'TCH001' ORDER BY `day_of_week` ASC, `pair_number` ASC (stage: WithMergeableStateAfterAggregationAndLimit)
2026.03.18 22:26:05.754573 [ 44 ] {97c610a6-7a8d-4d16-9609-f377d25c9e16} <Trace> InterpreterSelectQuery: The min valid primary key position for moving to the tail of PREWHERE is -1
2026.03.18 22:26:05.754584 [ 44 ] {97c610a6-7a8d-4d16-9609-f377d25c9e16} <Debug> InterpreterSelectQuery: MergeTreeWhereOptimizer: condition "teacher_id = 'TCH001'" moved to PREWHERE
2026.03.18 22:26:05.754667 [ 44 ] {97c610a6-7a8d-4d16-9609-f377d25c9e16} <Trace> ContextAccess (default): Access granted: SELECT(group_code, course_code, teacher_id, day_of_week, pair_number, week_type, classroom) ON test.schedule_local
2026.03.18 22:26:05.754698 [ 44 ] {97c610a6-7a8d-4d16-9609-f377d25c9e16} <Trace> InterpreterSelectQuery: FetchColumns -> WithMergeableStateAfterAggregationAndLimit
2026.03.18 22:26:05.754809 [ 44 ] {97c610a6-7a8d-4d16-9609-f377d25c9e16} <Debug> test.schedule_local (c5a236a4-b19d-49e9-bdcd-89504d35b521) (SelectExecutor): Key condition: unknown
2026.03.18 22:26:05.754823 [ 44 ] {97c610a6-7a8d-4d16-9609-f377d25c9e16} <Debug> test.schedule_local (c5a236a4-b19d-49e9-bdcd-89504d35b521) (SelectExecutor): MinMax index condition: unknown
2026.03.18 22:26:05.755789 [ 44 ] {97c610a6-7a8d-4d16-9609-f377d25c9e16} <Debug> test.schedule_local (c5a236a4-b19d-49e9-bdcd-89504d35b521) (SelectExecutor): Selected 6/6 parts by partition key, 6 parts by primary key, 6/6 marks by primary key, 6 marks to read from 6 ranges
2026.03.18 22:26:05.755812 [ 44 ] {97c610a6-7a8d-4d16-9609-f377d25c9e16} <Trace> test.schedule_local (c5a236a4-b19d-49e9-bdcd-89504d35b521) (SelectExecutor): Spreading mark ranges among streams (default reading)
2026.03.18 22:26:05.755905 [ 44 ] {97c610a6-7a8d-4d16-9609-f377d25c9e16} <Debug> MergeTreeReadPool: min_marks_for_concurrent_read=24
2026.03.18 22:26:05.755915 [ 44 ] {97c610a6-7a8d-4d16-9609-f377d25c9e16} <Debug> test.schedule_local (c5a236a4-b19d-49e9-bdcd-89504d35b521) (SelectExecutor): Reading approx. 300 rows with 4 streams
2026.03.18 22:26:05.755934 [ 44 ] {97c610a6-7a8d-4d16-9609-f377d25c9e16} <Trace> MergeTreeBaseSelectProcessor: PREWHERE condition was split into 1 steps: "equals(teacher_id, 'TCH001')"
2026.03.18 22:26:05.755953 [ 44 ] {97c610a6-7a8d-4d16-9609-f377d25c9e16} <Trace> MergeTreeBaseSelectProcessor: PREWHERE condition was split into 1 steps: "equals(teacher_id, 'TCH001')"
2026.03.18 22:26:05.755967 [ 44 ] {97c610a6-7a8d-4d16-9609-f377d25c9e16} <Trace> MergeTreeBaseSelectProcessor: PREWHERE condition was split into 1 steps: "equals(teacher_id, 'TCH001')"
2026.03.18 22:26:05.755983 [ 44 ] {97c610a6-7a8d-4d16-9609-f377d25c9e16} <Trace> MergeTreeBaseSelectProcessor: PREWHERE condition was split into 1 steps: "equals(teacher_id, 'TCH001')"
2026.03.18 22:26:05.757391 [ 300 ] {97c610a6-7a8d-4d16-9609-f377d25c9e16} <Debug> MergingSortedTransform: Merge sorted 1 blocks, 0 rows in 0.001000003 sec., 0 rows/sec., 1.21 MiB/sec
2026.03.18 22:26:05.759377 [ 44 ] {97c610a6-7a8d-4d16-9609-f377d25c9e16} <Debug> executeQuery: Read 300 rows, 4.08 KiB in 0.005138 sec., 58388.47800700661 rows/sec., 793.91 KiB/sec.
2026.03.18 22:26:05.759450 [ 44 ] {97c610a6-7a8d-4d16-9609-f377d25c9e16} <Debug> TCPHandler: Processed in 0.005433008 sec.
2026.03.18 22:26:06.427325 [ 85 ] {} <Debug> DNSResolver: Updating DNS cache
2026.03.18 22:26:06.428254 [ 85 ] {} <Debug> DNSResolver: Updated DNS cache
2026.03.18 22:26:21.437927 [ 70 ] {} <Debug> DNSResolver: Updating DNS cache
2026.03.18 22:26:21.439569 [ 70 ] {} <Debug> DNSResolver: Updated DNS cache
2026.03.18 22:26:36.448045 [ 78 ] {} <Debug> DNSResolver: Updating DNS cache
2026.03.18 22:26:36.449510 [ 78 ] {} <Debug> DNSResolver: Updated DNS cache
2026.03.18 22:26:51.455369 [ 55 ] {} <Debug> DNSResolver: Updating DNS cache
2026.03.18 22:26:51.456465 [ 55 ] {} <Debug> DNSResolver: Updated DNS cache
2026.03.18 22:27:03.017374 [ 44 ] {} <Trace> TCP-Session: 5b267750-1deb-428c-94a8-2389957b68da Creating query context from session context, user_id: 94309d50-4f52-5250-31bd-74fecac179db, parent context user: default
2026.03.18 22:27:03.017528 [ 44 ] {3f498656-5668-4219-9378-86696ecd61e0} <Debug> executeQuery: (from 172.18.0.6:56004, initial_query_id: efb460de-0925-49cd-bdb5-ca065ef114be) SELECT `s`.`group_code`, `s`.`course_code`, `s`.`day_of_week`, `s`.`pair_number`, `s`.`classroom`, `s`.`week_type` FROM `test`.`schedule_local` AS `s` WHERE `teacher_id` = 'TCH100' ORDER BY `day_of_week` ASC, `pair_number` ASC (stage: WithMergeableStateAfterAggregationAndLimit)
2026.03.18 22:27:03.017761 [ 44 ] {3f498656-5668-4219-9378-86696ecd61e0} <Trace> InterpreterSelectQuery: The min valid primary key position for moving to the tail of PREWHERE is -1
2026.03.18 22:27:03.017837 [ 44 ] {3f498656-5668-4219-9378-86696ecd61e0} <Debug> InterpreterSelectQuery: MergeTreeWhereOptimizer: condition "teacher_id = 'TCH100'" moved to PREWHERE
2026.03.18 22:27:03.017926 [ 44 ] {3f498656-5668-4219-9378-86696ecd61e0} <Trace> ContextAccess (default): Access granted: SELECT(group_code, course_code, teacher_id, day_of_week, pair_number, week_type, classroom) ON test.schedule_local
2026.03.18 22:27:03.017956 [ 44 ] {3f498656-5668-4219-9378-86696ecd61e0} <Trace> InterpreterSelectQuery: FetchColumns -> WithMergeableStateAfterAggregationAndLimit
2026.03.18 22:27:03.018044 [ 44 ] {3f498656-5668-4219-9378-86696ecd61e0} <Debug> test.schedule_local (c5a236a4-b19d-49e9-bdcd-89504d35b521) (SelectExecutor): Key condition: unknown
2026.03.18 22:27:03.018169 [ 44 ] {3f498656-5668-4219-9378-86696ecd61e0} <Debug> test.schedule_local (c5a236a4-b19d-49e9-bdcd-89504d35b521) (SelectExecutor): MinMax index condition: unknown
2026.03.18 22:27:03.019065 [ 44 ] {3f498656-5668-4219-9378-86696ecd61e0} <Debug> test.schedule_local (c5a236a4-b19d-49e9-bdcd-89504d35b521) (SelectExecutor): Selected 6/6 parts by partition key, 6 parts by primary key, 6/6 marks by primary key, 6 marks to read from 6 ranges
2026.03.18 22:27:03.019078 [ 44 ] {3f498656-5668-4219-9378-86696ecd61e0} <Trace> test.schedule_local (c5a236a4-b19d-49e9-bdcd-89504d35b521) (SelectExecutor): Spreading mark ranges among streams (default reading)
2026.03.18 22:27:03.019155 [ 44 ] {3f498656-5668-4219-9378-86696ecd61e0} <Debug> MergeTreeReadPool: min_marks_for_concurrent_read=24
2026.03.18 22:27:03.019166 [ 44 ] {3f498656-5668-4219-9378-86696ecd61e0} <Debug> test.schedule_local (c5a236a4-b19d-49e9-bdcd-89504d35b521) (SelectExecutor): Reading approx. 300 rows with 4 streams
2026.03.18 22:27:03.019183 [ 44 ] {3f498656-5668-4219-9378-86696ecd61e0} <Trace> MergeTreeBaseSelectProcessor: PREWHERE condition was split into 1 steps: "equals(teacher_id, 'TCH100')"
2026.03.18 22:27:03.019199 [ 44 ] {3f498656-5668-4219-9378-86696ecd61e0} <Trace> MergeTreeBaseSelectProcessor: PREWHERE condition was split into 1 steps: "equals(teacher_id, 'TCH100')"
2026.03.18 22:27:03.019210 [ 44 ] {3f498656-5668-4219-9378-86696ecd61e0} <Trace> MergeTreeBaseSelectProcessor: PREWHERE condition was split into 1 steps: "equals(teacher_id, 'TCH100')"
2026.03.18 22:27:03.019222 [ 44 ] {3f498656-5668-4219-9378-86696ecd61e0} <Trace> MergeTreeBaseSelectProcessor: PREWHERE condition was split into 1 steps: "equals(teacher_id, 'TCH100')"
2026.03.18 22:27:03.019960 [ 299 ] {3f498656-5668-4219-9378-86696ecd61e0} <Debug> MergingSortedTransform: Merge sorted 1 blocks, 0 rows in 0 sec.
2026.03.18 22:27:03.021171 [ 44 ] {3f498656-5668-4219-9378-86696ecd61e0} <Debug> executeQuery: Read 300 rows, 4.08 KiB in 0.003701 sec., 81059.1731964334 rows/sec., 1.08 MiB/sec.
2026.03.18 22:27:03.021273 [ 44 ] {3f498656-5668-4219-9378-86696ecd61e0} <Debug> TCPHandler: Processed in 0.003966471 sec.
2026.03.18 22:27:06.460224 [ 60 ] {} <Debug> DNSResolver: Updating DNS cache
2026.03.18 22:27:06.461455 [ 60 ] {} <Debug> DNSResolver: Updated DNS cache
2026.03.18 22:27:14.980893 [ 44 ] {} <Trace> TCP-Session: 5b267750-1deb-428c-94a8-2389957b68da Creating query context from session context, user_id: 94309d50-4f52-5250-31bd-74fecac179db, parent context user: default
2026.03.18 22:27:14.981172 [ 44 ] {2cdcfd9f-ec38-415a-95a0-489191290cde} <Debug> executeQuery: (from 172.18.0.6:56004, initial_query_id: e40c96fd-c1a3-4ecd-af2a-2682f954128f) SELECT count() FROM `test`.`students_local` (stage: WithMergeableState)
2026.03.18 22:27:14.981402 [ 44 ] {2cdcfd9f-ec38-415a-95a0-489191290cde} <Trace> ContextAccess (default): Access granted: SELECT(student_id) ON test.students_local
2026.03.18 22:27:14.981425 [ 44 ] {2cdcfd9f-ec38-415a-95a0-489191290cde} <Trace> InterpreterSelectQuery: WithMergeableState -> WithMergeableState
2026.03.18 22:27:14.981944 [ 44 ] {2cdcfd9f-ec38-415a-95a0-489191290cde} <Debug> executeQuery: Read 1 rows, 16.00 B in 0.000843 sec., 1186.2396204033214 rows/sec., 18.53 KiB/sec.
2026.03.18 22:27:14.981960 [ 44 ] {2cdcfd9f-ec38-415a-95a0-489191290cde} <Debug> TCPHandler: Processed in 0.001154654 sec.
2026.03.18 22:27:14.987224 [ 44 ] {} <Trace> TCP-Session: 5b267750-1deb-428c-94a8-2389957b68da Creating query context from session context, user_id: 94309d50-4f52-5250-31bd-74fecac179db, parent context user: default
2026.03.18 22:27:14.987345 [ 44 ] {5b28596b-8055-4302-81b4-3a4ff9eadac1} <Debug> executeQuery: (from 172.18.0.6:56004, initial_query_id: b6cf5269-4294-4d26-b7a7-a723ae3ea989) SELECT count() FROM `test`.`teachers_local` (stage: WithMergeableState)
2026.03.18 22:27:14.987505 [ 44 ] {5b28596b-8055-4302-81b4-3a4ff9eadac1} <Trace> ContextAccess (default): Access granted: SELECT(teacher_id) ON test.teachers_local
2026.03.18 22:27:14.987537 [ 44 ] {5b28596b-8055-4302-81b4-3a4ff9eadac1} <Trace> InterpreterSelectQuery: WithMergeableState -> WithMergeableState
2026.03.18 22:27:14.988121 [ 44 ] {5b28596b-8055-4302-81b4-3a4ff9eadac1} <Debug> executeQuery: Read 1 rows, 16.00 B in 0.000809 sec., 1236.0939431396785 rows/sec., 19.31 KiB/sec.
2026.03.18 22:27:14.988137 [ 44 ] {5b28596b-8055-4302-81b4-3a4ff9eadac1} <Debug> TCPHandler: Processed in 0.000986241 sec.
2026.03.18 22:27:14.995020 [ 44 ] {} <Trace> TCP-Session: 5b267750-1deb-428c-94a8-2389957b68da Creating query context from session context, user_id: 94309d50-4f52-5250-31bd-74fecac179db, parent context user: default
2026.03.18 22:27:14.995110 [ 44 ] {58c94629-3dbe-4bdd-a50f-f972de565445} <Debug> executeQuery: (from 172.18.0.6:56004, initial_query_id: aeed57d3-7658-4a14-a7db-ccad4c7825e8) SELECT count() FROM `test`.`courses_local` (stage: WithMergeableState)
2026.03.18 22:27:14.995214 [ 44 ] {58c94629-3dbe-4bdd-a50f-f972de565445} <Trace> ContextAccess (default): Access granted: SELECT(course_code) ON test.courses_local
2026.03.18 22:27:14.995230 [ 44 ] {58c94629-3dbe-4bdd-a50f-f972de565445} <Trace> InterpreterSelectQuery: WithMergeableState -> WithMergeableState
2026.03.18 22:27:14.995877 [ 44 ] {58c94629-3dbe-4bdd-a50f-f972de565445} <Debug> executeQuery: Read 1 rows, 16.00 B in 0.000789 sec., 1267.427122940431 rows/sec., 19.80 KiB/sec.
2026.03.18 22:27:14.995892 [ 44 ] {58c94629-3dbe-4bdd-a50f-f972de565445} <Debug> TCPHandler: Processed in 0.000920578 sec.
2026.03.18 22:27:15.002087 [ 44 ] {} <Trace> TCP-Session: 5b267750-1deb-428c-94a8-2389957b68da Creating query context from session context, user_id: 94309d50-4f52-5250-31bd-74fecac179db, parent context user: default
2026.03.18 22:27:15.002188 [ 44 ] {522fc83a-548d-4fa9-ae1b-8af73a62f948} <Debug> executeQuery: (from 172.18.0.6:56004, initial_query_id: acb4ed2c-8e3a-4876-8a21-e4a74d34f2e8) SELECT count() FROM `test`.`grades_local` (stage: WithMergeableState)
2026.03.18 22:27:15.002315 [ 44 ] {522fc83a-548d-4fa9-ae1b-8af73a62f948} <Trace> ContextAccess (default): Access granted: SELECT(grade_id) ON test.grades_local
2026.03.18 22:27:15.002335 [ 44 ] {522fc83a-548d-4fa9-ae1b-8af73a62f948} <Trace> InterpreterSelectQuery: WithMergeableState -> WithMergeableState
2026.03.18 22:27:15.003287 [ 44 ] {522fc83a-548d-4fa9-ae1b-8af73a62f948} <Debug> executeQuery: Read 1 rows, 16.00 B in 0.001126 sec., 888.0994671403197 rows/sec., 13.88 KiB/sec.
2026.03.18 22:27:15.003302 [ 44 ] {522fc83a-548d-4fa9-ae1b-8af73a62f948} <Debug> TCPHandler: Processed in 0.001262998 sec.
2026.03.18 22:27:15.008395 [ 44 ] {} <Trace> TCP-Session: 5b267750-1deb-428c-94a8-2389957b68da Creating query context from session context, user_id: 94309d50-4f52-5250-31bd-74fecac179db, parent context user: default
2026.03.18 22:27:15.008479 [ 44 ] {d64141f9-b822-49b4-8c5c-1f425a17346f} <Debug> executeQuery: (from 172.18.0.6:56004, initial_query_id: 0230873d-51df-4680-b428-5071ae17080a) SELECT count() FROM `test`.`schedule_local` (stage: WithMergeableState)
2026.03.18 22:27:15.008587 [ 44 ] {d64141f9-b822-49b4-8c5c-1f425a17346f} <Trace> ContextAccess (default): Access granted: SELECT(schedule_id) ON test.schedule_local
2026.03.18 22:27:15.008603 [ 44 ] {d64141f9-b822-49b4-8c5c-1f425a17346f} <Trace> InterpreterSelectQuery: WithMergeableState -> WithMergeableState
2026.03.18 22:27:15.009185 [ 44 ] {d64141f9-b822-49b4-8c5c-1f425a17346f} <Debug> executeQuery: Read 1 rows, 16.00 B in 0.000725 sec., 1379.3103448275863 rows/sec., 21.55 KiB/sec.
2026.03.18 22:27:15.009199 [ 44 ] {d64141f9-b822-49b4-8c5c-1f425a17346f} <Debug> TCPHandler: Processed in 0.00084662 sec.
2026.03.18 22:27:15.014829 [ 44 ] {} <Trace> TCP-Session: 5b267750-1deb-428c-94a8-2389957b68da Creating query context from session context, user_id: 94309d50-4f52-5250-31bd-74fecac179db, parent context user: default
2026.03.18 22:27:15.014912 [ 44 ] {2ec4376c-bde8-474e-ac60-b5f52f814e8d} <Debug> executeQuery: (from 172.18.0.6:56004, initial_query_id: c17e6e17-5493-4f71-9342-137a6970d367) SELECT count() FROM `test`.`departments_local` (stage: WithMergeableState)
2026.03.18 22:27:15.015053 [ 44 ] {2ec4376c-bde8-474e-ac60-b5f52f814e8d} <Trace> ContextAccess (default): Access granted: SELECT(department_id) ON test.departments_local
2026.03.18 22:27:15.015070 [ 44 ] {2ec4376c-bde8-474e-ac60-b5f52f814e8d} <Trace> InterpreterSelectQuery: WithMergeableState -> WithMergeableState
2026.03.18 22:27:15.015547 [ 44 ] {2ec4376c-bde8-474e-ac60-b5f52f814e8d} <Debug> executeQuery: Read 1 rows, 16.00 B in 0.000654 sec., 1529.0519877675843 rows/sec., 23.89 KiB/sec.
2026.03.18 22:27:15.015559 [ 44 ] {2ec4376c-bde8-474e-ac60-b5f52f814e8d} <Debug> TCPHandler: Processed in 0.000772099 sec.
2026.03.18 22:27:15.022564 [ 44 ] {} <Trace> TCP-Session: 5b267750-1deb-428c-94a8-2389957b68da Creating query context from session context, user_id: 94309d50-4f52-5250-31bd-74fecac179db, parent context user: default
2026.03.18 22:27:15.022830 [ 44 ] {aed78b18-a1a7-43ec-9bfb-6706293a88e3} <Debug> executeQuery: (from 172.18.0.6:56004, initial_query_id: 1d5a178d-2a5d-4792-8cdb-eb41492f4aa2) SELECT count() FROM `test`.`students_local` WHERE `status` = 'active' (stage: WithMergeableState)
2026.03.18 22:27:15.022988 [ 44 ] {aed78b18-a1a7-43ec-9bfb-6706293a88e3} <Trace> InterpreterSelectQuery: The min valid primary key position for moving to the tail of PREWHERE is -1
2026.03.18 22:27:15.023036 [ 44 ] {aed78b18-a1a7-43ec-9bfb-6706293a88e3} <Trace> ContextAccess (default): Access granted: SELECT(status) ON test.students_local
2026.03.18 22:27:15.023055 [ 44 ] {aed78b18-a1a7-43ec-9bfb-6706293a88e3} <Trace> InterpreterSelectQuery: FetchColumns -> WithMergeableState
2026.03.18 22:27:15.023337 [ 44 ] {aed78b18-a1a7-43ec-9bfb-6706293a88e3} <Debug> test.students_local (adcc615b-4a80-499d-a267-5ed2e1cff73a) (SelectExecutor): Key condition: unknown
2026.03.18 22:27:15.023350 [ 44 ] {aed78b18-a1a7-43ec-9bfb-6706293a88e3} <Debug> test.students_local (adcc615b-4a80-499d-a267-5ed2e1cff73a) (SelectExecutor): MinMax index condition: unknown
2026.03.18 22:27:15.024204 [ 44 ] {aed78b18-a1a7-43ec-9bfb-6706293a88e3} <Debug> test.students_local (adcc615b-4a80-499d-a267-5ed2e1cff73a) (SelectExecutor): Selected 4/4 parts by partition key, 4 parts by primary key, 4/4 marks by primary key, 4 marks to read from 4 ranges
2026.03.18 22:27:15.024217 [ 44 ] {aed78b18-a1a7-43ec-9bfb-6706293a88e3} <Trace> test.students_local (adcc615b-4a80-499d-a267-5ed2e1cff73a) (SelectExecutor): Spreading mark ranges among streams (default reading)
2026.03.18 22:27:15.024267 [ 44 ] {aed78b18-a1a7-43ec-9bfb-6706293a88e3} <Debug> MergeTreeReadPool: min_marks_for_concurrent_read=24
2026.03.18 22:27:15.024275 [ 44 ] {aed78b18-a1a7-43ec-9bfb-6706293a88e3} <Debug> test.students_local (adcc615b-4a80-499d-a267-5ed2e1cff73a) (SelectExecutor): Reading approx. 340 rows with 4 streams
2026.03.18 22:27:15.024883 [ 304 ] {aed78b18-a1a7-43ec-9bfb-6706293a88e3} <Trace> AggregatingTransform: Aggregating
2026.03.18 22:27:15.024975 [ 304 ] {aed78b18-a1a7-43ec-9bfb-6706293a88e3} <Trace> Aggregator: Aggregation method: without_key
2026.03.18 22:27:15.024940 [ 302 ] {aed78b18-a1a7-43ec-9bfb-6706293a88e3} <Trace> AggregatingTransform: Aggregating
2026.03.18 22:27:15.025038 [ 302 ] {aed78b18-a1a7-43ec-9bfb-6706293a88e3} <Trace> Aggregator: Aggregation method: without_key
2026.03.18 22:27:15.025073 [ 304 ] {aed78b18-a1a7-43ec-9bfb-6706293a88e3} <Trace> AggregatingTransform: Aggregated. 125 to 1 rows (from 0.00 B) in 0.000678356 sec. (184269.027 rows/sec., 0.00 B/sec.)
2026.03.18 22:27:15.025082 [ 304 ] {aed78b18-a1a7-43ec-9bfb-6706293a88e3} <Trace> Aggregator: Aggregation method: without_key
2026.03.18 22:27:15.025086 [ 304 ] {aed78b18-a1a7-43ec-9bfb-6706293a88e3} <Trace> AggregatingTransform: Aggregated. 0 to 1 rows (from 0.00 B) in 0.00068602 sec. (0.000 rows/sec., 0.00 B/sec.)
2026.03.18 22:27:15.025090 [ 304 ] {aed78b18-a1a7-43ec-9bfb-6706293a88e3} <Trace> Aggregator: Aggregation method: without_key
2026.03.18 22:27:15.025093 [ 304 ] {aed78b18-a1a7-43ec-9bfb-6706293a88e3} <Trace> AggregatingTransform: Aggregated. 0 to 1 rows (from 0.00 B) in 0.00069118 sec. (0.000 rows/sec., 0.00 B/sec.)
2026.03.18 22:27:15.025103 [ 302 ] {aed78b18-a1a7-43ec-9bfb-6706293a88e3} <Trace> AggregatingTransform: Aggregated. 105 to 1 rows (from 0.00 B) in 0.00070732 sec. (148447.662 rows/sec., 0.00 B/sec.)
2026.03.18 22:27:15.025108 [ 302 ] {aed78b18-a1a7-43ec-9bfb-6706293a88e3} <Trace> Aggregator: Merging aggregated data
2026.03.18 22:27:15.025112 [ 302 ] {aed78b18-a1a7-43ec-9bfb-6706293a88e3} <Trace> Aggregator: Statistics updated for key=17515768429586070911: new sum_of_sizes=4, median_size=1
2026.03.18 22:27:15.027522 [ 44 ] {aed78b18-a1a7-43ec-9bfb-6706293a88e3} <Debug> executeQuery: Read 340 rows, 5.57 KiB in 0.004729 sec., 71896.80693592726 rows/sec., 1.15 MiB/sec.
2026.03.18 22:27:15.027571 [ 44 ] {aed78b18-a1a7-43ec-9bfb-6706293a88e3} <Debug> TCPHandler: Processed in 0.005062968 sec.
2026.03.18 22:27:15.055165 [ 44 ] {} <Trace> TCP-Session: 5b267750-1deb-428c-94a8-2389957b68da Creating query context from session context, user_id: 94309d50-4f52-5250-31bd-74fecac179db, parent context user: default
2026.03.18 22:27:15.055396 [ 44 ] {2b0c13c0-eae1-49e8-84d6-33c8cd439be0} <Debug> executeQuery: (from 172.18.0.6:56004, initial_query_id: 73988d3c-080e-4f9c-8e1f-b1ee2862a899) SELECT round(avg(`gpa`), 2) FROM `test`.`students_local` WHERE `status` = 'active' (stage: WithMergeableState)
2026.03.18 22:27:15.056030 [ 44 ] {2b0c13c0-eae1-49e8-84d6-33c8cd439be0} <Trace> InterpreterSelectQuery: The min valid primary key position for moving to the tail of PREWHERE is -1
2026.03.18 22:27:15.056045 [ 44 ] {2b0c13c0-eae1-49e8-84d6-33c8cd439be0} <Debug> InterpreterSelectQuery: MergeTreeWhereOptimizer: condition "status = 'active'" moved to PREWHERE
2026.03.18 22:27:15.056124 [ 44 ] {2b0c13c0-eae1-49e8-84d6-33c8cd439be0} <Trace> ContextAccess (default): Access granted: SELECT(status, gpa) ON test.students_local
2026.03.18 22:27:15.056153 [ 44 ] {2b0c13c0-eae1-49e8-84d6-33c8cd439be0} <Trace> InterpreterSelectQuery: FetchColumns -> WithMergeableState
2026.03.18 22:27:15.056382 [ 44 ] {2b0c13c0-eae1-49e8-84d6-33c8cd439be0} <Debug> test.students_local (adcc615b-4a80-499d-a267-5ed2e1cff73a) (SelectExecutor): Key condition: unknown
2026.03.18 22:27:15.056395 [ 44 ] {2b0c13c0-eae1-49e8-84d6-33c8cd439be0} <Debug> test.students_local (adcc615b-4a80-499d-a267-5ed2e1cff73a) (SelectExecutor): MinMax index condition: unknown
2026.03.18 22:27:15.056662 [ 44 ] {2b0c13c0-eae1-49e8-84d6-33c8cd439be0} <Debug> test.students_local (adcc615b-4a80-499d-a267-5ed2e1cff73a) (SelectExecutor): Selected 4/4 parts by partition key, 4 parts by primary key, 4/4 marks by primary key, 4 marks to read from 4 ranges
2026.03.18 22:27:15.056671 [ 44 ] {2b0c13c0-eae1-49e8-84d6-33c8cd439be0} <Trace> test.students_local (adcc615b-4a80-499d-a267-5ed2e1cff73a) (SelectExecutor): Spreading mark ranges among streams (default reading)
2026.03.18 22:27:15.056711 [ 44 ] {2b0c13c0-eae1-49e8-84d6-33c8cd439be0} <Debug> MergeTreeReadPool: min_marks_for_concurrent_read=24
2026.03.18 22:27:15.056718 [ 44 ] {2b0c13c0-eae1-49e8-84d6-33c8cd439be0} <Debug> test.students_local (adcc615b-4a80-499d-a267-5ed2e1cff73a) (SelectExecutor): Reading approx. 340 rows with 4 streams
2026.03.18 22:27:15.056731 [ 44 ] {2b0c13c0-eae1-49e8-84d6-33c8cd439be0} <Trace> MergeTreeBaseSelectProcessor: PREWHERE condition was split into 1 steps: "equals(status, 'active')"
2026.03.18 22:27:15.056740 [ 44 ] {2b0c13c0-eae1-49e8-84d6-33c8cd439be0} <Trace> MergeTreeBaseSelectProcessor: PREWHERE condition was split into 1 steps: "equals(status, 'active')"
2026.03.18 22:27:15.056748 [ 44 ] {2b0c13c0-eae1-49e8-84d6-33c8cd439be0} <Trace> MergeTreeBaseSelectProcessor: PREWHERE condition was split into 1 steps: "equals(status, 'active')"
2026.03.18 22:27:15.056755 [ 44 ] {2b0c13c0-eae1-49e8-84d6-33c8cd439be0} <Trace> MergeTreeBaseSelectProcessor: PREWHERE condition was split into 1 steps: "equals(status, 'active')"
2026.03.18 22:27:15.057765 [ 306 ] {2b0c13c0-eae1-49e8-84d6-33c8cd439be0} <Trace> AggregatingTransform: Aggregating
2026.03.18 22:27:15.057780 [ 306 ] {2b0c13c0-eae1-49e8-84d6-33c8cd439be0} <Trace> Aggregator: Aggregation method: without_key
2026.03.18 22:27:15.057974 [ 306 ] {2b0c13c0-eae1-49e8-84d6-33c8cd439be0} <Trace> AggregatingTransform: Aggregated. 230 to 1 rows (from 920.00 B) in 0.001134718 sec. (202693.533 rows/sec., 791.77 KiB/sec.)
2026.03.18 22:27:15.057983 [ 306 ] {2b0c13c0-eae1-49e8-84d6-33c8cd439be0} <Trace> Aggregator: Aggregation method: without_key
2026.03.18 22:27:15.057987 [ 306 ] {2b0c13c0-eae1-49e8-84d6-33c8cd439be0} <Trace> AggregatingTransform: Aggregated. 0 to 1 rows (from 0.00 B) in 0.001148203 sec. (0.000 rows/sec., 0.00 B/sec.)
2026.03.18 22:27:15.057993 [ 306 ] {2b0c13c0-eae1-49e8-84d6-33c8cd439be0} <Trace> Aggregator: Aggregation method: without_key
2026.03.18 22:27:15.057996 [ 306 ] {2b0c13c0-eae1-49e8-84d6-33c8cd439be0} <Trace> AggregatingTransform: Aggregated. 0 to 1 rows (from 0.00 B) in 0.001154244 sec. (0.000 rows/sec., 0.00 B/sec.)
2026.03.18 22:27:15.058000 [ 306 ] {2b0c13c0-eae1-49e8-84d6-33c8cd439be0} <Trace> Aggregator: Aggregation method: without_key
2026.03.18 22:27:15.058017 [ 306 ] {2b0c13c0-eae1-49e8-84d6-33c8cd439be0} <Trace> AggregatingTransform: Aggregated. 0 to 1 rows (from 0.00 B) in 0.001172478 sec. (0.000 rows/sec., 0.00 B/sec.)
2026.03.18 22:27:15.058021 [ 306 ] {2b0c13c0-eae1-49e8-84d6-33c8cd439be0} <Trace> Aggregator: Merging aggregated data
2026.03.18 22:27:15.058024 [ 306 ] {2b0c13c0-eae1-49e8-84d6-33c8cd439be0} <Trace> Aggregator: Statistics updated for key=6856492789708720764: new sum_of_sizes=4, median_size=1
2026.03.18 22:27:15.058739 [ 44 ] {2b0c13c0-eae1-49e8-84d6-33c8cd439be0} <Debug> executeQuery: Read 340 rows, 6.90 KiB in 0.003441 sec., 98808.4859052601 rows/sec., 1.96 MiB/sec.
2026.03.18 22:27:15.058921 [ 44 ] {2b0c13c0-eae1-49e8-84d6-33c8cd439be0} <Debug> TCPHandler: Processed in 0.003853681 sec.
2026.03.18 22:27:15.082319 [ 44 ] {} <Trace> TCP-Session: 5b267750-1deb-428c-94a8-2389957b68da Creating query context from session context, user_id: 94309d50-4f52-5250-31bd-74fecac179db, parent context user: default
2026.03.18 22:27:15.082486 [ 44 ] {7ee0d11b-0850-4fba-9053-4ea9b6cd368d} <Debug> executeQuery: (from 172.18.0.6:56004, initial_query_id: 13db2227-0616-45cb-b5ae-cec5af9d27ad) SELECT round(avg(`grade`), 2) FROM `test`.`grades_local` (stage: WithMergeableState)
2026.03.18 22:27:15.082700 [ 44 ] {7ee0d11b-0850-4fba-9053-4ea9b6cd368d} <Trace> ContextAccess (default): Access granted: SELECT(grade) ON test.grades_local
2026.03.18 22:27:15.082727 [ 44 ] {7ee0d11b-0850-4fba-9053-4ea9b6cd368d} <Trace> InterpreterSelectQuery: FetchColumns -> WithMergeableState
2026.03.18 22:27:15.082974 [ 44 ] {7ee0d11b-0850-4fba-9053-4ea9b6cd368d} <Debug> test.grades_local (7b83862b-cceb-45e9-8ab9-cc0189ed0327) (SelectExecutor): Key condition: unknown
2026.03.18 22:27:15.083003 [ 44 ] {7ee0d11b-0850-4fba-9053-4ea9b6cd368d} <Debug> test.grades_local (7b83862b-cceb-45e9-8ab9-cc0189ed0327) (SelectExecutor): MinMax index condition: unknown
2026.03.18 22:27:15.084566 [ 44 ] {7ee0d11b-0850-4fba-9053-4ea9b6cd368d} <Debug> test.grades_local (7b83862b-cceb-45e9-8ab9-cc0189ed0327) (SelectExecutor): Selected 27/27 parts by partition key, 27 parts by primary key, 27/27 marks by primary key, 27 marks to read from 27 ranges
2026.03.18 22:27:15.084587 [ 44 ] {7ee0d11b-0850-4fba-9053-4ea9b6cd368d} <Trace> test.grades_local (7b83862b-cceb-45e9-8ab9-cc0189ed0327) (SelectExecutor): Spreading mark ranges among streams (default reading)
2026.03.18 22:27:15.084761 [ 44 ] {7ee0d11b-0850-4fba-9053-4ea9b6cd368d} <Debug> MergeTreeReadPool: min_marks_for_concurrent_read=24
2026.03.18 22:27:15.084775 [ 44 ] {7ee0d11b-0850-4fba-9053-4ea9b6cd368d} <Debug> test.grades_local (7b83862b-cceb-45e9-8ab9-cc0189ed0327) (SelectExecutor): Reading approx. 1746 rows with 4 streams
2026.03.18 22:27:15.085949 [ 305 ] {7ee0d11b-0850-4fba-9053-4ea9b6cd368d} <Trace> AggregatingTransform: Aggregating
2026.03.18 22:27:15.085961 [ 305 ] {7ee0d11b-0850-4fba-9053-4ea9b6cd368d} <Trace> Aggregator: An entry for key=8763066421949248324 found in cache: sum_of_sizes=4, median_size=1
2026.03.18 22:27:15.085971 [ 305 ] {7ee0d11b-0850-4fba-9053-4ea9b6cd368d} <Trace> Aggregator: Aggregation method: without_key
2026.03.18 22:27:15.091250 [ 303 ] {7ee0d11b-0850-4fba-9053-4ea9b6cd368d} <Trace> AggregatingTransform: Aggregating
2026.03.18 22:27:15.091271 [ 303 ] {7ee0d11b-0850-4fba-9053-4ea9b6cd368d} <Trace> Aggregator: An entry for key=8763066421949248324 found in cache: sum_of_sizes=4, median_size=1
2026.03.18 22:27:15.091275 [ 303 ] {7ee0d11b-0850-4fba-9053-4ea9b6cd368d} <Trace> Aggregator: Aggregation method: without_key
2026.03.18 22:27:15.091467 [ 298 ] {7ee0d11b-0850-4fba-9053-4ea9b6cd368d} <Trace> AggregatingTransform: Aggregating
2026.03.18 22:27:15.091475 [ 298 ] {7ee0d11b-0850-4fba-9053-4ea9b6cd368d} <Trace> Aggregator: An entry for key=8763066421949248324 found in cache: sum_of_sizes=4, median_size=1
2026.03.18 22:27:15.091479 [ 298 ] {7ee0d11b-0850-4fba-9053-4ea9b6cd368d} <Trace> Aggregator: Aggregation method: without_key
2026.03.18 22:27:15.091649 [ 305 ] {7ee0d11b-0850-4fba-9053-4ea9b6cd368d} <Trace> AggregatingTransform: Aggregated. 1174 to 1 rows (from 1.15 KiB) in 0.006768451 sec. (173451.799 rows/sec., 169.39 KiB/sec.)
2026.03.18 22:27:15.091882 [ 298 ] {7ee0d11b-0850-4fba-9053-4ea9b6cd368d} <Trace> AggregatingTransform: Aggregated. 311 to 1 rows (from 311.00 B) in 0.006996207 sec. (44452.658 rows/sec., 43.41 KiB/sec.)
2026.03.18 22:27:15.091898 [ 296 ] {7ee0d11b-0850-4fba-9053-4ea9b6cd368d} <Trace> AggregatingTransform: Aggregating
2026.03.18 22:27:15.091903 [ 296 ] {7ee0d11b-0850-4fba-9053-4ea9b6cd368d} <Trace> Aggregator: An entry for key=8763066421949248324 found in cache: sum_of_sizes=4, median_size=1
2026.03.18 22:27:15.091906 [ 296 ] {7ee0d11b-0850-4fba-9053-4ea9b6cd368d} <Trace> Aggregator: Aggregation method: without_key
2026.03.18 22:27:15.091913 [ 296 ] {7ee0d11b-0850-4fba-9053-4ea9b6cd368d} <Trace> AggregatingTransform: Aggregated. 65 to 1 rows (from 65.00 B) in 0.007033367 sec. (9241.662 rows/sec., 9.03 KiB/sec.)
2026.03.18 22:27:15.092471 [ 303 ] {7ee0d11b-0850-4fba-9053-4ea9b6cd368d} <Trace> AggregatingTransform: Aggregated. 196 to 1 rows (from 196.00 B) in 0.007594582 sec. (25807.872 rows/sec., 25.20 KiB/sec.)
2026.03.18 22:27:15.092478 [ 303 ] {7ee0d11b-0850-4fba-9053-4ea9b6cd368d} <Trace> Aggregator: Merging aggregated data
2026.03.18 22:27:15.098107 [ 44 ] {7ee0d11b-0850-4fba-9053-4ea9b6cd368d} <Debug> executeQuery: Read 1746 rows, 1.71 KiB in 0.015669 sec., 111430.21252153935 rows/sec., 108.82 KiB/sec.
2026.03.18 22:27:15.098208 [ 44 ] {7ee0d11b-0850-4fba-9053-4ea9b6cd368d} <Debug> MemoryTracker: Peak memory usage (for query): 143.99 KiB.
2026.03.18 22:27:15.098212 [ 44 ] {7ee0d11b-0850-4fba-9053-4ea9b6cd368d} <Debug> TCPHandler: Processed in 0.015963439 sec.
2026.03.18 22:27:19.224396 [ 307 ] {} <Trace> TCPHandlerFactory: TCP Request. Address: 172.18.0.1:42034
2026.03.18 22:27:19.224481 [ 307 ] {} <Debug> TCPHandler: Connected ClickHouse python-driver version 20.10.0, revision: 54468, database: university, user: default.
2026.03.18 22:27:19.224494 [ 307 ] {} <Debug> TCP-Session: 231093b3-02e7-4987-b404-1bd72f9ca5c5 Authenticating user 'default' from 172.18.0.1:42034
2026.03.18 22:27:19.224506 [ 307 ] {} <Debug> TCP-Session: 231093b3-02e7-4987-b404-1bd72f9ca5c5 Authenticated with global context as user 94309d50-4f52-5250-31bd-74fecac179db
2026.03.18 22:27:19.224509 [ 307 ] {} <Debug> TCP-Session: 231093b3-02e7-4987-b404-1bd72f9ca5c5 Creating session context with user_id: 94309d50-4f52-5250-31bd-74fecac179db
2026.03.18 22:27:19.224561 [ 307 ] {} <Trace> ContextAccess (default): Settings: readonly = 0, allow_ddl = true, allow_introspection_functions = false
2026.03.18 22:27:19.224571 [ 307 ] {} <Trace> ContextAccess (default): List of all grants: GRANT SHOW, SELECT, INSERT, ALTER, CREATE, DROP, UNDROP TABLE, TRUNCATE, OPTIMIZE, BACKUP, KILL QUERY, KILL TRANSACTION, MOVE PARTITION BETWEEN SHARDS, SYSTEM, dictGet, displaySecretsInShowAndSelect, INTROSPECTION, SOURCES, CLUSTER ON *.*
2026.03.18 22:27:19.224576 [ 307 ] {} <Trace> ContextAccess (default): List of all grants including implicit: GRANT SHOW, SELECT, INSERT, ALTER, CREATE, DROP, UNDROP TABLE, TRUNCATE, OPTIMIZE, BACKUP, KILL QUERY, KILL TRANSACTION, MOVE PARTITION BETWEEN SHARDS, SYSTEM, dictGet, displaySecretsInShowAndSelect, INTROSPECTION, SOURCES, CLUSTER ON *.*
2026.03.18 22:27:19.225271 [ 307 ] {} <Error> ServerErrorHandler: Code: 81. DB::Exception: Database university does not exist. (UNKNOWN_DATABASE), Stack trace (when copying this message, always include the lines below):

0. DB::Exception::Exception(DB::Exception::MessageMasked&&, int, bool) @ 0x000000000c6251d7 in /usr/bin/clickhouse
1. DB::Exception::Exception<String>(int, FormatStringHelperImpl<std::type_identity<String>::type>, String&&) @ 0x0000000007133ded in /usr/bin/clickhouse
2. DB::DatabaseCatalog::assertDatabaseExists(String const&) const @ 0x00000000116e954f in /usr/bin/clickhouse
3. DB::Context::setCurrentDatabase(String const&) @ 0x0000000011637842 in /usr/bin/clickhouse
4. DB::TCPHandler::runImpl() @ 0x0000000013145c69 in /usr/bin/clickhouse
5. DB::TCPHandler::run() @ 0x00000000131533d9 in /usr/bin/clickhouse
6. Poco::Net::TCPServerConnection::start() @ 0x0000000015b4dc74 in /usr/bin/clickhouse
7. Poco::Net::TCPServerDispatcher::run() @ 0x0000000015b4ee71 in /usr/bin/clickhouse
8. Poco::PooledThread::run() @ 0x0000000015c85aa7 in /usr/bin/clickhouse
9. Poco::ThreadImpl::runnableEntry(void*) @ 0x0000000015c83d7c in /usr/bin/clickhouse
10. ? @ 0x0000785a46c31609 in ?
11. ? @ 0x0000785a46b56353 in ?
 (version 23.8.16.16 (official build))
2026.03.18 22:27:19.225309 [ 307 ] {} <Debug> TCP-Session: 231093b3-02e7-4987-b404-1bd72f9ca5c5 Logout, user_id: 94309d50-4f52-5250-31bd-74fecac179db
2026.03.18 22:27:21.463757 [ 122 ] {} <Debug> DNSResolver: Updating DNS cache
2026.03.18 22:27:21.464860 [ 122 ] {} <Debug> DNSResolver: Updated DNS cache
2026.03.18 22:27:29.288531 [ 44 ] {} <Trace> TCP-Session: 5b267750-1deb-428c-94a8-2389957b68da Creating query context from session context, user_id: 94309d50-4f52-5250-31bd-74fecac179db, parent context user: default
2026.03.18 22:27:29.288706 [ 44 ] {09c594fd-8073-4702-8396-15ea52f30554} <Debug> executeQuery: (from 172.18.0.6:56004, initial_query_id: 2fed5a79-4c5d-443d-875f-949b6f0b1ad3) SELECT `student_id`, `grade` FROM `test`.`grades_local` (stage: Complete)
2026.03.18 22:27:29.288928 [ 44 ] {09c594fd-8073-4702-8396-15ea52f30554} <Trace> ContextAccess (default): Access granted: SELECT(student_id, grade) ON test.grades_local
2026.03.18 22:27:29.288965 [ 44 ] {09c594fd-8073-4702-8396-15ea52f30554} <Trace> InterpreterSelectQuery: FetchColumns -> Complete
2026.03.18 22:27:29.289084 [ 44 ] {09c594fd-8073-4702-8396-15ea52f30554} <Debug> test.grades_local (7b83862b-cceb-45e9-8ab9-cc0189ed0327) (SelectExecutor): Key condition: unknown
2026.03.18 22:27:29.289117 [ 45 ] {} <Trace> TCP-Session: a1e4ffc4-7a88-4f2c-b9c1-4fcfcf4de38f Creating query context from session context, user_id: 94309d50-4f52-5250-31bd-74fecac179db, parent context user: default
2026.03.18 22:27:29.289137 [ 44 ] {09c594fd-8073-4702-8396-15ea52f30554} <Debug> test.grades_local (7b83862b-cceb-45e9-8ab9-cc0189ed0327) (SelectExecutor): MinMax index condition: unknown
2026.03.18 22:27:29.289673 [ 45 ] {8199b302-e010-4fd9-b675-48c8185a82a4} <Debug> executeQuery: (from 172.18.0.6:49796, initial_query_id: 2fed5a79-4c5d-443d-875f-949b6f0b1ad3) SELECT `s`.`student_id`, `s`.`full_name`, `s`.`group_code`, round(avg(`g`.`grade`), 2) AS `avg_grade`, count(`g`.`grade`) AS `grades_count`, `s`.`gpa` FROM `test`.`students_local` AS `s` ALL INNER JOIN `test`.`grades` AS `g` ON `s`.`student_id` = `g`.`student_id` GROUP BY `s`.`student_id`, `s`.`full_name`, `s`.`group_code`, `s`.`gpa` HAVING count(`g`.`grade`) > 5 ORDER BY `avg_grade` DESC LIMIT 15 (stage: WithMergeableState)
2026.03.18 22:27:29.290914 [ 45 ] {8199b302-e010-4fd9-b675-48c8185a82a4} <Trace> ContextAccess (default): Access granted: SELECT(student_id, grade) ON test.grades
2026.03.18 22:27:29.291131 [ 45 ] {8199b302-e010-4fd9-b675-48c8185a82a4} <Trace> ContextAccess (default): Access granted: SELECT(student_id, grade) ON test.grades
2026.03.18 22:27:29.291346 [ 45 ] {8199b302-e010-4fd9-b675-48c8185a82a4} <Trace> ContextAccess (default): Access granted: SELECT(student_id, grade) ON test.grades_local
2026.03.18 22:27:29.291380 [ 45 ] {8199b302-e010-4fd9-b675-48c8185a82a4} <Trace> InterpreterSelectQuery: FetchColumns -> Complete
2026.03.18 22:27:29.291427 [ 45 ] {8199b302-e010-4fd9-b675-48c8185a82a4} <Trace> InterpreterSelectQuery: Complete -> Complete
2026.03.18 22:27:29.291508 [ 45 ] {8199b302-e010-4fd9-b675-48c8185a82a4} <Debug> HashJoin: (0x78599fec1a18) Datatype: EMPTY, kind: Inner, strictness: All, right header: g.student_id String String(size = 0), grade UInt8 UInt8(size = 0)
2026.03.18 22:27:29.291516 [ 45 ] {8199b302-e010-4fd9-b675-48c8185a82a4} <Debug> HashJoin: (0x78599fec1a18) Keys: [(student_id) = (g.student_id)]
2026.03.18 22:27:29.291894 [ 45 ] {8199b302-e010-4fd9-b675-48c8185a82a4} <Trace> ContextAccess (default): Access granted: SELECT(student_id, full_name, group_code, gpa) ON test.students_local
2026.03.18 22:27:29.291941 [ 45 ] {8199b302-e010-4fd9-b675-48c8185a82a4} <Trace> InterpreterSelectQuery: FetchColumns -> WithMergeableState
2026.03.18 22:27:29.291967 [ 45 ] {8199b302-e010-4fd9-b675-48c8185a82a4} <Debug> JoiningTransform: Before join block: 'student_id String String(size = 0), full_name String String(size = 0), group_code String String(size = 0), gpa Float32 Float32(size = 0)'
2026.03.18 22:27:29.291986 [ 45 ] {8199b302-e010-4fd9-b675-48c8185a82a4} <Debug> JoiningTransform: After join block: 'student_id String String(size = 0), full_name String String(size = 0), group_code String String(size = 0), gpa Float32 Float32(size = 0), grade UInt8 UInt8(size = 0)'
2026.03.18 22:27:29.292219 [ 45 ] {8199b302-e010-4fd9-b675-48c8185a82a4} <Debug> test.students_local (adcc615b-4a80-499d-a267-5ed2e1cff73a) (SelectExecutor): Key condition: unknown
2026.03.18 22:27:29.292238 [ 45 ] {8199b302-e010-4fd9-b675-48c8185a82a4} <Debug> test.students_local (adcc615b-4a80-499d-a267-5ed2e1cff73a) (SelectExecutor): MinMax index condition: unknown
2026.03.18 22:27:29.293413 [ 45 ] {8199b302-e010-4fd9-b675-48c8185a82a4} <Debug> test.students_local (adcc615b-4a80-499d-a267-5ed2e1cff73a) (SelectExecutor): Selected 4/4 parts by partition key, 4 parts by primary key, 4/4 marks by primary key, 4 marks to read from 4 ranges
2026.03.18 22:27:29.293591 [ 45 ] {8199b302-e010-4fd9-b675-48c8185a82a4} <Trace> test.students_local (adcc615b-4a80-499d-a267-5ed2e1cff73a) (SelectExecutor): Spreading mark ranges among streams (default reading)
2026.03.18 22:27:29.293642 [ 45 ] {8199b302-e010-4fd9-b675-48c8185a82a4} <Debug> MergeTreeReadPool: min_marks_for_concurrent_read=24
2026.03.18 22:27:29.293651 [ 45 ] {8199b302-e010-4fd9-b675-48c8185a82a4} <Debug> test.students_local (adcc615b-4a80-499d-a267-5ed2e1cff73a) (SelectExecutor): Reading approx. 340 rows with 4 streams
2026.03.18 22:27:29.293746 [ 45 ] {8199b302-e010-4fd9-b675-48c8185a82a4} <Debug> test.grades_local (7b83862b-cceb-45e9-8ab9-cc0189ed0327) (SelectExecutor): Key condition: unknown
2026.03.18 22:27:29.293779 [ 45 ] {8199b302-e010-4fd9-b675-48c8185a82a4} <Debug> test.grades_local (7b83862b-cceb-45e9-8ab9-cc0189ed0327) (SelectExecutor): MinMax index condition: unknown
2026.03.18 22:27:29.294433 [ 44 ] {09c594fd-8073-4702-8396-15ea52f30554} <Debug> test.grades_local (7b83862b-cceb-45e9-8ab9-cc0189ed0327) (SelectExecutor): Selected 27/27 parts by partition key, 27 parts by primary key, 27/27 marks by primary key, 27 marks to read from 27 ranges
2026.03.18 22:27:29.294459 [ 44 ] {09c594fd-8073-4702-8396-15ea52f30554} <Trace> test.grades_local (7b83862b-cceb-45e9-8ab9-cc0189ed0327) (SelectExecutor): Spreading mark ranges among streams (default reading)
2026.03.18 22:27:29.295062 [ 44 ] {09c594fd-8073-4702-8396-15ea52f30554} <Debug> MergeTreeReadPool: min_marks_for_concurrent_read=24
2026.03.18 22:27:29.295091 [ 44 ] {09c594fd-8073-4702-8396-15ea52f30554} <Debug> test.grades_local (7b83862b-cceb-45e9-8ab9-cc0189ed0327) (SelectExecutor): Reading approx. 1746 rows with 4 streams
2026.03.18 22:27:29.298682 [ 45 ] {8199b302-e010-4fd9-b675-48c8185a82a4} <Debug> test.grades_local (7b83862b-cceb-45e9-8ab9-cc0189ed0327) (SelectExecutor): Selected 27/27 parts by partition key, 27 parts by primary key, 27/27 marks by primary key, 27 marks to read from 27 ranges
2026.03.18 22:27:29.299157 [ 45 ] {8199b302-e010-4fd9-b675-48c8185a82a4} <Trace> test.grades_local (7b83862b-cceb-45e9-8ab9-cc0189ed0327) (SelectExecutor): Spreading mark ranges among streams (default reading)
2026.03.18 22:27:29.299367 [ 45 ] {8199b302-e010-4fd9-b675-48c8185a82a4} <Debug> MergeTreeReadPool: min_marks_for_concurrent_read=24
2026.03.18 22:27:29.299405 [ 45 ] {8199b302-e010-4fd9-b675-48c8185a82a4} <Debug> test.grades_local (7b83862b-cceb-45e9-8ab9-cc0189ed0327) (SelectExecutor): Reading approx. 1746 rows with 4 streams
2026.03.18 22:27:29.299550 [ 45 ] {8199b302-e010-4fd9-b675-48c8185a82a4} <Debug> JoiningTransform: Before join block: 'student_id String String(size = 0), full_name String String(size = 0), group_code String String(size = 0), gpa Float32 Float32(size = 0)'
2026.03.18 22:27:29.299569 [ 45 ] {8199b302-e010-4fd9-b675-48c8185a82a4} <Debug> JoiningTransform: After join block: 'student_id String String(size = 0), full_name String String(size = 0), group_code String String(size = 0), gpa Float32 Float32(size = 0), grade UInt8 UInt8(size = 0)'
2026.03.18 22:27:29.304392 [ 46 ] {} <Trace> TCP-Session: 7d95cf43-fde8-4a52-857d-f12b1973d4ef Creating query context from session context, user_id: 94309d50-4f52-5250-31bd-74fecac179db, parent context user: default
2026.03.18 22:27:29.304444 [ 44 ] {09c594fd-8073-4702-8396-15ea52f30554} <Debug> executeQuery: Read 1746 rows, 28.99 KiB in 0.015786 sec., 110604.3329532497 rows/sec., 1.79 MiB/sec.
2026.03.18 22:27:29.304506 [ 44 ] {09c594fd-8073-4702-8396-15ea52f30554} <Debug> MemoryTracker: Peak memory usage (for query): 139.26 KiB.
2026.03.18 22:27:29.304510 [ 44 ] {09c594fd-8073-4702-8396-15ea52f30554} <Debug> TCPHandler: Processed in 0.016049157 sec.
2026.03.18 22:27:29.304615 [ 46 ] {0cb7ff82-6243-4a12-bc08-b0e92b81849e} <Debug> executeQuery: (from 172.18.0.7:38942, initial_query_id: 2fed5a79-4c5d-443d-875f-949b6f0b1ad3) SELECT `student_id`, `grade` FROM `test`.`grades_local` (stage: Complete)
2026.03.18 22:27:29.305366 [ 46 ] {0cb7ff82-6243-4a12-bc08-b0e92b81849e} <Trace> ContextAccess (default): Access granted: SELECT(student_id, grade) ON test.grades_local
2026.03.18 22:27:29.305388 [ 46 ] {0cb7ff82-6243-4a12-bc08-b0e92b81849e} <Trace> InterpreterSelectQuery: FetchColumns -> Complete
2026.03.18 22:27:29.305424 [ 301 ] {8199b302-e010-4fd9-b675-48c8185a82a4} <Debug> Connection (clickhouse-node2:9000): Sent data for 2 scalars, total 2 rows in 4.844e-05 sec., 40991 rows/sec., 68.00 B (1.33 MiB/sec.), compressed 0.4594594594594595 times to 148.00 B (2.89 MiB/sec.)
2026.03.18 22:27:29.305468 [ 46 ] {0cb7ff82-6243-4a12-bc08-b0e92b81849e} <Debug> test.grades_local (7b83862b-cceb-45e9-8ab9-cc0189ed0327) (SelectExecutor): Key condition: unknown
2026.03.18 22:27:29.305581 [ 46 ] {0cb7ff82-6243-4a12-bc08-b0e92b81849e} <Debug> test.grades_local (7b83862b-cceb-45e9-8ab9-cc0189ed0327) (SelectExecutor): MinMax index condition: unknown
2026.03.18 22:27:29.306175 [ 301 ] {8199b302-e010-4fd9-b675-48c8185a82a4} <Debug> Connection (clickhouse-node1:9000): Sent data for 2 scalars, total 2 rows in 0.000393965 sec., 5072 rows/sec., 68.00 B (168.42 KiB/sec.), compressed 0.4594594594594595 times to 148.00 B (366.53 KiB/sec.)
2026.03.18 22:27:29.308872 [ 46 ] {0cb7ff82-6243-4a12-bc08-b0e92b81849e} <Debug> test.grades_local (7b83862b-cceb-45e9-8ab9-cc0189ed0327) (SelectExecutor): Selected 27/27 parts by partition key, 27 parts by primary key, 27/27 marks by primary key, 27 marks to read from 27 ranges
2026.03.18 22:27:29.308893 [ 46 ] {0cb7ff82-6243-4a12-bc08-b0e92b81849e} <Trace> test.grades_local (7b83862b-cceb-45e9-8ab9-cc0189ed0327) (SelectExecutor): Spreading mark ranges among streams (default reading)
2026.03.18 22:27:29.309241 [ 46 ] {0cb7ff82-6243-4a12-bc08-b0e92b81849e} <Debug> MergeTreeReadPool: min_marks_for_concurrent_read=24
2026.03.18 22:27:29.309261 [ 46 ] {0cb7ff82-6243-4a12-bc08-b0e92b81849e} <Debug> test.grades_local (7b83862b-cceb-45e9-8ab9-cc0189ed0327) (SelectExecutor): Reading approx. 1746 rows with 4 streams
2026.03.18 22:27:29.314588 [ 46 ] {0cb7ff82-6243-4a12-bc08-b0e92b81849e} <Debug> executeQuery: Read 1746 rows, 28.99 KiB in 0.010066 sec., 173455.19570832505 rows/sec., 2.81 MiB/sec.
2026.03.18 22:27:29.314642 [ 46 ] {0cb7ff82-6243-4a12-bc08-b0e92b81849e} <Debug> MemoryTracker: Peak memory usage (for query): 138.76 KiB.
2026.03.18 22:27:29.314646 [ 46 ] {0cb7ff82-6243-4a12-bc08-b0e92b81849e} <Debug> TCPHandler: Processed in 0.010312514 sec.
2026.03.18 22:27:29.323239 [ 297 ] {8199b302-e010-4fd9-b675-48c8185a82a4} <Trace> AggregatingTransform: Aggregating
2026.03.18 22:27:29.323261 [ 297 ] {8199b302-e010-4fd9-b675-48c8185a82a4} <Trace> Aggregator: Aggregation method: serialized
2026.03.18 22:27:29.323318 [ 296 ] {8199b302-e010-4fd9-b675-48c8185a82a4} <Trace> AggregatingTransform: Aggregating
2026.03.18 22:27:29.323327 [ 296 ] {8199b302-e010-4fd9-b675-48c8185a82a4} <Trace> Aggregator: Aggregation method: serialized
2026.03.18 22:27:29.323359 [ 296 ] {8199b302-e010-4fd9-b675-48c8185a82a4} <Trace> AggregatingTransform: Aggregated. 385 to 82 rows (from 35.54 KiB) in 0.022833669 sec. (16861.066 rows/sec., 1.52 MiB/sec.)
2026.03.18 22:27:29.323364 [ 301 ] {8199b302-e010-4fd9-b675-48c8185a82a4} <Trace> AggregatingTransform: Aggregated. 0 to 0 rows (from 0.00 B) in 0.022820545 sec. (0.000 rows/sec., 0.00 B/sec.)
2026.03.18 22:27:29.323377 [ 298 ] {8199b302-e010-4fd9-b675-48c8185a82a4} <Trace> AggregatingTransform: Aggregating
2026.03.18 22:27:29.323398 [ 298 ] {8199b302-e010-4fd9-b675-48c8185a82a4} <Trace> Aggregator: Aggregation method: serialized
2026.03.18 22:27:29.323491 [ 298 ] {8199b302-e010-4fd9-b675-48c8185a82a4} <Trace> AggregatingTransform: Aggregated. 430 to 82 rows (from 39.64 KiB) in 0.022952952 sec. (18733.974 rows/sec., 1.69 MiB/sec.)
2026.03.18 22:27:29.323702 [ 297 ] {8199b302-e010-4fd9-b675-48c8185a82a4} <Trace> AggregatingTransform: Aggregated. 931 to 176 rows (from 85.49 KiB) in 0.023183823 sec. (40157.311 rows/sec., 3.60 MiB/sec.)
2026.03.18 22:27:29.323709 [ 297 ] {8199b302-e010-4fd9-b675-48c8185a82a4} <Trace> Aggregator: Merging aggregated data
2026.03.18 22:27:29.323714 [ 297 ] {8199b302-e010-4fd9-b675-48c8185a82a4} <Trace> Aggregator: Statistics updated for key=8589799312961776098: new sum_of_sizes=340, median_size=82
2026.03.18 22:27:29.325043 [ 45 ] {8199b302-e010-4fd9-b675-48c8185a82a4} <Debug> executeQuery: Read 5340 rows, 113.90 KiB in 0.035624 sec., 149898.94453177633 rows/sec., 3.12 MiB/sec.
2026.03.18 22:27:29.325297 [ 45 ] {8199b302-e010-4fd9-b675-48c8185a82a4} <Trace> HashJoin: (0x78599fec1a18) Join data is being destroyed, 475392 bytes and 995 rows in hash table
2026.03.18 22:27:29.325379 [ 45 ] {8199b302-e010-4fd9-b675-48c8185a82a4} <Debug> MemoryTracker: Peak memory usage (for query): 1.69 MiB.
2026.03.18 22:27:29.325384 [ 45 ] {8199b302-e010-4fd9-b675-48c8185a82a4} <Debug> TCPHandler: Processed in 0.036424401 sec.
2026.03.18 22:27:30.033470 [ 285 ] {} <Trace> AsynchronousMetrics: MemoryTracking: was 407.66 MiB, peak 410.00 MiB, free memory in arenas 6.43 MiB, will set to 408.95 MiB (RSS), difference: 1.29 MiB
2026.03.18 22:27:32.039019 [ 285 ] {} <Trace> AsynchronousMetrics: Update heavy metrics. Update period 1 sec. Update heavy metrics period 120 sec. Heavy metrics calculation elapsed: 0.000326028 sec.
2026.03.18 22:27:35.702428 [ 44 ] {} <Trace> TCP-Session: 5b267750-1deb-428c-94a8-2389957b68da Creating query context from session context, user_id: 94309d50-4f52-5250-31bd-74fecac179db, parent context user: default
2026.03.18 22:27:35.703077 [ 44 ] {13571547-914a-4956-9c6c-0c68067895fb} <Debug> executeQuery: (from 172.18.0.6:56004, initial_query_id: ec887414-5747-4844-bad9-1b5255b4f573) SELECT `t`.`full_name`, `t`.`position`, uniqExact(`s`.`course_code`) AS `courses`, uniqExact(`s`.`group_code`) AS `groups` FROM `test`.`teachers_local` AS `t` ALL INNER JOIN `test`.`schedule` AS `s` ON `t`.`teacher_id` = `s`.`teacher_id` GROUP BY `t`.`full_name`, `t`.`position` ORDER BY `courses` DESC LIMIT 15 (stage: WithMergeableState)
2026.03.18 22:27:35.703553 [ 45 ] {} <Trace> TCP-Session: a1e4ffc4-7a88-4f2c-b9c1-4fcfcf4de38f Creating query context from session context, user_id: 94309d50-4f52-5250-31bd-74fecac179db, parent context user: default
2026.03.18 22:27:35.703671 [ 45 ] {06f937d7-699c-41c9-a932-e2d31dda8c04} <Debug> executeQuery: (from 172.18.0.6:49796, initial_query_id: ec887414-5747-4844-bad9-1b5255b4f573) SELECT `group_code`, `course_code`, `teacher_id` FROM `test`.`schedule_local` (stage: Complete)
2026.03.18 22:27:35.704013 [ 45 ] {06f937d7-699c-41c9-a932-e2d31dda8c04} <Trace> ContextAccess (default): Access granted: SELECT(group_code, course_code, teacher_id) ON test.schedule_local
2026.03.18 22:27:35.704052 [ 45 ] {06f937d7-699c-41c9-a932-e2d31dda8c04} <Trace> InterpreterSelectQuery: FetchColumns -> Complete
2026.03.18 22:27:35.704114 [ 44 ] {13571547-914a-4956-9c6c-0c68067895fb} <Trace> ContextAccess (default): Access granted: SELECT(group_code, course_code, teacher_id) ON test.schedule
2026.03.18 22:27:35.704133 [ 45 ] {06f937d7-699c-41c9-a932-e2d31dda8c04} <Debug> test.schedule_local (c5a236a4-b19d-49e9-bdcd-89504d35b521) (SelectExecutor): Key condition: unknown
2026.03.18 22:27:35.704151 [ 45 ] {06f937d7-699c-41c9-a932-e2d31dda8c04} <Debug> test.schedule_local (c5a236a4-b19d-49e9-bdcd-89504d35b521) (SelectExecutor): MinMax index condition: unknown
2026.03.18 22:27:35.704197 [ 44 ] {13571547-914a-4956-9c6c-0c68067895fb} <Trace> ContextAccess (default): Access granted: SELECT(group_code, course_code, teacher_id) ON test.schedule
2026.03.18 22:27:35.704309 [ 44 ] {13571547-914a-4956-9c6c-0c68067895fb} <Trace> ContextAccess (default): Access granted: SELECT(group_code, course_code, teacher_id) ON test.schedule_local
2026.03.18 22:27:35.704324 [ 44 ] {13571547-914a-4956-9c6c-0c68067895fb} <Trace> InterpreterSelectQuery: FetchColumns -> Complete
2026.03.18 22:27:35.704351 [ 44 ] {13571547-914a-4956-9c6c-0c68067895fb} <Trace> InterpreterSelectQuery: Complete -> Complete
2026.03.18 22:27:35.704410 [ 44 ] {13571547-914a-4956-9c6c-0c68067895fb} <Debug> HashJoin: (0x7859a6546e18) Datatype: EMPTY, kind: Inner, strictness: All, right header: s.teacher_id String String(size = 0), course_code String String(size = 0), group_code String String(size = 0)
2026.03.18 22:27:35.704418 [ 44 ] {13571547-914a-4956-9c6c-0c68067895fb} <Debug> HashJoin: (0x7859a6546e18) Keys: [(teacher_id) = (s.teacher_id)]
2026.03.18 22:27:35.704472 [ 44 ] {13571547-914a-4956-9c6c-0c68067895fb} <Trace> ContextAccess (default): Access granted: SELECT(teacher_id, full_name, position) ON test.teachers_local
2026.03.18 22:27:35.704506 [ 44 ] {13571547-914a-4956-9c6c-0c68067895fb} <Trace> InterpreterSelectQuery: FetchColumns -> WithMergeableState
2026.03.18 22:27:35.704521 [ 44 ] {13571547-914a-4956-9c6c-0c68067895fb} <Debug> JoiningTransform: Before join block: 'teacher_id String String(size = 0), full_name String String(size = 0), position String String(size = 0)'
2026.03.18 22:27:35.704540 [ 44 ] {13571547-914a-4956-9c6c-0c68067895fb} <Debug> JoiningTransform: After join block: 'teacher_id String String(size = 0), full_name String String(size = 0), position String String(size = 0), course_code String String(size = 0), group_code String String(size = 0)'
2026.03.18 22:27:35.704672 [ 44 ] {13571547-914a-4956-9c6c-0c68067895fb} <Debug> test.teachers_local (e100a84f-1a8b-456d-baae-1ca19e5e5ecb) (SelectExecutor): Key condition: unknown
2026.03.18 22:27:35.704687 [ 44 ] {13571547-914a-4956-9c6c-0c68067895fb} <Debug> test.teachers_local (e100a84f-1a8b-456d-baae-1ca19e5e5ecb) (SelectExecutor): MinMax index condition: unknown
2026.03.18 22:27:35.706285 [ 45 ] {06f937d7-699c-41c9-a932-e2d31dda8c04} <Debug> test.schedule_local (c5a236a4-b19d-49e9-bdcd-89504d35b521) (SelectExecutor): Selected 6/6 parts by partition key, 6 parts by primary key, 6/6 marks by primary key, 6 marks to read from 6 ranges
2026.03.18 22:27:35.706301 [ 45 ] {06f937d7-699c-41c9-a932-e2d31dda8c04} <Trace> test.schedule_local (c5a236a4-b19d-49e9-bdcd-89504d35b521) (SelectExecutor): Spreading mark ranges among streams (default reading)
2026.03.18 22:27:35.706368 [ 45 ] {06f937d7-699c-41c9-a932-e2d31dda8c04} <Debug> MergeTreeReadPool: min_marks_for_concurrent_read=24
2026.03.18 22:27:35.706380 [ 45 ] {06f937d7-699c-41c9-a932-e2d31dda8c04} <Debug> test.schedule_local (c5a236a4-b19d-49e9-bdcd-89504d35b521) (SelectExecutor): Reading approx. 300 rows with 4 streams
2026.03.18 22:27:35.707499 [ 44 ] {13571547-914a-4956-9c6c-0c68067895fb} <Debug> test.teachers_local (e100a84f-1a8b-456d-baae-1ca19e5e5ecb) (SelectExecutor): Selected 10/10 parts by partition key, 10 parts by primary key, 10/10 marks by primary key, 10 marks to read from 10 ranges
2026.03.18 22:27:35.707513 [ 44 ] {13571547-914a-4956-9c6c-0c68067895fb} <Trace> test.teachers_local (e100a84f-1a8b-456d-baae-1ca19e5e5ecb) (SelectExecutor): Spreading mark ranges among streams (default reading)
2026.03.18 22:27:35.707971 [ 44 ] {13571547-914a-4956-9c6c-0c68067895fb} <Debug> MergeTreeReadPool: min_marks_for_concurrent_read=24
2026.03.18 22:27:35.707988 [ 44 ] {13571547-914a-4956-9c6c-0c68067895fb} <Debug> test.teachers_local (e100a84f-1a8b-456d-baae-1ca19e5e5ecb) (SelectExecutor): Reading approx. 38 rows with 4 streams
2026.03.18 22:27:35.708212 [ 44 ] {13571547-914a-4956-9c6c-0c68067895fb} <Debug> test.schedule_local (c5a236a4-b19d-49e9-bdcd-89504d35b521) (SelectExecutor): Key condition: unknown
2026.03.18 22:27:35.708224 [ 44 ] {13571547-914a-4956-9c6c-0c68067895fb} <Debug> test.schedule_local (c5a236a4-b19d-49e9-bdcd-89504d35b521) (SelectExecutor): MinMax index condition: unknown
2026.03.18 22:27:35.708809 [ 44 ] {13571547-914a-4956-9c6c-0c68067895fb} <Debug> test.schedule_local (c5a236a4-b19d-49e9-bdcd-89504d35b521) (SelectExecutor): Selected 6/6 parts by partition key, 6 parts by primary key, 6/6 marks by primary key, 6 marks to read from 6 ranges
2026.03.18 22:27:35.708821 [ 44 ] {13571547-914a-4956-9c6c-0c68067895fb} <Trace> test.schedule_local (c5a236a4-b19d-49e9-bdcd-89504d35b521) (SelectExecutor): Spreading mark ranges among streams (default reading)
2026.03.18 22:27:35.708863 [ 44 ] {13571547-914a-4956-9c6c-0c68067895fb} <Debug> MergeTreeReadPool: min_marks_for_concurrent_read=24
2026.03.18 22:27:35.708870 [ 44 ] {13571547-914a-4956-9c6c-0c68067895fb} <Debug> test.schedule_local (c5a236a4-b19d-49e9-bdcd-89504d35b521) (SelectExecutor): Reading approx. 300 rows with 4 streams
2026.03.18 22:27:35.709582 [ 44 ] {13571547-914a-4956-9c6c-0c68067895fb} <Debug> JoiningTransform: Before join block: 'teacher_id String String(size = 0), full_name String String(size = 0), position String String(size = 0)'
2026.03.18 22:27:35.709665 [ 44 ] {13571547-914a-4956-9c6c-0c68067895fb} <Debug> JoiningTransform: After join block: 'teacher_id String String(size = 0), full_name String String(size = 0), position String String(size = 0), course_code String String(size = 0), group_code String String(size = 0)'
2026.03.18 22:27:35.712553 [ 46 ] {} <Trace> TCP-Session: 7d95cf43-fde8-4a52-857d-f12b1973d4ef Creating query context from session context, user_id: 94309d50-4f52-5250-31bd-74fecac179db, parent context user: default
2026.03.18 22:27:35.712827 [ 46 ] {c0a3b2fa-ea93-44d9-9944-3741c3b6bca5} <Debug> executeQuery: (from 172.18.0.7:38942, initial_query_id: ec887414-5747-4844-bad9-1b5255b4f573) SELECT `group_code`, `course_code`, `teacher_id` FROM `test`.`schedule_local` (stage: Complete)
2026.03.18 22:27:35.712993 [ 46 ] {c0a3b2fa-ea93-44d9-9944-3741c3b6bca5} <Trace> ContextAccess (default): Access granted: SELECT(group_code, course_code, teacher_id) ON test.schedule_local
2026.03.18 22:27:35.713013 [ 46 ] {c0a3b2fa-ea93-44d9-9944-3741c3b6bca5} <Trace> InterpreterSelectQuery: FetchColumns -> Complete
2026.03.18 22:27:35.713229 [ 46 ] {c0a3b2fa-ea93-44d9-9944-3741c3b6bca5} <Debug> test.schedule_local (c5a236a4-b19d-49e9-bdcd-89504d35b521) (SelectExecutor): Key condition: unknown
2026.03.18 22:27:35.714240 [ 305 ] {13571547-914a-4956-9c6c-0c68067895fb} <Debug> Connection (clickhouse-node2:9000): Sent data for 2 scalars, total 2 rows in 0.000195294 sec., 10227 rows/sec., 68.00 B (339.53 KiB/sec.), compressed 0.4594594594594595 times to 148.00 B (738.86 KiB/sec.)
2026.03.18 22:27:35.714412 [ 304 ] {13571547-914a-4956-9c6c-0c68067895fb} <Debug> Connection (clickhouse-node1:9000): Sent data for 2 scalars, total 2 rows in 0.000276186 sec., 7234 rows/sec., 68.00 B (240.15 KiB/sec.), compressed 0.4594594594594595 times to 148.00 B (522.63 KiB/sec.)
2026.03.18 22:27:35.714592 [ 45 ] {06f937d7-699c-41c9-a932-e2d31dda8c04} <Debug> executeQuery: Read 300 rows, 13.42 KiB in 0.01095 sec., 27397.260273972603 rows/sec., 1.20 MiB/sec.
2026.03.18 22:27:35.714659 [ 45 ] {06f937d7-699c-41c9-a932-e2d31dda8c04} <Debug> TCPHandler: Processed in 0.011173957 sec.
2026.03.18 22:27:35.714717 [ 46 ] {c0a3b2fa-ea93-44d9-9944-3741c3b6bca5} <Debug> test.schedule_local (c5a236a4-b19d-49e9-bdcd-89504d35b521) (SelectExecutor): MinMax index condition: unknown
2026.03.18 22:27:35.716915 [ 46 ] {c0a3b2fa-ea93-44d9-9944-3741c3b6bca5} <Debug> test.schedule_local (c5a236a4-b19d-49e9-bdcd-89504d35b521) (SelectExecutor): Selected 6/6 parts by partition key, 6 parts by primary key, 6/6 marks by primary key, 6 marks to read from 6 ranges
2026.03.18 22:27:35.717238 [ 46 ] {c0a3b2fa-ea93-44d9-9944-3741c3b6bca5} <Trace> test.schedule_local (c5a236a4-b19d-49e9-bdcd-89504d35b521) (SelectExecutor): Spreading mark ranges among streams (default reading)
2026.03.18 22:27:35.717831 [ 46 ] {c0a3b2fa-ea93-44d9-9944-3741c3b6bca5} <Debug> MergeTreeReadPool: min_marks_for_concurrent_read=24
2026.03.18 22:27:35.717839 [ 46 ] {c0a3b2fa-ea93-44d9-9944-3741c3b6bca5} <Debug> test.schedule_local (c5a236a4-b19d-49e9-bdcd-89504d35b521) (SelectExecutor): Reading approx. 300 rows with 4 streams
2026.03.18 22:27:35.720865 [ 304 ] {13571547-914a-4956-9c6c-0c68067895fb} <Trace> AggregatingTransform: Aggregating
2026.03.18 22:27:35.720885 [ 304 ] {13571547-914a-4956-9c6c-0c68067895fb} <Trace> Aggregator: Aggregation method: serialized
2026.03.18 22:27:35.721152 [ 306 ] {13571547-914a-4956-9c6c-0c68067895fb} <Trace> AggregatingTransform: Aggregating
2026.03.18 22:27:35.721165 [ 306 ] {13571547-914a-4956-9c6c-0c68067895fb} <Trace> Aggregator: Aggregation method: serialized
2026.03.18 22:27:35.721314 [ 306 ] {13571547-914a-4956-9c6c-0c68067895fb} <Trace> AggregatingTransform: Aggregated. 169 to 12 rows (from 20.31 KiB) in 0.010983837 sec. (15386.244 rows/sec., 1.81 MiB/sec.)
2026.03.18 22:27:35.721323 [ 304 ] {13571547-914a-4956-9c6c-0c68067895fb} <Trace> AggregatingTransform: Aggregated. 210 to 13 rows (from 25.12 KiB) in 0.011057335 sec. (18991.918 rows/sec., 2.22 MiB/sec.)
2026.03.18 22:27:35.721337 [ 297 ] {13571547-914a-4956-9c6c-0c68067895fb} <Trace> AggregatingTransform: Aggregated. 0 to 0 rows (from 0.00 B) in 0.011063365 sec. (0.000 rows/sec., 0.00 B/sec.)
2026.03.18 22:27:35.721348 [ 305 ] {13571547-914a-4956-9c6c-0c68067895fb} <Trace> AggregatingTransform: Aggregated. 0 to 0 rows (from 0.00 B) in 0.01107135 sec. (0.000 rows/sec., 0.00 B/sec.)
2026.03.18 22:27:35.721351 [ 305 ] {13571547-914a-4956-9c6c-0c68067895fb} <Trace> Aggregator: Merging aggregated data
2026.03.18 22:27:35.721355 [ 305 ] {13571547-914a-4956-9c6c-0c68067895fb} <Trace> Aggregator: Statistics updated for key=6451855701582130716: new sum_of_sizes=25, median_size=12
2026.03.18 22:27:35.722066 [ 46 ] {c0a3b2fa-ea93-44d9-9944-3741c3b6bca5} <Debug> executeQuery: Read 300 rows, 13.42 KiB in 0.009261 sec., 32393.909944930354 rows/sec., 1.41 MiB/sec.
2026.03.18 22:27:35.722109 [ 46 ] {c0a3b2fa-ea93-44d9-9944-3741c3b6bca5} <Debug> TCPHandler: Processed in 0.009744865 sec.
2026.03.18 22:27:35.722944 [ 44 ] {13571547-914a-4956-9c6c-0c68067895fb} <Debug> executeQuery: Read 1038 rows, 48.10 KiB in 0.020383 sec., 50924.79026639847 rows/sec., 2.30 MiB/sec.
2026.03.18 22:27:35.723347 [ 44 ] {13571547-914a-4956-9c6c-0c68067895fb} <Trace> HashJoin: (0x7859a6546e18) Join data is being destroyed, 105216 bytes and 100 rows in hash table
2026.03.18 22:27:35.723529 [ 44 ] {13571547-914a-4956-9c6c-0c68067895fb} <Debug> MemoryTracker: Peak memory usage (for query): 975.45 KiB.
2026.03.18 22:27:35.723539 [ 44 ] {13571547-914a-4956-9c6c-0c68067895fb} <Debug> TCPHandler: Processed in 0.021211823 sec.
2026.03.18 22:27:36.465227 [ 76 ] {} <Debug> DNSResolver: Updating DNS cache
2026.03.18 22:27:36.466630 [ 76 ] {} <Debug> DNSResolver: Updated DNS cache
2026.03.18 22:27:38.964598 [ 45 ] {} <Trace> TCP-Session: a1e4ffc4-7a88-4f2c-b9c1-4fcfcf4de38f Creating query context from session context, user_id: 94309d50-4f52-5250-31bd-74fecac179db, parent context user: default
2026.03.18 22:27:38.964721 [ 45 ] {819b0ca0-5862-4826-941f-5a58804d0e15} <Debug> executeQuery: (from 172.18.0.6:49796, initial_query_id: a605278e-4810-429e-8b7b-e3fea247dabe) SELECT `student_id`, `grade` FROM `test`.`grades_local` (stage: Complete)
2026.03.18 22:27:38.964954 [ 45 ] {819b0ca0-5862-4826-941f-5a58804d0e15} <Trace> ContextAccess (default): Access granted: SELECT(student_id, grade) ON test.grades_local
2026.03.18 22:27:38.964995 [ 45 ] {819b0ca0-5862-4826-941f-5a58804d0e15} <Trace> InterpreterSelectQuery: FetchColumns -> Complete
2026.03.18 22:27:38.965048 [ 45 ] {819b0ca0-5862-4826-941f-5a58804d0e15} <Debug> test.grades_local (7b83862b-cceb-45e9-8ab9-cc0189ed0327) (SelectExecutor): Key condition: unknown
2026.03.18 22:27:38.965077 [ 45 ] {819b0ca0-5862-4826-941f-5a58804d0e15} <Debug> test.grades_local (7b83862b-cceb-45e9-8ab9-cc0189ed0327) (SelectExecutor): MinMax index condition: unknown
2026.03.18 22:27:38.965135 [ 44 ] {} <Trace> TCP-Session: 5b267750-1deb-428c-94a8-2389957b68da Creating query context from session context, user_id: 94309d50-4f52-5250-31bd-74fecac179db, parent context user: default
2026.03.18 22:27:38.965291 [ 44 ] {f7a482ac-4c5f-479e-ad8b-8324c68a431c} <Debug> executeQuery: (from 172.18.0.6:56004, initial_query_id: a605278e-4810-429e-8b7b-e3fea247dabe) SELECT `s`.`group_code`, uniqExact(`s`.`student_id`) AS `students`, round(avg(`g`.`grade`), 2) AS `avg_grade`, round(avg(`s`.`gpa`), 2) AS `avg_gpa` FROM `test`.`students_local` AS `s` ALL LEFT JOIN `test`.`grades` AS `g` ON `s`.`student_id` = `g`.`student_id` GROUP BY `s`.`group_code` HAVING uniqExact(`s`.`student_id`) > 0 ORDER BY `avg_grade` DESC LIMIT 15 (stage: WithMergeableState)
2026.03.18 22:27:38.966630 [ 44 ] {f7a482ac-4c5f-479e-ad8b-8324c68a431c} <Trace> ContextAccess (default): Access granted: SELECT(student_id, grade) ON test.grades
2026.03.18 22:27:38.966694 [ 44 ] {f7a482ac-4c5f-479e-ad8b-8324c68a431c} <Trace> ContextAccess (default): Access granted: SELECT(student_id, grade) ON test.grades
2026.03.18 22:27:38.966992 [ 44 ] {f7a482ac-4c5f-479e-ad8b-8324c68a431c} <Trace> ContextAccess (default): Access granted: SELECT(student_id, grade) ON test.grades_local
2026.03.18 22:27:38.967045 [ 44 ] {f7a482ac-4c5f-479e-ad8b-8324c68a431c} <Trace> InterpreterSelectQuery: FetchColumns -> Complete
2026.03.18 22:27:38.967068 [ 44 ] {f7a482ac-4c5f-479e-ad8b-8324c68a431c} <Trace> InterpreterSelectQuery: Complete -> Complete
2026.03.18 22:27:38.967094 [ 44 ] {f7a482ac-4c5f-479e-ad8b-8324c68a431c} <Debug> HashJoin: (0x78599fec2198) Datatype: EMPTY, kind: Left, strictness: All, right header: g.student_id String String(size = 0), grade UInt8 UInt8(size = 0)
2026.03.18 22:27:38.967099 [ 44 ] {f7a482ac-4c5f-479e-ad8b-8324c68a431c} <Debug> HashJoin: (0x78599fec2198) Keys: [(student_id) = (g.student_id)]
2026.03.18 22:27:38.967168 [ 44 ] {f7a482ac-4c5f-479e-ad8b-8324c68a431c} <Trace> ContextAccess (default): Access granted: SELECT(student_id, group_code, gpa) ON test.students_local
2026.03.18 22:27:38.967188 [ 44 ] {f7a482ac-4c5f-479e-ad8b-8324c68a431c} <Trace> InterpreterSelectQuery: FetchColumns -> WithMergeableState
2026.03.18 22:27:38.967199 [ 44 ] {f7a482ac-4c5f-479e-ad8b-8324c68a431c} <Debug> JoiningTransform: Before join block: 'student_id String String(size = 0), group_code String String(size = 0), gpa Float32 Float32(size = 0)'
2026.03.18 22:27:38.967208 [ 44 ] {f7a482ac-4c5f-479e-ad8b-8324c68a431c} <Debug> JoiningTransform: After join block: 'student_id String String(size = 0), group_code String String(size = 0), gpa Float32 Float32(size = 0), grade UInt8 UInt8(size = 0)'
2026.03.18 22:27:38.967309 [ 44 ] {f7a482ac-4c5f-479e-ad8b-8324c68a431c} <Debug> test.students_local (adcc615b-4a80-499d-a267-5ed2e1cff73a) (SelectExecutor): Key condition: unknown
2026.03.18 22:27:38.967319 [ 44 ] {f7a482ac-4c5f-479e-ad8b-8324c68a431c} <Debug> test.students_local (adcc615b-4a80-499d-a267-5ed2e1cff73a) (SelectExecutor): MinMax index condition: unknown
2026.03.18 22:27:38.967338 [ 45 ] {819b0ca0-5862-4826-941f-5a58804d0e15} <Debug> test.grades_local (7b83862b-cceb-45e9-8ab9-cc0189ed0327) (SelectExecutor): Selected 27/27 parts by partition key, 27 parts by primary key, 27/27 marks by primary key, 27 marks to read from 27 ranges
2026.03.18 22:27:38.967360 [ 45 ] {819b0ca0-5862-4826-941f-5a58804d0e15} <Trace> test.grades_local (7b83862b-cceb-45e9-8ab9-cc0189ed0327) (SelectExecutor): Spreading mark ranges among streams (default reading)
2026.03.18 22:27:38.968012 [ 45 ] {819b0ca0-5862-4826-941f-5a58804d0e15} <Debug> MergeTreeReadPool: min_marks_for_concurrent_read=24
2026.03.18 22:27:38.968046 [ 45 ] {819b0ca0-5862-4826-941f-5a58804d0e15} <Debug> test.grades_local (7b83862b-cceb-45e9-8ab9-cc0189ed0327) (SelectExecutor): Reading approx. 1746 rows with 4 streams
2026.03.18 22:27:38.968427 [ 44 ] {f7a482ac-4c5f-479e-ad8b-8324c68a431c} <Debug> test.students_local (adcc615b-4a80-499d-a267-5ed2e1cff73a) (SelectExecutor): Selected 4/4 parts by partition key, 4 parts by primary key, 4/4 marks by primary key, 4 marks to read from 4 ranges
2026.03.18 22:27:38.968437 [ 44 ] {f7a482ac-4c5f-479e-ad8b-8324c68a431c} <Trace> test.students_local (adcc615b-4a80-499d-a267-5ed2e1cff73a) (SelectExecutor): Spreading mark ranges among streams (default reading)
2026.03.18 22:27:38.968466 [ 44 ] {f7a482ac-4c5f-479e-ad8b-8324c68a431c} <Debug> MergeTreeReadPool: min_marks_for_concurrent_read=24
2026.03.18 22:27:38.968473 [ 44 ] {f7a482ac-4c5f-479e-ad8b-8324c68a431c} <Debug> test.students_local (adcc615b-4a80-499d-a267-5ed2e1cff73a) (SelectExecutor): Reading approx. 340 rows with 4 streams
2026.03.18 22:27:38.968543 [ 44 ] {f7a482ac-4c5f-479e-ad8b-8324c68a431c} <Debug> test.grades_local (7b83862b-cceb-45e9-8ab9-cc0189ed0327) (SelectExecutor): Key condition: unknown
2026.03.18 22:27:38.968560 [ 44 ] {f7a482ac-4c5f-479e-ad8b-8324c68a431c} <Debug> test.grades_local (7b83862b-cceb-45e9-8ab9-cc0189ed0327) (SelectExecutor): MinMax index condition: unknown
2026.03.18 22:27:38.975231 [ 44 ] {f7a482ac-4c5f-479e-ad8b-8324c68a431c} <Debug> test.grades_local (7b83862b-cceb-45e9-8ab9-cc0189ed0327) (SelectExecutor): Selected 27/27 parts by partition key, 27 parts by primary key, 27/27 marks by primary key, 27 marks to read from 27 ranges
2026.03.18 22:27:38.975253 [ 44 ] {f7a482ac-4c5f-479e-ad8b-8324c68a431c} <Trace> test.grades_local (7b83862b-cceb-45e9-8ab9-cc0189ed0327) (SelectExecutor): Spreading mark ranges among streams (default reading)
2026.03.18 22:27:38.975376 [ 44 ] {f7a482ac-4c5f-479e-ad8b-8324c68a431c} <Debug> MergeTreeReadPool: min_marks_for_concurrent_read=24
2026.03.18 22:27:38.975390 [ 44 ] {f7a482ac-4c5f-479e-ad8b-8324c68a431c} <Debug> test.grades_local (7b83862b-cceb-45e9-8ab9-cc0189ed0327) (SelectExecutor): Reading approx. 1746 rows with 4 streams
2026.03.18 22:27:38.975475 [ 44 ] {f7a482ac-4c5f-479e-ad8b-8324c68a431c} <Debug> JoiningTransform: Before join block: 'student_id String String(size = 0), group_code String String(size = 0), gpa Float32 Float32(size = 0)'
2026.03.18 22:27:38.975487 [ 44 ] {f7a482ac-4c5f-479e-ad8b-8324c68a431c} <Debug> JoiningTransform: After join block: 'student_id String String(size = 0), group_code String String(size = 0), gpa Float32 Float32(size = 0), grade UInt8 UInt8(size = 0)'
2026.03.18 22:27:38.976421 [ 46 ] {} <Trace> TCP-Session: 7d95cf43-fde8-4a52-857d-f12b1973d4ef Creating query context from session context, user_id: 94309d50-4f52-5250-31bd-74fecac179db, parent context user: default
2026.03.18 22:27:38.976510 [ 46 ] {4c98ac46-8304-4ddb-b520-9f1f270e5b32} <Debug> executeQuery: (from 172.18.0.7:38942, initial_query_id: a605278e-4810-429e-8b7b-e3fea247dabe) SELECT `student_id`, `grade` FROM `test`.`grades_local` (stage: Complete)
2026.03.18 22:27:38.977010 [ 46 ] {4c98ac46-8304-4ddb-b520-9f1f270e5b32} <Trace> ContextAccess (default): Access granted: SELECT(student_id, grade) ON test.grades_local
2026.03.18 22:27:38.977036 [ 46 ] {4c98ac46-8304-4ddb-b520-9f1f270e5b32} <Trace> InterpreterSelectQuery: FetchColumns -> Complete
2026.03.18 22:27:38.977078 [ 46 ] {4c98ac46-8304-4ddb-b520-9f1f270e5b32} <Debug> test.grades_local (7b83862b-cceb-45e9-8ab9-cc0189ed0327) (SelectExecutor): Key condition: unknown
2026.03.18 22:27:38.977095 [ 46 ] {4c98ac46-8304-4ddb-b520-9f1f270e5b32} <Debug> test.grades_local (7b83862b-cceb-45e9-8ab9-cc0189ed0327) (SelectExecutor): MinMax index condition: unknown
2026.03.18 22:27:38.980670 [ 295 ] {f7a482ac-4c5f-479e-ad8b-8324c68a431c} <Debug> Connection (clickhouse-node2:9000): Sent data for 2 scalars, total 2 rows in 0.000446483 sec., 4476 rows/sec., 68.00 B (148.61 KiB/sec.), compressed 0.4594594594594595 times to 148.00 B (323.43 KiB/sec.)
2026.03.18 22:27:38.980962 [ 310 ] {f7a482ac-4c5f-479e-ad8b-8324c68a431c} <Debug> Connection (clickhouse-node1:9000): Sent data for 2 scalars, total 2 rows in 5.7678e-05 sec., 34561 rows/sec., 68.00 B (1.12 MiB/sec.), compressed 0.4594594594594595 times to 148.00 B (2.44 MiB/sec.)
2026.03.18 22:27:38.982265 [ 46 ] {4c98ac46-8304-4ddb-b520-9f1f270e5b32} <Debug> test.grades_local (7b83862b-cceb-45e9-8ab9-cc0189ed0327) (SelectExecutor): Selected 27/27 parts by partition key, 27 parts by primary key, 27/27 marks by primary key, 27 marks to read from 27 ranges
2026.03.18 22:27:38.982284 [ 46 ] {4c98ac46-8304-4ddb-b520-9f1f270e5b32} <Trace> test.grades_local (7b83862b-cceb-45e9-8ab9-cc0189ed0327) (SelectExecutor): Spreading mark ranges among streams (default reading)
2026.03.18 22:27:38.983056 [ 46 ] {4c98ac46-8304-4ddb-b520-9f1f270e5b32} <Debug> MergeTreeReadPool: min_marks_for_concurrent_read=24
2026.03.18 22:27:38.983098 [ 46 ] {4c98ac46-8304-4ddb-b520-9f1f270e5b32} <Debug> test.grades_local (7b83862b-cceb-45e9-8ab9-cc0189ed0327) (SelectExecutor): Reading approx. 1746 rows with 4 streams
2026.03.18 22:27:38.983685 [ 45 ] {819b0ca0-5862-4826-941f-5a58804d0e15} <Debug> executeQuery: Read 1746 rows, 28.99 KiB in 0.018988 sec., 91952.81230250683 rows/sec., 1.49 MiB/sec.
2026.03.18 22:27:38.983924 [ 45 ] {819b0ca0-5862-4826-941f-5a58804d0e15} <Debug> MemoryTracker: Peak memory usage (for query): 138.67 KiB.
2026.03.18 22:27:38.983933 [ 45 ] {819b0ca0-5862-4826-941f-5a58804d0e15} <Debug> TCPHandler: Processed in 0.019399981 sec.
2026.03.18 22:27:38.991907 [ 309 ] {f7a482ac-4c5f-479e-ad8b-8324c68a431c} <Trace> AggregatingTransform: Aggregating
2026.03.18 22:27:38.991952 [ 301 ] {f7a482ac-4c5f-479e-ad8b-8324c68a431c} <Trace> AggregatingTransform: Aggregating
2026.03.18 22:27:38.991975 [ 301 ] {f7a482ac-4c5f-479e-ad8b-8324c68a431c} <Trace> Aggregator: Aggregation method: key_string
2026.03.18 22:27:38.992053 [ 309 ] {f7a482ac-4c5f-479e-ad8b-8324c68a431c} <Trace> Aggregator: Aggregation method: key_string
2026.03.18 22:27:38.992062 [ 295 ] {f7a482ac-4c5f-479e-ad8b-8324c68a431c} <Trace> AggregatingTransform: Aggregating
2026.03.18 22:27:38.992068 [ 303 ] {f7a482ac-4c5f-479e-ad8b-8324c68a431c} <Trace> AggregatingTransform: Aggregating
2026.03.18 22:27:38.992075 [ 295 ] {f7a482ac-4c5f-479e-ad8b-8324c68a431c} <Trace> Aggregator: Aggregation method: key_string
2026.03.18 22:27:38.992087 [ 303 ] {f7a482ac-4c5f-479e-ad8b-8324c68a431c} <Trace> Aggregator: Aggregation method: key_string
2026.03.18 22:27:38.992090 [ 309 ] {f7a482ac-4c5f-479e-ad8b-8324c68a431c} <Trace> AggregatingTransform: Aggregated. 385 to 23 rows (from 14.29 KiB) in 0.016503617 sec. (23328.220 rows/sec., 865.70 KiB/sec.)
2026.03.18 22:27:38.992094 [ 301 ] {f7a482ac-4c5f-479e-ad8b-8324c68a431c} <Trace> AggregatingTransform: Aggregated. 430 to 24 rows (from 15.96 KiB) in 0.016499389 sec. (26061.571 rows/sec., 967.13 KiB/sec.)
2026.03.18 22:27:38.992133 [ 303 ] {f7a482ac-4c5f-479e-ad8b-8324c68a431c} <Trace> AggregatingTransform: Aggregated. 529 to 25 rows (from 19.63 KiB) in 0.016551978 sec. (31959.926 rows/sec., 1.16 MiB/sec.)
2026.03.18 22:27:38.992096 [ 295 ] {f7a482ac-4c5f-479e-ad8b-8324c68a431c} <Trace> AggregatingTransform: Aggregated. 402 to 24 rows (from 14.92 KiB) in 0.016497528 sec. (24367.287 rows/sec., 904.25 KiB/sec.)
2026.03.18 22:27:38.992196 [ 295 ] {f7a482ac-4c5f-479e-ad8b-8324c68a431c} <Trace> Aggregator: Merging aggregated data
2026.03.18 22:27:38.992202 [ 295 ] {f7a482ac-4c5f-479e-ad8b-8324c68a431c} <Trace> Aggregator: Statistics updated for key=15350514525722223843: new sum_of_sizes=96, median_size=24
2026.03.18 22:27:38.992822 [ 46 ] {4c98ac46-8304-4ddb-b520-9f1f270e5b32} <Debug> executeQuery: Read 1746 rows, 28.99 KiB in 0.016327 sec., 106939.4254915171 rows/sec., 1.73 MiB/sec.
2026.03.18 22:27:38.992883 [ 46 ] {4c98ac46-8304-4ddb-b520-9f1f270e5b32} <Debug> MemoryTracker: Peak memory usage (for query): 137.42 KiB.
2026.03.18 22:27:38.992887 [ 46 ] {4c98ac46-8304-4ddb-b520-9f1f270e5b32} <Debug> TCPHandler: Processed in 0.016514507 sec.
2026.03.18 22:27:38.994064 [ 44 ] {f7a482ac-4c5f-479e-ad8b-8324c68a431c} <Debug> executeQuery: Read 5340 rows, 95.29 KiB in 0.028855 sec., 185063.24727083696 rows/sec., 3.23 MiB/sec.
2026.03.18 22:27:38.994487 [ 44 ] {f7a482ac-4c5f-479e-ad8b-8324c68a431c} <Trace> HashJoin: (0x78599fec2198) Join data is being destroyed, 475392 bytes and 995 rows in hash table
2026.03.18 22:27:38.994802 [ 44 ] {f7a482ac-4c5f-479e-ad8b-8324c68a431c} <Debug> MemoryTracker: Peak memory usage (for query): 1.61 MiB.
2026.03.18 22:27:38.994812 [ 44 ] {f7a482ac-4c5f-479e-ad8b-8324c68a431c} <Debug> TCPHandler: Processed in 0.029722837 sec.
2026.03.18 22:27:39.002180 [ 285 ] {} <Trace> AsynchronousMetrics: MemoryTracking: was 408.57 MiB, peak 410.32 MiB, free memory in arenas 5.98 MiB, will set to 409.94 MiB (RSS), difference: 1.37 MiB
2026.03.18 22:27:43.132842 [ 45 ] {} <Trace> TCP-Session: a1e4ffc4-7a88-4f2c-b9c1-4fcfcf4de38f Creating query context from session context, user_id: 94309d50-4f52-5250-31bd-74fecac179db, parent context user: default
2026.03.18 22:27:43.133042 [ 45 ] {ebe1f94b-bd1e-4a0a-b27c-aee18f605649} <Debug> executeQuery: (from 172.18.0.6:49796, initial_query_id: d490558a-e2e8-41e3-b58e-0faeaf4c89d1) SELECT `s`.`full_name`, `s`.`group_code`, `g`.`course_code`, `g`.`grade`, row_number() OVER (PARTITION BY `g`.`course_code` ORDER BY `g`.`grade` DESC) AS `rn` FROM `test`.`grades_local` AS `g` ALL INNER JOIN `test`.`students` AS `s` ON `g`.`student_id` = `s`.`student_id` (stage: WithMergeableState)
2026.03.18 22:27:43.133072 [ 44 ] {} <Trace> TCP-Session: 5b267750-1deb-428c-94a8-2389957b68da Creating query context from session context, user_id: 94309d50-4f52-5250-31bd-74fecac179db, parent context user: default
2026.03.18 22:27:43.133168 [ 44 ] {1bf9445c-59dd-4be3-92ee-0b457f3c8ffb} <Debug> executeQuery: (from 172.18.0.6:56004, initial_query_id: d490558a-e2e8-41e3-b58e-0faeaf4c89d1) SELECT `student_id`, `full_name`, `group_code` FROM `test`.`students_local` (stage: Complete)
2026.03.18 22:27:43.133304 [ 44 ] {1bf9445c-59dd-4be3-92ee-0b457f3c8ffb} <Trace> ContextAccess (default): Access granted: SELECT(student_id, full_name, group_code) ON test.students_local
2026.03.18 22:27:43.133327 [ 44 ] {1bf9445c-59dd-4be3-92ee-0b457f3c8ffb} <Trace> InterpreterSelectQuery: FetchColumns -> Complete
2026.03.18 22:27:43.133527 [ 44 ] {1bf9445c-59dd-4be3-92ee-0b457f3c8ffb} <Debug> test.students_local (adcc615b-4a80-499d-a267-5ed2e1cff73a) (SelectExecutor): Key condition: unknown
2026.03.18 22:27:43.133540 [ 44 ] {1bf9445c-59dd-4be3-92ee-0b457f3c8ffb} <Debug> test.students_local (adcc615b-4a80-499d-a267-5ed2e1cff73a) (SelectExecutor): MinMax index condition: unknown
2026.03.18 22:27:43.134262 [ 44 ] {1bf9445c-59dd-4be3-92ee-0b457f3c8ffb} <Debug> test.students_local (adcc615b-4a80-499d-a267-5ed2e1cff73a) (SelectExecutor): Selected 4/4 parts by partition key, 4 parts by primary key, 4/4 marks by primary key, 4 marks to read from 4 ranges
2026.03.18 22:27:43.134275 [ 44 ] {1bf9445c-59dd-4be3-92ee-0b457f3c8ffb} <Trace> test.students_local (adcc615b-4a80-499d-a267-5ed2e1cff73a) (SelectExecutor): Spreading mark ranges among streams (default reading)
2026.03.18 22:27:43.134309 [ 45 ] {ebe1f94b-bd1e-4a0a-b27c-aee18f605649} <Trace> ContextAccess (default): Access granted: SELECT(student_id, full_name, group_code) ON test.students
2026.03.18 22:27:43.134319 [ 44 ] {1bf9445c-59dd-4be3-92ee-0b457f3c8ffb} <Debug> MergeTreeReadPool: min_marks_for_concurrent_read=24
2026.03.18 22:27:43.134327 [ 44 ] {1bf9445c-59dd-4be3-92ee-0b457f3c8ffb} <Debug> test.students_local (adcc615b-4a80-499d-a267-5ed2e1cff73a) (SelectExecutor): Reading approx. 340 rows with 4 streams
2026.03.18 22:27:43.134376 [ 45 ] {ebe1f94b-bd1e-4a0a-b27c-aee18f605649} <Trace> ContextAccess (default): Access granted: SELECT(student_id, full_name, group_code) ON test.students
2026.03.18 22:27:43.135250 [ 45 ] {ebe1f94b-bd1e-4a0a-b27c-aee18f605649} <Trace> ContextAccess (default): Access granted: SELECT(student_id, full_name, group_code) ON test.students_local
2026.03.18 22:27:43.135277 [ 45 ] {ebe1f94b-bd1e-4a0a-b27c-aee18f605649} <Trace> InterpreterSelectQuery: FetchColumns -> Complete
2026.03.18 22:27:43.135409 [ 45 ] {ebe1f94b-bd1e-4a0a-b27c-aee18f605649} <Trace> InterpreterSelectQuery: Complete -> Complete
2026.03.18 22:27:43.135447 [ 45 ] {ebe1f94b-bd1e-4a0a-b27c-aee18f605649} <Debug> HashJoin: (0x7859c33f3198) Datatype: EMPTY, kind: Inner, strictness: All, right header: s.student_id String String(size = 0), full_name String String(size = 0), group_code String String(size = 0)
2026.03.18 22:27:43.135452 [ 45 ] {ebe1f94b-bd1e-4a0a-b27c-aee18f605649} <Debug> HashJoin: (0x7859c33f3198) Keys: [(student_id) = (s.student_id)]
2026.03.18 22:27:43.135503 [ 45 ] {ebe1f94b-bd1e-4a0a-b27c-aee18f605649} <Trace> ContextAccess (default): Access granted: SELECT(student_id, course_code, grade) ON test.grades_local
2026.03.18 22:27:43.135523 [ 45 ] {ebe1f94b-bd1e-4a0a-b27c-aee18f605649} <Trace> InterpreterSelectQuery: FetchColumns -> WithMergeableState
2026.03.18 22:27:43.135535 [ 45 ] {ebe1f94b-bd1e-4a0a-b27c-aee18f605649} <Debug> JoiningTransform: Before join block: 'student_id String String(size = 0), course_code String String(size = 0), grade UInt8 UInt8(size = 0)'
2026.03.18 22:27:43.135544 [ 45 ] {ebe1f94b-bd1e-4a0a-b27c-aee18f605649} <Debug> JoiningTransform: After join block: 'student_id String String(size = 0), course_code String String(size = 0), grade UInt8 UInt8(size = 0), full_name String String(size = 0), group_code String String(size = 0)'
2026.03.18 22:27:43.135644 [ 45 ] {ebe1f94b-bd1e-4a0a-b27c-aee18f605649} <Debug> test.grades_local (7b83862b-cceb-45e9-8ab9-cc0189ed0327) (SelectExecutor): Key condition: unknown
2026.03.18 22:27:43.135666 [ 45 ] {ebe1f94b-bd1e-4a0a-b27c-aee18f605649} <Debug> test.grades_local (7b83862b-cceb-45e9-8ab9-cc0189ed0327) (SelectExecutor): MinMax index condition: unknown
2026.03.18 22:27:43.136869 [ 44 ] {1bf9445c-59dd-4be3-92ee-0b457f3c8ffb} <Debug> executeQuery: Read 340 rows, 29.57 KiB in 0.003724 sec., 91299.67776584318 rows/sec., 7.75 MiB/sec.
2026.03.18 22:27:43.136911 [ 44 ] {1bf9445c-59dd-4be3-92ee-0b457f3c8ffb} <Debug> TCPHandler: Processed in 0.003887405 sec.
2026.03.18 22:27:43.138200 [ 45 ] {ebe1f94b-bd1e-4a0a-b27c-aee18f605649} <Debug> test.grades_local (7b83862b-cceb-45e9-8ab9-cc0189ed0327) (SelectExecutor): Selected 27/27 parts by partition key, 27 parts by primary key, 27/27 marks by primary key, 27 marks to read from 27 ranges
2026.03.18 22:27:43.138219 [ 45 ] {ebe1f94b-bd1e-4a0a-b27c-aee18f605649} <Trace> test.grades_local (7b83862b-cceb-45e9-8ab9-cc0189ed0327) (SelectExecutor): Spreading mark ranges among streams (default reading)
2026.03.18 22:27:43.138341 [ 45 ] {ebe1f94b-bd1e-4a0a-b27c-aee18f605649} <Debug> MergeTreeReadPool: min_marks_for_concurrent_read=24
2026.03.18 22:27:43.138351 [ 45 ] {ebe1f94b-bd1e-4a0a-b27c-aee18f605649} <Debug> test.grades_local (7b83862b-cceb-45e9-8ab9-cc0189ed0327) (SelectExecutor): Reading approx. 1746 rows with 4 streams
2026.03.18 22:27:43.138424 [ 45 ] {ebe1f94b-bd1e-4a0a-b27c-aee18f605649} <Debug> test.students_local (adcc615b-4a80-499d-a267-5ed2e1cff73a) (SelectExecutor): Key condition: unknown
2026.03.18 22:27:43.138444 [ 45 ] {ebe1f94b-bd1e-4a0a-b27c-aee18f605649} <Debug> test.students_local (adcc615b-4a80-499d-a267-5ed2e1cff73a) (SelectExecutor): MinMax index condition: unknown
2026.03.18 22:27:43.139017 [ 45 ] {ebe1f94b-bd1e-4a0a-b27c-aee18f605649} <Debug> test.students_local (adcc615b-4a80-499d-a267-5ed2e1cff73a) (SelectExecutor): Selected 4/4 parts by partition key, 4 parts by primary key, 4/4 marks by primary key, 4 marks to read from 4 ranges
2026.03.18 22:27:43.139029 [ 45 ] {ebe1f94b-bd1e-4a0a-b27c-aee18f605649} <Trace> test.students_local (adcc615b-4a80-499d-a267-5ed2e1cff73a) (SelectExecutor): Spreading mark ranges among streams (default reading)
2026.03.18 22:27:43.139051 [ 45 ] {ebe1f94b-bd1e-4a0a-b27c-aee18f605649} <Debug> MergeTreeReadPool: min_marks_for_concurrent_read=24
2026.03.18 22:27:43.139057 [ 45 ] {ebe1f94b-bd1e-4a0a-b27c-aee18f605649} <Debug> test.students_local (adcc615b-4a80-499d-a267-5ed2e1cff73a) (SelectExecutor): Reading approx. 340 rows with 4 streams
2026.03.18 22:27:43.139144 [ 45 ] {ebe1f94b-bd1e-4a0a-b27c-aee18f605649} <Debug> JoiningTransform: Before join block: 'student_id String String(size = 0), course_code String String(size = 0), grade UInt8 UInt8(size = 0)'
2026.03.18 22:27:43.139154 [ 45 ] {ebe1f94b-bd1e-4a0a-b27c-aee18f605649} <Debug> JoiningTransform: After join block: 'student_id String String(size = 0), course_code String String(size = 0), grade UInt8 UInt8(size = 0), full_name String String(size = 0), group_code String String(size = 0)'
2026.03.18 22:27:43.140585 [ 309 ] {ebe1f94b-bd1e-4a0a-b27c-aee18f605649} <Debug> Connection (clickhouse-node2:9000): Sent data for 2 scalars, total 2 rows in 3.4124e-05 sec., 58302 rows/sec., 68.00 B (1.89 MiB/sec.), compressed 0.4594594594594595 times to 148.00 B (4.11 MiB/sec.)
2026.03.18 22:27:43.141331 [ 305 ] {ebe1f94b-bd1e-4a0a-b27c-aee18f605649} <Debug> Connection (clickhouse-node1:9000): Sent data for 2 scalars, total 2 rows in 3.6549e-05 sec., 54334 rows/sec., 68.00 B (1.76 MiB/sec.), compressed 0.4594594594594595 times to 148.00 B (3.83 MiB/sec.)
2026.03.18 22:27:43.142486 [ 46 ] {} <Trace> TCP-Session: 7d95cf43-fde8-4a52-857d-f12b1973d4ef Creating query context from session context, user_id: 94309d50-4f52-5250-31bd-74fecac179db, parent context user: default
2026.03.18 22:27:43.142595 [ 46 ] {2e53543a-a944-4e43-8349-7899560a27c0} <Debug> executeQuery: (from 172.18.0.7:38942, initial_query_id: d490558a-e2e8-41e3-b58e-0faeaf4c89d1) SELECT `student_id`, `full_name`, `group_code` FROM `test`.`students_local` (stage: Complete)
2026.03.18 22:27:43.142714 [ 46 ] {2e53543a-a944-4e43-8349-7899560a27c0} <Trace> ContextAccess (default): Access granted: SELECT(student_id, full_name, group_code) ON test.students_local
2026.03.18 22:27:43.142736 [ 46 ] {2e53543a-a944-4e43-8349-7899560a27c0} <Trace> InterpreterSelectQuery: FetchColumns -> Complete
2026.03.18 22:27:43.142915 [ 46 ] {2e53543a-a944-4e43-8349-7899560a27c0} <Debug> test.students_local (adcc615b-4a80-499d-a267-5ed2e1cff73a) (SelectExecutor): Key condition: unknown
2026.03.18 22:27:43.142925 [ 46 ] {2e53543a-a944-4e43-8349-7899560a27c0} <Debug> test.students_local (adcc615b-4a80-499d-a267-5ed2e1cff73a) (SelectExecutor): MinMax index condition: unknown
2026.03.18 22:27:43.143301 [ 46 ] {2e53543a-a944-4e43-8349-7899560a27c0} <Debug> test.students_local (adcc615b-4a80-499d-a267-5ed2e1cff73a) (SelectExecutor): Selected 4/4 parts by partition key, 4 parts by primary key, 4/4 marks by primary key, 4 marks to read from 4 ranges
2026.03.18 22:27:43.143311 [ 46 ] {2e53543a-a944-4e43-8349-7899560a27c0} <Trace> test.students_local (adcc615b-4a80-499d-a267-5ed2e1cff73a) (SelectExecutor): Spreading mark ranges among streams (default reading)
2026.03.18 22:27:43.143337 [ 46 ] {2e53543a-a944-4e43-8349-7899560a27c0} <Debug> MergeTreeReadPool: min_marks_for_concurrent_read=24
2026.03.18 22:27:43.143344 [ 46 ] {2e53543a-a944-4e43-8349-7899560a27c0} <Debug> test.students_local (adcc615b-4a80-499d-a267-5ed2e1cff73a) (SelectExecutor): Reading approx. 340 rows with 4 streams
2026.03.18 22:27:43.146179 [ 46 ] {2e53543a-a944-4e43-8349-7899560a27c0} <Debug> executeQuery: Read 340 rows, 29.57 KiB in 0.003609 sec., 94208.92213909671 rows/sec., 8.00 MiB/sec.
2026.03.18 22:27:43.146219 [ 46 ] {2e53543a-a944-4e43-8349-7899560a27c0} <Debug> TCPHandler: Processed in 0.003787231 sec.
2026.03.18 22:27:43.151616 [ 45 ] {ebe1f94b-bd1e-4a0a-b27c-aee18f605649} <Debug> executeQuery: Read 2746 rows, 141.32 KiB in 0.01866 sec., 147159.69989281887 rows/sec., 7.40 MiB/sec.
2026.03.18 22:27:43.151835 [ 45 ] {ebe1f94b-bd1e-4a0a-b27c-aee18f605649} <Trace> HashJoin: (0x7859c33f3198) Join data is being destroyed, 315392 bytes and 1000 rows in hash table
2026.03.18 22:27:43.151988 [ 45 ] {ebe1f94b-bd1e-4a0a-b27c-aee18f605649} <Debug> MemoryTracker: Peak memory usage (for query): 1.54 MiB.
2026.03.18 22:27:43.151993 [ 45 ] {ebe1f94b-bd1e-4a0a-b27c-aee18f605649} <Debug> TCPHandler: Processed in 0.019225927 sec.
2026.03.18 22:27:51.484987 [ 72 ] {} <Debug> DNSResolver: Updating DNS cache
2026.03.18 22:27:51.486004 [ 72 ] {} <Debug> DNSResolver: Updated DNS cache
2026.03.18 22:28:06.498860 [ 75 ] {} <Debug> DNSResolver: Updating DNS cache
2026.03.18 22:28:06.500089 [ 75 ] {} <Debug> DNSResolver: Updated DNS cache
2026.03.18 22:28:21.500940 [ 77 ] {} <Debug> DNSResolver: Updating DNS cache
2026.03.18 22:28:21.502512 [ 77 ] {} <Debug> DNSResolver: Updated DNS cache
2026.03.18 22:28:36.504146 [ 53 ] {} <Debug> DNSResolver: Updating DNS cache
2026.03.18 22:28:36.506049 [ 53 ] {} <Debug> DNSResolver: Updated DNS cache
2026.03.18 22:28:51.508443 [ 96 ] {} <Debug> DNSResolver: Updating DNS cache
2026.03.18 22:28:51.509887 [ 96 ] {} <Debug> DNSResolver: Updated DNS cache
2026.03.18 22:29:06.510264 [ 71 ] {} <Debug> DNSResolver: Updating DNS cache
2026.03.18 22:29:06.512112 [ 71 ] {} <Debug> DNSResolver: Updated DNS cache
2026.03.18 22:29:21.513513 [ 102 ] {} <Debug> DNSResolver: Updating DNS cache
2026.03.18 22:29:21.515005 [ 102 ] {} <Debug> DNSResolver: Updated DNS cache
2026.03.18 22:29:32.002979 [ 285 ] {} <Trace> AsynchronousMetrics: Update heavy metrics. Update period 1 sec. Update heavy metrics period 120 sec. Heavy metrics calculation elapsed: 0.000356495 sec.
2026.03.18 22:29:36.518113 [ 82 ] {} <Debug> DNSResolver: Updating DNS cache
2026.03.18 22:29:36.519470 [ 82 ] {} <Debug> DNSResolver: Updated DNS cache
2026.03.18 22:29:51.521089 [ 159 ] {} <Debug> DNSResolver: Updating DNS cache
2026.03.18 22:29:51.522435 [ 159 ] {} <Debug> DNSResolver: Updated DNS cache
2026.03.18 22:30:06.523055 [ 129 ] {} <Debug> DNSResolver: Updating DNS cache
2026.03.18 22:30:06.524773 [ 129 ] {} <Debug> DNSResolver: Updated DNS cache
2026.03.18 22:30:21.525325 [ 86 ] {} <Debug> DNSResolver: Updating DNS cache
2026.03.18 22:30:21.526574 [ 86 ] {} <Debug> DNSResolver: Updated DNS cache
2026.03.18 22:30:36.526981 [ 161 ] {} <Debug> DNSResolver: Updating DNS cache
2026.03.18 22:30:36.528050 [ 161 ] {} <Debug> DNSResolver: Updated DNS cache
2026.03.18 22:30:48.003660 [ 285 ] {} <Trace> AsynchronousMetrics: Scanning /sys/block
2026.03.18 22:30:51.533102 [ 162 ] {} <Debug> DNSResolver: Updating DNS cache
2026.03.18 22:30:51.534297 [ 162 ] {} <Debug> DNSResolver: Updated DNS cache
2026.03.18 22:30:52.649206 [ 43 ] {} <Trace> BaseDaemon: Received signal 15
2026.03.18 22:30:52.649259 [ 43 ] {} <Information> Application: Received termination signal (Terminated)
2026.03.18 22:30:52.649279 [ 1 ] {} <Debug> Application: Received termination signal.
2026.03.18 22:30:52.649377 [ 1 ] {} <Debug> Application: Waiting for current connections to close.
2026.03.18 22:30:53.262557 [ 1 ] {} <Warning> Application: Closed all listening sockets. Waiting for 3 outstanding connections.
2026.03.18 22:30:53.789686 [ 46 ] {} <Debug> TCPHandler: Done processing connection.
2026.03.18 22:30:53.789757 [ 46 ] {} <Debug> TCP-Session: 7d95cf43-fde8-4a52-857d-f12b1973d4ef Logout, user_id: 94309d50-4f52-5250-31bd-74fecac179db
2026.03.18 22:30:53.789873 [ 44 ] {} <Debug> TCPHandler: Done processing connection.
2026.03.18 22:30:53.789911 [ 44 ] {} <Debug> TCP-Session: 5b267750-1deb-428c-94a8-2389957b68da Logout, user_id: 94309d50-4f52-5250-31bd-74fecac179db
2026.03.18 22:30:53.790429 [ 45 ] {} <Debug> TCPHandler: Done processing connection.
2026.03.18 22:30:53.790451 [ 45 ] {} <Debug> TCP-Session: a1e4ffc4-7a88-4f2c-b9c1-4fcfcf4de38f Logout, user_id: 94309d50-4f52-5250-31bd-74fecac179db
2026.03.18 22:30:54.366525 [ 1 ] {} <Information> Application: Closed connections.
2026.03.18 22:30:54.367049 [ 1 ] {} <Information> Application: Shutting down storages.
2026.03.18 22:30:54.367073 [ 1 ] {} <Information> Context: Shutdown disk default
2026.03.18 22:30:54.367082 [ 1 ] {} <Trace> AsynchronousInsertQueue: Shutting down the asynchronous insertion queue
2026.03.18 22:30:54.369939 [ 1 ] {} <Trace> AsynchronousInsertQueue: Asynchronous insertion queue finished
2026.03.18 22:30:54.369967 [ 1 ] {} <Debug> Context: Shutting down dictionaries loader
2026.03.18 22:30:54.370275 [ 1 ] {} <Debug> Context: Shutting down UDFs loader
2026.03.18 22:30:54.370797 [ 1 ] {} <Debug> Context: Shutting down another UDFs loader
2026.03.18 22:30:54.370805 [ 1 ] {} <Trace> Context: Shutting down named sessions
2026.03.18 22:30:54.370816 [ 1 ] {} <Debug> Context: Shutting down system logs
2026.03.18 22:30:54.370819 [ 1 ] {} <Trace> Context: Shutting down database catalog
2026.03.18 22:30:54.370832 [ 1 ] {} <Trace> DatabaseCatalog: Shutting down database INFORMATION_SCHEMA
2026.03.18 22:30:54.371033 [ 1 ] {} <Trace> DatabaseCatalog: Shutting down database default
2026.03.18 22:30:54.371038 [ 1 ] {} <Trace> DatabaseCatalog: Shutting down database information_schema
2026.03.18 22:30:54.371165 [ 1 ] {} <Trace> DatabaseCatalog: Shutting down database test
2026.03.18 22:30:54.371190 [ 1 ] {} <Debug> StorageDistributed (courses): Joining background threads for async INSERT
2026.03.18 22:30:54.371194 [ 1 ] {} <Debug> StorageDistributed (courses): Background threads for async INSERT joined
2026.03.18 22:30:54.371873 [ 1 ] {} <Debug> StorageDistributed (departments): Joining background threads for async INSERT
2026.03.18 22:30:54.371883 [ 1 ] {} <Debug> StorageDistributed (departments): Background threads for async INSERT joined
2026.03.18 22:30:54.372040 [ 1 ] {} <Debug> StorageDistributed (grades): Joining background threads for async INSERT
2026.03.18 22:30:54.372043 [ 1 ] {} <Debug> StorageDistributed (grades): Background threads for async INSERT joined
2026.03.18 22:30:54.372196 [ 1 ] {} <Debug> StorageDistributed (schedule): Joining background threads for async INSERT
2026.03.18 22:30:54.372199 [ 1 ] {} <Debug> StorageDistributed (schedule): Background threads for async INSERT joined
2026.03.18 22:30:54.372352 [ 1 ] {} <Debug> StorageDistributed (students): Joining background threads for async INSERT
2026.03.18 22:30:54.372355 [ 1 ] {} <Debug> StorageDistributed (students): Background threads for async INSERT joined
2026.03.18 22:30:54.372508 [ 1 ] {} <Debug> StorageDistributed (teachers): Joining background threads for async INSERT
2026.03.18 22:30:54.372511 [ 1 ] {} <Debug> StorageDistributed (teachers): Background threads for async INSERT joined
2026.03.18 22:30:54.375520 [ 1 ] {} <Trace> DatabaseCatalog: Shutting down system databases
2026.03.18 22:30:54.376251 [ 1 ] {} <Debug> Context: Shutting down merges executor
2026.03.18 22:30:54.377780 [ 1 ] {} <Debug> Context: Shutting down fetches executor
2026.03.18 22:30:54.378077 [ 1 ] {} <Debug> Context: Shutting down moves executor
2026.03.18 22:30:54.378249 [ 1 ] {} <Debug> Context: Shutting down common executor
2026.03.18 22:30:54.378399 [ 1 ] {} <Trace> Context: Shutting down DDLWorker
2026.03.18 22:30:54.379135 [ 1 ] {} <Trace> Context: Shutting down caches
2026.03.18 22:30:54.379148 [ 1 ] {} <Trace> Context: Shutting down AccessControl
2026.03.18 22:30:54.379219 [ 1 ] {} <Information> ZooKeeperClient: Finalizing session 2. finalization_started: false, queue_finished: false, reason: 'Destructor called'
2026.03.18 22:30:54.382827 [ 1 ] {} <Trace> BackgroundSchedulePool/BgBufSchPool: Waiting for threads to finish.
2026.03.18 22:30:54.385156 [ 1 ] {} <Trace> BackgroundSchedulePool/BgSchPool: Waiting for threads to finish.
2026.03.18 22:30:54.385496 [ 1 ] {} <Trace> BackgroundSchedulePool/BgDistSchPool: Waiting for threads to finish.
2026.03.18 22:30:54.385656 [ 1 ] {} <Trace> BackgroundSchedulePool/BgMBSchPool: Waiting for threads to finish.
2026.03.18 22:30:54.385918 [ 1 ] {} <Debug> Application: Shut down storages.
2026.03.18 22:30:54.385925 [ 1 ] {} <Debug> Application: Waiting for current connections to servers for tables to finish.
2026.03.18 22:30:55.266536 [ 1 ] {} <Information> Application: Closed all listening sockets.
2026.03.18 22:30:55.266552 [ 1 ] {} <Information> Application: Closed connections to servers for tables.
2026.03.18 22:30:55.266820 [ 1 ] {} <Debug> Context: Destructing local fs threadpool reader
2026.03.18 22:30:55.272505 [ 1 ] {} <Debug> Application: Destroyed global context.
2026.03.18 22:30:55.276275 [ 1 ] {} <Information> Application: shutting down
2026.03.18 22:30:55.276287 [ 1 ] {} <Debug> Application: Uninitializing subsystem: Logging Subsystem
2026.03.18 22:30:55.277053 [ 43 ] {} <Trace> BaseDaemon: Received signal -2
2026.03.18 22:30:55.277062 [ 43 ] {} <Information> BaseDaemon: Stop SignalListener thread
