2026.03.18 20:29:35.633031 [ 1 ] {} <Warning> Application: Listen [::]:9009 failed: Poco::Exception. Code: 1000, e.code() = 0, DNS error: EAI: Address family for hostname not supported (version 23.8.16.16 (official build)). If it is an IPv6 or IPv4 address and your host has disabled IPv6 or IPv4, then consider to specify not disabled IPv4 or IPv6 address to listen in <listen_host> element of configuration file. Example for disabled IPv6: <listen_host>0.0.0.0</listen_host> . Example for disabled IPv4: <listen_host>::</listen_host>
2026.03.18 20:29:35.705110 [ 1 ] {} <Warning> Application: Listen [::]:8123 failed: Poco::Exception. Code: 1000, e.code() = 0, DNS error: EAI: Address family for hostname not supported (version 23.8.16.16 (official build)). If it is an IPv6 or IPv4 address and your host has disabled IPv6 or IPv4, then consider to specify not disabled IPv4 or IPv6 address to listen in <listen_host> element of configuration file. Example for disabled IPv6: <listen_host>0.0.0.0</listen_host> . Example for disabled IPv4: <listen_host>::</listen_host>
2026.03.18 20:29:35.705238 [ 1 ] {} <Warning> Application: Listen [::]:9000 failed: Poco::Exception. Code: 1000, e.code() = 0, DNS error: EAI: Address family for hostname not supported (version 23.8.16.16 (official build)). If it is an IPv6 or IPv4 address and your host has disabled IPv6 or IPv4, then consider to specify not disabled IPv4 or IPv6 address to listen in <listen_host> element of configuration file. Example for disabled IPv6: <listen_host>0.0.0.0</listen_host> . Example for disabled IPv4: <listen_host>::</listen_host>
2026.03.18 20:29:35.709177 [ 286 ] {} <Error> DDLWorker: ZooKeeper error: Code: 999. Coordination::Exception: Unknown key host in config file. (KEEPER_EXCEPTION), Stack trace (when copying this message, always include the lines below):

0. DB::Exception::Exception(DB::Exception::MessageMasked&&, int, bool) @ 0x000000000c6251d7 in /usr/bin/clickhouse
1. DB::Exception::Exception<String const&>(int, FormatStringHelperImpl<std::type_identity<String const&>::type>, String const&) @ 0x00000000074ae38d in /usr/bin/clickhouse
2. Coordination::Exception::Exception<String const&>(Coordination::Error, FormatStringHelperImpl<std::type_identity<String const&>::type>, String const&) @ 0x000000001276578a in /usr/bin/clickhouse
3. zkutil::ZooKeeperArgs::initFromKeeperSection(Poco::Util::AbstractConfiguration const&, String const&) @ 0x0000000013813c10 in /usr/bin/clickhouse
4. zkutil::ZooKeeperArgs::ZooKeeperArgs(Poco::Util::AbstractConfiguration const&, String const&) @ 0x000000001380f986 in /usr/bin/clickhouse
5. zkutil::ZooKeeper::ZooKeeper(Poco::Util::AbstractConfiguration const&, String const&, std::shared_ptr<DB::ZooKeeperLog>) @ 0x00000000137e48cc in /usr/bin/clickhouse
6. DB::Context::getZooKeeper() const @ 0x000000001164aa4a in /usr/bin/clickhouse
7. DB::DDLWorker::getAndSetZooKeeper() @ 0x00000000116cc32d in /usr/bin/clickhouse
8. DB::DDLWorker::initializeMainThread() @ 0x00000000116dca3b in /usr/bin/clickhouse
9. DB::DDLWorker::runMainThread() @ 0x00000000116c73c0 in /usr/bin/clickhouse
10. void std::__function::__policy_invoker<void ()>::__call_impl<std::__function::__default_alloc_func<ThreadFromGlobalPoolImpl<true>::ThreadFromGlobalPoolImpl<void (DB::DDLWorker::*)(), DB::DDLWorker*>(void (DB::DDLWorker::*&&)(), DB::DDLWorker*&&)::'lambda'(), void ()>>(std::__function::__policy_storage const*) @ 0x00000000116ddb4c in /usr/bin/clickhouse
11. void* std::__thread_proxy[abi:v15000]<std::tuple<std::unique_ptr<std::__thread_struct, std::default_delete<std::__thread_struct>>, void ThreadPoolImpl<std::thread>::scheduleImpl<void>(std::function<void ()>, Priority, std::optional<unsigned long>, bool)::'lambda0'()>>(void*) @ 0x000000000c706104 in /usr/bin/clickhouse
12. ? @ 0x000078d4781ed609 in ?
13. ? @ 0x000078d478112353 in ?
 (version 23.8.16.16 (official build)). Failed to start DDLWorker.
2026.03.18 20:29:35.709209 [ 286 ] {} <Error> virtual bool DB::DDLWorker::initializeMainThread(): Code: 999. Coordination::Exception: Unknown key host in config file. (KEEPER_EXCEPTION), Stack trace (when copying this message, always include the lines below):

0. DB::Exception::Exception(DB::Exception::MessageMasked&&, int, bool) @ 0x000000000c6251d7 in /usr/bin/clickhouse
1. DB::Exception::Exception<String const&>(int, FormatStringHelperImpl<std::type_identity<String const&>::type>, String const&) @ 0x00000000074ae38d in /usr/bin/clickhouse
2. Coordination::Exception::Exception<String const&>(Coordination::Error, FormatStringHelperImpl<std::type_identity<String const&>::type>, String const&) @ 0x000000001276578a in /usr/bin/clickhouse
3. zkutil::ZooKeeperArgs::initFromKeeperSection(Poco::Util::AbstractConfiguration const&, String const&) @ 0x0000000013813c10 in /usr/bin/clickhouse
4. zkutil::ZooKeeperArgs::ZooKeeperArgs(Poco::Util::AbstractConfiguration const&, String const&) @ 0x000000001380f986 in /usr/bin/clickhouse
5. zkutil::ZooKeeper::ZooKeeper(Poco::Util::AbstractConfiguration const&, String const&, std::shared_ptr<DB::ZooKeeperLog>) @ 0x00000000137e48cc in /usr/bin/clickhouse
6. DB::Context::getZooKeeper() const @ 0x000000001164aa4a in /usr/bin/clickhouse
7. DB::DDLWorker::getAndSetZooKeeper() @ 0x00000000116cc32d in /usr/bin/clickhouse
8. DB::DDLWorker::initializeMainThread() @ 0x00000000116dca3b in /usr/bin/clickhouse
9. DB::DDLWorker::runMainThread() @ 0x00000000116c73c0 in /usr/bin/clickhouse
10. void std::__function::__policy_invoker<void ()>::__call_impl<std::__function::__default_alloc_func<ThreadFromGlobalPoolImpl<true>::ThreadFromGlobalPoolImpl<void (DB::DDLWorker::*)(), DB::DDLWorker*>(void (DB::DDLWorker::*&&)(), DB::DDLWorker*&&)::'lambda'(), void ()>>(std::__function::__policy_storage const*) @ 0x00000000116ddb4c in /usr/bin/clickhouse
11. void* std::__thread_proxy[abi:v15000]<std::tuple<std::unique_ptr<std::__thread_struct, std::default_delete<std::__thread_struct>>, void ThreadPoolImpl<std::thread>::scheduleImpl<void>(std::function<void ()>, Priority, std::optional<unsigned long>, bool)::'lambda0'()>>(void*) @ 0x000000000c706104 in /usr/bin/clickhouse
12. ? @ 0x000078d4781ed609 in ?
13. ? @ 0x000078d478112353 in ?
 (version 23.8.16.16 (official build))
2026.03.18 20:29:40.710170 [ 286 ] {} <Error> DDLWorker: ZooKeeper error: Code: 999. Coordination::Exception: Unknown key host in config file. (KEEPER_EXCEPTION), Stack trace (when copying this message, always include the lines below):

0. DB::Exception::Exception(DB::Exception::MessageMasked&&, int, bool) @ 0x000000000c6251d7 in /usr/bin/clickhouse
1. DB::Exception::Exception<String const&>(int, FormatStringHelperImpl<std::type_identity<String const&>::type>, String const&) @ 0x00000000074ae38d in /usr/bin/clickhouse
2. Coordination::Exception::Exception<String const&>(Coordination::Error, FormatStringHelperImpl<std::type_identity<String const&>::type>, String const&) @ 0x000000001276578a in /usr/bin/clickhouse
3. zkutil::ZooKeeperArgs::initFromKeeperSection(Poco::Util::AbstractConfiguration const&, String const&) @ 0x0000000013813c10 in /usr/bin/clickhouse
4. zkutil::ZooKeeperArgs::ZooKeeperArgs(Poco::Util::AbstractConfiguration const&, String const&) @ 0x000000001380f986 in /usr/bin/clickhouse
5. zkutil::ZooKeeper::ZooKeeper(Poco::Util::AbstractConfiguration const&, String const&, std::shared_ptr<DB::ZooKeeperLog>) @ 0x00000000137e48cc in /usr/bin/clickhouse
6. DB::Context::getZooKeeper() const @ 0x000000001164aa4a in /usr/bin/clickhouse
7. DB::DDLWorker::getAndSetZooKeeper() @ 0x00000000116cc32d in /usr/bin/clickhouse
8. DB::DDLWorker::initializeMainThread() @ 0x00000000116dca3b in /usr/bin/clickhouse
9. DB::DDLWorker::runMainThread() @ 0x00000000116c73c0 in /usr/bin/clickhouse
10. void std::__function::__policy_invoker<void ()>::__call_impl<std::__function::__default_alloc_func<ThreadFromGlobalPoolImpl<true>::ThreadFromGlobalPoolImpl<void (DB::DDLWorker::*)(), DB::DDLWorker*>(void (DB::DDLWorker::*&&)(), DB::DDLWorker*&&)::'lambda'(), void ()>>(std::__function::__policy_storage const*) @ 0x00000000116ddb4c in /usr/bin/clickhouse
11. void* std::__thread_proxy[abi:v15000]<std::tuple<std::unique_ptr<std::__thread_struct, std::default_delete<std::__thread_struct>>, void ThreadPoolImpl<std::thread>::scheduleImpl<void>(std::function<void ()>, Priority, std::optional<unsigned long>, bool)::'lambda0'()>>(void*) @ 0x000000000c706104 in /usr/bin/clickhouse
12. ? @ 0x000078d4781ed609 in ?
13. ? @ 0x000078d478112353 in ?
 (version 23.8.16.16 (official build)). Failed to start DDLWorker.
2026.03.18 20:29:40.710218 [ 286 ] {} <Error> virtual bool DB::DDLWorker::initializeMainThread(): Code: 999. Coordination::Exception: Unknown key host in config file. (KEEPER_EXCEPTION), Stack trace (when copying this message, always include the lines below):

0. DB::Exception::Exception(DB::Exception::MessageMasked&&, int, bool) @ 0x000000000c6251d7 in /usr/bin/clickhouse
1. DB::Exception::Exception<String const&>(int, FormatStringHelperImpl<std::type_identity<String const&>::type>, String const&) @ 0x00000000074ae38d in /usr/bin/clickhouse
2. Coordination::Exception::Exception<String const&>(Coordination::Error, FormatStringHelperImpl<std::type_identity<String const&>::type>, String const&) @ 0x000000001276578a in /usr/bin/clickhouse
3. zkutil::ZooKeeperArgs::initFromKeeperSection(Poco::Util::AbstractConfiguration const&, String const&) @ 0x0000000013813c10 in /usr/bin/clickhouse
4. zkutil::ZooKeeperArgs::ZooKeeperArgs(Poco::Util::AbstractConfiguration const&, String const&) @ 0x000000001380f986 in /usr/bin/clickhouse
5. zkutil::ZooKeeper::ZooKeeper(Poco::Util::AbstractConfiguration const&, String const&, std::shared_ptr<DB::ZooKeeperLog>) @ 0x00000000137e48cc in /usr/bin/clickhouse
6. DB::Context::getZooKeeper() const @ 0x000000001164aa4a in /usr/bin/clickhouse
7. DB::DDLWorker::getAndSetZooKeeper() @ 0x00000000116cc32d in /usr/bin/clickhouse
8. DB::DDLWorker::initializeMainThread() @ 0x00000000116dca3b in /usr/bin/clickhouse
9. DB::DDLWorker::runMainThread() @ 0x00000000116c73c0 in /usr/bin/clickhouse
10. void std::__function::__policy_invoker<void ()>::__call_impl<std::__function::__default_alloc_func<ThreadFromGlobalPoolImpl<true>::ThreadFromGlobalPoolImpl<void (DB::DDLWorker::*)(), DB::DDLWorker*>(void (DB::DDLWorker::*&&)(), DB::DDLWorker*&&)::'lambda'(), void ()>>(std::__function::__policy_storage const*) @ 0x00000000116ddb4c in /usr/bin/clickhouse
11. void* std::__thread_proxy[abi:v15000]<std::tuple<std::unique_ptr<std::__thread_struct, std::default_delete<std::__thread_struct>>, void ThreadPoolImpl<std::thread>::scheduleImpl<void>(std::function<void ()>, Priority, std::optional<unsigned long>, bool)::'lambda0'()>>(void*) @ 0x000000000c706104 in /usr/bin/clickhouse
12. ? @ 0x000078d4781ed609 in ?
13. ? @ 0x000078d478112353 in ?
 (version 23.8.16.16 (official build))
2026.03.18 20:29:45.720042 [ 286 ] {} <Error> DDLWorker: ZooKeeper error: Code: 999. Coordination::Exception: Unknown key host in config file. (KEEPER_EXCEPTION), Stack trace (when copying this message, always include the lines below):

0. DB::Exception::Exception(DB::Exception::MessageMasked&&, int, bool) @ 0x000000000c6251d7 in /usr/bin/clickhouse
1. DB::Exception::Exception<String const&>(int, FormatStringHelperImpl<std::type_identity<String const&>::type>, String const&) @ 0x00000000074ae38d in /usr/bin/clickhouse
2. Coordination::Exception::Exception<String const&>(Coordination::Error, FormatStringHelperImpl<std::type_identity<String const&>::type>, String const&) @ 0x000000001276578a in /usr/bin/clickhouse
3. zkutil::ZooKeeperArgs::initFromKeeperSection(Poco::Util::AbstractConfiguration const&, String const&) @ 0x0000000013813c10 in /usr/bin/clickhouse
4. zkutil::ZooKeeperArgs::ZooKeeperArgs(Poco::Util::AbstractConfiguration const&, String const&) @ 0x000000001380f986 in /usr/bin/clickhouse
5. zkutil::ZooKeeper::ZooKeeper(Poco::Util::AbstractConfiguration const&, String const&, std::shared_ptr<DB::ZooKeeperLog>) @ 0x00000000137e48cc in /usr/bin/clickhouse
6. DB::Context::getZooKeeper() const @ 0x000000001164aa4a in /usr/bin/clickhouse
7. DB::DDLWorker::getAndSetZooKeeper() @ 0x00000000116cc32d in /usr/bin/clickhouse
8. DB::DDLWorker::initializeMainThread() @ 0x00000000116dca3b in /usr/bin/clickhouse
9. DB::DDLWorker::runMainThread() @ 0x00000000116c73c0 in /usr/bin/clickhouse
10. void std::__function::__policy_invoker<void ()>::__call_impl<std::__function::__default_alloc_func<ThreadFromGlobalPoolImpl<true>::ThreadFromGlobalPoolImpl<void (DB::DDLWorker::*)(), DB::DDLWorker*>(void (DB::DDLWorker::*&&)(), DB::DDLWorker*&&)::'lambda'(), void ()>>(std::__function::__policy_storage const*) @ 0x00000000116ddb4c in /usr/bin/clickhouse
11. void* std::__thread_proxy[abi:v15000]<std::tuple<std::unique_ptr<std::__thread_struct, std::default_delete<std::__thread_struct>>, void ThreadPoolImpl<std::thread>::scheduleImpl<void>(std::function<void ()>, Priority, std::optional<unsigned long>, bool)::'lambda0'()>>(void*) @ 0x000000000c706104 in /usr/bin/clickhouse
12. ? @ 0x000078d4781ed609 in ?
13. ? @ 0x000078d478112353 in ?
 (version 23.8.16.16 (official build)). Failed to start DDLWorker.
2026.03.18 20:29:45.720116 [ 286 ] {} <Error> virtual bool DB::DDLWorker::initializeMainThread(): Code: 999. Coordination::Exception: Unknown key host in config file. (KEEPER_EXCEPTION), Stack trace (when copying this message, always include the lines below):

0. DB::Exception::Exception(DB::Exception::MessageMasked&&, int, bool) @ 0x000000000c6251d7 in /usr/bin/clickhouse
1. DB::Exception::Exception<String const&>(int, FormatStringHelperImpl<std::type_identity<String const&>::type>, String const&) @ 0x00000000074ae38d in /usr/bin/clickhouse
2. Coordination::Exception::Exception<String const&>(Coordination::Error, FormatStringHelperImpl<std::type_identity<String const&>::type>, String const&) @ 0x000000001276578a in /usr/bin/clickhouse
3. zkutil::ZooKeeperArgs::initFromKeeperSection(Poco::Util::AbstractConfiguration const&, String const&) @ 0x0000000013813c10 in /usr/bin/clickhouse
4. zkutil::ZooKeeperArgs::ZooKeeperArgs(Poco::Util::AbstractConfiguration const&, String const&) @ 0x000000001380f986 in /usr/bin/clickhouse
5. zkutil::ZooKeeper::ZooKeeper(Poco::Util::AbstractConfiguration const&, String const&, std::shared_ptr<DB::ZooKeeperLog>) @ 0x00000000137e48cc in /usr/bin/clickhouse
6. DB::Context::getZooKeeper() const @ 0x000000001164aa4a in /usr/bin/clickhouse
7. DB::DDLWorker::getAndSetZooKeeper() @ 0x00000000116cc32d in /usr/bin/clickhouse
8. DB::DDLWorker::initializeMainThread() @ 0x00000000116dca3b in /usr/bin/clickhouse
9. DB::DDLWorker::runMainThread() @ 0x00000000116c73c0 in /usr/bin/clickhouse
10. void std::__function::__policy_invoker<void ()>::__call_impl<std::__function::__default_alloc_func<ThreadFromGlobalPoolImpl<true>::ThreadFromGlobalPoolImpl<void (DB::DDLWorker::*)(), DB::DDLWorker*>(void (DB::DDLWorker::*&&)(), DB::DDLWorker*&&)::'lambda'(), void ()>>(std::__function::__policy_storage const*) @ 0x00000000116ddb4c in /usr/bin/clickhouse
11. void* std::__thread_proxy[abi:v15000]<std::tuple<std::unique_ptr<std::__thread_struct, std::default_delete<std::__thread_struct>>, void ThreadPoolImpl<std::thread>::scheduleImpl<void>(std::function<void ()>, Priority, std::optional<unsigned long>, bool)::'lambda0'()>>(void*) @ 0x000000000c706104 in /usr/bin/clickhouse
12. ? @ 0x000078d4781ed609 in ?
13. ? @ 0x000078d478112353 in ?
 (version 23.8.16.16 (official build))
2026.03.18 20:29:50.723845 [ 286 ] {} <Error> DDLWorker: ZooKeeper error: Code: 999. Coordination::Exception: Unknown key host in config file. (KEEPER_EXCEPTION), Stack trace (when copying this message, always include the lines below):

0. DB::Exception::Exception(DB::Exception::MessageMasked&&, int, bool) @ 0x000000000c6251d7 in /usr/bin/clickhouse
1. DB::Exception::Exception<String const&>(int, FormatStringHelperImpl<std::type_identity<String const&>::type>, String const&) @ 0x00000000074ae38d in /usr/bin/clickhouse
2. Coordination::Exception::Exception<String const&>(Coordination::Error, FormatStringHelperImpl<std::type_identity<String const&>::type>, String const&) @ 0x000000001276578a in /usr/bin/clickhouse
3. zkutil::ZooKeeperArgs::initFromKeeperSection(Poco::Util::AbstractConfiguration const&, String const&) @ 0x0000000013813c10 in /usr/bin/clickhouse
4. zkutil::ZooKeeperArgs::ZooKeeperArgs(Poco::Util::AbstractConfiguration const&, String const&) @ 0x000000001380f986 in /usr/bin/clickhouse
5. zkutil::ZooKeeper::ZooKeeper(Poco::Util::AbstractConfiguration const&, String const&, std::shared_ptr<DB::ZooKeeperLog>) @ 0x00000000137e48cc in /usr/bin/clickhouse
6. DB::Context::getZooKeeper() const @ 0x000000001164aa4a in /usr/bin/clickhouse
7. DB::DDLWorker::getAndSetZooKeeper() @ 0x00000000116cc32d in /usr/bin/clickhouse
8. DB::DDLWorker::initializeMainThread() @ 0x00000000116dca3b in /usr/bin/clickhouse
9. DB::DDLWorker::runMainThread() @ 0x00000000116c73c0 in /usr/bin/clickhouse
10. void std::__function::__policy_invoker<void ()>::__call_impl<std::__function::__default_alloc_func<ThreadFromGlobalPoolImpl<true>::ThreadFromGlobalPoolImpl<void (DB::DDLWorker::*)(), DB::DDLWorker*>(void (DB::DDLWorker::*&&)(), DB::DDLWorker*&&)::'lambda'(), void ()>>(std::__function::__policy_storage const*) @ 0x00000000116ddb4c in /usr/bin/clickhouse
11. void* std::__thread_proxy[abi:v15000]<std::tuple<std::unique_ptr<std::__thread_struct, std::default_delete<std::__thread_struct>>, void ThreadPoolImpl<std::thread>::scheduleImpl<void>(std::function<void ()>, Priority, std::optional<unsigned long>, bool)::'lambda0'()>>(void*) @ 0x000000000c706104 in /usr/bin/clickhouse
12. ? @ 0x000078d4781ed609 in ?
13. ? @ 0x000078d478112353 in ?
 (version 23.8.16.16 (official build)). Failed to start DDLWorker.
2026.03.18 20:29:50.723901 [ 286 ] {} <Error> virtual bool DB::DDLWorker::initializeMainThread(): Code: 999. Coordination::Exception: Unknown key host in config file. (KEEPER_EXCEPTION), Stack trace (when copying this message, always include the lines below):

0. DB::Exception::Exception(DB::Exception::MessageMasked&&, int, bool) @ 0x000000000c6251d7 in /usr/bin/clickhouse
1. DB::Exception::Exception<String const&>(int, FormatStringHelperImpl<std::type_identity<String const&>::type>, String const&) @ 0x00000000074ae38d in /usr/bin/clickhouse
2. Coordination::Exception::Exception<String const&>(Coordination::Error, FormatStringHelperImpl<std::type_identity<String const&>::type>, String const&) @ 0x000000001276578a in /usr/bin/clickhouse
3. zkutil::ZooKeeperArgs::initFromKeeperSection(Poco::Util::AbstractConfiguration const&, String const&) @ 0x0000000013813c10 in /usr/bin/clickhouse
4. zkutil::ZooKeeperArgs::ZooKeeperArgs(Poco::Util::AbstractConfiguration const&, String const&) @ 0x000000001380f986 in /usr/bin/clickhouse
5. zkutil::ZooKeeper::ZooKeeper(Poco::Util::AbstractConfiguration const&, String const&, std::shared_ptr<DB::ZooKeeperLog>) @ 0x00000000137e48cc in /usr/bin/clickhouse
6. DB::Context::getZooKeeper() const @ 0x000000001164aa4a in /usr/bin/clickhouse
7. DB::DDLWorker::getAndSetZooKeeper() @ 0x00000000116cc32d in /usr/bin/clickhouse
8. DB::DDLWorker::initializeMainThread() @ 0x00000000116dca3b in /usr/bin/clickhouse
9. DB::DDLWorker::runMainThread() @ 0x00000000116c73c0 in /usr/bin/clickhouse
10. void std::__function::__policy_invoker<void ()>::__call_impl<std::__function::__default_alloc_func<ThreadFromGlobalPoolImpl<true>::ThreadFromGlobalPoolImpl<void (DB::DDLWorker::*)(), DB::DDLWorker*>(void (DB::DDLWorker::*&&)(), DB::DDLWorker*&&)::'lambda'(), void ()>>(std::__function::__policy_storage const*) @ 0x00000000116ddb4c in /usr/bin/clickhouse
11. void* std::__thread_proxy[abi:v15000]<std::tuple<std::unique_ptr<std::__thread_struct, std::default_delete<std::__thread_struct>>, void ThreadPoolImpl<std::thread>::scheduleImpl<void>(std::function<void ()>, Priority, std::optional<unsigned long>, bool)::'lambda0'()>>(void*) @ 0x000000000c706104 in /usr/bin/clickhouse
12. ? @ 0x000078d4781ed609 in ?
13. ? @ 0x000078d478112353 in ?
 (version 23.8.16.16 (official build))
2026.03.18 20:29:55.724538 [ 286 ] {} <Error> DDLWorker: ZooKeeper error: Code: 999. Coordination::Exception: Unknown key host in config file. (KEEPER_EXCEPTION), Stack trace (when copying this message, always include the lines below):

0. DB::Exception::Exception(DB::Exception::MessageMasked&&, int, bool) @ 0x000000000c6251d7 in /usr/bin/clickhouse
1. DB::Exception::Exception<String const&>(int, FormatStringHelperImpl<std::type_identity<String const&>::type>, String const&) @ 0x00000000074ae38d in /usr/bin/clickhouse
2. Coordination::Exception::Exception<String const&>(Coordination::Error, FormatStringHelperImpl<std::type_identity<String const&>::type>, String const&) @ 0x000000001276578a in /usr/bin/clickhouse
3. zkutil::ZooKeeperArgs::initFromKeeperSection(Poco::Util::AbstractConfiguration const&, String const&) @ 0x0000000013813c10 in /usr/bin/clickhouse
4. zkutil::ZooKeeperArgs::ZooKeeperArgs(Poco::Util::AbstractConfiguration const&, String const&) @ 0x000000001380f986 in /usr/bin/clickhouse
5. zkutil::ZooKeeper::ZooKeeper(Poco::Util::AbstractConfiguration const&, String const&, std::shared_ptr<DB::ZooKeeperLog>) @ 0x00000000137e48cc in /usr/bin/clickhouse
6. DB::Context::getZooKeeper() const @ 0x000000001164aa4a in /usr/bin/clickhouse
7. DB::DDLWorker::getAndSetZooKeeper() @ 0x00000000116cc32d in /usr/bin/clickhouse
8. DB::DDLWorker::initializeMainThread() @ 0x00000000116dca3b in /usr/bin/clickhouse
9. DB::DDLWorker::runMainThread() @ 0x00000000116c73c0 in /usr/bin/clickhouse
10. void std::__function::__policy_invoker<void ()>::__call_impl<std::__function::__default_alloc_func<ThreadFromGlobalPoolImpl<true>::ThreadFromGlobalPoolImpl<void (DB::DDLWorker::*)(), DB::DDLWorker*>(void (DB::DDLWorker::*&&)(), DB::DDLWorker*&&)::'lambda'(), void ()>>(std::__function::__policy_storage const*) @ 0x00000000116ddb4c in /usr/bin/clickhouse
11. void* std::__thread_proxy[abi:v15000]<std::tuple<std::unique_ptr<std::__thread_struct, std::default_delete<std::__thread_struct>>, void ThreadPoolImpl<std::thread>::scheduleImpl<void>(std::function<void ()>, Priority, std::optional<unsigned long>, bool)::'lambda0'()>>(void*) @ 0x000000000c706104 in /usr/bin/clickhouse
12. ? @ 0x000078d4781ed609 in ?
13. ? @ 0x000078d478112353 in ?
 (version 23.8.16.16 (official build)). Failed to start DDLWorker.
2026.03.18 20:29:55.724597 [ 286 ] {} <Error> virtual bool DB::DDLWorker::initializeMainThread(): Code: 999. Coordination::Exception: Unknown key host in config file. (KEEPER_EXCEPTION), Stack trace (when copying this message, always include the lines below):

0. DB::Exception::Exception(DB::Exception::MessageMasked&&, int, bool) @ 0x000000000c6251d7 in /usr/bin/clickhouse
1. DB::Exception::Exception<String const&>(int, FormatStringHelperImpl<std::type_identity<String const&>::type>, String const&) @ 0x00000000074ae38d in /usr/bin/clickhouse
2. Coordination::Exception::Exception<String const&>(Coordination::Error, FormatStringHelperImpl<std::type_identity<String const&>::type>, String const&) @ 0x000000001276578a in /usr/bin/clickhouse
3. zkutil::ZooKeeperArgs::initFromKeeperSection(Poco::Util::AbstractConfiguration const&, String const&) @ 0x0000000013813c10 in /usr/bin/clickhouse
4. zkutil::ZooKeeperArgs::ZooKeeperArgs(Poco::Util::AbstractConfiguration const&, String const&) @ 0x000000001380f986 in /usr/bin/clickhouse
5. zkutil::ZooKeeper::ZooKeeper(Poco::Util::AbstractConfiguration const&, String const&, std::shared_ptr<DB::ZooKeeperLog>) @ 0x00000000137e48cc in /usr/bin/clickhouse
6. DB::Context::getZooKeeper() const @ 0x000000001164aa4a in /usr/bin/clickhouse
7. DB::DDLWorker::getAndSetZooKeeper() @ 0x00000000116cc32d in /usr/bin/clickhouse
8. DB::DDLWorker::initializeMainThread() @ 0x00000000116dca3b in /usr/bin/clickhouse
9. DB::DDLWorker::runMainThread() @ 0x00000000116c73c0 in /usr/bin/clickhouse
10. void std::__function::__policy_invoker<void ()>::__call_impl<std::__function::__default_alloc_func<ThreadFromGlobalPoolImpl<true>::ThreadFromGlobalPoolImpl<void (DB::DDLWorker::*)(), DB::DDLWorker*>(void (DB::DDLWorker::*&&)(), DB::DDLWorker*&&)::'lambda'(), void ()>>(std::__function::__policy_storage const*) @ 0x00000000116ddb4c in /usr/bin/clickhouse
11. void* std::__thread_proxy[abi:v15000]<std::tuple<std::unique_ptr<std::__thread_struct, std::default_delete<std::__thread_struct>>, void ThreadPoolImpl<std::thread>::scheduleImpl<void>(std::function<void ()>, Priority, std::optional<unsigned long>, bool)::'lambda0'()>>(void*) @ 0x000000000c706104 in /usr/bin/clickhouse
12. ? @ 0x000078d4781ed609 in ?
13. ? @ 0x000078d478112353 in ?
 (version 23.8.16.16 (official build))
2026.03.18 20:30:00.732567 [ 286 ] {} <Error> DDLWorker: ZooKeeper error: Code: 999. Coordination::Exception: Unknown key host in config file. (KEEPER_EXCEPTION), Stack trace (when copying this message, always include the lines below):

0. DB::Exception::Exception(DB::Exception::MessageMasked&&, int, bool) @ 0x000000000c6251d7 in /usr/bin/clickhouse
1. DB::Exception::Exception<String const&>(int, FormatStringHelperImpl<std::type_identity<String const&>::type>, String const&) @ 0x00000000074ae38d in /usr/bin/clickhouse
2. Coordination::Exception::Exception<String const&>(Coordination::Error, FormatStringHelperImpl<std::type_identity<String const&>::type>, String const&) @ 0x000000001276578a in /usr/bin/clickhouse
3. zkutil::ZooKeeperArgs::initFromKeeperSection(Poco::Util::AbstractConfiguration const&, String const&) @ 0x0000000013813c10 in /usr/bin/clickhouse
4. zkutil::ZooKeeperArgs::ZooKeeperArgs(Poco::Util::AbstractConfiguration const&, String const&) @ 0x000000001380f986 in /usr/bin/clickhouse
5. zkutil::ZooKeeper::ZooKeeper(Poco::Util::AbstractConfiguration const&, String const&, std::shared_ptr<DB::ZooKeeperLog>) @ 0x00000000137e48cc in /usr/bin/clickhouse
6. DB::Context::getZooKeeper() const @ 0x000000001164aa4a in /usr/bin/clickhouse
7. DB::DDLWorker::getAndSetZooKeeper() @ 0x00000000116cc32d in /usr/bin/clickhouse
8. DB::DDLWorker::initializeMainThread() @ 0x00000000116dca3b in /usr/bin/clickhouse
9. DB::DDLWorker::runMainThread() @ 0x00000000116c73c0 in /usr/bin/clickhouse
10. void std::__function::__policy_invoker<void ()>::__call_impl<std::__function::__default_alloc_func<ThreadFromGlobalPoolImpl<true>::ThreadFromGlobalPoolImpl<void (DB::DDLWorker::*)(), DB::DDLWorker*>(void (DB::DDLWorker::*&&)(), DB::DDLWorker*&&)::'lambda'(), void ()>>(std::__function::__policy_storage const*) @ 0x00000000116ddb4c in /usr/bin/clickhouse
11. void* std::__thread_proxy[abi:v15000]<std::tuple<std::unique_ptr<std::__thread_struct, std::default_delete<std::__thread_struct>>, void ThreadPoolImpl<std::thread>::scheduleImpl<void>(std::function<void ()>, Priority, std::optional<unsigned long>, bool)::'lambda0'()>>(void*) @ 0x000000000c706104 in /usr/bin/clickhouse
12. ? @ 0x000078d4781ed609 in ?
13. ? @ 0x000078d478112353 in ?
 (version 23.8.16.16 (official build)). Failed to start DDLWorker.
2026.03.18 20:30:00.732678 [ 286 ] {} <Error> virtual bool DB::DDLWorker::initializeMainThread(): Code: 999. Coordination::Exception: Unknown key host in config file. (KEEPER_EXCEPTION), Stack trace (when copying this message, always include the lines below):

0. DB::Exception::Exception(DB::Exception::MessageMasked&&, int, bool) @ 0x000000000c6251d7 in /usr/bin/clickhouse
1. DB::Exception::Exception<String const&>(int, FormatStringHelperImpl<std::type_identity<String const&>::type>, String const&) @ 0x00000000074ae38d in /usr/bin/clickhouse
2. Coordination::Exception::Exception<String const&>(Coordination::Error, FormatStringHelperImpl<std::type_identity<String const&>::type>, String const&) @ 0x000000001276578a in /usr/bin/clickhouse
3. zkutil::ZooKeeperArgs::initFromKeeperSection(Poco::Util::AbstractConfiguration const&, String const&) @ 0x0000000013813c10 in /usr/bin/clickhouse
4. zkutil::ZooKeeperArgs::ZooKeeperArgs(Poco::Util::AbstractConfiguration const&, String const&) @ 0x000000001380f986 in /usr/bin/clickhouse
5. zkutil::ZooKeeper::ZooKeeper(Poco::Util::AbstractConfiguration const&, String const&, std::shared_ptr<DB::ZooKeeperLog>) @ 0x00000000137e48cc in /usr/bin/clickhouse
6. DB::Context::getZooKeeper() const @ 0x000000001164aa4a in /usr/bin/clickhouse
7. DB::DDLWorker::getAndSetZooKeeper() @ 0x00000000116cc32d in /usr/bin/clickhouse
8. DB::DDLWorker::initializeMainThread() @ 0x00000000116dca3b in /usr/bin/clickhouse
9. DB::DDLWorker::runMainThread() @ 0x00000000116c73c0 in /usr/bin/clickhouse
10. void std::__function::__policy_invoker<void ()>::__call_impl<std::__function::__default_alloc_func<ThreadFromGlobalPoolImpl<true>::ThreadFromGlobalPoolImpl<void (DB::DDLWorker::*)(), DB::DDLWorker*>(void (DB::DDLWorker::*&&)(), DB::DDLWorker*&&)::'lambda'(), void ()>>(std::__function::__policy_storage const*) @ 0x00000000116ddb4c in /usr/bin/clickhouse
11. void* std::__thread_proxy[abi:v15000]<std::tuple<std::unique_ptr<std::__thread_struct, std::default_delete<std::__thread_struct>>, void ThreadPoolImpl<std::thread>::scheduleImpl<void>(std::function<void ()>, Priority, std::optional<unsigned long>, bool)::'lambda0'()>>(void*) @ 0x000000000c706104 in /usr/bin/clickhouse
12. ? @ 0x000078d4781ed609 in ?
13. ? @ 0x000078d478112353 in ?
 (version 23.8.16.16 (official build))
2026.03.18 20:30:05.898020 [ 286 ] {} <Error> DDLWorker: ZooKeeper error: Code: 999. Coordination::Exception: Unknown key host in config file. (KEEPER_EXCEPTION), Stack trace (when copying this message, always include the lines below):

0. DB::Exception::Exception(DB::Exception::MessageMasked&&, int, bool) @ 0x000000000c6251d7 in /usr/bin/clickhouse
1. DB::Exception::Exception<String const&>(int, FormatStringHelperImpl<std::type_identity<String const&>::type>, String const&) @ 0x00000000074ae38d in /usr/bin/clickhouse
2. Coordination::Exception::Exception<String const&>(Coordination::Error, FormatStringHelperImpl<std::type_identity<String const&>::type>, String const&) @ 0x000000001276578a in /usr/bin/clickhouse
3. zkutil::ZooKeeperArgs::initFromKeeperSection(Poco::Util::AbstractConfiguration const&, String const&) @ 0x0000000013813c10 in /usr/bin/clickhouse
4. zkutil::ZooKeeperArgs::ZooKeeperArgs(Poco::Util::AbstractConfiguration const&, String const&) @ 0x000000001380f986 in /usr/bin/clickhouse
5. zkutil::ZooKeeper::ZooKeeper(Poco::Util::AbstractConfiguration const&, String const&, std::shared_ptr<DB::ZooKeeperLog>) @ 0x00000000137e48cc in /usr/bin/clickhouse
6. DB::Context::getZooKeeper() const @ 0x000000001164aa4a in /usr/bin/clickhouse
7. DB::DDLWorker::getAndSetZooKeeper() @ 0x00000000116cc32d in /usr/bin/clickhouse
8. DB::DDLWorker::initializeMainThread() @ 0x00000000116dca3b in /usr/bin/clickhouse
9. DB::DDLWorker::runMainThread() @ 0x00000000116c73c0 in /usr/bin/clickhouse
10. void std::__function::__policy_invoker<void ()>::__call_impl<std::__function::__default_alloc_func<ThreadFromGlobalPoolImpl<true>::ThreadFromGlobalPoolImpl<void (DB::DDLWorker::*)(), DB::DDLWorker*>(void (DB::DDLWorker::*&&)(), DB::DDLWorker*&&)::'lambda'(), void ()>>(std::__function::__policy_storage const*) @ 0x00000000116ddb4c in /usr/bin/clickhouse
11. void* std::__thread_proxy[abi:v15000]<std::tuple<std::unique_ptr<std::__thread_struct, std::default_delete<std::__thread_struct>>, void ThreadPoolImpl<std::thread>::scheduleImpl<void>(std::function<void ()>, Priority, std::optional<unsigned long>, bool)::'lambda0'()>>(void*) @ 0x000000000c706104 in /usr/bin/clickhouse
12. ? @ 0x000078d4781ed609 in ?
13. ? @ 0x000078d478112353 in ?
 (version 23.8.16.16 (official build)). Failed to start DDLWorker.
2026.03.18 20:30:05.898057 [ 286 ] {} <Error> virtual bool DB::DDLWorker::initializeMainThread(): Code: 999. Coordination::Exception: Unknown key host in config file. (KEEPER_EXCEPTION), Stack trace (when copying this message, always include the lines below):

0. DB::Exception::Exception(DB::Exception::MessageMasked&&, int, bool) @ 0x000000000c6251d7 in /usr/bin/clickhouse
1. DB::Exception::Exception<String const&>(int, FormatStringHelperImpl<std::type_identity<String const&>::type>, String const&) @ 0x00000000074ae38d in /usr/bin/clickhouse
2. Coordination::Exception::Exception<String const&>(Coordination::Error, FormatStringHelperImpl<std::type_identity<String const&>::type>, String const&) @ 0x000000001276578a in /usr/bin/clickhouse
3. zkutil::ZooKeeperArgs::initFromKeeperSection(Poco::Util::AbstractConfiguration const&, String const&) @ 0x0000000013813c10 in /usr/bin/clickhouse
4. zkutil::ZooKeeperArgs::ZooKeeperArgs(Poco::Util::AbstractConfiguration const&, String const&) @ 0x000000001380f986 in /usr/bin/clickhouse
5. zkutil::ZooKeeper::ZooKeeper(Poco::Util::AbstractConfiguration const&, String const&, std::shared_ptr<DB::ZooKeeperLog>) @ 0x00000000137e48cc in /usr/bin/clickhouse
6. DB::Context::getZooKeeper() const @ 0x000000001164aa4a in /usr/bin/clickhouse
7. DB::DDLWorker::getAndSetZooKeeper() @ 0x00000000116cc32d in /usr/bin/clickhouse
8. DB::DDLWorker::initializeMainThread() @ 0x00000000116dca3b in /usr/bin/clickhouse
9. DB::DDLWorker::runMainThread() @ 0x00000000116c73c0 in /usr/bin/clickhouse
10. void std::__function::__policy_invoker<void ()>::__call_impl<std::__function::__default_alloc_func<ThreadFromGlobalPoolImpl<true>::ThreadFromGlobalPoolImpl<void (DB::DDLWorker::*)(), DB::DDLWorker*>(void (DB::DDLWorker::*&&)(), DB::DDLWorker*&&)::'lambda'(), void ()>>(std::__function::__policy_storage const*) @ 0x00000000116ddb4c in /usr/bin/clickhouse
11. void* std::__thread_proxy[abi:v15000]<std::tuple<std::unique_ptr<std::__thread_struct, std::default_delete<std::__thread_struct>>, void ThreadPoolImpl<std::thread>::scheduleImpl<void>(std::function<void ()>, Priority, std::optional<unsigned long>, bool)::'lambda0'()>>(void*) @ 0x000000000c706104 in /usr/bin/clickhouse
12. ? @ 0x000078d4781ed609 in ?
13. ? @ 0x000078d478112353 in ?
 (version 23.8.16.16 (official build))
2026.03.18 20:30:10.903171 [ 286 ] {} <Error> DDLWorker: ZooKeeper error: Code: 999. Coordination::Exception: Unknown key host in config file. (KEEPER_EXCEPTION), Stack trace (when copying this message, always include the lines below):

0. DB::Exception::Exception(DB::Exception::MessageMasked&&, int, bool) @ 0x000000000c6251d7 in /usr/bin/clickhouse
1. DB::Exception::Exception<String const&>(int, FormatStringHelperImpl<std::type_identity<String const&>::type>, String const&) @ 0x00000000074ae38d in /usr/bin/clickhouse
2. Coordination::Exception::Exception<String const&>(Coordination::Error, FormatStringHelperImpl<std::type_identity<String const&>::type>, String const&) @ 0x000000001276578a in /usr/bin/clickhouse
3. zkutil::ZooKeeperArgs::initFromKeeperSection(Poco::Util::AbstractConfiguration const&, String const&) @ 0x0000000013813c10 in /usr/bin/clickhouse
4. zkutil::ZooKeeperArgs::ZooKeeperArgs(Poco::Util::AbstractConfiguration const&, String const&) @ 0x000000001380f986 in /usr/bin/clickhouse
5. zkutil::ZooKeeper::ZooKeeper(Poco::Util::AbstractConfiguration const&, String const&, std::shared_ptr<DB::ZooKeeperLog>) @ 0x00000000137e48cc in /usr/bin/clickhouse
6. DB::Context::getZooKeeper() const @ 0x000000001164aa4a in /usr/bin/clickhouse
7. DB::DDLWorker::getAndSetZooKeeper() @ 0x00000000116cc32d in /usr/bin/clickhouse
8. DB::DDLWorker::initializeMainThread() @ 0x00000000116dca3b in /usr/bin/clickhouse
9. DB::DDLWorker::runMainThread() @ 0x00000000116c73c0 in /usr/bin/clickhouse
10. void std::__function::__policy_invoker<void ()>::__call_impl<std::__function::__default_alloc_func<ThreadFromGlobalPoolImpl<true>::ThreadFromGlobalPoolImpl<void (DB::DDLWorker::*)(), DB::DDLWorker*>(void (DB::DDLWorker::*&&)(), DB::DDLWorker*&&)::'lambda'(), void ()>>(std::__function::__policy_storage const*) @ 0x00000000116ddb4c in /usr/bin/clickhouse
11. void* std::__thread_proxy[abi:v15000]<std::tuple<std::unique_ptr<std::__thread_struct, std::default_delete<std::__thread_struct>>, void ThreadPoolImpl<std::thread>::scheduleImpl<void>(std::function<void ()>, Priority, std::optional<unsigned long>, bool)::'lambda0'()>>(void*) @ 0x000000000c706104 in /usr/bin/clickhouse
12. ? @ 0x000078d4781ed609 in ?
13. ? @ 0x000078d478112353 in ?
 (version 23.8.16.16 (official build)). Failed to start DDLWorker.
2026.03.18 20:30:10.903294 [ 286 ] {} <Error> virtual bool DB::DDLWorker::initializeMainThread(): Code: 999. Coordination::Exception: Unknown key host in config file. (KEEPER_EXCEPTION), Stack trace (when copying this message, always include the lines below):

0. DB::Exception::Exception(DB::Exception::MessageMasked&&, int, bool) @ 0x000000000c6251d7 in /usr/bin/clickhouse
1. DB::Exception::Exception<String const&>(int, FormatStringHelperImpl<std::type_identity<String const&>::type>, String const&) @ 0x00000000074ae38d in /usr/bin/clickhouse
2. Coordination::Exception::Exception<String const&>(Coordination::Error, FormatStringHelperImpl<std::type_identity<String const&>::type>, String const&) @ 0x000000001276578a in /usr/bin/clickhouse
3. zkutil::ZooKeeperArgs::initFromKeeperSection(Poco::Util::AbstractConfiguration const&, String const&) @ 0x0000000013813c10 in /usr/bin/clickhouse
4. zkutil::ZooKeeperArgs::ZooKeeperArgs(Poco::Util::AbstractConfiguration const&, String const&) @ 0x000000001380f986 in /usr/bin/clickhouse
5. zkutil::ZooKeeper::ZooKeeper(Poco::Util::AbstractConfiguration const&, String const&, std::shared_ptr<DB::ZooKeeperLog>) @ 0x00000000137e48cc in /usr/bin/clickhouse
6. DB::Context::getZooKeeper() const @ 0x000000001164aa4a in /usr/bin/clickhouse
7. DB::DDLWorker::getAndSetZooKeeper() @ 0x00000000116cc32d in /usr/bin/clickhouse
8. DB::DDLWorker::initializeMainThread() @ 0x00000000116dca3b in /usr/bin/clickhouse
9. DB::DDLWorker::runMainThread() @ 0x00000000116c73c0 in /usr/bin/clickhouse
10. void std::__function::__policy_invoker<void ()>::__call_impl<std::__function::__default_alloc_func<ThreadFromGlobalPoolImpl<true>::ThreadFromGlobalPoolImpl<void (DB::DDLWorker::*)(), DB::DDLWorker*>(void (DB::DDLWorker::*&&)(), DB::DDLWorker*&&)::'lambda'(), void ()>>(std::__function::__policy_storage const*) @ 0x00000000116ddb4c in /usr/bin/clickhouse
11. void* std::__thread_proxy[abi:v15000]<std::tuple<std::unique_ptr<std::__thread_struct, std::default_delete<std::__thread_struct>>, void ThreadPoolImpl<std::thread>::scheduleImpl<void>(std::function<void ()>, Priority, std::optional<unsigned long>, bool)::'lambda0'()>>(void*) @ 0x000000000c706104 in /usr/bin/clickhouse
12. ? @ 0x000078d4781ed609 in ?
13. ? @ 0x000078d478112353 in ?
 (version 23.8.16.16 (official build))
2026.03.18 20:30:15.906663 [ 286 ] {} <Error> DDLWorker: ZooKeeper error: Code: 999. Coordination::Exception: Unknown key host in config file. (KEEPER_EXCEPTION), Stack trace (when copying this message, always include the lines below):

0. DB::Exception::Exception(DB::Exception::MessageMasked&&, int, bool) @ 0x000000000c6251d7 in /usr/bin/clickhouse
1. DB::Exception::Exception<String const&>(int, FormatStringHelperImpl<std::type_identity<String const&>::type>, String const&) @ 0x00000000074ae38d in /usr/bin/clickhouse
2. Coordination::Exception::Exception<String const&>(Coordination::Error, FormatStringHelperImpl<std::type_identity<String const&>::type>, String const&) @ 0x000000001276578a in /usr/bin/clickhouse
3. zkutil::ZooKeeperArgs::initFromKeeperSection(Poco::Util::AbstractConfiguration const&, String const&) @ 0x0000000013813c10 in /usr/bin/clickhouse
4. zkutil::ZooKeeperArgs::ZooKeeperArgs(Poco::Util::AbstractConfiguration const&, String const&) @ 0x000000001380f986 in /usr/bin/clickhouse
5. zkutil::ZooKeeper::ZooKeeper(Poco::Util::AbstractConfiguration const&, String const&, std::shared_ptr<DB::ZooKeeperLog>) @ 0x00000000137e48cc in /usr/bin/clickhouse
6. DB::Context::getZooKeeper() const @ 0x000000001164aa4a in /usr/bin/clickhouse
7. DB::DDLWorker::getAndSetZooKeeper() @ 0x00000000116cc32d in /usr/bin/clickhouse
8. DB::DDLWorker::initializeMainThread() @ 0x00000000116dca3b in /usr/bin/clickhouse
9. DB::DDLWorker::runMainThread() @ 0x00000000116c73c0 in /usr/bin/clickhouse
10. void std::__function::__policy_invoker<void ()>::__call_impl<std::__function::__default_alloc_func<ThreadFromGlobalPoolImpl<true>::ThreadFromGlobalPoolImpl<void (DB::DDLWorker::*)(), DB::DDLWorker*>(void (DB::DDLWorker::*&&)(), DB::DDLWorker*&&)::'lambda'(), void ()>>(std::__function::__policy_storage const*) @ 0x00000000116ddb4c in /usr/bin/clickhouse
11. void* std::__thread_proxy[abi:v15000]<std::tuple<std::unique_ptr<std::__thread_struct, std::default_delete<std::__thread_struct>>, void ThreadPoolImpl<std::thread>::scheduleImpl<void>(std::function<void ()>, Priority, std::optional<unsigned long>, bool)::'lambda0'()>>(void*) @ 0x000000000c706104 in /usr/bin/clickhouse
12. ? @ 0x000078d4781ed609 in ?
13. ? @ 0x000078d478112353 in ?
 (version 23.8.16.16 (official build)). Failed to start DDLWorker.
2026.03.18 20:30:15.906905 [ 286 ] {} <Error> virtual bool DB::DDLWorker::initializeMainThread(): Code: 999. Coordination::Exception: Unknown key host in config file. (KEEPER_EXCEPTION), Stack trace (when copying this message, always include the lines below):

0. DB::Exception::Exception(DB::Exception::MessageMasked&&, int, bool) @ 0x000000000c6251d7 in /usr/bin/clickhouse
1. DB::Exception::Exception<String const&>(int, FormatStringHelperImpl<std::type_identity<String const&>::type>, String const&) @ 0x00000000074ae38d in /usr/bin/clickhouse
2. Coordination::Exception::Exception<String const&>(Coordination::Error, FormatStringHelperImpl<std::type_identity<String const&>::type>, String const&) @ 0x000000001276578a in /usr/bin/clickhouse
3. zkutil::ZooKeeperArgs::initFromKeeperSection(Poco::Util::AbstractConfiguration const&, String const&) @ 0x0000000013813c10 in /usr/bin/clickhouse
4. zkutil::ZooKeeperArgs::ZooKeeperArgs(Poco::Util::AbstractConfiguration const&, String const&) @ 0x000000001380f986 in /usr/bin/clickhouse
5. zkutil::ZooKeeper::ZooKeeper(Poco::Util::AbstractConfiguration const&, String const&, std::shared_ptr<DB::ZooKeeperLog>) @ 0x00000000137e48cc in /usr/bin/clickhouse
6. DB::Context::getZooKeeper() const @ 0x000000001164aa4a in /usr/bin/clickhouse
7. DB::DDLWorker::getAndSetZooKeeper() @ 0x00000000116cc32d in /usr/bin/clickhouse
8. DB::DDLWorker::initializeMainThread() @ 0x00000000116dca3b in /usr/bin/clickhouse
9. DB::DDLWorker::runMainThread() @ 0x00000000116c73c0 in /usr/bin/clickhouse
10. void std::__function::__policy_invoker<void ()>::__call_impl<std::__function::__default_alloc_func<ThreadFromGlobalPoolImpl<true>::ThreadFromGlobalPoolImpl<void (DB::DDLWorker::*)(), DB::DDLWorker*>(void (DB::DDLWorker::*&&)(), DB::DDLWorker*&&)::'lambda'(), void ()>>(std::__function::__policy_storage const*) @ 0x00000000116ddb4c in /usr/bin/clickhouse
11. void* std::__thread_proxy[abi:v15000]<std::tuple<std::unique_ptr<std::__thread_struct, std::default_delete<std::__thread_struct>>, void ThreadPoolImpl<std::thread>::scheduleImpl<void>(std::function<void ()>, Priority, std::optional<unsigned long>, bool)::'lambda0'()>>(void*) @ 0x000000000c706104 in /usr/bin/clickhouse
12. ? @ 0x000078d4781ed609 in ?
13. ? @ 0x000078d478112353 in ?
 (version 23.8.16.16 (official build))
2026.03.18 20:30:20.907302 [ 286 ] {} <Error> DDLWorker: ZooKeeper error: Code: 999. Coordination::Exception: Unknown key host in config file. (KEEPER_EXCEPTION), Stack trace (when copying this message, always include the lines below):

0. DB::Exception::Exception(DB::Exception::MessageMasked&&, int, bool) @ 0x000000000c6251d7 in /usr/bin/clickhouse
1. DB::Exception::Exception<String const&>(int, FormatStringHelperImpl<std::type_identity<String const&>::type>, String const&) @ 0x00000000074ae38d in /usr/bin/clickhouse
2. Coordination::Exception::Exception<String const&>(Coordination::Error, FormatStringHelperImpl<std::type_identity<String const&>::type>, String const&) @ 0x000000001276578a in /usr/bin/clickhouse
3. zkutil::ZooKeeperArgs::initFromKeeperSection(Poco::Util::AbstractConfiguration const&, String const&) @ 0x0000000013813c10 in /usr/bin/clickhouse
4. zkutil::ZooKeeperArgs::ZooKeeperArgs(Poco::Util::AbstractConfiguration const&, String const&) @ 0x000000001380f986 in /usr/bin/clickhouse
5. zkutil::ZooKeeper::ZooKeeper(Poco::Util::AbstractConfiguration const&, String const&, std::shared_ptr<DB::ZooKeeperLog>) @ 0x00000000137e48cc in /usr/bin/clickhouse
6. DB::Context::getZooKeeper() const @ 0x000000001164aa4a in /usr/bin/clickhouse
7. DB::DDLWorker::getAndSetZooKeeper() @ 0x00000000116cc32d in /usr/bin/clickhouse
8. DB::DDLWorker::initializeMainThread() @ 0x00000000116dca3b in /usr/bin/clickhouse
9. DB::DDLWorker::runMainThread() @ 0x00000000116c73c0 in /usr/bin/clickhouse
10. void std::__function::__policy_invoker<void ()>::__call_impl<std::__function::__default_alloc_func<ThreadFromGlobalPoolImpl<true>::ThreadFromGlobalPoolImpl<void (DB::DDLWorker::*)(), DB::DDLWorker*>(void (DB::DDLWorker::*&&)(), DB::DDLWorker*&&)::'lambda'(), void ()>>(std::__function::__policy_storage const*) @ 0x00000000116ddb4c in /usr/bin/clickhouse
11. void* std::__thread_proxy[abi:v15000]<std::tuple<std::unique_ptr<std::__thread_struct, std::default_delete<std::__thread_struct>>, void ThreadPoolImpl<std::thread>::scheduleImpl<void>(std::function<void ()>, Priority, std::optional<unsigned long>, bool)::'lambda0'()>>(void*) @ 0x000000000c706104 in /usr/bin/clickhouse
12. ? @ 0x000078d4781ed609 in ?
13. ? @ 0x000078d478112353 in ?
 (version 23.8.16.16 (official build)). Failed to start DDLWorker.
2026.03.18 20:30:20.907420 [ 286 ] {} <Error> virtual bool DB::DDLWorker::initializeMainThread(): Code: 999. Coordination::Exception: Unknown key host in config file. (KEEPER_EXCEPTION), Stack trace (when copying this message, always include the lines below):

0. DB::Exception::Exception(DB::Exception::MessageMasked&&, int, bool) @ 0x000000000c6251d7 in /usr/bin/clickhouse
1. DB::Exception::Exception<String const&>(int, FormatStringHelperImpl<std::type_identity<String const&>::type>, String const&) @ 0x00000000074ae38d in /usr/bin/clickhouse
2. Coordination::Exception::Exception<String const&>(Coordination::Error, FormatStringHelperImpl<std::type_identity<String const&>::type>, String const&) @ 0x000000001276578a in /usr/bin/clickhouse
3. zkutil::ZooKeeperArgs::initFromKeeperSection(Poco::Util::AbstractConfiguration const&, String const&) @ 0x0000000013813c10 in /usr/bin/clickhouse
4. zkutil::ZooKeeperArgs::ZooKeeperArgs(Poco::Util::AbstractConfiguration const&, String const&) @ 0x000000001380f986 in /usr/bin/clickhouse
5. zkutil::ZooKeeper::ZooKeeper(Poco::Util::AbstractConfiguration const&, String const&, std::shared_ptr<DB::ZooKeeperLog>) @ 0x00000000137e48cc in /usr/bin/clickhouse
6. DB::Context::getZooKeeper() const @ 0x000000001164aa4a in /usr/bin/clickhouse
7. DB::DDLWorker::getAndSetZooKeeper() @ 0x00000000116cc32d in /usr/bin/clickhouse
8. DB::DDLWorker::initializeMainThread() @ 0x00000000116dca3b in /usr/bin/clickhouse
9. DB::DDLWorker::runMainThread() @ 0x00000000116c73c0 in /usr/bin/clickhouse
10. void std::__function::__policy_invoker<void ()>::__call_impl<std::__function::__default_alloc_func<ThreadFromGlobalPoolImpl<true>::ThreadFromGlobalPoolImpl<void (DB::DDLWorker::*)(), DB::DDLWorker*>(void (DB::DDLWorker::*&&)(), DB::DDLWorker*&&)::'lambda'(), void ()>>(std::__function::__policy_storage const*) @ 0x00000000116ddb4c in /usr/bin/clickhouse
11. void* std::__thread_proxy[abi:v15000]<std::tuple<std::unique_ptr<std::__thread_struct, std::default_delete<std::__thread_struct>>, void ThreadPoolImpl<std::thread>::scheduleImpl<void>(std::function<void ()>, Priority, std::optional<unsigned long>, bool)::'lambda0'()>>(void*) @ 0x000000000c706104 in /usr/bin/clickhouse
12. ? @ 0x000078d4781ed609 in ?
13. ? @ 0x000078d478112353 in ?
 (version 23.8.16.16 (official build))
2026.03.18 20:30:25.907847 [ 286 ] {} <Error> DDLWorker: ZooKeeper error: Code: 999. Coordination::Exception: Unknown key host in config file. (KEEPER_EXCEPTION), Stack trace (when copying this message, always include the lines below):

0. DB::Exception::Exception(DB::Exception::MessageMasked&&, int, bool) @ 0x000000000c6251d7 in /usr/bin/clickhouse
1. DB::Exception::Exception<String const&>(int, FormatStringHelperImpl<std::type_identity<String const&>::type>, String const&) @ 0x00000000074ae38d in /usr/bin/clickhouse
2. Coordination::Exception::Exception<String const&>(Coordination::Error, FormatStringHelperImpl<std::type_identity<String const&>::type>, String const&) @ 0x000000001276578a in /usr/bin/clickhouse
3. zkutil::ZooKeeperArgs::initFromKeeperSection(Poco::Util::AbstractConfiguration const&, String const&) @ 0x0000000013813c10 in /usr/bin/clickhouse
4. zkutil::ZooKeeperArgs::ZooKeeperArgs(Poco::Util::AbstractConfiguration const&, String const&) @ 0x000000001380f986 in /usr/bin/clickhouse
5. zkutil::ZooKeeper::ZooKeeper(Poco::Util::AbstractConfiguration const&, String const&, std::shared_ptr<DB::ZooKeeperLog>) @ 0x00000000137e48cc in /usr/bin/clickhouse
6. DB::Context::getZooKeeper() const @ 0x000000001164aa4a in /usr/bin/clickhouse
7. DB::DDLWorker::getAndSetZooKeeper() @ 0x00000000116cc32d in /usr/bin/clickhouse
8. DB::DDLWorker::initializeMainThread() @ 0x00000000116dca3b in /usr/bin/clickhouse
9. DB::DDLWorker::runMainThread() @ 0x00000000116c73c0 in /usr/bin/clickhouse
10. void std::__function::__policy_invoker<void ()>::__call_impl<std::__function::__default_alloc_func<ThreadFromGlobalPoolImpl<true>::ThreadFromGlobalPoolImpl<void (DB::DDLWorker::*)(), DB::DDLWorker*>(void (DB::DDLWorker::*&&)(), DB::DDLWorker*&&)::'lambda'(), void ()>>(std::__function::__policy_storage const*) @ 0x00000000116ddb4c in /usr/bin/clickhouse
11. void* std::__thread_proxy[abi:v15000]<std::tuple<std::unique_ptr<std::__thread_struct, std::default_delete<std::__thread_struct>>, void ThreadPoolImpl<std::thread>::scheduleImpl<void>(std::function<void ()>, Priority, std::optional<unsigned long>, bool)::'lambda0'()>>(void*) @ 0x000000000c706104 in /usr/bin/clickhouse
12. ? @ 0x000078d4781ed609 in ?
13. ? @ 0x000078d478112353 in ?
 (version 23.8.16.16 (official build)). Failed to start DDLWorker.
2026.03.18 20:30:25.907896 [ 286 ] {} <Error> virtual bool DB::DDLWorker::initializeMainThread(): Code: 999. Coordination::Exception: Unknown key host in config file. (KEEPER_EXCEPTION), Stack trace (when copying this message, always include the lines below):

0. DB::Exception::Exception(DB::Exception::MessageMasked&&, int, bool) @ 0x000000000c6251d7 in /usr/bin/clickhouse
1. DB::Exception::Exception<String const&>(int, FormatStringHelperImpl<std::type_identity<String const&>::type>, String const&) @ 0x00000000074ae38d in /usr/bin/clickhouse
2. Coordination::Exception::Exception<String const&>(Coordination::Error, FormatStringHelperImpl<std::type_identity<String const&>::type>, String const&) @ 0x000000001276578a in /usr/bin/clickhouse
3. zkutil::ZooKeeperArgs::initFromKeeperSection(Poco::Util::AbstractConfiguration const&, String const&) @ 0x0000000013813c10 in /usr/bin/clickhouse
4. zkutil::ZooKeeperArgs::ZooKeeperArgs(Poco::Util::AbstractConfiguration const&, String const&) @ 0x000000001380f986 in /usr/bin/clickhouse
5. zkutil::ZooKeeper::ZooKeeper(Poco::Util::AbstractConfiguration const&, String const&, std::shared_ptr<DB::ZooKeeperLog>) @ 0x00000000137e48cc in /usr/bin/clickhouse
6. DB::Context::getZooKeeper() const @ 0x000000001164aa4a in /usr/bin/clickhouse
7. DB::DDLWorker::getAndSetZooKeeper() @ 0x00000000116cc32d in /usr/bin/clickhouse
8. DB::DDLWorker::initializeMainThread() @ 0x00000000116dca3b in /usr/bin/clickhouse
9. DB::DDLWorker::runMainThread() @ 0x00000000116c73c0 in /usr/bin/clickhouse
10. void std::__function::__policy_invoker<void ()>::__call_impl<std::__function::__default_alloc_func<ThreadFromGlobalPoolImpl<true>::ThreadFromGlobalPoolImpl<void (DB::DDLWorker::*)(), DB::DDLWorker*>(void (DB::DDLWorker::*&&)(), DB::DDLWorker*&&)::'lambda'(), void ()>>(std::__function::__policy_storage const*) @ 0x00000000116ddb4c in /usr/bin/clickhouse
11. void* std::__thread_proxy[abi:v15000]<std::tuple<std::unique_ptr<std::__thread_struct, std::default_delete<std::__thread_struct>>, void ThreadPoolImpl<std::thread>::scheduleImpl<void>(std::function<void ()>, Priority, std::optional<unsigned long>, bool)::'lambda0'()>>(void*) @ 0x000000000c706104 in /usr/bin/clickhouse
12. ? @ 0x000078d4781ed609 in ?
13. ? @ 0x000078d478112353 in ?
 (version 23.8.16.16 (official build))
2026.03.18 20:30:30.908972 [ 286 ] {} <Error> DDLWorker: ZooKeeper error: Code: 999. Coordination::Exception: Unknown key host in config file. (KEEPER_EXCEPTION), Stack trace (when copying this message, always include the lines below):

0. DB::Exception::Exception(DB::Exception::MessageMasked&&, int, bool) @ 0x000000000c6251d7 in /usr/bin/clickhouse
1. DB::Exception::Exception<String const&>(int, FormatStringHelperImpl<std::type_identity<String const&>::type>, String const&) @ 0x00000000074ae38d in /usr/bin/clickhouse
2. Coordination::Exception::Exception<String const&>(Coordination::Error, FormatStringHelperImpl<std::type_identity<String const&>::type>, String const&) @ 0x000000001276578a in /usr/bin/clickhouse
3. zkutil::ZooKeeperArgs::initFromKeeperSection(Poco::Util::AbstractConfiguration const&, String const&) @ 0x0000000013813c10 in /usr/bin/clickhouse
4. zkutil::ZooKeeperArgs::ZooKeeperArgs(Poco::Util::AbstractConfiguration const&, String const&) @ 0x000000001380f986 in /usr/bin/clickhouse
5. zkutil::ZooKeeper::ZooKeeper(Poco::Util::AbstractConfiguration const&, String const&, std::shared_ptr<DB::ZooKeeperLog>) @ 0x00000000137e48cc in /usr/bin/clickhouse
6. DB::Context::getZooKeeper() const @ 0x000000001164aa4a in /usr/bin/clickhouse
7. DB::DDLWorker::getAndSetZooKeeper() @ 0x00000000116cc32d in /usr/bin/clickhouse
8. DB::DDLWorker::initializeMainThread() @ 0x00000000116dca3b in /usr/bin/clickhouse
9. DB::DDLWorker::runMainThread() @ 0x00000000116c73c0 in /usr/bin/clickhouse
10. void std::__function::__policy_invoker<void ()>::__call_impl<std::__function::__default_alloc_func<ThreadFromGlobalPoolImpl<true>::ThreadFromGlobalPoolImpl<void (DB::DDLWorker::*)(), DB::DDLWorker*>(void (DB::DDLWorker::*&&)(), DB::DDLWorker*&&)::'lambda'(), void ()>>(std::__function::__policy_storage const*) @ 0x00000000116ddb4c in /usr/bin/clickhouse
11. void* std::__thread_proxy[abi:v15000]<std::tuple<std::unique_ptr<std::__thread_struct, std::default_delete<std::__thread_struct>>, void ThreadPoolImpl<std::thread>::scheduleImpl<void>(std::function<void ()>, Priority, std::optional<unsigned long>, bool)::'lambda0'()>>(void*) @ 0x000000000c706104 in /usr/bin/clickhouse
12. ? @ 0x000078d4781ed609 in ?
13. ? @ 0x000078d478112353 in ?
 (version 23.8.16.16 (official build)). Failed to start DDLWorker.
2026.03.18 20:30:30.909048 [ 286 ] {} <Error> virtual bool DB::DDLWorker::initializeMainThread(): Code: 999. Coordination::Exception: Unknown key host in config file. (KEEPER_EXCEPTION), Stack trace (when copying this message, always include the lines below):

0. DB::Exception::Exception(DB::Exception::MessageMasked&&, int, bool) @ 0x000000000c6251d7 in /usr/bin/clickhouse
1. DB::Exception::Exception<String const&>(int, FormatStringHelperImpl<std::type_identity<String const&>::type>, String const&) @ 0x00000000074ae38d in /usr/bin/clickhouse
2. Coordination::Exception::Exception<String const&>(Coordination::Error, FormatStringHelperImpl<std::type_identity<String const&>::type>, String const&) @ 0x000000001276578a in /usr/bin/clickhouse
3. zkutil::ZooKeeperArgs::initFromKeeperSection(Poco::Util::AbstractConfiguration const&, String const&) @ 0x0000000013813c10 in /usr/bin/clickhouse
4. zkutil::ZooKeeperArgs::ZooKeeperArgs(Poco::Util::AbstractConfiguration const&, String const&) @ 0x000000001380f986 in /usr/bin/clickhouse
5. zkutil::ZooKeeper::ZooKeeper(Poco::Util::AbstractConfiguration const&, String const&, std::shared_ptr<DB::ZooKeeperLog>) @ 0x00000000137e48cc in /usr/bin/clickhouse
6. DB::Context::getZooKeeper() const @ 0x000000001164aa4a in /usr/bin/clickhouse
7. DB::DDLWorker::getAndSetZooKeeper() @ 0x00000000116cc32d in /usr/bin/clickhouse
8. DB::DDLWorker::initializeMainThread() @ 0x00000000116dca3b in /usr/bin/clickhouse
9. DB::DDLWorker::runMainThread() @ 0x00000000116c73c0 in /usr/bin/clickhouse
10. void std::__function::__policy_invoker<void ()>::__call_impl<std::__function::__default_alloc_func<ThreadFromGlobalPoolImpl<true>::ThreadFromGlobalPoolImpl<void (DB::DDLWorker::*)(), DB::DDLWorker*>(void (DB::DDLWorker::*&&)(), DB::DDLWorker*&&)::'lambda'(), void ()>>(std::__function::__policy_storage const*) @ 0x00000000116ddb4c in /usr/bin/clickhouse
11. void* std::__thread_proxy[abi:v15000]<std::tuple<std::unique_ptr<std::__thread_struct, std::default_delete<std::__thread_struct>>, void ThreadPoolImpl<std::thread>::scheduleImpl<void>(std::function<void ()>, Priority, std::optional<unsigned long>, bool)::'lambda0'()>>(void*) @ 0x000000000c706104 in /usr/bin/clickhouse
12. ? @ 0x000078d4781ed609 in ?
13. ? @ 0x000078d478112353 in ?
 (version 23.8.16.16 (official build))
2026.03.18 20:30:35.909454 [ 286 ] {} <Error> DDLWorker: ZooKeeper error: Code: 999. Coordination::Exception: Unknown key host in config file. (KEEPER_EXCEPTION), Stack trace (when copying this message, always include the lines below):

0. DB::Exception::Exception(DB::Exception::MessageMasked&&, int, bool) @ 0x000000000c6251d7 in /usr/bin/clickhouse
1. DB::Exception::Exception<String const&>(int, FormatStringHelperImpl<std::type_identity<String const&>::type>, String const&) @ 0x00000000074ae38d in /usr/bin/clickhouse
2. Coordination::Exception::Exception<String const&>(Coordination::Error, FormatStringHelperImpl<std::type_identity<String const&>::type>, String const&) @ 0x000000001276578a in /usr/bin/clickhouse
3. zkutil::ZooKeeperArgs::initFromKeeperSection(Poco::Util::AbstractConfiguration const&, String const&) @ 0x0000000013813c10 in /usr/bin/clickhouse
4. zkutil::ZooKeeperArgs::ZooKeeperArgs(Poco::Util::AbstractConfiguration const&, String const&) @ 0x000000001380f986 in /usr/bin/clickhouse
5. zkutil::ZooKeeper::ZooKeeper(Poco::Util::AbstractConfiguration const&, String const&, std::shared_ptr<DB::ZooKeeperLog>) @ 0x00000000137e48cc in /usr/bin/clickhouse
6. DB::Context::getZooKeeper() const @ 0x000000001164aa4a in /usr/bin/clickhouse
7. DB::DDLWorker::getAndSetZooKeeper() @ 0x00000000116cc32d in /usr/bin/clickhouse
8. DB::DDLWorker::initializeMainThread() @ 0x00000000116dca3b in /usr/bin/clickhouse
9. DB::DDLWorker::runMainThread() @ 0x00000000116c73c0 in /usr/bin/clickhouse
10. void std::__function::__policy_invoker<void ()>::__call_impl<std::__function::__default_alloc_func<ThreadFromGlobalPoolImpl<true>::ThreadFromGlobalPoolImpl<void (DB::DDLWorker::*)(), DB::DDLWorker*>(void (DB::DDLWorker::*&&)(), DB::DDLWorker*&&)::'lambda'(), void ()>>(std::__function::__policy_storage const*) @ 0x00000000116ddb4c in /usr/bin/clickhouse
11. void* std::__thread_proxy[abi:v15000]<std::tuple<std::unique_ptr<std::__thread_struct, std::default_delete<std::__thread_struct>>, void ThreadPoolImpl<std::thread>::scheduleImpl<void>(std::function<void ()>, Priority, std::optional<unsigned long>, bool)::'lambda0'()>>(void*) @ 0x000000000c706104 in /usr/bin/clickhouse
12. ? @ 0x000078d4781ed609 in ?
13. ? @ 0x000078d478112353 in ?
 (version 23.8.16.16 (official build)). Failed to start DDLWorker.
2026.03.18 20:30:35.909492 [ 286 ] {} <Error> virtual bool DB::DDLWorker::initializeMainThread(): Code: 999. Coordination::Exception: Unknown key host in config file. (KEEPER_EXCEPTION), Stack trace (when copying this message, always include the lines below):

0. DB::Exception::Exception(DB::Exception::MessageMasked&&, int, bool) @ 0x000000000c6251d7 in /usr/bin/clickhouse
1. DB::Exception::Exception<String const&>(int, FormatStringHelperImpl<std::type_identity<String const&>::type>, String const&) @ 0x00000000074ae38d in /usr/bin/clickhouse
2. Coordination::Exception::Exception<String const&>(Coordination::Error, FormatStringHelperImpl<std::type_identity<String const&>::type>, String const&) @ 0x000000001276578a in /usr/bin/clickhouse
3. zkutil::ZooKeeperArgs::initFromKeeperSection(Poco::Util::AbstractConfiguration const&, String const&) @ 0x0000000013813c10 in /usr/bin/clickhouse
4. zkutil::ZooKeeperArgs::ZooKeeperArgs(Poco::Util::AbstractConfiguration const&, String const&) @ 0x000000001380f986 in /usr/bin/clickhouse
5. zkutil::ZooKeeper::ZooKeeper(Poco::Util::AbstractConfiguration const&, String const&, std::shared_ptr<DB::ZooKeeperLog>) @ 0x00000000137e48cc in /usr/bin/clickhouse
6. DB::Context::getZooKeeper() const @ 0x000000001164aa4a in /usr/bin/clickhouse
7. DB::DDLWorker::getAndSetZooKeeper() @ 0x00000000116cc32d in /usr/bin/clickhouse
8. DB::DDLWorker::initializeMainThread() @ 0x00000000116dca3b in /usr/bin/clickhouse
9. DB::DDLWorker::runMainThread() @ 0x00000000116c73c0 in /usr/bin/clickhouse
10. void std::__function::__policy_invoker<void ()>::__call_impl<std::__function::__default_alloc_func<ThreadFromGlobalPoolImpl<true>::ThreadFromGlobalPoolImpl<void (DB::DDLWorker::*)(), DB::DDLWorker*>(void (DB::DDLWorker::*&&)(), DB::DDLWorker*&&)::'lambda'(), void ()>>(std::__function::__policy_storage const*) @ 0x00000000116ddb4c in /usr/bin/clickhouse
11. void* std::__thread_proxy[abi:v15000]<std::tuple<std::unique_ptr<std::__thread_struct, std::default_delete<std::__thread_struct>>, void ThreadPoolImpl<std::thread>::scheduleImpl<void>(std::function<void ()>, Priority, std::optional<unsigned long>, bool)::'lambda0'()>>(void*) @ 0x000000000c706104 in /usr/bin/clickhouse
12. ? @ 0x000078d4781ed609 in ?
13. ? @ 0x000078d478112353 in ?
 (version 23.8.16.16 (official build))
2026.03.18 20:30:40.919419 [ 286 ] {} <Error> DDLWorker: ZooKeeper error: Code: 999. Coordination::Exception: Unknown key host in config file. (KEEPER_EXCEPTION), Stack trace (when copying this message, always include the lines below):

0. DB::Exception::Exception(DB::Exception::MessageMasked&&, int, bool) @ 0x000000000c6251d7 in /usr/bin/clickhouse
1. DB::Exception::Exception<String const&>(int, FormatStringHelperImpl<std::type_identity<String const&>::type>, String const&) @ 0x00000000074ae38d in /usr/bin/clickhouse
2. Coordination::Exception::Exception<String const&>(Coordination::Error, FormatStringHelperImpl<std::type_identity<String const&>::type>, String const&) @ 0x000000001276578a in /usr/bin/clickhouse
3. zkutil::ZooKeeperArgs::initFromKeeperSection(Poco::Util::AbstractConfiguration const&, String const&) @ 0x0000000013813c10 in /usr/bin/clickhouse
4. zkutil::ZooKeeperArgs::ZooKeeperArgs(Poco::Util::AbstractConfiguration const&, String const&) @ 0x000000001380f986 in /usr/bin/clickhouse
5. zkutil::ZooKeeper::ZooKeeper(Poco::Util::AbstractConfiguration const&, String const&, std::shared_ptr<DB::ZooKeeperLog>) @ 0x00000000137e48cc in /usr/bin/clickhouse
6. DB::Context::getZooKeeper() const @ 0x000000001164aa4a in /usr/bin/clickhouse
7. DB::DDLWorker::getAndSetZooKeeper() @ 0x00000000116cc32d in /usr/bin/clickhouse
8. DB::DDLWorker::initializeMainThread() @ 0x00000000116dca3b in /usr/bin/clickhouse
9. DB::DDLWorker::runMainThread() @ 0x00000000116c73c0 in /usr/bin/clickhouse
10. void std::__function::__policy_invoker<void ()>::__call_impl<std::__function::__default_alloc_func<ThreadFromGlobalPoolImpl<true>::ThreadFromGlobalPoolImpl<void (DB::DDLWorker::*)(), DB::DDLWorker*>(void (DB::DDLWorker::*&&)(), DB::DDLWorker*&&)::'lambda'(), void ()>>(std::__function::__policy_storage const*) @ 0x00000000116ddb4c in /usr/bin/clickhouse
11. void* std::__thread_proxy[abi:v15000]<std::tuple<std::unique_ptr<std::__thread_struct, std::default_delete<std::__thread_struct>>, void ThreadPoolImpl<std::thread>::scheduleImpl<void>(std::function<void ()>, Priority, std::optional<unsigned long>, bool)::'lambda0'()>>(void*) @ 0x000000000c706104 in /usr/bin/clickhouse
12. ? @ 0x000078d4781ed609 in ?
13. ? @ 0x000078d478112353 in ?
 (version 23.8.16.16 (official build)). Failed to start DDLWorker.
2026.03.18 20:30:40.919464 [ 286 ] {} <Error> virtual bool DB::DDLWorker::initializeMainThread(): Code: 999. Coordination::Exception: Unknown key host in config file. (KEEPER_EXCEPTION), Stack trace (when copying this message, always include the lines below):

0. DB::Exception::Exception(DB::Exception::MessageMasked&&, int, bool) @ 0x000000000c6251d7 in /usr/bin/clickhouse
1. DB::Exception::Exception<String const&>(int, FormatStringHelperImpl<std::type_identity<String const&>::type>, String const&) @ 0x00000000074ae38d in /usr/bin/clickhouse
2. Coordination::Exception::Exception<String const&>(Coordination::Error, FormatStringHelperImpl<std::type_identity<String const&>::type>, String const&) @ 0x000000001276578a in /usr/bin/clickhouse
3. zkutil::ZooKeeperArgs::initFromKeeperSection(Poco::Util::AbstractConfiguration const&, String const&) @ 0x0000000013813c10 in /usr/bin/clickhouse
4. zkutil::ZooKeeperArgs::ZooKeeperArgs(Poco::Util::AbstractConfiguration const&, String const&) @ 0x000000001380f986 in /usr/bin/clickhouse
5. zkutil::ZooKeeper::ZooKeeper(Poco::Util::AbstractConfiguration const&, String const&, std::shared_ptr<DB::ZooKeeperLog>) @ 0x00000000137e48cc in /usr/bin/clickhouse
6. DB::Context::getZooKeeper() const @ 0x000000001164aa4a in /usr/bin/clickhouse
7. DB::DDLWorker::getAndSetZooKeeper() @ 0x00000000116cc32d in /usr/bin/clickhouse
8. DB::DDLWorker::initializeMainThread() @ 0x00000000116dca3b in /usr/bin/clickhouse
9. DB::DDLWorker::runMainThread() @ 0x00000000116c73c0 in /usr/bin/clickhouse
10. void std::__function::__policy_invoker<void ()>::__call_impl<std::__function::__default_alloc_func<ThreadFromGlobalPoolImpl<true>::ThreadFromGlobalPoolImpl<void (DB::DDLWorker::*)(), DB::DDLWorker*>(void (DB::DDLWorker::*&&)(), DB::DDLWorker*&&)::'lambda'(), void ()>>(std::__function::__policy_storage const*) @ 0x00000000116ddb4c in /usr/bin/clickhouse
11. void* std::__thread_proxy[abi:v15000]<std::tuple<std::unique_ptr<std::__thread_struct, std::default_delete<std::__thread_struct>>, void ThreadPoolImpl<std::thread>::scheduleImpl<void>(std::function<void ()>, Priority, std::optional<unsigned long>, bool)::'lambda0'()>>(void*) @ 0x000000000c706104 in /usr/bin/clickhouse
12. ? @ 0x000078d4781ed609 in ?
13. ? @ 0x000078d478112353 in ?
 (version 23.8.16.16 (official build))
2026.03.18 20:30:45.975084 [ 286 ] {} <Error> DDLWorker: ZooKeeper error: Code: 999. Coordination::Exception: Unknown key host in config file. (KEEPER_EXCEPTION), Stack trace (when copying this message, always include the lines below):

0. DB::Exception::Exception(DB::Exception::MessageMasked&&, int, bool) @ 0x000000000c6251d7 in /usr/bin/clickhouse
1. DB::Exception::Exception<String const&>(int, FormatStringHelperImpl<std::type_identity<String const&>::type>, String const&) @ 0x00000000074ae38d in /usr/bin/clickhouse
2. Coordination::Exception::Exception<String const&>(Coordination::Error, FormatStringHelperImpl<std::type_identity<String const&>::type>, String const&) @ 0x000000001276578a in /usr/bin/clickhouse
3. zkutil::ZooKeeperArgs::initFromKeeperSection(Poco::Util::AbstractConfiguration const&, String const&) @ 0x0000000013813c10 in /usr/bin/clickhouse
4. zkutil::ZooKeeperArgs::ZooKeeperArgs(Poco::Util::AbstractConfiguration const&, String const&) @ 0x000000001380f986 in /usr/bin/clickhouse
5. zkutil::ZooKeeper::ZooKeeper(Poco::Util::AbstractConfiguration const&, String const&, std::shared_ptr<DB::ZooKeeperLog>) @ 0x00000000137e48cc in /usr/bin/clickhouse
6. DB::Context::getZooKeeper() const @ 0x000000001164aa4a in /usr/bin/clickhouse
7. DB::DDLWorker::getAndSetZooKeeper() @ 0x00000000116cc32d in /usr/bin/clickhouse
8. DB::DDLWorker::initializeMainThread() @ 0x00000000116dca3b in /usr/bin/clickhouse
9. DB::DDLWorker::runMainThread() @ 0x00000000116c73c0 in /usr/bin/clickhouse
10. void std::__function::__policy_invoker<void ()>::__call_impl<std::__function::__default_alloc_func<ThreadFromGlobalPoolImpl<true>::ThreadFromGlobalPoolImpl<void (DB::DDLWorker::*)(), DB::DDLWorker*>(void (DB::DDLWorker::*&&)(), DB::DDLWorker*&&)::'lambda'(), void ()>>(std::__function::__policy_storage const*) @ 0x00000000116ddb4c in /usr/bin/clickhouse
11. void* std::__thread_proxy[abi:v15000]<std::tuple<std::unique_ptr<std::__thread_struct, std::default_delete<std::__thread_struct>>, void ThreadPoolImpl<std::thread>::scheduleImpl<void>(std::function<void ()>, Priority, std::optional<unsigned long>, bool)::'lambda0'()>>(void*) @ 0x000000000c706104 in /usr/bin/clickhouse
12. ? @ 0x000078d4781ed609 in ?
13. ? @ 0x000078d478112353 in ?
 (version 23.8.16.16 (official build)). Failed to start DDLWorker.
2026.03.18 20:30:45.975171 [ 286 ] {} <Error> virtual bool DB::DDLWorker::initializeMainThread(): Code: 999. Coordination::Exception: Unknown key host in config file. (KEEPER_EXCEPTION), Stack trace (when copying this message, always include the lines below):

0. DB::Exception::Exception(DB::Exception::MessageMasked&&, int, bool) @ 0x000000000c6251d7 in /usr/bin/clickhouse
1. DB::Exception::Exception<String const&>(int, FormatStringHelperImpl<std::type_identity<String const&>::type>, String const&) @ 0x00000000074ae38d in /usr/bin/clickhouse
2. Coordination::Exception::Exception<String const&>(Coordination::Error, FormatStringHelperImpl<std::type_identity<String const&>::type>, String const&) @ 0x000000001276578a in /usr/bin/clickhouse
3. zkutil::ZooKeeperArgs::initFromKeeperSection(Poco::Util::AbstractConfiguration const&, String const&) @ 0x0000000013813c10 in /usr/bin/clickhouse
4. zkutil::ZooKeeperArgs::ZooKeeperArgs(Poco::Util::AbstractConfiguration const&, String const&) @ 0x000000001380f986 in /usr/bin/clickhouse
5. zkutil::ZooKeeper::ZooKeeper(Poco::Util::AbstractConfiguration const&, String const&, std::shared_ptr<DB::ZooKeeperLog>) @ 0x00000000137e48cc in /usr/bin/clickhouse
6. DB::Context::getZooKeeper() const @ 0x000000001164aa4a in /usr/bin/clickhouse
7. DB::DDLWorker::getAndSetZooKeeper() @ 0x00000000116cc32d in /usr/bin/clickhouse
8. DB::DDLWorker::initializeMainThread() @ 0x00000000116dca3b in /usr/bin/clickhouse
9. DB::DDLWorker::runMainThread() @ 0x00000000116c73c0 in /usr/bin/clickhouse
10. void std::__function::__policy_invoker<void ()>::__call_impl<std::__function::__default_alloc_func<ThreadFromGlobalPoolImpl<true>::ThreadFromGlobalPoolImpl<void (DB::DDLWorker::*)(), DB::DDLWorker*>(void (DB::DDLWorker::*&&)(), DB::DDLWorker*&&)::'lambda'(), void ()>>(std::__function::__policy_storage const*) @ 0x00000000116ddb4c in /usr/bin/clickhouse
11. void* std::__thread_proxy[abi:v15000]<std::tuple<std::unique_ptr<std::__thread_struct, std::default_delete<std::__thread_struct>>, void ThreadPoolImpl<std::thread>::scheduleImpl<void>(std::function<void ()>, Priority, std::optional<unsigned long>, bool)::'lambda0'()>>(void*) @ 0x000000000c706104 in /usr/bin/clickhouse
12. ? @ 0x000078d4781ed609 in ?
13. ? @ 0x000078d478112353 in ?
 (version 23.8.16.16 (official build))
2026.03.18 20:30:50.982409 [ 286 ] {} <Error> DDLWorker: ZooKeeper error: Code: 999. Coordination::Exception: Unknown key host in config file. (KEEPER_EXCEPTION), Stack trace (when copying this message, always include the lines below):

0. DB::Exception::Exception(DB::Exception::MessageMasked&&, int, bool) @ 0x000000000c6251d7 in /usr/bin/clickhouse
1. DB::Exception::Exception<String const&>(int, FormatStringHelperImpl<std::type_identity<String const&>::type>, String const&) @ 0x00000000074ae38d in /usr/bin/clickhouse
2. Coordination::Exception::Exception<String const&>(Coordination::Error, FormatStringHelperImpl<std::type_identity<String const&>::type>, String const&) @ 0x000000001276578a in /usr/bin/clickhouse
3. zkutil::ZooKeeperArgs::initFromKeeperSection(Poco::Util::AbstractConfiguration const&, String const&) @ 0x0000000013813c10 in /usr/bin/clickhouse
4. zkutil::ZooKeeperArgs::ZooKeeperArgs(Poco::Util::AbstractConfiguration const&, String const&) @ 0x000000001380f986 in /usr/bin/clickhouse
5. zkutil::ZooKeeper::ZooKeeper(Poco::Util::AbstractConfiguration const&, String const&, std::shared_ptr<DB::ZooKeeperLog>) @ 0x00000000137e48cc in /usr/bin/clickhouse
6. DB::Context::getZooKeeper() const @ 0x000000001164aa4a in /usr/bin/clickhouse
7. DB::DDLWorker::getAndSetZooKeeper() @ 0x00000000116cc32d in /usr/bin/clickhouse
8. DB::DDLWorker::initializeMainThread() @ 0x00000000116dca3b in /usr/bin/clickhouse
9. DB::DDLWorker::runMainThread() @ 0x00000000116c73c0 in /usr/bin/clickhouse
10. void std::__function::__policy_invoker<void ()>::__call_impl<std::__function::__default_alloc_func<ThreadFromGlobalPoolImpl<true>::ThreadFromGlobalPoolImpl<void (DB::DDLWorker::*)(), DB::DDLWorker*>(void (DB::DDLWorker::*&&)(), DB::DDLWorker*&&)::'lambda'(), void ()>>(std::__function::__policy_storage const*) @ 0x00000000116ddb4c in /usr/bin/clickhouse
11. void* std::__thread_proxy[abi:v15000]<std::tuple<std::unique_ptr<std::__thread_struct, std::default_delete<std::__thread_struct>>, void ThreadPoolImpl<std::thread>::scheduleImpl<void>(std::function<void ()>, Priority, std::optional<unsigned long>, bool)::'lambda0'()>>(void*) @ 0x000000000c706104 in /usr/bin/clickhouse
12. ? @ 0x000078d4781ed609 in ?
13. ? @ 0x000078d478112353 in ?
 (version 23.8.16.16 (official build)). Failed to start DDLWorker.
2026.03.18 20:30:50.982518 [ 286 ] {} <Error> virtual bool DB::DDLWorker::initializeMainThread(): Code: 999. Coordination::Exception: Unknown key host in config file. (KEEPER_EXCEPTION), Stack trace (when copying this message, always include the lines below):

0. DB::Exception::Exception(DB::Exception::MessageMasked&&, int, bool) @ 0x000000000c6251d7 in /usr/bin/clickhouse
1. DB::Exception::Exception<String const&>(int, FormatStringHelperImpl<std::type_identity<String const&>::type>, String const&) @ 0x00000000074ae38d in /usr/bin/clickhouse
2. Coordination::Exception::Exception<String const&>(Coordination::Error, FormatStringHelperImpl<std::type_identity<String const&>::type>, String const&) @ 0x000000001276578a in /usr/bin/clickhouse
3. zkutil::ZooKeeperArgs::initFromKeeperSection(Poco::Util::AbstractConfiguration const&, String const&) @ 0x0000000013813c10 in /usr/bin/clickhouse
4. zkutil::ZooKeeperArgs::ZooKeeperArgs(Poco::Util::AbstractConfiguration const&, String const&) @ 0x000000001380f986 in /usr/bin/clickhouse
5. zkutil::ZooKeeper::ZooKeeper(Poco::Util::AbstractConfiguration const&, String const&, std::shared_ptr<DB::ZooKeeperLog>) @ 0x00000000137e48cc in /usr/bin/clickhouse
6. DB::Context::getZooKeeper() const @ 0x000000001164aa4a in /usr/bin/clickhouse
7. DB::DDLWorker::getAndSetZooKeeper() @ 0x00000000116cc32d in /usr/bin/clickhouse
8. DB::DDLWorker::initializeMainThread() @ 0x00000000116dca3b in /usr/bin/clickhouse
9. DB::DDLWorker::runMainThread() @ 0x00000000116c73c0 in /usr/bin/clickhouse
10. void std::__function::__policy_invoker<void ()>::__call_impl<std::__function::__default_alloc_func<ThreadFromGlobalPoolImpl<true>::ThreadFromGlobalPoolImpl<void (DB::DDLWorker::*)(), DB::DDLWorker*>(void (DB::DDLWorker::*&&)(), DB::DDLWorker*&&)::'lambda'(), void ()>>(std::__function::__policy_storage const*) @ 0x00000000116ddb4c in /usr/bin/clickhouse
11. void* std::__thread_proxy[abi:v15000]<std::tuple<std::unique_ptr<std::__thread_struct, std::default_delete<std::__thread_struct>>, void ThreadPoolImpl<std::thread>::scheduleImpl<void>(std::function<void ()>, Priority, std::optional<unsigned long>, bool)::'lambda0'()>>(void*) @ 0x000000000c706104 in /usr/bin/clickhouse
12. ? @ 0x000078d4781ed609 in ?
13. ? @ 0x000078d478112353 in ?
 (version 23.8.16.16 (official build))
2026.03.18 20:30:55.774626 [ 41 ] {0d74466e-8ebc-4196-b627-4145697c8e64} <Error> executeQuery: Code: 999. Coordination::Exception: Unknown key host in config file. (KEEPER_EXCEPTION) (version 23.8.16.16 (official build)) (from 127.0.0.1:37646) (in query: drop database test on cluster cluster_3shards;), Stack trace (when copying this message, always include the lines below):

0. DB::Exception::Exception(DB::Exception::MessageMasked&&, int, bool) @ 0x000000000c6251d7 in /usr/bin/clickhouse
1. DB::Exception::Exception<String const&>(int, FormatStringHelperImpl<std::type_identity<String const&>::type>, String const&) @ 0x00000000074ae38d in /usr/bin/clickhouse
2. Coordination::Exception::Exception<String const&>(Coordination::Error, FormatStringHelperImpl<std::type_identity<String const&>::type>, String const&) @ 0x000000001276578a in /usr/bin/clickhouse
3. zkutil::ZooKeeperArgs::initFromKeeperSection(Poco::Util::AbstractConfiguration const&, String const&) @ 0x0000000013813c10 in /usr/bin/clickhouse
4. zkutil::ZooKeeperArgs::ZooKeeperArgs(Poco::Util::AbstractConfiguration const&, String const&) @ 0x000000001380f986 in /usr/bin/clickhouse
5. zkutil::ZooKeeper::ZooKeeper(Poco::Util::AbstractConfiguration const&, String const&, std::shared_ptr<DB::ZooKeeperLog>) @ 0x00000000137e48cc in /usr/bin/clickhouse
6. DB::Context::getZooKeeper() const @ 0x000000001164aa4a in /usr/bin/clickhouse
7. DB::DDLWorker::getAndSetZooKeeper() @ 0x00000000116cc32d in /usr/bin/clickhouse
8. DB::DDLWorker::enqueueQuery(DB::DDLLogEntry&) @ 0x00000000116dbdb8 in /usr/bin/clickhouse
9. DB::executeDDLQueryOnCluster(std::shared_ptr<DB::IAST> const&, std::shared_ptr<DB::Context const>, DB::DDLQueryOnClusterParams const&) @ 0x00000000122b0200 in /usr/bin/clickhouse
10. DB::InterpreterDropQuery::execute() @ 0x0000000011da9a91 in /usr/bin/clickhouse
11. DB::executeQueryImpl(char const*, char const*, std::shared_ptr<DB::Context>, bool, DB::QueryProcessingStage::Enum, DB::ReadBuffer*) @ 0x00000000122c98a8 in /usr/bin/clickhouse
12. DB::executeQuery(String const&, std::shared_ptr<DB::Context>, bool, DB::QueryProcessingStage::Enum) @ 0x00000000122c5015 in /usr/bin/clickhouse
13. DB::TCPHandler::runImpl() @ 0x0000000013140ff9 in /usr/bin/clickhouse
14. DB::TCPHandler::run() @ 0x00000000131533d9 in /usr/bin/clickhouse
15. Poco::Net::TCPServerConnection::start() @ 0x0000000015b4dc74 in /usr/bin/clickhouse
16. Poco::Net::TCPServerDispatcher::run() @ 0x0000000015b4ee71 in /usr/bin/clickhouse
17. Poco::PooledThread::run() @ 0x0000000015c85aa7 in /usr/bin/clickhouse
18. Poco::ThreadImpl::runnableEntry(void*) @ 0x0000000015c83d7c in /usr/bin/clickhouse
19. ? @ 0x000078d4781ed609 in ?
20. ? @ 0x000078d478112353 in ?

2026.03.18 20:30:55.774846 [ 41 ] {0d74466e-8ebc-4196-b627-4145697c8e64} <Error> TCPHandler: Code: 999. Coordination::Exception: Unknown key host in config file. (KEEPER_EXCEPTION), Stack trace (when copying this message, always include the lines below):

0. DB::Exception::Exception(DB::Exception::MessageMasked&&, int, bool) @ 0x000000000c6251d7 in /usr/bin/clickhouse
1. DB::Exception::Exception<String const&>(int, FormatStringHelperImpl<std::type_identity<String const&>::type>, String const&) @ 0x00000000074ae38d in /usr/bin/clickhouse
2. Coordination::Exception::Exception<String const&>(Coordination::Error, FormatStringHelperImpl<std::type_identity<String const&>::type>, String const&) @ 0x000000001276578a in /usr/bin/clickhouse
3. zkutil::ZooKeeperArgs::initFromKeeperSection(Poco::Util::AbstractConfiguration const&, String const&) @ 0x0000000013813c10 in /usr/bin/clickhouse
4. zkutil::ZooKeeperArgs::ZooKeeperArgs(Poco::Util::AbstractConfiguration const&, String const&) @ 0x000000001380f986 in /usr/bin/clickhouse
5. zkutil::ZooKeeper::ZooKeeper(Poco::Util::AbstractConfiguration const&, String const&, std::shared_ptr<DB::ZooKeeperLog>) @ 0x00000000137e48cc in /usr/bin/clickhouse
6. DB::Context::getZooKeeper() const @ 0x000000001164aa4a in /usr/bin/clickhouse
7. DB::DDLWorker::getAndSetZooKeeper() @ 0x00000000116cc32d in /usr/bin/clickhouse
8. DB::DDLWorker::enqueueQuery(DB::DDLLogEntry&) @ 0x00000000116dbdb8 in /usr/bin/clickhouse
9. DB::executeDDLQueryOnCluster(std::shared_ptr<DB::IAST> const&, std::shared_ptr<DB::Context const>, DB::DDLQueryOnClusterParams const&) @ 0x00000000122b0200 in /usr/bin/clickhouse
10. DB::InterpreterDropQuery::execute() @ 0x0000000011da9a91 in /usr/bin/clickhouse
11. DB::executeQueryImpl(char const*, char const*, std::shared_ptr<DB::Context>, bool, DB::QueryProcessingStage::Enum, DB::ReadBuffer*) @ 0x00000000122c98a8 in /usr/bin/clickhouse
12. DB::executeQuery(String const&, std::shared_ptr<DB::Context>, bool, DB::QueryProcessingStage::Enum) @ 0x00000000122c5015 in /usr/bin/clickhouse
13. DB::TCPHandler::runImpl() @ 0x0000000013140ff9 in /usr/bin/clickhouse
14. DB::TCPHandler::run() @ 0x00000000131533d9 in /usr/bin/clickhouse
15. Poco::Net::TCPServerConnection::start() @ 0x0000000015b4dc74 in /usr/bin/clickhouse
16. Poco::Net::TCPServerDispatcher::run() @ 0x0000000015b4ee71 in /usr/bin/clickhouse
17. Poco::PooledThread::run() @ 0x0000000015c85aa7 in /usr/bin/clickhouse
18. Poco::ThreadImpl::runnableEntry(void*) @ 0x0000000015c83d7c in /usr/bin/clickhouse
19. ? @ 0x000078d4781ed609 in ?
20. ? @ 0x000078d478112353 in ?

2026.03.18 20:30:56.029691 [ 286 ] {} <Error> DDLWorker: ZooKeeper error: Code: 999. Coordination::Exception: Unknown key host in config file. (KEEPER_EXCEPTION), Stack trace (when copying this message, always include the lines below):

0. DB::Exception::Exception(DB::Exception::MessageMasked&&, int, bool) @ 0x000000000c6251d7 in /usr/bin/clickhouse
1. DB::Exception::Exception<String const&>(int, FormatStringHelperImpl<std::type_identity<String const&>::type>, String const&) @ 0x00000000074ae38d in /usr/bin/clickhouse
2. Coordination::Exception::Exception<String const&>(Coordination::Error, FormatStringHelperImpl<std::type_identity<String const&>::type>, String const&) @ 0x000000001276578a in /usr/bin/clickhouse
3. zkutil::ZooKeeperArgs::initFromKeeperSection(Poco::Util::AbstractConfiguration const&, String const&) @ 0x0000000013813c10 in /usr/bin/clickhouse
4. zkutil::ZooKeeperArgs::ZooKeeperArgs(Poco::Util::AbstractConfiguration const&, String const&) @ 0x000000001380f986 in /usr/bin/clickhouse
5. zkutil::ZooKeeper::ZooKeeper(Poco::Util::AbstractConfiguration const&, String const&, std::shared_ptr<DB::ZooKeeperLog>) @ 0x00000000137e48cc in /usr/bin/clickhouse
6. DB::Context::getZooKeeper() const @ 0x000000001164aa4a in /usr/bin/clickhouse
7. DB::DDLWorker::getAndSetZooKeeper() @ 0x00000000116cc32d in /usr/bin/clickhouse
8. DB::DDLWorker::initializeMainThread() @ 0x00000000116dca3b in /usr/bin/clickhouse
9. DB::DDLWorker::runMainThread() @ 0x00000000116c73c0 in /usr/bin/clickhouse
10. void std::__function::__policy_invoker<void ()>::__call_impl<std::__function::__default_alloc_func<ThreadFromGlobalPoolImpl<true>::ThreadFromGlobalPoolImpl<void (DB::DDLWorker::*)(), DB::DDLWorker*>(void (DB::DDLWorker::*&&)(), DB::DDLWorker*&&)::'lambda'(), void ()>>(std::__function::__policy_storage const*) @ 0x00000000116ddb4c in /usr/bin/clickhouse
11. void* std::__thread_proxy[abi:v15000]<std::tuple<std::unique_ptr<std::__thread_struct, std::default_delete<std::__thread_struct>>, void ThreadPoolImpl<std::thread>::scheduleImpl<void>(std::function<void ()>, Priority, std::optional<unsigned long>, bool)::'lambda0'()>>(void*) @ 0x000000000c706104 in /usr/bin/clickhouse
12. ? @ 0x000078d4781ed609 in ?
13. ? @ 0x000078d478112353 in ?
 (version 23.8.16.16 (official build)). Failed to start DDLWorker.
2026.03.18 20:30:56.030091 [ 286 ] {} <Error> virtual bool DB::DDLWorker::initializeMainThread(): Code: 999. Coordination::Exception: Unknown key host in config file. (KEEPER_EXCEPTION), Stack trace (when copying this message, always include the lines below):

0. DB::Exception::Exception(DB::Exception::MessageMasked&&, int, bool) @ 0x000000000c6251d7 in /usr/bin/clickhouse
1. DB::Exception::Exception<String const&>(int, FormatStringHelperImpl<std::type_identity<String const&>::type>, String const&) @ 0x00000000074ae38d in /usr/bin/clickhouse
2. Coordination::Exception::Exception<String const&>(Coordination::Error, FormatStringHelperImpl<std::type_identity<String const&>::type>, String const&) @ 0x000000001276578a in /usr/bin/clickhouse
3. zkutil::ZooKeeperArgs::initFromKeeperSection(Poco::Util::AbstractConfiguration const&, String const&) @ 0x0000000013813c10 in /usr/bin/clickhouse
4. zkutil::ZooKeeperArgs::ZooKeeperArgs(Poco::Util::AbstractConfiguration const&, String const&) @ 0x000000001380f986 in /usr/bin/clickhouse
5. zkutil::ZooKeeper::ZooKeeper(Poco::Util::AbstractConfiguration const&, String const&, std::shared_ptr<DB::ZooKeeperLog>) @ 0x00000000137e48cc in /usr/bin/clickhouse
6. DB::Context::getZooKeeper() const @ 0x000000001164aa4a in /usr/bin/clickhouse
7. DB::DDLWorker::getAndSetZooKeeper() @ 0x00000000116cc32d in /usr/bin/clickhouse
8. DB::DDLWorker::initializeMainThread() @ 0x00000000116dca3b in /usr/bin/clickhouse
9. DB::DDLWorker::runMainThread() @ 0x00000000116c73c0 in /usr/bin/clickhouse
10. void std::__function::__policy_invoker<void ()>::__call_impl<std::__function::__default_alloc_func<ThreadFromGlobalPoolImpl<true>::ThreadFromGlobalPoolImpl<void (DB::DDLWorker::*)(), DB::DDLWorker*>(void (DB::DDLWorker::*&&)(), DB::DDLWorker*&&)::'lambda'(), void ()>>(std::__function::__policy_storage const*) @ 0x00000000116ddb4c in /usr/bin/clickhouse
11. void* std::__thread_proxy[abi:v15000]<std::tuple<std::unique_ptr<std::__thread_struct, std::default_delete<std::__thread_struct>>, void ThreadPoolImpl<std::thread>::scheduleImpl<void>(std::function<void ()>, Priority, std::optional<unsigned long>, bool)::'lambda0'()>>(void*) @ 0x000000000c706104 in /usr/bin/clickhouse
12. ? @ 0x000078d4781ed609 in ?
13. ? @ 0x000078d478112353 in ?
 (version 23.8.16.16 (official build))
2026.03.18 20:31:01.032062 [ 286 ] {} <Error> DDLWorker: ZooKeeper error: Code: 999. Coordination::Exception: Unknown key host in config file. (KEEPER_EXCEPTION), Stack trace (when copying this message, always include the lines below):

0. DB::Exception::Exception(DB::Exception::MessageMasked&&, int, bool) @ 0x000000000c6251d7 in /usr/bin/clickhouse
1. DB::Exception::Exception<String const&>(int, FormatStringHelperImpl<std::type_identity<String const&>::type>, String const&) @ 0x00000000074ae38d in /usr/bin/clickhouse
2. Coordination::Exception::Exception<String const&>(Coordination::Error, FormatStringHelperImpl<std::type_identity<String const&>::type>, String const&) @ 0x000000001276578a in /usr/bin/clickhouse
3. zkutil::ZooKeeperArgs::initFromKeeperSection(Poco::Util::AbstractConfiguration const&, String const&) @ 0x0000000013813c10 in /usr/bin/clickhouse
4. zkutil::ZooKeeperArgs::ZooKeeperArgs(Poco::Util::AbstractConfiguration const&, String const&) @ 0x000000001380f986 in /usr/bin/clickhouse
5. zkutil::ZooKeeper::ZooKeeper(Poco::Util::AbstractConfiguration const&, String const&, std::shared_ptr<DB::ZooKeeperLog>) @ 0x00000000137e48cc in /usr/bin/clickhouse
6. DB::Context::getZooKeeper() const @ 0x000000001164aa4a in /usr/bin/clickhouse
7. DB::DDLWorker::getAndSetZooKeeper() @ 0x00000000116cc32d in /usr/bin/clickhouse
8. DB::DDLWorker::initializeMainThread() @ 0x00000000116dca3b in /usr/bin/clickhouse
9. DB::DDLWorker::runMainThread() @ 0x00000000116c73c0 in /usr/bin/clickhouse
10. void std::__function::__policy_invoker<void ()>::__call_impl<std::__function::__default_alloc_func<ThreadFromGlobalPoolImpl<true>::ThreadFromGlobalPoolImpl<void (DB::DDLWorker::*)(), DB::DDLWorker*>(void (DB::DDLWorker::*&&)(), DB::DDLWorker*&&)::'lambda'(), void ()>>(std::__function::__policy_storage const*) @ 0x00000000116ddb4c in /usr/bin/clickhouse
11. void* std::__thread_proxy[abi:v15000]<std::tuple<std::unique_ptr<std::__thread_struct, std::default_delete<std::__thread_struct>>, void ThreadPoolImpl<std::thread>::scheduleImpl<void>(std::function<void ()>, Priority, std::optional<unsigned long>, bool)::'lambda0'()>>(void*) @ 0x000000000c706104 in /usr/bin/clickhouse
12. ? @ 0x000078d4781ed609 in ?
13. ? @ 0x000078d478112353 in ?
 (version 23.8.16.16 (official build)). Failed to start DDLWorker.
2026.03.18 20:31:01.032572 [ 286 ] {} <Error> virtual bool DB::DDLWorker::initializeMainThread(): Code: 999. Coordination::Exception: Unknown key host in config file. (KEEPER_EXCEPTION), Stack trace (when copying this message, always include the lines below):

0. DB::Exception::Exception(DB::Exception::MessageMasked&&, int, bool) @ 0x000000000c6251d7 in /usr/bin/clickhouse
1. DB::Exception::Exception<String const&>(int, FormatStringHelperImpl<std::type_identity<String const&>::type>, String const&) @ 0x00000000074ae38d in /usr/bin/clickhouse
2. Coordination::Exception::Exception<String const&>(Coordination::Error, FormatStringHelperImpl<std::type_identity<String const&>::type>, String const&) @ 0x000000001276578a in /usr/bin/clickhouse
3. zkutil::ZooKeeperArgs::initFromKeeperSection(Poco::Util::AbstractConfiguration const&, String const&) @ 0x0000000013813c10 in /usr/bin/clickhouse
4. zkutil::ZooKeeperArgs::ZooKeeperArgs(Poco::Util::AbstractConfiguration const&, String const&) @ 0x000000001380f986 in /usr/bin/clickhouse
5. zkutil::ZooKeeper::ZooKeeper(Poco::Util::AbstractConfiguration const&, String const&, std::shared_ptr<DB::ZooKeeperLog>) @ 0x00000000137e48cc in /usr/bin/clickhouse
6. DB::Context::getZooKeeper() const @ 0x000000001164aa4a in /usr/bin/clickhouse
7. DB::DDLWorker::getAndSetZooKeeper() @ 0x00000000116cc32d in /usr/bin/clickhouse
8. DB::DDLWorker::initializeMainThread() @ 0x00000000116dca3b in /usr/bin/clickhouse
9. DB::DDLWorker::runMainThread() @ 0x00000000116c73c0 in /usr/bin/clickhouse
10. void std::__function::__policy_invoker<void ()>::__call_impl<std::__function::__default_alloc_func<ThreadFromGlobalPoolImpl<true>::ThreadFromGlobalPoolImpl<void (DB::DDLWorker::*)(), DB::DDLWorker*>(void (DB::DDLWorker::*&&)(), DB::DDLWorker*&&)::'lambda'(), void ()>>(std::__function::__policy_storage const*) @ 0x00000000116ddb4c in /usr/bin/clickhouse
11. void* std::__thread_proxy[abi:v15000]<std::tuple<std::unique_ptr<std::__thread_struct, std::default_delete<std::__thread_struct>>, void ThreadPoolImpl<std::thread>::scheduleImpl<void>(std::function<void ()>, Priority, std::optional<unsigned long>, bool)::'lambda0'()>>(void*) @ 0x000000000c706104 in /usr/bin/clickhouse
12. ? @ 0x000078d4781ed609 in ?
13. ? @ 0x000078d478112353 in ?
 (version 23.8.16.16 (official build))
2026.03.18 20:31:06.033226 [ 286 ] {} <Error> DDLWorker: ZooKeeper error: Code: 999. Coordination::Exception: Unknown key host in config file. (KEEPER_EXCEPTION), Stack trace (when copying this message, always include the lines below):

0. DB::Exception::Exception(DB::Exception::MessageMasked&&, int, bool) @ 0x000000000c6251d7 in /usr/bin/clickhouse
1. DB::Exception::Exception<String const&>(int, FormatStringHelperImpl<std::type_identity<String const&>::type>, String const&) @ 0x00000000074ae38d in /usr/bin/clickhouse
2. Coordination::Exception::Exception<String const&>(Coordination::Error, FormatStringHelperImpl<std::type_identity<String const&>::type>, String const&) @ 0x000000001276578a in /usr/bin/clickhouse
3. zkutil::ZooKeeperArgs::initFromKeeperSection(Poco::Util::AbstractConfiguration const&, String const&) @ 0x0000000013813c10 in /usr/bin/clickhouse
4. zkutil::ZooKeeperArgs::ZooKeeperArgs(Poco::Util::AbstractConfiguration const&, String const&) @ 0x000000001380f986 in /usr/bin/clickhouse
5. zkutil::ZooKeeper::ZooKeeper(Poco::Util::AbstractConfiguration const&, String const&, std::shared_ptr<DB::ZooKeeperLog>) @ 0x00000000137e48cc in /usr/bin/clickhouse
6. DB::Context::getZooKeeper() const @ 0x000000001164aa4a in /usr/bin/clickhouse
7. DB::DDLWorker::getAndSetZooKeeper() @ 0x00000000116cc32d in /usr/bin/clickhouse
8. DB::DDLWorker::initializeMainThread() @ 0x00000000116dca3b in /usr/bin/clickhouse
9. DB::DDLWorker::runMainThread() @ 0x00000000116c73c0 in /usr/bin/clickhouse
10. void std::__function::__policy_invoker<void ()>::__call_impl<std::__function::__default_alloc_func<ThreadFromGlobalPoolImpl<true>::ThreadFromGlobalPoolImpl<void (DB::DDLWorker::*)(), DB::DDLWorker*>(void (DB::DDLWorker::*&&)(), DB::DDLWorker*&&)::'lambda'(), void ()>>(std::__function::__policy_storage const*) @ 0x00000000116ddb4c in /usr/bin/clickhouse
11. void* std::__thread_proxy[abi:v15000]<std::tuple<std::unique_ptr<std::__thread_struct, std::default_delete<std::__thread_struct>>, void ThreadPoolImpl<std::thread>::scheduleImpl<void>(std::function<void ()>, Priority, std::optional<unsigned long>, bool)::'lambda0'()>>(void*) @ 0x000000000c706104 in /usr/bin/clickhouse
12. ? @ 0x000078d4781ed609 in ?
13. ? @ 0x000078d478112353 in ?
 (version 23.8.16.16 (official build)). Failed to start DDLWorker.
2026.03.18 20:31:06.033358 [ 286 ] {} <Error> virtual bool DB::DDLWorker::initializeMainThread(): Code: 999. Coordination::Exception: Unknown key host in config file. (KEEPER_EXCEPTION), Stack trace (when copying this message, always include the lines below):

0. DB::Exception::Exception(DB::Exception::MessageMasked&&, int, bool) @ 0x000000000c6251d7 in /usr/bin/clickhouse
1. DB::Exception::Exception<String const&>(int, FormatStringHelperImpl<std::type_identity<String const&>::type>, String const&) @ 0x00000000074ae38d in /usr/bin/clickhouse
2. Coordination::Exception::Exception<String const&>(Coordination::Error, FormatStringHelperImpl<std::type_identity<String const&>::type>, String const&) @ 0x000000001276578a in /usr/bin/clickhouse
3. zkutil::ZooKeeperArgs::initFromKeeperSection(Poco::Util::AbstractConfiguration const&, String const&) @ 0x0000000013813c10 in /usr/bin/clickhouse
4. zkutil::ZooKeeperArgs::ZooKeeperArgs(Poco::Util::AbstractConfiguration const&, String const&) @ 0x000000001380f986 in /usr/bin/clickhouse
5. zkutil::ZooKeeper::ZooKeeper(Poco::Util::AbstractConfiguration const&, String const&, std::shared_ptr<DB::ZooKeeperLog>) @ 0x00000000137e48cc in /usr/bin/clickhouse
6. DB::Context::getZooKeeper() const @ 0x000000001164aa4a in /usr/bin/clickhouse
7. DB::DDLWorker::getAndSetZooKeeper() @ 0x00000000116cc32d in /usr/bin/clickhouse
8. DB::DDLWorker::initializeMainThread() @ 0x00000000116dca3b in /usr/bin/clickhouse
9. DB::DDLWorker::runMainThread() @ 0x00000000116c73c0 in /usr/bin/clickhouse
10. void std::__function::__policy_invoker<void ()>::__call_impl<std::__function::__default_alloc_func<ThreadFromGlobalPoolImpl<true>::ThreadFromGlobalPoolImpl<void (DB::DDLWorker::*)(), DB::DDLWorker*>(void (DB::DDLWorker::*&&)(), DB::DDLWorker*&&)::'lambda'(), void ()>>(std::__function::__policy_storage const*) @ 0x00000000116ddb4c in /usr/bin/clickhouse
11. void* std::__thread_proxy[abi:v15000]<std::tuple<std::unique_ptr<std::__thread_struct, std::default_delete<std::__thread_struct>>, void ThreadPoolImpl<std::thread>::scheduleImpl<void>(std::function<void ()>, Priority, std::optional<unsigned long>, bool)::'lambda0'()>>(void*) @ 0x000000000c706104 in /usr/bin/clickhouse
12. ? @ 0x000078d4781ed609 in ?
13. ? @ 0x000078d478112353 in ?
 (version 23.8.16.16 (official build))
2026.03.18 20:31:11.033732 [ 286 ] {} <Error> DDLWorker: ZooKeeper error: Code: 999. Coordination::Exception: Unknown key host in config file. (KEEPER_EXCEPTION), Stack trace (when copying this message, always include the lines below):

0. DB::Exception::Exception(DB::Exception::MessageMasked&&, int, bool) @ 0x000000000c6251d7 in /usr/bin/clickhouse
1. DB::Exception::Exception<String const&>(int, FormatStringHelperImpl<std::type_identity<String const&>::type>, String const&) @ 0x00000000074ae38d in /usr/bin/clickhouse
2. Coordination::Exception::Exception<String const&>(Coordination::Error, FormatStringHelperImpl<std::type_identity<String const&>::type>, String const&) @ 0x000000001276578a in /usr/bin/clickhouse
3. zkutil::ZooKeeperArgs::initFromKeeperSection(Poco::Util::AbstractConfiguration const&, String const&) @ 0x0000000013813c10 in /usr/bin/clickhouse
4. zkutil::ZooKeeperArgs::ZooKeeperArgs(Poco::Util::AbstractConfiguration const&, String const&) @ 0x000000001380f986 in /usr/bin/clickhouse
5. zkutil::ZooKeeper::ZooKeeper(Poco::Util::AbstractConfiguration const&, String const&, std::shared_ptr<DB::ZooKeeperLog>) @ 0x00000000137e48cc in /usr/bin/clickhouse
6. DB::Context::getZooKeeper() const @ 0x000000001164aa4a in /usr/bin/clickhouse
7. DB::DDLWorker::getAndSetZooKeeper() @ 0x00000000116cc32d in /usr/bin/clickhouse
8. DB::DDLWorker::initializeMainThread() @ 0x00000000116dca3b in /usr/bin/clickhouse
9. DB::DDLWorker::runMainThread() @ 0x00000000116c73c0 in /usr/bin/clickhouse
10. void std::__function::__policy_invoker<void ()>::__call_impl<std::__function::__default_alloc_func<ThreadFromGlobalPoolImpl<true>::ThreadFromGlobalPoolImpl<void (DB::DDLWorker::*)(), DB::DDLWorker*>(void (DB::DDLWorker::*&&)(), DB::DDLWorker*&&)::'lambda'(), void ()>>(std::__function::__policy_storage const*) @ 0x00000000116ddb4c in /usr/bin/clickhouse
11. void* std::__thread_proxy[abi:v15000]<std::tuple<std::unique_ptr<std::__thread_struct, std::default_delete<std::__thread_struct>>, void ThreadPoolImpl<std::thread>::scheduleImpl<void>(std::function<void ()>, Priority, std::optional<unsigned long>, bool)::'lambda0'()>>(void*) @ 0x000000000c706104 in /usr/bin/clickhouse
12. ? @ 0x000078d4781ed609 in ?
13. ? @ 0x000078d478112353 in ?
 (version 23.8.16.16 (official build)). Failed to start DDLWorker.
2026.03.18 20:31:11.033797 [ 286 ] {} <Error> virtual bool DB::DDLWorker::initializeMainThread(): Code: 999. Coordination::Exception: Unknown key host in config file. (KEEPER_EXCEPTION), Stack trace (when copying this message, always include the lines below):

0. DB::Exception::Exception(DB::Exception::MessageMasked&&, int, bool) @ 0x000000000c6251d7 in /usr/bin/clickhouse
1. DB::Exception::Exception<String const&>(int, FormatStringHelperImpl<std::type_identity<String const&>::type>, String const&) @ 0x00000000074ae38d in /usr/bin/clickhouse
2. Coordination::Exception::Exception<String const&>(Coordination::Error, FormatStringHelperImpl<std::type_identity<String const&>::type>, String const&) @ 0x000000001276578a in /usr/bin/clickhouse
3. zkutil::ZooKeeperArgs::initFromKeeperSection(Poco::Util::AbstractConfiguration const&, String const&) @ 0x0000000013813c10 in /usr/bin/clickhouse
4. zkutil::ZooKeeperArgs::ZooKeeperArgs(Poco::Util::AbstractConfiguration const&, String const&) @ 0x000000001380f986 in /usr/bin/clickhouse
5. zkutil::ZooKeeper::ZooKeeper(Poco::Util::AbstractConfiguration const&, String const&, std::shared_ptr<DB::ZooKeeperLog>) @ 0x00000000137e48cc in /usr/bin/clickhouse
6. DB::Context::getZooKeeper() const @ 0x000000001164aa4a in /usr/bin/clickhouse
7. DB::DDLWorker::getAndSetZooKeeper() @ 0x00000000116cc32d in /usr/bin/clickhouse
8. DB::DDLWorker::initializeMainThread() @ 0x00000000116dca3b in /usr/bin/clickhouse
9. DB::DDLWorker::runMainThread() @ 0x00000000116c73c0 in /usr/bin/clickhouse
10. void std::__function::__policy_invoker<void ()>::__call_impl<std::__function::__default_alloc_func<ThreadFromGlobalPoolImpl<true>::ThreadFromGlobalPoolImpl<void (DB::DDLWorker::*)(), DB::DDLWorker*>(void (DB::DDLWorker::*&&)(), DB::DDLWorker*&&)::'lambda'(), void ()>>(std::__function::__policy_storage const*) @ 0x00000000116ddb4c in /usr/bin/clickhouse
11. void* std::__thread_proxy[abi:v15000]<std::tuple<std::unique_ptr<std::__thread_struct, std::default_delete<std::__thread_struct>>, void ThreadPoolImpl<std::thread>::scheduleImpl<void>(std::function<void ()>, Priority, std::optional<unsigned long>, bool)::'lambda0'()>>(void*) @ 0x000000000c706104 in /usr/bin/clickhouse
12. ? @ 0x000078d4781ed609 in ?
13. ? @ 0x000078d478112353 in ?
 (version 23.8.16.16 (official build))
2026.03.18 20:31:16.034829 [ 286 ] {} <Error> DDLWorker: ZooKeeper error: Code: 999. Coordination::Exception: Unknown key host in config file. (KEEPER_EXCEPTION), Stack trace (when copying this message, always include the lines below):

0. DB::Exception::Exception(DB::Exception::MessageMasked&&, int, bool) @ 0x000000000c6251d7 in /usr/bin/clickhouse
1. DB::Exception::Exception<String const&>(int, FormatStringHelperImpl<std::type_identity<String const&>::type>, String const&) @ 0x00000000074ae38d in /usr/bin/clickhouse
2. Coordination::Exception::Exception<String const&>(Coordination::Error, FormatStringHelperImpl<std::type_identity<String const&>::type>, String const&) @ 0x000000001276578a in /usr/bin/clickhouse
3. zkutil::ZooKeeperArgs::initFromKeeperSection(Poco::Util::AbstractConfiguration const&, String const&) @ 0x0000000013813c10 in /usr/bin/clickhouse
4. zkutil::ZooKeeperArgs::ZooKeeperArgs(Poco::Util::AbstractConfiguration const&, String const&) @ 0x000000001380f986 in /usr/bin/clickhouse
5. zkutil::ZooKeeper::ZooKeeper(Poco::Util::AbstractConfiguration const&, String const&, std::shared_ptr<DB::ZooKeeperLog>) @ 0x00000000137e48cc in /usr/bin/clickhouse
6. DB::Context::getZooKeeper() const @ 0x000000001164aa4a in /usr/bin/clickhouse
7. DB::DDLWorker::getAndSetZooKeeper() @ 0x00000000116cc32d in /usr/bin/clickhouse
8. DB::DDLWorker::initializeMainThread() @ 0x00000000116dca3b in /usr/bin/clickhouse
9. DB::DDLWorker::runMainThread() @ 0x00000000116c73c0 in /usr/bin/clickhouse
10. void std::__function::__policy_invoker<void ()>::__call_impl<std::__function::__default_alloc_func<ThreadFromGlobalPoolImpl<true>::ThreadFromGlobalPoolImpl<void (DB::DDLWorker::*)(), DB::DDLWorker*>(void (DB::DDLWorker::*&&)(), DB::DDLWorker*&&)::'lambda'(), void ()>>(std::__function::__policy_storage const*) @ 0x00000000116ddb4c in /usr/bin/clickhouse
11. void* std::__thread_proxy[abi:v15000]<std::tuple<std::unique_ptr<std::__thread_struct, std::default_delete<std::__thread_struct>>, void ThreadPoolImpl<std::thread>::scheduleImpl<void>(std::function<void ()>, Priority, std::optional<unsigned long>, bool)::'lambda0'()>>(void*) @ 0x000000000c706104 in /usr/bin/clickhouse
12. ? @ 0x000078d4781ed609 in ?
13. ? @ 0x000078d478112353 in ?
 (version 23.8.16.16 (official build)). Failed to start DDLWorker.
2026.03.18 20:31:16.034885 [ 286 ] {} <Error> virtual bool DB::DDLWorker::initializeMainThread(): Code: 999. Coordination::Exception: Unknown key host in config file. (KEEPER_EXCEPTION), Stack trace (when copying this message, always include the lines below):

0. DB::Exception::Exception(DB::Exception::MessageMasked&&, int, bool) @ 0x000000000c6251d7 in /usr/bin/clickhouse
1. DB::Exception::Exception<String const&>(int, FormatStringHelperImpl<std::type_identity<String const&>::type>, String const&) @ 0x00000000074ae38d in /usr/bin/clickhouse
2. Coordination::Exception::Exception<String const&>(Coordination::Error, FormatStringHelperImpl<std::type_identity<String const&>::type>, String const&) @ 0x000000001276578a in /usr/bin/clickhouse
3. zkutil::ZooKeeperArgs::initFromKeeperSection(Poco::Util::AbstractConfiguration const&, String const&) @ 0x0000000013813c10 in /usr/bin/clickhouse
4. zkutil::ZooKeeperArgs::ZooKeeperArgs(Poco::Util::AbstractConfiguration const&, String const&) @ 0x000000001380f986 in /usr/bin/clickhouse
5. zkutil::ZooKeeper::ZooKeeper(Poco::Util::AbstractConfiguration const&, String const&, std::shared_ptr<DB::ZooKeeperLog>) @ 0x00000000137e48cc in /usr/bin/clickhouse
6. DB::Context::getZooKeeper() const @ 0x000000001164aa4a in /usr/bin/clickhouse
7. DB::DDLWorker::getAndSetZooKeeper() @ 0x00000000116cc32d in /usr/bin/clickhouse
8. DB::DDLWorker::initializeMainThread() @ 0x00000000116dca3b in /usr/bin/clickhouse
9. DB::DDLWorker::runMainThread() @ 0x00000000116c73c0 in /usr/bin/clickhouse
10. void std::__function::__policy_invoker<void ()>::__call_impl<std::__function::__default_alloc_func<ThreadFromGlobalPoolImpl<true>::ThreadFromGlobalPoolImpl<void (DB::DDLWorker::*)(), DB::DDLWorker*>(void (DB::DDLWorker::*&&)(), DB::DDLWorker*&&)::'lambda'(), void ()>>(std::__function::__policy_storage const*) @ 0x00000000116ddb4c in /usr/bin/clickhouse
11. void* std::__thread_proxy[abi:v15000]<std::tuple<std::unique_ptr<std::__thread_struct, std::default_delete<std::__thread_struct>>, void ThreadPoolImpl<std::thread>::scheduleImpl<void>(std::function<void ()>, Priority, std::optional<unsigned long>, bool)::'lambda0'()>>(void*) @ 0x000000000c706104 in /usr/bin/clickhouse
12. ? @ 0x000078d4781ed609 in ?
13. ? @ 0x000078d478112353 in ?
 (version 23.8.16.16 (official build))
2026.03.18 20:31:21.037751 [ 286 ] {} <Error> DDLWorker: ZooKeeper error: Code: 999. Coordination::Exception: Unknown key host in config file. (KEEPER_EXCEPTION), Stack trace (when copying this message, always include the lines below):

0. DB::Exception::Exception(DB::Exception::MessageMasked&&, int, bool) @ 0x000000000c6251d7 in /usr/bin/clickhouse
1. DB::Exception::Exception<String const&>(int, FormatStringHelperImpl<std::type_identity<String const&>::type>, String const&) @ 0x00000000074ae38d in /usr/bin/clickhouse
2. Coordination::Exception::Exception<String const&>(Coordination::Error, FormatStringHelperImpl<std::type_identity<String const&>::type>, String const&) @ 0x000000001276578a in /usr/bin/clickhouse
3. zkutil::ZooKeeperArgs::initFromKeeperSection(Poco::Util::AbstractConfiguration const&, String const&) @ 0x0000000013813c10 in /usr/bin/clickhouse
4. zkutil::ZooKeeperArgs::ZooKeeperArgs(Poco::Util::AbstractConfiguration const&, String const&) @ 0x000000001380f986 in /usr/bin/clickhouse
5. zkutil::ZooKeeper::ZooKeeper(Poco::Util::AbstractConfiguration const&, String const&, std::shared_ptr<DB::ZooKeeperLog>) @ 0x00000000137e48cc in /usr/bin/clickhouse
6. DB::Context::getZooKeeper() const @ 0x000000001164aa4a in /usr/bin/clickhouse
7. DB::DDLWorker::getAndSetZooKeeper() @ 0x00000000116cc32d in /usr/bin/clickhouse
8. DB::DDLWorker::initializeMainThread() @ 0x00000000116dca3b in /usr/bin/clickhouse
9. DB::DDLWorker::runMainThread() @ 0x00000000116c73c0 in /usr/bin/clickhouse
10. void std::__function::__policy_invoker<void ()>::__call_impl<std::__function::__default_alloc_func<ThreadFromGlobalPoolImpl<true>::ThreadFromGlobalPoolImpl<void (DB::DDLWorker::*)(), DB::DDLWorker*>(void (DB::DDLWorker::*&&)(), DB::DDLWorker*&&)::'lambda'(), void ()>>(std::__function::__policy_storage const*) @ 0x00000000116ddb4c in /usr/bin/clickhouse
11. void* std::__thread_proxy[abi:v15000]<std::tuple<std::unique_ptr<std::__thread_struct, std::default_delete<std::__thread_struct>>, void ThreadPoolImpl<std::thread>::scheduleImpl<void>(std::function<void ()>, Priority, std::optional<unsigned long>, bool)::'lambda0'()>>(void*) @ 0x000000000c706104 in /usr/bin/clickhouse
12. ? @ 0x000078d4781ed609 in ?
13. ? @ 0x000078d478112353 in ?
 (version 23.8.16.16 (official build)). Failed to start DDLWorker.
2026.03.18 20:31:21.037825 [ 286 ] {} <Error> virtual bool DB::DDLWorker::initializeMainThread(): Code: 999. Coordination::Exception: Unknown key host in config file. (KEEPER_EXCEPTION), Stack trace (when copying this message, always include the lines below):

0. DB::Exception::Exception(DB::Exception::MessageMasked&&, int, bool) @ 0x000000000c6251d7 in /usr/bin/clickhouse
1. DB::Exception::Exception<String const&>(int, FormatStringHelperImpl<std::type_identity<String const&>::type>, String const&) @ 0x00000000074ae38d in /usr/bin/clickhouse
2. Coordination::Exception::Exception<String const&>(Coordination::Error, FormatStringHelperImpl<std::type_identity<String const&>::type>, String const&) @ 0x000000001276578a in /usr/bin/clickhouse
3. zkutil::ZooKeeperArgs::initFromKeeperSection(Poco::Util::AbstractConfiguration const&, String const&) @ 0x0000000013813c10 in /usr/bin/clickhouse
4. zkutil::ZooKeeperArgs::ZooKeeperArgs(Poco::Util::AbstractConfiguration const&, String const&) @ 0x000000001380f986 in /usr/bin/clickhouse
5. zkutil::ZooKeeper::ZooKeeper(Poco::Util::AbstractConfiguration const&, String const&, std::shared_ptr<DB::ZooKeeperLog>) @ 0x00000000137e48cc in /usr/bin/clickhouse
6. DB::Context::getZooKeeper() const @ 0x000000001164aa4a in /usr/bin/clickhouse
7. DB::DDLWorker::getAndSetZooKeeper() @ 0x00000000116cc32d in /usr/bin/clickhouse
8. DB::DDLWorker::initializeMainThread() @ 0x00000000116dca3b in /usr/bin/clickhouse
9. DB::DDLWorker::runMainThread() @ 0x00000000116c73c0 in /usr/bin/clickhouse
10. void std::__function::__policy_invoker<void ()>::__call_impl<std::__function::__default_alloc_func<ThreadFromGlobalPoolImpl<true>::ThreadFromGlobalPoolImpl<void (DB::DDLWorker::*)(), DB::DDLWorker*>(void (DB::DDLWorker::*&&)(), DB::DDLWorker*&&)::'lambda'(), void ()>>(std::__function::__policy_storage const*) @ 0x00000000116ddb4c in /usr/bin/clickhouse
11. void* std::__thread_proxy[abi:v15000]<std::tuple<std::unique_ptr<std::__thread_struct, std::default_delete<std::__thread_struct>>, void ThreadPoolImpl<std::thread>::scheduleImpl<void>(std::function<void ()>, Priority, std::optional<unsigned long>, bool)::'lambda0'()>>(void*) @ 0x000000000c706104 in /usr/bin/clickhouse
12. ? @ 0x000078d4781ed609 in ?
13. ? @ 0x000078d478112353 in ?
 (version 23.8.16.16 (official build))
2026.03.18 20:31:26.038539 [ 286 ] {} <Error> DDLWorker: ZooKeeper error: Code: 999. Coordination::Exception: Unknown key host in config file. (KEEPER_EXCEPTION), Stack trace (when copying this message, always include the lines below):

0. DB::Exception::Exception(DB::Exception::MessageMasked&&, int, bool) @ 0x000000000c6251d7 in /usr/bin/clickhouse
1. DB::Exception::Exception<String const&>(int, FormatStringHelperImpl<std::type_identity<String const&>::type>, String const&) @ 0x00000000074ae38d in /usr/bin/clickhouse
2. Coordination::Exception::Exception<String const&>(Coordination::Error, FormatStringHelperImpl<std::type_identity<String const&>::type>, String const&) @ 0x000000001276578a in /usr/bin/clickhouse
3. zkutil::ZooKeeperArgs::initFromKeeperSection(Poco::Util::AbstractConfiguration const&, String const&) @ 0x0000000013813c10 in /usr/bin/clickhouse
4. zkutil::ZooKeeperArgs::ZooKeeperArgs(Poco::Util::AbstractConfiguration const&, String const&) @ 0x000000001380f986 in /usr/bin/clickhouse
5. zkutil::ZooKeeper::ZooKeeper(Poco::Util::AbstractConfiguration const&, String const&, std::shared_ptr<DB::ZooKeeperLog>) @ 0x00000000137e48cc in /usr/bin/clickhouse
6. DB::Context::getZooKeeper() const @ 0x000000001164aa4a in /usr/bin/clickhouse
7. DB::DDLWorker::getAndSetZooKeeper() @ 0x00000000116cc32d in /usr/bin/clickhouse
8. DB::DDLWorker::initializeMainThread() @ 0x00000000116dca3b in /usr/bin/clickhouse
9. DB::DDLWorker::runMainThread() @ 0x00000000116c73c0 in /usr/bin/clickhouse
10. void std::__function::__policy_invoker<void ()>::__call_impl<std::__function::__default_alloc_func<ThreadFromGlobalPoolImpl<true>::ThreadFromGlobalPoolImpl<void (DB::DDLWorker::*)(), DB::DDLWorker*>(void (DB::DDLWorker::*&&)(), DB::DDLWorker*&&)::'lambda'(), void ()>>(std::__function::__policy_storage const*) @ 0x00000000116ddb4c in /usr/bin/clickhouse
11. void* std::__thread_proxy[abi:v15000]<std::tuple<std::unique_ptr<std::__thread_struct, std::default_delete<std::__thread_struct>>, void ThreadPoolImpl<std::thread>::scheduleImpl<void>(std::function<void ()>, Priority, std::optional<unsigned long>, bool)::'lambda0'()>>(void*) @ 0x000000000c706104 in /usr/bin/clickhouse
12. ? @ 0x000078d4781ed609 in ?
13. ? @ 0x000078d478112353 in ?
 (version 23.8.16.16 (official build)). Failed to start DDLWorker.
2026.03.18 20:31:26.038609 [ 286 ] {} <Error> virtual bool DB::DDLWorker::initializeMainThread(): Code: 999. Coordination::Exception: Unknown key host in config file. (KEEPER_EXCEPTION), Stack trace (when copying this message, always include the lines below):

0. DB::Exception::Exception(DB::Exception::MessageMasked&&, int, bool) @ 0x000000000c6251d7 in /usr/bin/clickhouse
1. DB::Exception::Exception<String const&>(int, FormatStringHelperImpl<std::type_identity<String const&>::type>, String const&) @ 0x00000000074ae38d in /usr/bin/clickhouse
2. Coordination::Exception::Exception<String const&>(Coordination::Error, FormatStringHelperImpl<std::type_identity<String const&>::type>, String const&) @ 0x000000001276578a in /usr/bin/clickhouse
3. zkutil::ZooKeeperArgs::initFromKeeperSection(Poco::Util::AbstractConfiguration const&, String const&) @ 0x0000000013813c10 in /usr/bin/clickhouse
4. zkutil::ZooKeeperArgs::ZooKeeperArgs(Poco::Util::AbstractConfiguration const&, String const&) @ 0x000000001380f986 in /usr/bin/clickhouse
5. zkutil::ZooKeeper::ZooKeeper(Poco::Util::AbstractConfiguration const&, String const&, std::shared_ptr<DB::ZooKeeperLog>) @ 0x00000000137e48cc in /usr/bin/clickhouse
6. DB::Context::getZooKeeper() const @ 0x000000001164aa4a in /usr/bin/clickhouse
7. DB::DDLWorker::getAndSetZooKeeper() @ 0x00000000116cc32d in /usr/bin/clickhouse
8. DB::DDLWorker::initializeMainThread() @ 0x00000000116dca3b in /usr/bin/clickhouse
9. DB::DDLWorker::runMainThread() @ 0x00000000116c73c0 in /usr/bin/clickhouse
10. void std::__function::__policy_invoker<void ()>::__call_impl<std::__function::__default_alloc_func<ThreadFromGlobalPoolImpl<true>::ThreadFromGlobalPoolImpl<void (DB::DDLWorker::*)(), DB::DDLWorker*>(void (DB::DDLWorker::*&&)(), DB::DDLWorker*&&)::'lambda'(), void ()>>(std::__function::__policy_storage const*) @ 0x00000000116ddb4c in /usr/bin/clickhouse
11. void* std::__thread_proxy[abi:v15000]<std::tuple<std::unique_ptr<std::__thread_struct, std::default_delete<std::__thread_struct>>, void ThreadPoolImpl<std::thread>::scheduleImpl<void>(std::function<void ()>, Priority, std::optional<unsigned long>, bool)::'lambda0'()>>(void*) @ 0x000000000c706104 in /usr/bin/clickhouse
12. ? @ 0x000078d4781ed609 in ?
13. ? @ 0x000078d478112353 in ?
 (version 23.8.16.16 (official build))
2026.03.18 20:31:31.039221 [ 286 ] {} <Error> DDLWorker: ZooKeeper error: Code: 999. Coordination::Exception: Unknown key host in config file. (KEEPER_EXCEPTION), Stack trace (when copying this message, always include the lines below):

0. DB::Exception::Exception(DB::Exception::MessageMasked&&, int, bool) @ 0x000000000c6251d7 in /usr/bin/clickhouse
1. DB::Exception::Exception<String const&>(int, FormatStringHelperImpl<std::type_identity<String const&>::type>, String const&) @ 0x00000000074ae38d in /usr/bin/clickhouse
2. Coordination::Exception::Exception<String const&>(Coordination::Error, FormatStringHelperImpl<std::type_identity<String const&>::type>, String const&) @ 0x000000001276578a in /usr/bin/clickhouse
3. zkutil::ZooKeeperArgs::initFromKeeperSection(Poco::Util::AbstractConfiguration const&, String const&) @ 0x0000000013813c10 in /usr/bin/clickhouse
4. zkutil::ZooKeeperArgs::ZooKeeperArgs(Poco::Util::AbstractConfiguration const&, String const&) @ 0x000000001380f986 in /usr/bin/clickhouse
5. zkutil::ZooKeeper::ZooKeeper(Poco::Util::AbstractConfiguration const&, String const&, std::shared_ptr<DB::ZooKeeperLog>) @ 0x00000000137e48cc in /usr/bin/clickhouse
6. DB::Context::getZooKeeper() const @ 0x000000001164aa4a in /usr/bin/clickhouse
7. DB::DDLWorker::getAndSetZooKeeper() @ 0x00000000116cc32d in /usr/bin/clickhouse
8. DB::DDLWorker::initializeMainThread() @ 0x00000000116dca3b in /usr/bin/clickhouse
9. DB::DDLWorker::runMainThread() @ 0x00000000116c73c0 in /usr/bin/clickhouse
10. void std::__function::__policy_invoker<void ()>::__call_impl<std::__function::__default_alloc_func<ThreadFromGlobalPoolImpl<true>::ThreadFromGlobalPoolImpl<void (DB::DDLWorker::*)(), DB::DDLWorker*>(void (DB::DDLWorker::*&&)(), DB::DDLWorker*&&)::'lambda'(), void ()>>(std::__function::__policy_storage const*) @ 0x00000000116ddb4c in /usr/bin/clickhouse
11. void* std::__thread_proxy[abi:v15000]<std::tuple<std::unique_ptr<std::__thread_struct, std::default_delete<std::__thread_struct>>, void ThreadPoolImpl<std::thread>::scheduleImpl<void>(std::function<void ()>, Priority, std::optional<unsigned long>, bool)::'lambda0'()>>(void*) @ 0x000000000c706104 in /usr/bin/clickhouse
12. ? @ 0x000078d4781ed609 in ?
13. ? @ 0x000078d478112353 in ?
 (version 23.8.16.16 (official build)). Failed to start DDLWorker.
2026.03.18 20:31:31.039291 [ 286 ] {} <Error> virtual bool DB::DDLWorker::initializeMainThread(): Code: 999. Coordination::Exception: Unknown key host in config file. (KEEPER_EXCEPTION), Stack trace (when copying this message, always include the lines below):

0. DB::Exception::Exception(DB::Exception::MessageMasked&&, int, bool) @ 0x000000000c6251d7 in /usr/bin/clickhouse
1. DB::Exception::Exception<String const&>(int, FormatStringHelperImpl<std::type_identity<String const&>::type>, String const&) @ 0x00000000074ae38d in /usr/bin/clickhouse
2. Coordination::Exception::Exception<String const&>(Coordination::Error, FormatStringHelperImpl<std::type_identity<String const&>::type>, String const&) @ 0x000000001276578a in /usr/bin/clickhouse
3. zkutil::ZooKeeperArgs::initFromKeeperSection(Poco::Util::AbstractConfiguration const&, String const&) @ 0x0000000013813c10 in /usr/bin/clickhouse
4. zkutil::ZooKeeperArgs::ZooKeeperArgs(Poco::Util::AbstractConfiguration const&, String const&) @ 0x000000001380f986 in /usr/bin/clickhouse
5. zkutil::ZooKeeper::ZooKeeper(Poco::Util::AbstractConfiguration const&, String const&, std::shared_ptr<DB::ZooKeeperLog>) @ 0x00000000137e48cc in /usr/bin/clickhouse
6. DB::Context::getZooKeeper() const @ 0x000000001164aa4a in /usr/bin/clickhouse
7. DB::DDLWorker::getAndSetZooKeeper() @ 0x00000000116cc32d in /usr/bin/clickhouse
8. DB::DDLWorker::initializeMainThread() @ 0x00000000116dca3b in /usr/bin/clickhouse
9. DB::DDLWorker::runMainThread() @ 0x00000000116c73c0 in /usr/bin/clickhouse
10. void std::__function::__policy_invoker<void ()>::__call_impl<std::__function::__default_alloc_func<ThreadFromGlobalPoolImpl<true>::ThreadFromGlobalPoolImpl<void (DB::DDLWorker::*)(), DB::DDLWorker*>(void (DB::DDLWorker::*&&)(), DB::DDLWorker*&&)::'lambda'(), void ()>>(std::__function::__policy_storage const*) @ 0x00000000116ddb4c in /usr/bin/clickhouse
11. void* std::__thread_proxy[abi:v15000]<std::tuple<std::unique_ptr<std::__thread_struct, std::default_delete<std::__thread_struct>>, void ThreadPoolImpl<std::thread>::scheduleImpl<void>(std::function<void ()>, Priority, std::optional<unsigned long>, bool)::'lambda0'()>>(void*) @ 0x000000000c706104 in /usr/bin/clickhouse
12. ? @ 0x000078d4781ed609 in ?
13. ? @ 0x000078d478112353 in ?
 (version 23.8.16.16 (official build))
2026.03.18 20:31:36.041152 [ 286 ] {} <Error> DDLWorker: ZooKeeper error: Code: 999. Coordination::Exception: Unknown key host in config file. (KEEPER_EXCEPTION), Stack trace (when copying this message, always include the lines below):

0. DB::Exception::Exception(DB::Exception::MessageMasked&&, int, bool) @ 0x000000000c6251d7 in /usr/bin/clickhouse
1. DB::Exception::Exception<String const&>(int, FormatStringHelperImpl<std::type_identity<String const&>::type>, String const&) @ 0x00000000074ae38d in /usr/bin/clickhouse
2. Coordination::Exception::Exception<String const&>(Coordination::Error, FormatStringHelperImpl<std::type_identity<String const&>::type>, String const&) @ 0x000000001276578a in /usr/bin/clickhouse
3. zkutil::ZooKeeperArgs::initFromKeeperSection(Poco::Util::AbstractConfiguration const&, String const&) @ 0x0000000013813c10 in /usr/bin/clickhouse
4. zkutil::ZooKeeperArgs::ZooKeeperArgs(Poco::Util::AbstractConfiguration const&, String const&) @ 0x000000001380f986 in /usr/bin/clickhouse
5. zkutil::ZooKeeper::ZooKeeper(Poco::Util::AbstractConfiguration const&, String const&, std::shared_ptr<DB::ZooKeeperLog>) @ 0x00000000137e48cc in /usr/bin/clickhouse
6. DB::Context::getZooKeeper() const @ 0x000000001164aa4a in /usr/bin/clickhouse
7. DB::DDLWorker::getAndSetZooKeeper() @ 0x00000000116cc32d in /usr/bin/clickhouse
8. DB::DDLWorker::initializeMainThread() @ 0x00000000116dca3b in /usr/bin/clickhouse
9. DB::DDLWorker::runMainThread() @ 0x00000000116c73c0 in /usr/bin/clickhouse
10. void std::__function::__policy_invoker<void ()>::__call_impl<std::__function::__default_alloc_func<ThreadFromGlobalPoolImpl<true>::ThreadFromGlobalPoolImpl<void (DB::DDLWorker::*)(), DB::DDLWorker*>(void (DB::DDLWorker::*&&)(), DB::DDLWorker*&&)::'lambda'(), void ()>>(std::__function::__policy_storage const*) @ 0x00000000116ddb4c in /usr/bin/clickhouse
11. void* std::__thread_proxy[abi:v15000]<std::tuple<std::unique_ptr<std::__thread_struct, std::default_delete<std::__thread_struct>>, void ThreadPoolImpl<std::thread>::scheduleImpl<void>(std::function<void ()>, Priority, std::optional<unsigned long>, bool)::'lambda0'()>>(void*) @ 0x000000000c706104 in /usr/bin/clickhouse
12. ? @ 0x000078d4781ed609 in ?
13. ? @ 0x000078d478112353 in ?
 (version 23.8.16.16 (official build)). Failed to start DDLWorker.
2026.03.18 20:31:36.041224 [ 286 ] {} <Error> virtual bool DB::DDLWorker::initializeMainThread(): Code: 999. Coordination::Exception: Unknown key host in config file. (KEEPER_EXCEPTION), Stack trace (when copying this message, always include the lines below):

0. DB::Exception::Exception(DB::Exception::MessageMasked&&, int, bool) @ 0x000000000c6251d7 in /usr/bin/clickhouse
1. DB::Exception::Exception<String const&>(int, FormatStringHelperImpl<std::type_identity<String const&>::type>, String const&) @ 0x00000000074ae38d in /usr/bin/clickhouse
2. Coordination::Exception::Exception<String const&>(Coordination::Error, FormatStringHelperImpl<std::type_identity<String const&>::type>, String const&) @ 0x000000001276578a in /usr/bin/clickhouse
3. zkutil::ZooKeeperArgs::initFromKeeperSection(Poco::Util::AbstractConfiguration const&, String const&) @ 0x0000000013813c10 in /usr/bin/clickhouse
4. zkutil::ZooKeeperArgs::ZooKeeperArgs(Poco::Util::AbstractConfiguration const&, String const&) @ 0x000000001380f986 in /usr/bin/clickhouse
5. zkutil::ZooKeeper::ZooKeeper(Poco::Util::AbstractConfiguration const&, String const&, std::shared_ptr<DB::ZooKeeperLog>) @ 0x00000000137e48cc in /usr/bin/clickhouse
6. DB::Context::getZooKeeper() const @ 0x000000001164aa4a in /usr/bin/clickhouse
7. DB::DDLWorker::getAndSetZooKeeper() @ 0x00000000116cc32d in /usr/bin/clickhouse
8. DB::DDLWorker::initializeMainThread() @ 0x00000000116dca3b in /usr/bin/clickhouse
9. DB::DDLWorker::runMainThread() @ 0x00000000116c73c0 in /usr/bin/clickhouse
10. void std::__function::__policy_invoker<void ()>::__call_impl<std::__function::__default_alloc_func<ThreadFromGlobalPoolImpl<true>::ThreadFromGlobalPoolImpl<void (DB::DDLWorker::*)(), DB::DDLWorker*>(void (DB::DDLWorker::*&&)(), DB::DDLWorker*&&)::'lambda'(), void ()>>(std::__function::__policy_storage const*) @ 0x00000000116ddb4c in /usr/bin/clickhouse
11. void* std::__thread_proxy[abi:v15000]<std::tuple<std::unique_ptr<std::__thread_struct, std::default_delete<std::__thread_struct>>, void ThreadPoolImpl<std::thread>::scheduleImpl<void>(std::function<void ()>, Priority, std::optional<unsigned long>, bool)::'lambda0'()>>(void*) @ 0x000000000c706104 in /usr/bin/clickhouse
12. ? @ 0x000078d4781ed609 in ?
13. ? @ 0x000078d478112353 in ?
 (version 23.8.16.16 (official build))
2026.03.18 20:31:41.044243 [ 286 ] {} <Error> DDLWorker: ZooKeeper error: Code: 999. Coordination::Exception: Unknown key host in config file. (KEEPER_EXCEPTION), Stack trace (when copying this message, always include the lines below):

0. DB::Exception::Exception(DB::Exception::MessageMasked&&, int, bool) @ 0x000000000c6251d7 in /usr/bin/clickhouse
1. DB::Exception::Exception<String const&>(int, FormatStringHelperImpl<std::type_identity<String const&>::type>, String const&) @ 0x00000000074ae38d in /usr/bin/clickhouse
2. Coordination::Exception::Exception<String const&>(Coordination::Error, FormatStringHelperImpl<std::type_identity<String const&>::type>, String const&) @ 0x000000001276578a in /usr/bin/clickhouse
3. zkutil::ZooKeeperArgs::initFromKeeperSection(Poco::Util::AbstractConfiguration const&, String const&) @ 0x0000000013813c10 in /usr/bin/clickhouse
4. zkutil::ZooKeeperArgs::ZooKeeperArgs(Poco::Util::AbstractConfiguration const&, String const&) @ 0x000000001380f986 in /usr/bin/clickhouse
5. zkutil::ZooKeeper::ZooKeeper(Poco::Util::AbstractConfiguration const&, String const&, std::shared_ptr<DB::ZooKeeperLog>) @ 0x00000000137e48cc in /usr/bin/clickhouse
6. DB::Context::getZooKeeper() const @ 0x000000001164aa4a in /usr/bin/clickhouse
7. DB::DDLWorker::getAndSetZooKeeper() @ 0x00000000116cc32d in /usr/bin/clickhouse
8. DB::DDLWorker::initializeMainThread() @ 0x00000000116dca3b in /usr/bin/clickhouse
9. DB::DDLWorker::runMainThread() @ 0x00000000116c73c0 in /usr/bin/clickhouse
10. void std::__function::__policy_invoker<void ()>::__call_impl<std::__function::__default_alloc_func<ThreadFromGlobalPoolImpl<true>::ThreadFromGlobalPoolImpl<void (DB::DDLWorker::*)(), DB::DDLWorker*>(void (DB::DDLWorker::*&&)(), DB::DDLWorker*&&)::'lambda'(), void ()>>(std::__function::__policy_storage const*) @ 0x00000000116ddb4c in /usr/bin/clickhouse
11. void* std::__thread_proxy[abi:v15000]<std::tuple<std::unique_ptr<std::__thread_struct, std::default_delete<std::__thread_struct>>, void ThreadPoolImpl<std::thread>::scheduleImpl<void>(std::function<void ()>, Priority, std::optional<unsigned long>, bool)::'lambda0'()>>(void*) @ 0x000000000c706104 in /usr/bin/clickhouse
12. ? @ 0x000078d4781ed609 in ?
13. ? @ 0x000078d478112353 in ?
 (version 23.8.16.16 (official build)). Failed to start DDLWorker.
2026.03.18 20:31:41.046601 [ 286 ] {} <Error> virtual bool DB::DDLWorker::initializeMainThread(): Code: 999. Coordination::Exception: Unknown key host in config file. (KEEPER_EXCEPTION), Stack trace (when copying this message, always include the lines below):

0. DB::Exception::Exception(DB::Exception::MessageMasked&&, int, bool) @ 0x000000000c6251d7 in /usr/bin/clickhouse
1. DB::Exception::Exception<String const&>(int, FormatStringHelperImpl<std::type_identity<String const&>::type>, String const&) @ 0x00000000074ae38d in /usr/bin/clickhouse
2. Coordination::Exception::Exception<String const&>(Coordination::Error, FormatStringHelperImpl<std::type_identity<String const&>::type>, String const&) @ 0x000000001276578a in /usr/bin/clickhouse
3. zkutil::ZooKeeperArgs::initFromKeeperSection(Poco::Util::AbstractConfiguration const&, String const&) @ 0x0000000013813c10 in /usr/bin/clickhouse
4. zkutil::ZooKeeperArgs::ZooKeeperArgs(Poco::Util::AbstractConfiguration const&, String const&) @ 0x000000001380f986 in /usr/bin/clickhouse
5. zkutil::ZooKeeper::ZooKeeper(Poco::Util::AbstractConfiguration const&, String const&, std::shared_ptr<DB::ZooKeeperLog>) @ 0x00000000137e48cc in /usr/bin/clickhouse
6. DB::Context::getZooKeeper() const @ 0x000000001164aa4a in /usr/bin/clickhouse
7. DB::DDLWorker::getAndSetZooKeeper() @ 0x00000000116cc32d in /usr/bin/clickhouse
8. DB::DDLWorker::initializeMainThread() @ 0x00000000116dca3b in /usr/bin/clickhouse
9. DB::DDLWorker::runMainThread() @ 0x00000000116c73c0 in /usr/bin/clickhouse
10. void std::__function::__policy_invoker<void ()>::__call_impl<std::__function::__default_alloc_func<ThreadFromGlobalPoolImpl<true>::ThreadFromGlobalPoolImpl<void (DB::DDLWorker::*)(), DB::DDLWorker*>(void (DB::DDLWorker::*&&)(), DB::DDLWorker*&&)::'lambda'(), void ()>>(std::__function::__policy_storage const*) @ 0x00000000116ddb4c in /usr/bin/clickhouse
11. void* std::__thread_proxy[abi:v15000]<std::tuple<std::unique_ptr<std::__thread_struct, std::default_delete<std::__thread_struct>>, void ThreadPoolImpl<std::thread>::scheduleImpl<void>(std::function<void ()>, Priority, std::optional<unsigned long>, bool)::'lambda0'()>>(void*) @ 0x000000000c706104 in /usr/bin/clickhouse
12. ? @ 0x000078d4781ed609 in ?
13. ? @ 0x000078d478112353 in ?
 (version 23.8.16.16 (official build))
2026.03.18 20:31:46.075036 [ 286 ] {} <Error> DDLWorker: ZooKeeper error: Code: 999. Coordination::Exception: Unknown key host in config file. (KEEPER_EXCEPTION), Stack trace (when copying this message, always include the lines below):

0. DB::Exception::Exception(DB::Exception::MessageMasked&&, int, bool) @ 0x000000000c6251d7 in /usr/bin/clickhouse
1. DB::Exception::Exception<String const&>(int, FormatStringHelperImpl<std::type_identity<String const&>::type>, String const&) @ 0x00000000074ae38d in /usr/bin/clickhouse
2. Coordination::Exception::Exception<String const&>(Coordination::Error, FormatStringHelperImpl<std::type_identity<String const&>::type>, String const&) @ 0x000000001276578a in /usr/bin/clickhouse
3. zkutil::ZooKeeperArgs::initFromKeeperSection(Poco::Util::AbstractConfiguration const&, String const&) @ 0x0000000013813c10 in /usr/bin/clickhouse
4. zkutil::ZooKeeperArgs::ZooKeeperArgs(Poco::Util::AbstractConfiguration const&, String const&) @ 0x000000001380f986 in /usr/bin/clickhouse
5. zkutil::ZooKeeper::ZooKeeper(Poco::Util::AbstractConfiguration const&, String const&, std::shared_ptr<DB::ZooKeeperLog>) @ 0x00000000137e48cc in /usr/bin/clickhouse
6. DB::Context::getZooKeeper() const @ 0x000000001164aa4a in /usr/bin/clickhouse
7. DB::DDLWorker::getAndSetZooKeeper() @ 0x00000000116cc32d in /usr/bin/clickhouse
8. DB::DDLWorker::initializeMainThread() @ 0x00000000116dca3b in /usr/bin/clickhouse
9. DB::DDLWorker::runMainThread() @ 0x00000000116c73c0 in /usr/bin/clickhouse
10. void std::__function::__policy_invoker<void ()>::__call_impl<std::__function::__default_alloc_func<ThreadFromGlobalPoolImpl<true>::ThreadFromGlobalPoolImpl<void (DB::DDLWorker::*)(), DB::DDLWorker*>(void (DB::DDLWorker::*&&)(), DB::DDLWorker*&&)::'lambda'(), void ()>>(std::__function::__policy_storage const*) @ 0x00000000116ddb4c in /usr/bin/clickhouse
11. void* std::__thread_proxy[abi:v15000]<std::tuple<std::unique_ptr<std::__thread_struct, std::default_delete<std::__thread_struct>>, void ThreadPoolImpl<std::thread>::scheduleImpl<void>(std::function<void ()>, Priority, std::optional<unsigned long>, bool)::'lambda0'()>>(void*) @ 0x000000000c706104 in /usr/bin/clickhouse
12. ? @ 0x000078d4781ed609 in ?
13. ? @ 0x000078d478112353 in ?
 (version 23.8.16.16 (official build)). Failed to start DDLWorker.
2026.03.18 20:31:46.075125 [ 286 ] {} <Error> virtual bool DB::DDLWorker::initializeMainThread(): Code: 999. Coordination::Exception: Unknown key host in config file. (KEEPER_EXCEPTION), Stack trace (when copying this message, always include the lines below):

0. DB::Exception::Exception(DB::Exception::MessageMasked&&, int, bool) @ 0x000000000c6251d7 in /usr/bin/clickhouse
1. DB::Exception::Exception<String const&>(int, FormatStringHelperImpl<std::type_identity<String const&>::type>, String const&) @ 0x00000000074ae38d in /usr/bin/clickhouse
2. Coordination::Exception::Exception<String const&>(Coordination::Error, FormatStringHelperImpl<std::type_identity<String const&>::type>, String const&) @ 0x000000001276578a in /usr/bin/clickhouse
3. zkutil::ZooKeeperArgs::initFromKeeperSection(Poco::Util::AbstractConfiguration const&, String const&) @ 0x0000000013813c10 in /usr/bin/clickhouse
4. zkutil::ZooKeeperArgs::ZooKeeperArgs(Poco::Util::AbstractConfiguration const&, String const&) @ 0x000000001380f986 in /usr/bin/clickhouse
5. zkutil::ZooKeeper::ZooKeeper(Poco::Util::AbstractConfiguration const&, String const&, std::shared_ptr<DB::ZooKeeperLog>) @ 0x00000000137e48cc in /usr/bin/clickhouse
6. DB::Context::getZooKeeper() const @ 0x000000001164aa4a in /usr/bin/clickhouse
7. DB::DDLWorker::getAndSetZooKeeper() @ 0x00000000116cc32d in /usr/bin/clickhouse
8. DB::DDLWorker::initializeMainThread() @ 0x00000000116dca3b in /usr/bin/clickhouse
9. DB::DDLWorker::runMainThread() @ 0x00000000116c73c0 in /usr/bin/clickhouse
10. void std::__function::__policy_invoker<void ()>::__call_impl<std::__function::__default_alloc_func<ThreadFromGlobalPoolImpl<true>::ThreadFromGlobalPoolImpl<void (DB::DDLWorker::*)(), DB::DDLWorker*>(void (DB::DDLWorker::*&&)(), DB::DDLWorker*&&)::'lambda'(), void ()>>(std::__function::__policy_storage const*) @ 0x00000000116ddb4c in /usr/bin/clickhouse
11. void* std::__thread_proxy[abi:v15000]<std::tuple<std::unique_ptr<std::__thread_struct, std::default_delete<std::__thread_struct>>, void ThreadPoolImpl<std::thread>::scheduleImpl<void>(std::function<void ()>, Priority, std::optional<unsigned long>, bool)::'lambda0'()>>(void*) @ 0x000000000c706104 in /usr/bin/clickhouse
12. ? @ 0x000078d4781ed609 in ?
13. ? @ 0x000078d478112353 in ?
 (version 23.8.16.16 (official build))
2026.03.18 20:31:51.076018 [ 286 ] {} <Error> DDLWorker: ZooKeeper error: Code: 999. Coordination::Exception: Unknown key host in config file. (KEEPER_EXCEPTION), Stack trace (when copying this message, always include the lines below):

0. DB::Exception::Exception(DB::Exception::MessageMasked&&, int, bool) @ 0x000000000c6251d7 in /usr/bin/clickhouse
1. DB::Exception::Exception<String const&>(int, FormatStringHelperImpl<std::type_identity<String const&>::type>, String const&) @ 0x00000000074ae38d in /usr/bin/clickhouse
2. Coordination::Exception::Exception<String const&>(Coordination::Error, FormatStringHelperImpl<std::type_identity<String const&>::type>, String const&) @ 0x000000001276578a in /usr/bin/clickhouse
3. zkutil::ZooKeeperArgs::initFromKeeperSection(Poco::Util::AbstractConfiguration const&, String const&) @ 0x0000000013813c10 in /usr/bin/clickhouse
4. zkutil::ZooKeeperArgs::ZooKeeperArgs(Poco::Util::AbstractConfiguration const&, String const&) @ 0x000000001380f986 in /usr/bin/clickhouse
5. zkutil::ZooKeeper::ZooKeeper(Poco::Util::AbstractConfiguration const&, String const&, std::shared_ptr<DB::ZooKeeperLog>) @ 0x00000000137e48cc in /usr/bin/clickhouse
6. DB::Context::getZooKeeper() const @ 0x000000001164aa4a in /usr/bin/clickhouse
7. DB::DDLWorker::getAndSetZooKeeper() @ 0x00000000116cc32d in /usr/bin/clickhouse
8. DB::DDLWorker::initializeMainThread() @ 0x00000000116dca3b in /usr/bin/clickhouse
9. DB::DDLWorker::runMainThread() @ 0x00000000116c73c0 in /usr/bin/clickhouse
10. void std::__function::__policy_invoker<void ()>::__call_impl<std::__function::__default_alloc_func<ThreadFromGlobalPoolImpl<true>::ThreadFromGlobalPoolImpl<void (DB::DDLWorker::*)(), DB::DDLWorker*>(void (DB::DDLWorker::*&&)(), DB::DDLWorker*&&)::'lambda'(), void ()>>(std::__function::__policy_storage const*) @ 0x00000000116ddb4c in /usr/bin/clickhouse
11. void* std::__thread_proxy[abi:v15000]<std::tuple<std::unique_ptr<std::__thread_struct, std::default_delete<std::__thread_struct>>, void ThreadPoolImpl<std::thread>::scheduleImpl<void>(std::function<void ()>, Priority, std::optional<unsigned long>, bool)::'lambda0'()>>(void*) @ 0x000000000c706104 in /usr/bin/clickhouse
12. ? @ 0x000078d4781ed609 in ?
13. ? @ 0x000078d478112353 in ?
 (version 23.8.16.16 (official build)). Failed to start DDLWorker.
2026.03.18 20:31:51.077014 [ 286 ] {} <Error> virtual bool DB::DDLWorker::initializeMainThread(): Code: 999. Coordination::Exception: Unknown key host in config file. (KEEPER_EXCEPTION), Stack trace (when copying this message, always include the lines below):

0. DB::Exception::Exception(DB::Exception::MessageMasked&&, int, bool) @ 0x000000000c6251d7 in /usr/bin/clickhouse
1. DB::Exception::Exception<String const&>(int, FormatStringHelperImpl<std::type_identity<String const&>::type>, String const&) @ 0x00000000074ae38d in /usr/bin/clickhouse
2. Coordination::Exception::Exception<String const&>(Coordination::Error, FormatStringHelperImpl<std::type_identity<String const&>::type>, String const&) @ 0x000000001276578a in /usr/bin/clickhouse
3. zkutil::ZooKeeperArgs::initFromKeeperSection(Poco::Util::AbstractConfiguration const&, String const&) @ 0x0000000013813c10 in /usr/bin/clickhouse
4. zkutil::ZooKeeperArgs::ZooKeeperArgs(Poco::Util::AbstractConfiguration const&, String const&) @ 0x000000001380f986 in /usr/bin/clickhouse
5. zkutil::ZooKeeper::ZooKeeper(Poco::Util::AbstractConfiguration const&, String const&, std::shared_ptr<DB::ZooKeeperLog>) @ 0x00000000137e48cc in /usr/bin/clickhouse
6. DB::Context::getZooKeeper() const @ 0x000000001164aa4a in /usr/bin/clickhouse
7. DB::DDLWorker::getAndSetZooKeeper() @ 0x00000000116cc32d in /usr/bin/clickhouse
8. DB::DDLWorker::initializeMainThread() @ 0x00000000116dca3b in /usr/bin/clickhouse
9. DB::DDLWorker::runMainThread() @ 0x00000000116c73c0 in /usr/bin/clickhouse
10. void std::__function::__policy_invoker<void ()>::__call_impl<std::__function::__default_alloc_func<ThreadFromGlobalPoolImpl<true>::ThreadFromGlobalPoolImpl<void (DB::DDLWorker::*)(), DB::DDLWorker*>(void (DB::DDLWorker::*&&)(), DB::DDLWorker*&&)::'lambda'(), void ()>>(std::__function::__policy_storage const*) @ 0x00000000116ddb4c in /usr/bin/clickhouse
11. void* std::__thread_proxy[abi:v15000]<std::tuple<std::unique_ptr<std::__thread_struct, std::default_delete<std::__thread_struct>>, void ThreadPoolImpl<std::thread>::scheduleImpl<void>(std::function<void ()>, Priority, std::optional<unsigned long>, bool)::'lambda0'()>>(void*) @ 0x000000000c706104 in /usr/bin/clickhouse
12. ? @ 0x000078d4781ed609 in ?
13. ? @ 0x000078d478112353 in ?
 (version 23.8.16.16 (official build))
2026.03.18 20:31:56.077598 [ 286 ] {} <Error> DDLWorker: ZooKeeper error: Code: 999. Coordination::Exception: Unknown key host in config file. (KEEPER_EXCEPTION), Stack trace (when copying this message, always include the lines below):

0. DB::Exception::Exception(DB::Exception::MessageMasked&&, int, bool) @ 0x000000000c6251d7 in /usr/bin/clickhouse
1. DB::Exception::Exception<String const&>(int, FormatStringHelperImpl<std::type_identity<String const&>::type>, String const&) @ 0x00000000074ae38d in /usr/bin/clickhouse
2. Coordination::Exception::Exception<String const&>(Coordination::Error, FormatStringHelperImpl<std::type_identity<String const&>::type>, String const&) @ 0x000000001276578a in /usr/bin/clickhouse
3. zkutil::ZooKeeperArgs::initFromKeeperSection(Poco::Util::AbstractConfiguration const&, String const&) @ 0x0000000013813c10 in /usr/bin/clickhouse
4. zkutil::ZooKeeperArgs::ZooKeeperArgs(Poco::Util::AbstractConfiguration const&, String const&) @ 0x000000001380f986 in /usr/bin/clickhouse
5. zkutil::ZooKeeper::ZooKeeper(Poco::Util::AbstractConfiguration const&, String const&, std::shared_ptr<DB::ZooKeeperLog>) @ 0x00000000137e48cc in /usr/bin/clickhouse
6. DB::Context::getZooKeeper() const @ 0x000000001164aa4a in /usr/bin/clickhouse
7. DB::DDLWorker::getAndSetZooKeeper() @ 0x00000000116cc32d in /usr/bin/clickhouse
8. DB::DDLWorker::initializeMainThread() @ 0x00000000116dca3b in /usr/bin/clickhouse
9. DB::DDLWorker::runMainThread() @ 0x00000000116c73c0 in /usr/bin/clickhouse
10. void std::__function::__policy_invoker<void ()>::__call_impl<std::__function::__default_alloc_func<ThreadFromGlobalPoolImpl<true>::ThreadFromGlobalPoolImpl<void (DB::DDLWorker::*)(), DB::DDLWorker*>(void (DB::DDLWorker::*&&)(), DB::DDLWorker*&&)::'lambda'(), void ()>>(std::__function::__policy_storage const*) @ 0x00000000116ddb4c in /usr/bin/clickhouse
11. void* std::__thread_proxy[abi:v15000]<std::tuple<std::unique_ptr<std::__thread_struct, std::default_delete<std::__thread_struct>>, void ThreadPoolImpl<std::thread>::scheduleImpl<void>(std::function<void ()>, Priority, std::optional<unsigned long>, bool)::'lambda0'()>>(void*) @ 0x000000000c706104 in /usr/bin/clickhouse
12. ? @ 0x000078d4781ed609 in ?
13. ? @ 0x000078d478112353 in ?
 (version 23.8.16.16 (official build)). Failed to start DDLWorker.
2026.03.18 20:31:56.077660 [ 286 ] {} <Error> virtual bool DB::DDLWorker::initializeMainThread(): Code: 999. Coordination::Exception: Unknown key host in config file. (KEEPER_EXCEPTION), Stack trace (when copying this message, always include the lines below):

0. DB::Exception::Exception(DB::Exception::MessageMasked&&, int, bool) @ 0x000000000c6251d7 in /usr/bin/clickhouse
1. DB::Exception::Exception<String const&>(int, FormatStringHelperImpl<std::type_identity<String const&>::type>, String const&) @ 0x00000000074ae38d in /usr/bin/clickhouse
2. Coordination::Exception::Exception<String const&>(Coordination::Error, FormatStringHelperImpl<std::type_identity<String const&>::type>, String const&) @ 0x000000001276578a in /usr/bin/clickhouse
3. zkutil::ZooKeeperArgs::initFromKeeperSection(Poco::Util::AbstractConfiguration const&, String const&) @ 0x0000000013813c10 in /usr/bin/clickhouse
4. zkutil::ZooKeeperArgs::ZooKeeperArgs(Poco::Util::AbstractConfiguration const&, String const&) @ 0x000000001380f986 in /usr/bin/clickhouse
5. zkutil::ZooKeeper::ZooKeeper(Poco::Util::AbstractConfiguration const&, String const&, std::shared_ptr<DB::ZooKeeperLog>) @ 0x00000000137e48cc in /usr/bin/clickhouse
6. DB::Context::getZooKeeper() const @ 0x000000001164aa4a in /usr/bin/clickhouse
7. DB::DDLWorker::getAndSetZooKeeper() @ 0x00000000116cc32d in /usr/bin/clickhouse
8. DB::DDLWorker::initializeMainThread() @ 0x00000000116dca3b in /usr/bin/clickhouse
9. DB::DDLWorker::runMainThread() @ 0x00000000116c73c0 in /usr/bin/clickhouse
10. void std::__function::__policy_invoker<void ()>::__call_impl<std::__function::__default_alloc_func<ThreadFromGlobalPoolImpl<true>::ThreadFromGlobalPoolImpl<void (DB::DDLWorker::*)(), DB::DDLWorker*>(void (DB::DDLWorker::*&&)(), DB::DDLWorker*&&)::'lambda'(), void ()>>(std::__function::__policy_storage const*) @ 0x00000000116ddb4c in /usr/bin/clickhouse
11. void* std::__thread_proxy[abi:v15000]<std::tuple<std::unique_ptr<std::__thread_struct, std::default_delete<std::__thread_struct>>, void ThreadPoolImpl<std::thread>::scheduleImpl<void>(std::function<void ()>, Priority, std::optional<unsigned long>, bool)::'lambda0'()>>(void*) @ 0x000000000c706104 in /usr/bin/clickhouse
12. ? @ 0x000078d4781ed609 in ?
13. ? @ 0x000078d478112353 in ?
 (version 23.8.16.16 (official build))
2026.03.18 20:32:01.078232 [ 286 ] {} <Error> DDLWorker: ZooKeeper error: Code: 999. Coordination::Exception: Unknown key host in config file. (KEEPER_EXCEPTION), Stack trace (when copying this message, always include the lines below):

0. DB::Exception::Exception(DB::Exception::MessageMasked&&, int, bool) @ 0x000000000c6251d7 in /usr/bin/clickhouse
1. DB::Exception::Exception<String const&>(int, FormatStringHelperImpl<std::type_identity<String const&>::type>, String const&) @ 0x00000000074ae38d in /usr/bin/clickhouse
2. Coordination::Exception::Exception<String const&>(Coordination::Error, FormatStringHelperImpl<std::type_identity<String const&>::type>, String const&) @ 0x000000001276578a in /usr/bin/clickhouse
3. zkutil::ZooKeeperArgs::initFromKeeperSection(Poco::Util::AbstractConfiguration const&, String const&) @ 0x0000000013813c10 in /usr/bin/clickhouse
4. zkutil::ZooKeeperArgs::ZooKeeperArgs(Poco::Util::AbstractConfiguration const&, String const&) @ 0x000000001380f986 in /usr/bin/clickhouse
5. zkutil::ZooKeeper::ZooKeeper(Poco::Util::AbstractConfiguration const&, String const&, std::shared_ptr<DB::ZooKeeperLog>) @ 0x00000000137e48cc in /usr/bin/clickhouse
6. DB::Context::getZooKeeper() const @ 0x000000001164aa4a in /usr/bin/clickhouse
7. DB::DDLWorker::getAndSetZooKeeper() @ 0x00000000116cc32d in /usr/bin/clickhouse
8. DB::DDLWorker::initializeMainThread() @ 0x00000000116dca3b in /usr/bin/clickhouse
9. DB::DDLWorker::runMainThread() @ 0x00000000116c73c0 in /usr/bin/clickhouse
10. void std::__function::__policy_invoker<void ()>::__call_impl<std::__function::__default_alloc_func<ThreadFromGlobalPoolImpl<true>::ThreadFromGlobalPoolImpl<void (DB::DDLWorker::*)(), DB::DDLWorker*>(void (DB::DDLWorker::*&&)(), DB::DDLWorker*&&)::'lambda'(), void ()>>(std::__function::__policy_storage const*) @ 0x00000000116ddb4c in /usr/bin/clickhouse
11. void* std::__thread_proxy[abi:v15000]<std::tuple<std::unique_ptr<std::__thread_struct, std::default_delete<std::__thread_struct>>, void ThreadPoolImpl<std::thread>::scheduleImpl<void>(std::function<void ()>, Priority, std::optional<unsigned long>, bool)::'lambda0'()>>(void*) @ 0x000000000c706104 in /usr/bin/clickhouse
12. ? @ 0x000078d4781ed609 in ?
13. ? @ 0x000078d478112353 in ?
 (version 23.8.16.16 (official build)). Failed to start DDLWorker.
2026.03.18 20:32:01.078297 [ 286 ] {} <Error> virtual bool DB::DDLWorker::initializeMainThread(): Code: 999. Coordination::Exception: Unknown key host in config file. (KEEPER_EXCEPTION), Stack trace (when copying this message, always include the lines below):

0. DB::Exception::Exception(DB::Exception::MessageMasked&&, int, bool) @ 0x000000000c6251d7 in /usr/bin/clickhouse
1. DB::Exception::Exception<String const&>(int, FormatStringHelperImpl<std::type_identity<String const&>::type>, String const&) @ 0x00000000074ae38d in /usr/bin/clickhouse
2. Coordination::Exception::Exception<String const&>(Coordination::Error, FormatStringHelperImpl<std::type_identity<String const&>::type>, String const&) @ 0x000000001276578a in /usr/bin/clickhouse
3. zkutil::ZooKeeperArgs::initFromKeeperSection(Poco::Util::AbstractConfiguration const&, String const&) @ 0x0000000013813c10 in /usr/bin/clickhouse
4. zkutil::ZooKeeperArgs::ZooKeeperArgs(Poco::Util::AbstractConfiguration const&, String const&) @ 0x000000001380f986 in /usr/bin/clickhouse
5. zkutil::ZooKeeper::ZooKeeper(Poco::Util::AbstractConfiguration const&, String const&, std::shared_ptr<DB::ZooKeeperLog>) @ 0x00000000137e48cc in /usr/bin/clickhouse
6. DB::Context::getZooKeeper() const @ 0x000000001164aa4a in /usr/bin/clickhouse
7. DB::DDLWorker::getAndSetZooKeeper() @ 0x00000000116cc32d in /usr/bin/clickhouse
8. DB::DDLWorker::initializeMainThread() @ 0x00000000116dca3b in /usr/bin/clickhouse
9. DB::DDLWorker::runMainThread() @ 0x00000000116c73c0 in /usr/bin/clickhouse
10. void std::__function::__policy_invoker<void ()>::__call_impl<std::__function::__default_alloc_func<ThreadFromGlobalPoolImpl<true>::ThreadFromGlobalPoolImpl<void (DB::DDLWorker::*)(), DB::DDLWorker*>(void (DB::DDLWorker::*&&)(), DB::DDLWorker*&&)::'lambda'(), void ()>>(std::__function::__policy_storage const*) @ 0x00000000116ddb4c in /usr/bin/clickhouse
11. void* std::__thread_proxy[abi:v15000]<std::tuple<std::unique_ptr<std::__thread_struct, std::default_delete<std::__thread_struct>>, void ThreadPoolImpl<std::thread>::scheduleImpl<void>(std::function<void ()>, Priority, std::optional<unsigned long>, bool)::'lambda0'()>>(void*) @ 0x000000000c706104 in /usr/bin/clickhouse
12. ? @ 0x000078d4781ed609 in ?
13. ? @ 0x000078d478112353 in ?
 (version 23.8.16.16 (official build))
2026.03.18 20:32:06.078552 [ 286 ] {} <Error> DDLWorker: ZooKeeper error: Code: 999. Coordination::Exception: Unknown key host in config file. (KEEPER_EXCEPTION), Stack trace (when copying this message, always include the lines below):

0. DB::Exception::Exception(DB::Exception::MessageMasked&&, int, bool) @ 0x000000000c6251d7 in /usr/bin/clickhouse
1. DB::Exception::Exception<String const&>(int, FormatStringHelperImpl<std::type_identity<String const&>::type>, String const&) @ 0x00000000074ae38d in /usr/bin/clickhouse
2. Coordination::Exception::Exception<String const&>(Coordination::Error, FormatStringHelperImpl<std::type_identity<String const&>::type>, String const&) @ 0x000000001276578a in /usr/bin/clickhouse
3. zkutil::ZooKeeperArgs::initFromKeeperSection(Poco::Util::AbstractConfiguration const&, String const&) @ 0x0000000013813c10 in /usr/bin/clickhouse
4. zkutil::ZooKeeperArgs::ZooKeeperArgs(Poco::Util::AbstractConfiguration const&, String const&) @ 0x000000001380f986 in /usr/bin/clickhouse
5. zkutil::ZooKeeper::ZooKeeper(Poco::Util::AbstractConfiguration const&, String const&, std::shared_ptr<DB::ZooKeeperLog>) @ 0x00000000137e48cc in /usr/bin/clickhouse
6. DB::Context::getZooKeeper() const @ 0x000000001164aa4a in /usr/bin/clickhouse
7. DB::DDLWorker::getAndSetZooKeeper() @ 0x00000000116cc32d in /usr/bin/clickhouse
8. DB::DDLWorker::initializeMainThread() @ 0x00000000116dca3b in /usr/bin/clickhouse
9. DB::DDLWorker::runMainThread() @ 0x00000000116c73c0 in /usr/bin/clickhouse
10. void std::__function::__policy_invoker<void ()>::__call_impl<std::__function::__default_alloc_func<ThreadFromGlobalPoolImpl<true>::ThreadFromGlobalPoolImpl<void (DB::DDLWorker::*)(), DB::DDLWorker*>(void (DB::DDLWorker::*&&)(), DB::DDLWorker*&&)::'lambda'(), void ()>>(std::__function::__policy_storage const*) @ 0x00000000116ddb4c in /usr/bin/clickhouse
11. void* std::__thread_proxy[abi:v15000]<std::tuple<std::unique_ptr<std::__thread_struct, std::default_delete<std::__thread_struct>>, void ThreadPoolImpl<std::thread>::scheduleImpl<void>(std::function<void ()>, Priority, std::optional<unsigned long>, bool)::'lambda0'()>>(void*) @ 0x000000000c706104 in /usr/bin/clickhouse
12. ? @ 0x000078d4781ed609 in ?
13. ? @ 0x000078d478112353 in ?
 (version 23.8.16.16 (official build)). Failed to start DDLWorker.
2026.03.18 20:32:06.079017 [ 286 ] {} <Error> virtual bool DB::DDLWorker::initializeMainThread(): Code: 999. Coordination::Exception: Unknown key host in config file. (KEEPER_EXCEPTION), Stack trace (when copying this message, always include the lines below):

0. DB::Exception::Exception(DB::Exception::MessageMasked&&, int, bool) @ 0x000000000c6251d7 in /usr/bin/clickhouse
1. DB::Exception::Exception<String const&>(int, FormatStringHelperImpl<std::type_identity<String const&>::type>, String const&) @ 0x00000000074ae38d in /usr/bin/clickhouse
2. Coordination::Exception::Exception<String const&>(Coordination::Error, FormatStringHelperImpl<std::type_identity<String const&>::type>, String const&) @ 0x000000001276578a in /usr/bin/clickhouse
3. zkutil::ZooKeeperArgs::initFromKeeperSection(Poco::Util::AbstractConfiguration const&, String const&) @ 0x0000000013813c10 in /usr/bin/clickhouse
4. zkutil::ZooKeeperArgs::ZooKeeperArgs(Poco::Util::AbstractConfiguration const&, String const&) @ 0x000000001380f986 in /usr/bin/clickhouse
5. zkutil::ZooKeeper::ZooKeeper(Poco::Util::AbstractConfiguration const&, String const&, std::shared_ptr<DB::ZooKeeperLog>) @ 0x00000000137e48cc in /usr/bin/clickhouse
6. DB::Context::getZooKeeper() const @ 0x000000001164aa4a in /usr/bin/clickhouse
7. DB::DDLWorker::getAndSetZooKeeper() @ 0x00000000116cc32d in /usr/bin/clickhouse
8. DB::DDLWorker::initializeMainThread() @ 0x00000000116dca3b in /usr/bin/clickhouse
9. DB::DDLWorker::runMainThread() @ 0x00000000116c73c0 in /usr/bin/clickhouse
10. void std::__function::__policy_invoker<void ()>::__call_impl<std::__function::__default_alloc_func<ThreadFromGlobalPoolImpl<true>::ThreadFromGlobalPoolImpl<void (DB::DDLWorker::*)(), DB::DDLWorker*>(void (DB::DDLWorker::*&&)(), DB::DDLWorker*&&)::'lambda'(), void ()>>(std::__function::__policy_storage const*) @ 0x00000000116ddb4c in /usr/bin/clickhouse
11. void* std::__thread_proxy[abi:v15000]<std::tuple<std::unique_ptr<std::__thread_struct, std::default_delete<std::__thread_struct>>, void ThreadPoolImpl<std::thread>::scheduleImpl<void>(std::function<void ()>, Priority, std::optional<unsigned long>, bool)::'lambda0'()>>(void*) @ 0x000000000c706104 in /usr/bin/clickhouse
12. ? @ 0x000078d4781ed609 in ?
13. ? @ 0x000078d478112353 in ?
 (version 23.8.16.16 (official build))
2026.03.18 20:32:11.080119 [ 286 ] {} <Error> DDLWorker: ZooKeeper error: Code: 999. Coordination::Exception: Unknown key host in config file. (KEEPER_EXCEPTION), Stack trace (when copying this message, always include the lines below):

0. DB::Exception::Exception(DB::Exception::MessageMasked&&, int, bool) @ 0x000000000c6251d7 in /usr/bin/clickhouse
1. DB::Exception::Exception<String const&>(int, FormatStringHelperImpl<std::type_identity<String const&>::type>, String const&) @ 0x00000000074ae38d in /usr/bin/clickhouse
2. Coordination::Exception::Exception<String const&>(Coordination::Error, FormatStringHelperImpl<std::type_identity<String const&>::type>, String const&) @ 0x000000001276578a in /usr/bin/clickhouse
3. zkutil::ZooKeeperArgs::initFromKeeperSection(Poco::Util::AbstractConfiguration const&, String const&) @ 0x0000000013813c10 in /usr/bin/clickhouse
4. zkutil::ZooKeeperArgs::ZooKeeperArgs(Poco::Util::AbstractConfiguration const&, String const&) @ 0x000000001380f986 in /usr/bin/clickhouse
5. zkutil::ZooKeeper::ZooKeeper(Poco::Util::AbstractConfiguration const&, String const&, std::shared_ptr<DB::ZooKeeperLog>) @ 0x00000000137e48cc in /usr/bin/clickhouse
6. DB::Context::getZooKeeper() const @ 0x000000001164aa4a in /usr/bin/clickhouse
7. DB::DDLWorker::getAndSetZooKeeper() @ 0x00000000116cc32d in /usr/bin/clickhouse
8. DB::DDLWorker::initializeMainThread() @ 0x00000000116dca3b in /usr/bin/clickhouse
9. DB::DDLWorker::runMainThread() @ 0x00000000116c73c0 in /usr/bin/clickhouse
10. void std::__function::__policy_invoker<void ()>::__call_impl<std::__function::__default_alloc_func<ThreadFromGlobalPoolImpl<true>::ThreadFromGlobalPoolImpl<void (DB::DDLWorker::*)(), DB::DDLWorker*>(void (DB::DDLWorker::*&&)(), DB::DDLWorker*&&)::'lambda'(), void ()>>(std::__function::__policy_storage const*) @ 0x00000000116ddb4c in /usr/bin/clickhouse
11. void* std::__thread_proxy[abi:v15000]<std::tuple<std::unique_ptr<std::__thread_struct, std::default_delete<std::__thread_struct>>, void ThreadPoolImpl<std::thread>::scheduleImpl<void>(std::function<void ()>, Priority, std::optional<unsigned long>, bool)::'lambda0'()>>(void*) @ 0x000000000c706104 in /usr/bin/clickhouse
12. ? @ 0x000078d4781ed609 in ?
13. ? @ 0x000078d478112353 in ?
 (version 23.8.16.16 (official build)). Failed to start DDLWorker.
2026.03.18 20:32:11.080179 [ 286 ] {} <Error> virtual bool DB::DDLWorker::initializeMainThread(): Code: 999. Coordination::Exception: Unknown key host in config file. (KEEPER_EXCEPTION), Stack trace (when copying this message, always include the lines below):

0. DB::Exception::Exception(DB::Exception::MessageMasked&&, int, bool) @ 0x000000000c6251d7 in /usr/bin/clickhouse
1. DB::Exception::Exception<String const&>(int, FormatStringHelperImpl<std::type_identity<String const&>::type>, String const&) @ 0x00000000074ae38d in /usr/bin/clickhouse
2. Coordination::Exception::Exception<String const&>(Coordination::Error, FormatStringHelperImpl<std::type_identity<String const&>::type>, String const&) @ 0x000000001276578a in /usr/bin/clickhouse
3. zkutil::ZooKeeperArgs::initFromKeeperSection(Poco::Util::AbstractConfiguration const&, String const&) @ 0x0000000013813c10 in /usr/bin/clickhouse
4. zkutil::ZooKeeperArgs::ZooKeeperArgs(Poco::Util::AbstractConfiguration const&, String const&) @ 0x000000001380f986 in /usr/bin/clickhouse
5. zkutil::ZooKeeper::ZooKeeper(Poco::Util::AbstractConfiguration const&, String const&, std::shared_ptr<DB::ZooKeeperLog>) @ 0x00000000137e48cc in /usr/bin/clickhouse
6. DB::Context::getZooKeeper() const @ 0x000000001164aa4a in /usr/bin/clickhouse
7. DB::DDLWorker::getAndSetZooKeeper() @ 0x00000000116cc32d in /usr/bin/clickhouse
8. DB::DDLWorker::initializeMainThread() @ 0x00000000116dca3b in /usr/bin/clickhouse
9. DB::DDLWorker::runMainThread() @ 0x00000000116c73c0 in /usr/bin/clickhouse
10. void std::__function::__policy_invoker<void ()>::__call_impl<std::__function::__default_alloc_func<ThreadFromGlobalPoolImpl<true>::ThreadFromGlobalPoolImpl<void (DB::DDLWorker::*)(), DB::DDLWorker*>(void (DB::DDLWorker::*&&)(), DB::DDLWorker*&&)::'lambda'(), void ()>>(std::__function::__policy_storage const*) @ 0x00000000116ddb4c in /usr/bin/clickhouse
11. void* std::__thread_proxy[abi:v15000]<std::tuple<std::unique_ptr<std::__thread_struct, std::default_delete<std::__thread_struct>>, void ThreadPoolImpl<std::thread>::scheduleImpl<void>(std::function<void ()>, Priority, std::optional<unsigned long>, bool)::'lambda0'()>>(void*) @ 0x000000000c706104 in /usr/bin/clickhouse
12. ? @ 0x000078d4781ed609 in ?
13. ? @ 0x000078d478112353 in ?
 (version 23.8.16.16 (official build))
2026.03.18 20:32:16.085488 [ 286 ] {} <Error> DDLWorker: ZooKeeper error: Code: 999. Coordination::Exception: Unknown key host in config file. (KEEPER_EXCEPTION), Stack trace (when copying this message, always include the lines below):

0. DB::Exception::Exception(DB::Exception::MessageMasked&&, int, bool) @ 0x000000000c6251d7 in /usr/bin/clickhouse
1. DB::Exception::Exception<String const&>(int, FormatStringHelperImpl<std::type_identity<String const&>::type>, String const&) @ 0x00000000074ae38d in /usr/bin/clickhouse
2. Coordination::Exception::Exception<String const&>(Coordination::Error, FormatStringHelperImpl<std::type_identity<String const&>::type>, String const&) @ 0x000000001276578a in /usr/bin/clickhouse
3. zkutil::ZooKeeperArgs::initFromKeeperSection(Poco::Util::AbstractConfiguration const&, String const&) @ 0x0000000013813c10 in /usr/bin/clickhouse
4. zkutil::ZooKeeperArgs::ZooKeeperArgs(Poco::Util::AbstractConfiguration const&, String const&) @ 0x000000001380f986 in /usr/bin/clickhouse
5. zkutil::ZooKeeper::ZooKeeper(Poco::Util::AbstractConfiguration const&, String const&, std::shared_ptr<DB::ZooKeeperLog>) @ 0x00000000137e48cc in /usr/bin/clickhouse
6. DB::Context::getZooKeeper() const @ 0x000000001164aa4a in /usr/bin/clickhouse
7. DB::DDLWorker::getAndSetZooKeeper() @ 0x00000000116cc32d in /usr/bin/clickhouse
8. DB::DDLWorker::initializeMainThread() @ 0x00000000116dca3b in /usr/bin/clickhouse
9. DB::DDLWorker::runMainThread() @ 0x00000000116c73c0 in /usr/bin/clickhouse
10. void std::__function::__policy_invoker<void ()>::__call_impl<std::__function::__default_alloc_func<ThreadFromGlobalPoolImpl<true>::ThreadFromGlobalPoolImpl<void (DB::DDLWorker::*)(), DB::DDLWorker*>(void (DB::DDLWorker::*&&)(), DB::DDLWorker*&&)::'lambda'(), void ()>>(std::__function::__policy_storage const*) @ 0x00000000116ddb4c in /usr/bin/clickhouse
11. void* std::__thread_proxy[abi:v15000]<std::tuple<std::unique_ptr<std::__thread_struct, std::default_delete<std::__thread_struct>>, void ThreadPoolImpl<std::thread>::scheduleImpl<void>(std::function<void ()>, Priority, std::optional<unsigned long>, bool)::'lambda0'()>>(void*) @ 0x000000000c706104 in /usr/bin/clickhouse
12. ? @ 0x000078d4781ed609 in ?
13. ? @ 0x000078d478112353 in ?
 (version 23.8.16.16 (official build)). Failed to start DDLWorker.
2026.03.18 20:32:16.085567 [ 286 ] {} <Error> virtual bool DB::DDLWorker::initializeMainThread(): Code: 999. Coordination::Exception: Unknown key host in config file. (KEEPER_EXCEPTION), Stack trace (when copying this message, always include the lines below):

0. DB::Exception::Exception(DB::Exception::MessageMasked&&, int, bool) @ 0x000000000c6251d7 in /usr/bin/clickhouse
1. DB::Exception::Exception<String const&>(int, FormatStringHelperImpl<std::type_identity<String const&>::type>, String const&) @ 0x00000000074ae38d in /usr/bin/clickhouse
2. Coordination::Exception::Exception<String const&>(Coordination::Error, FormatStringHelperImpl<std::type_identity<String const&>::type>, String const&) @ 0x000000001276578a in /usr/bin/clickhouse
3. zkutil::ZooKeeperArgs::initFromKeeperSection(Poco::Util::AbstractConfiguration const&, String const&) @ 0x0000000013813c10 in /usr/bin/clickhouse
4. zkutil::ZooKeeperArgs::ZooKeeperArgs(Poco::Util::AbstractConfiguration const&, String const&) @ 0x000000001380f986 in /usr/bin/clickhouse
5. zkutil::ZooKeeper::ZooKeeper(Poco::Util::AbstractConfiguration const&, String const&, std::shared_ptr<DB::ZooKeeperLog>) @ 0x00000000137e48cc in /usr/bin/clickhouse
6. DB::Context::getZooKeeper() const @ 0x000000001164aa4a in /usr/bin/clickhouse
7. DB::DDLWorker::getAndSetZooKeeper() @ 0x00000000116cc32d in /usr/bin/clickhouse
8. DB::DDLWorker::initializeMainThread() @ 0x00000000116dca3b in /usr/bin/clickhouse
9. DB::DDLWorker::runMainThread() @ 0x00000000116c73c0 in /usr/bin/clickhouse
10. void std::__function::__policy_invoker<void ()>::__call_impl<std::__function::__default_alloc_func<ThreadFromGlobalPoolImpl<true>::ThreadFromGlobalPoolImpl<void (DB::DDLWorker::*)(), DB::DDLWorker*>(void (DB::DDLWorker::*&&)(), DB::DDLWorker*&&)::'lambda'(), void ()>>(std::__function::__policy_storage const*) @ 0x00000000116ddb4c in /usr/bin/clickhouse
11. void* std::__thread_proxy[abi:v15000]<std::tuple<std::unique_ptr<std::__thread_struct, std::default_delete<std::__thread_struct>>, void ThreadPoolImpl<std::thread>::scheduleImpl<void>(std::function<void ()>, Priority, std::optional<unsigned long>, bool)::'lambda0'()>>(void*) @ 0x000000000c706104 in /usr/bin/clickhouse
12. ? @ 0x000078d4781ed609 in ?
13. ? @ 0x000078d478112353 in ?
 (version 23.8.16.16 (official build))
2026.03.18 20:32:21.085968 [ 286 ] {} <Error> DDLWorker: ZooKeeper error: Code: 999. Coordination::Exception: Unknown key host in config file. (KEEPER_EXCEPTION), Stack trace (when copying this message, always include the lines below):

0. DB::Exception::Exception(DB::Exception::MessageMasked&&, int, bool) @ 0x000000000c6251d7 in /usr/bin/clickhouse
1. DB::Exception::Exception<String const&>(int, FormatStringHelperImpl<std::type_identity<String const&>::type>, String const&) @ 0x00000000074ae38d in /usr/bin/clickhouse
2. Coordination::Exception::Exception<String const&>(Coordination::Error, FormatStringHelperImpl<std::type_identity<String const&>::type>, String const&) @ 0x000000001276578a in /usr/bin/clickhouse
3. zkutil::ZooKeeperArgs::initFromKeeperSection(Poco::Util::AbstractConfiguration const&, String const&) @ 0x0000000013813c10 in /usr/bin/clickhouse
4. zkutil::ZooKeeperArgs::ZooKeeperArgs(Poco::Util::AbstractConfiguration const&, String const&) @ 0x000000001380f986 in /usr/bin/clickhouse
5. zkutil::ZooKeeper::ZooKeeper(Poco::Util::AbstractConfiguration const&, String const&, std::shared_ptr<DB::ZooKeeperLog>) @ 0x00000000137e48cc in /usr/bin/clickhouse
6. DB::Context::getZooKeeper() const @ 0x000000001164aa4a in /usr/bin/clickhouse
7. DB::DDLWorker::getAndSetZooKeeper() @ 0x00000000116cc32d in /usr/bin/clickhouse
8. DB::DDLWorker::initializeMainThread() @ 0x00000000116dca3b in /usr/bin/clickhouse
9. DB::DDLWorker::runMainThread() @ 0x00000000116c73c0 in /usr/bin/clickhouse
10. void std::__function::__policy_invoker<void ()>::__call_impl<std::__function::__default_alloc_func<ThreadFromGlobalPoolImpl<true>::ThreadFromGlobalPoolImpl<void (DB::DDLWorker::*)(), DB::DDLWorker*>(void (DB::DDLWorker::*&&)(), DB::DDLWorker*&&)::'lambda'(), void ()>>(std::__function::__policy_storage const*) @ 0x00000000116ddb4c in /usr/bin/clickhouse
11. void* std::__thread_proxy[abi:v15000]<std::tuple<std::unique_ptr<std::__thread_struct, std::default_delete<std::__thread_struct>>, void ThreadPoolImpl<std::thread>::scheduleImpl<void>(std::function<void ()>, Priority, std::optional<unsigned long>, bool)::'lambda0'()>>(void*) @ 0x000000000c706104 in /usr/bin/clickhouse
12. ? @ 0x000078d4781ed609 in ?
13. ? @ 0x000078d478112353 in ?
 (version 23.8.16.16 (official build)). Failed to start DDLWorker.
2026.03.18 20:32:21.086019 [ 286 ] {} <Error> virtual bool DB::DDLWorker::initializeMainThread(): Code: 999. Coordination::Exception: Unknown key host in config file. (KEEPER_EXCEPTION), Stack trace (when copying this message, always include the lines below):

0. DB::Exception::Exception(DB::Exception::MessageMasked&&, int, bool) @ 0x000000000c6251d7 in /usr/bin/clickhouse
1. DB::Exception::Exception<String const&>(int, FormatStringHelperImpl<std::type_identity<String const&>::type>, String const&) @ 0x00000000074ae38d in /usr/bin/clickhouse
2. Coordination::Exception::Exception<String const&>(Coordination::Error, FormatStringHelperImpl<std::type_identity<String const&>::type>, String const&) @ 0x000000001276578a in /usr/bin/clickhouse
3. zkutil::ZooKeeperArgs::initFromKeeperSection(Poco::Util::AbstractConfiguration const&, String const&) @ 0x0000000013813c10 in /usr/bin/clickhouse
4. zkutil::ZooKeeperArgs::ZooKeeperArgs(Poco::Util::AbstractConfiguration const&, String const&) @ 0x000000001380f986 in /usr/bin/clickhouse
5. zkutil::ZooKeeper::ZooKeeper(Poco::Util::AbstractConfiguration const&, String const&, std::shared_ptr<DB::ZooKeeperLog>) @ 0x00000000137e48cc in /usr/bin/clickhouse
6. DB::Context::getZooKeeper() const @ 0x000000001164aa4a in /usr/bin/clickhouse
7. DB::DDLWorker::getAndSetZooKeeper() @ 0x00000000116cc32d in /usr/bin/clickhouse
8. DB::DDLWorker::initializeMainThread() @ 0x00000000116dca3b in /usr/bin/clickhouse
9. DB::DDLWorker::runMainThread() @ 0x00000000116c73c0 in /usr/bin/clickhouse
10. void std::__function::__policy_invoker<void ()>::__call_impl<std::__function::__default_alloc_func<ThreadFromGlobalPoolImpl<true>::ThreadFromGlobalPoolImpl<void (DB::DDLWorker::*)(), DB::DDLWorker*>(void (DB::DDLWorker::*&&)(), DB::DDLWorker*&&)::'lambda'(), void ()>>(std::__function::__policy_storage const*) @ 0x00000000116ddb4c in /usr/bin/clickhouse
11. void* std::__thread_proxy[abi:v15000]<std::tuple<std::unique_ptr<std::__thread_struct, std::default_delete<std::__thread_struct>>, void ThreadPoolImpl<std::thread>::scheduleImpl<void>(std::function<void ()>, Priority, std::optional<unsigned long>, bool)::'lambda0'()>>(void*) @ 0x000000000c706104 in /usr/bin/clickhouse
12. ? @ 0x000078d4781ed609 in ?
13. ? @ 0x000078d478112353 in ?
 (version 23.8.16.16 (official build))
2026.03.18 20:32:26.086343 [ 286 ] {} <Error> DDLWorker: ZooKeeper error: Code: 999. Coordination::Exception: Unknown key host in config file. (KEEPER_EXCEPTION), Stack trace (when copying this message, always include the lines below):

0. DB::Exception::Exception(DB::Exception::MessageMasked&&, int, bool) @ 0x000000000c6251d7 in /usr/bin/clickhouse
1. DB::Exception::Exception<String const&>(int, FormatStringHelperImpl<std::type_identity<String const&>::type>, String const&) @ 0x00000000074ae38d in /usr/bin/clickhouse
2. Coordination::Exception::Exception<String const&>(Coordination::Error, FormatStringHelperImpl<std::type_identity<String const&>::type>, String const&) @ 0x000000001276578a in /usr/bin/clickhouse
3. zkutil::ZooKeeperArgs::initFromKeeperSection(Poco::Util::AbstractConfiguration const&, String const&) @ 0x0000000013813c10 in /usr/bin/clickhouse
4. zkutil::ZooKeeperArgs::ZooKeeperArgs(Poco::Util::AbstractConfiguration const&, String const&) @ 0x000000001380f986 in /usr/bin/clickhouse
5. zkutil::ZooKeeper::ZooKeeper(Poco::Util::AbstractConfiguration const&, String const&, std::shared_ptr<DB::ZooKeeperLog>) @ 0x00000000137e48cc in /usr/bin/clickhouse
6. DB::Context::getZooKeeper() const @ 0x000000001164aa4a in /usr/bin/clickhouse
7. DB::DDLWorker::getAndSetZooKeeper() @ 0x00000000116cc32d in /usr/bin/clickhouse
8. DB::DDLWorker::initializeMainThread() @ 0x00000000116dca3b in /usr/bin/clickhouse
9. DB::DDLWorker::runMainThread() @ 0x00000000116c73c0 in /usr/bin/clickhouse
10. void std::__function::__policy_invoker<void ()>::__call_impl<std::__function::__default_alloc_func<ThreadFromGlobalPoolImpl<true>::ThreadFromGlobalPoolImpl<void (DB::DDLWorker::*)(), DB::DDLWorker*>(void (DB::DDLWorker::*&&)(), DB::DDLWorker*&&)::'lambda'(), void ()>>(std::__function::__policy_storage const*) @ 0x00000000116ddb4c in /usr/bin/clickhouse
11. void* std::__thread_proxy[abi:v15000]<std::tuple<std::unique_ptr<std::__thread_struct, std::default_delete<std::__thread_struct>>, void ThreadPoolImpl<std::thread>::scheduleImpl<void>(std::function<void ()>, Priority, std::optional<unsigned long>, bool)::'lambda0'()>>(void*) @ 0x000000000c706104 in /usr/bin/clickhouse
12. ? @ 0x000078d4781ed609 in ?
13. ? @ 0x000078d478112353 in ?
 (version 23.8.16.16 (official build)). Failed to start DDLWorker.
2026.03.18 20:32:26.086391 [ 286 ] {} <Error> virtual bool DB::DDLWorker::initializeMainThread(): Code: 999. Coordination::Exception: Unknown key host in config file. (KEEPER_EXCEPTION), Stack trace (when copying this message, always include the lines below):

0. DB::Exception::Exception(DB::Exception::MessageMasked&&, int, bool) @ 0x000000000c6251d7 in /usr/bin/clickhouse
1. DB::Exception::Exception<String const&>(int, FormatStringHelperImpl<std::type_identity<String const&>::type>, String const&) @ 0x00000000074ae38d in /usr/bin/clickhouse
2. Coordination::Exception::Exception<String const&>(Coordination::Error, FormatStringHelperImpl<std::type_identity<String const&>::type>, String const&) @ 0x000000001276578a in /usr/bin/clickhouse
3. zkutil::ZooKeeperArgs::initFromKeeperSection(Poco::Util::AbstractConfiguration const&, String const&) @ 0x0000000013813c10 in /usr/bin/clickhouse
4. zkutil::ZooKeeperArgs::ZooKeeperArgs(Poco::Util::AbstractConfiguration const&, String const&) @ 0x000000001380f986 in /usr/bin/clickhouse
5. zkutil::ZooKeeper::ZooKeeper(Poco::Util::AbstractConfiguration const&, String const&, std::shared_ptr<DB::ZooKeeperLog>) @ 0x00000000137e48cc in /usr/bin/clickhouse
6. DB::Context::getZooKeeper() const @ 0x000000001164aa4a in /usr/bin/clickhouse
7. DB::DDLWorker::getAndSetZooKeeper() @ 0x00000000116cc32d in /usr/bin/clickhouse
8. DB::DDLWorker::initializeMainThread() @ 0x00000000116dca3b in /usr/bin/clickhouse
9. DB::DDLWorker::runMainThread() @ 0x00000000116c73c0 in /usr/bin/clickhouse
10. void std::__function::__policy_invoker<void ()>::__call_impl<std::__function::__default_alloc_func<ThreadFromGlobalPoolImpl<true>::ThreadFromGlobalPoolImpl<void (DB::DDLWorker::*)(), DB::DDLWorker*>(void (DB::DDLWorker::*&&)(), DB::DDLWorker*&&)::'lambda'(), void ()>>(std::__function::__policy_storage const*) @ 0x00000000116ddb4c in /usr/bin/clickhouse
11. void* std::__thread_proxy[abi:v15000]<std::tuple<std::unique_ptr<std::__thread_struct, std::default_delete<std::__thread_struct>>, void ThreadPoolImpl<std::thread>::scheduleImpl<void>(std::function<void ()>, Priority, std::optional<unsigned long>, bool)::'lambda0'()>>(void*) @ 0x000000000c706104 in /usr/bin/clickhouse
12. ? @ 0x000078d4781ed609 in ?
13. ? @ 0x000078d478112353 in ?
 (version 23.8.16.16 (official build))
2026.03.18 20:32:31.086841 [ 286 ] {} <Error> DDLWorker: ZooKeeper error: Code: 999. Coordination::Exception: Unknown key host in config file. (KEEPER_EXCEPTION), Stack trace (when copying this message, always include the lines below):

0. DB::Exception::Exception(DB::Exception::MessageMasked&&, int, bool) @ 0x000000000c6251d7 in /usr/bin/clickhouse
1. DB::Exception::Exception<String const&>(int, FormatStringHelperImpl<std::type_identity<String const&>::type>, String const&) @ 0x00000000074ae38d in /usr/bin/clickhouse
2. Coordination::Exception::Exception<String const&>(Coordination::Error, FormatStringHelperImpl<std::type_identity<String const&>::type>, String const&) @ 0x000000001276578a in /usr/bin/clickhouse
3. zkutil::ZooKeeperArgs::initFromKeeperSection(Poco::Util::AbstractConfiguration const&, String const&) @ 0x0000000013813c10 in /usr/bin/clickhouse
4. zkutil::ZooKeeperArgs::ZooKeeperArgs(Poco::Util::AbstractConfiguration const&, String const&) @ 0x000000001380f986 in /usr/bin/clickhouse
5. zkutil::ZooKeeper::ZooKeeper(Poco::Util::AbstractConfiguration const&, String const&, std::shared_ptr<DB::ZooKeeperLog>) @ 0x00000000137e48cc in /usr/bin/clickhouse
6. DB::Context::getZooKeeper() const @ 0x000000001164aa4a in /usr/bin/clickhouse
7. DB::DDLWorker::getAndSetZooKeeper() @ 0x00000000116cc32d in /usr/bin/clickhouse
8. DB::DDLWorker::initializeMainThread() @ 0x00000000116dca3b in /usr/bin/clickhouse
9. DB::DDLWorker::runMainThread() @ 0x00000000116c73c0 in /usr/bin/clickhouse
10. void std::__function::__policy_invoker<void ()>::__call_impl<std::__function::__default_alloc_func<ThreadFromGlobalPoolImpl<true>::ThreadFromGlobalPoolImpl<void (DB::DDLWorker::*)(), DB::DDLWorker*>(void (DB::DDLWorker::*&&)(), DB::DDLWorker*&&)::'lambda'(), void ()>>(std::__function::__policy_storage const*) @ 0x00000000116ddb4c in /usr/bin/clickhouse
11. void* std::__thread_proxy[abi:v15000]<std::tuple<std::unique_ptr<std::__thread_struct, std::default_delete<std::__thread_struct>>, void ThreadPoolImpl<std::thread>::scheduleImpl<void>(std::function<void ()>, Priority, std::optional<unsigned long>, bool)::'lambda0'()>>(void*) @ 0x000000000c706104 in /usr/bin/clickhouse
12. ? @ 0x000078d4781ed609 in ?
13. ? @ 0x000078d478112353 in ?
 (version 23.8.16.16 (official build)). Failed to start DDLWorker.
2026.03.18 20:32:31.086889 [ 286 ] {} <Error> virtual bool DB::DDLWorker::initializeMainThread(): Code: 999. Coordination::Exception: Unknown key host in config file. (KEEPER_EXCEPTION), Stack trace (when copying this message, always include the lines below):

0. DB::Exception::Exception(DB::Exception::MessageMasked&&, int, bool) @ 0x000000000c6251d7 in /usr/bin/clickhouse
1. DB::Exception::Exception<String const&>(int, FormatStringHelperImpl<std::type_identity<String const&>::type>, String const&) @ 0x00000000074ae38d in /usr/bin/clickhouse
2. Coordination::Exception::Exception<String const&>(Coordination::Error, FormatStringHelperImpl<std::type_identity<String const&>::type>, String const&) @ 0x000000001276578a in /usr/bin/clickhouse
3. zkutil::ZooKeeperArgs::initFromKeeperSection(Poco::Util::AbstractConfiguration const&, String const&) @ 0x0000000013813c10 in /usr/bin/clickhouse
4. zkutil::ZooKeeperArgs::ZooKeeperArgs(Poco::Util::AbstractConfiguration const&, String const&) @ 0x000000001380f986 in /usr/bin/clickhouse
5. zkutil::ZooKeeper::ZooKeeper(Poco::Util::AbstractConfiguration const&, String const&, std::shared_ptr<DB::ZooKeeperLog>) @ 0x00000000137e48cc in /usr/bin/clickhouse
6. DB::Context::getZooKeeper() const @ 0x000000001164aa4a in /usr/bin/clickhouse
7. DB::DDLWorker::getAndSetZooKeeper() @ 0x00000000116cc32d in /usr/bin/clickhouse
8. DB::DDLWorker::initializeMainThread() @ 0x00000000116dca3b in /usr/bin/clickhouse
9. DB::DDLWorker::runMainThread() @ 0x00000000116c73c0 in /usr/bin/clickhouse
10. void std::__function::__policy_invoker<void ()>::__call_impl<std::__function::__default_alloc_func<ThreadFromGlobalPoolImpl<true>::ThreadFromGlobalPoolImpl<void (DB::DDLWorker::*)(), DB::DDLWorker*>(void (DB::DDLWorker::*&&)(), DB::DDLWorker*&&)::'lambda'(), void ()>>(std::__function::__policy_storage const*) @ 0x00000000116ddb4c in /usr/bin/clickhouse
11. void* std::__thread_proxy[abi:v15000]<std::tuple<std::unique_ptr<std::__thread_struct, std::default_delete<std::__thread_struct>>, void ThreadPoolImpl<std::thread>::scheduleImpl<void>(std::function<void ()>, Priority, std::optional<unsigned long>, bool)::'lambda0'()>>(void*) @ 0x000000000c706104 in /usr/bin/clickhouse
12. ? @ 0x000078d4781ed609 in ?
13. ? @ 0x000078d478112353 in ?
 (version 23.8.16.16 (official build))
2026.03.18 20:32:36.087230 [ 286 ] {} <Error> DDLWorker: ZooKeeper error: Code: 999. Coordination::Exception: Unknown key host in config file. (KEEPER_EXCEPTION), Stack trace (when copying this message, always include the lines below):

0. DB::Exception::Exception(DB::Exception::MessageMasked&&, int, bool) @ 0x000000000c6251d7 in /usr/bin/clickhouse
1. DB::Exception::Exception<String const&>(int, FormatStringHelperImpl<std::type_identity<String const&>::type>, String const&) @ 0x00000000074ae38d in /usr/bin/clickhouse
2. Coordination::Exception::Exception<String const&>(Coordination::Error, FormatStringHelperImpl<std::type_identity<String const&>::type>, String const&) @ 0x000000001276578a in /usr/bin/clickhouse
3. zkutil::ZooKeeperArgs::initFromKeeperSection(Poco::Util::AbstractConfiguration const&, String const&) @ 0x0000000013813c10 in /usr/bin/clickhouse
4. zkutil::ZooKeeperArgs::ZooKeeperArgs(Poco::Util::AbstractConfiguration const&, String const&) @ 0x000000001380f986 in /usr/bin/clickhouse
5. zkutil::ZooKeeper::ZooKeeper(Poco::Util::AbstractConfiguration const&, String const&, std::shared_ptr<DB::ZooKeeperLog>) @ 0x00000000137e48cc in /usr/bin/clickhouse
6. DB::Context::getZooKeeper() const @ 0x000000001164aa4a in /usr/bin/clickhouse
7. DB::DDLWorker::getAndSetZooKeeper() @ 0x00000000116cc32d in /usr/bin/clickhouse
8. DB::DDLWorker::initializeMainThread() @ 0x00000000116dca3b in /usr/bin/clickhouse
9. DB::DDLWorker::runMainThread() @ 0x00000000116c73c0 in /usr/bin/clickhouse
10. void std::__function::__policy_invoker<void ()>::__call_impl<std::__function::__default_alloc_func<ThreadFromGlobalPoolImpl<true>::ThreadFromGlobalPoolImpl<void (DB::DDLWorker::*)(), DB::DDLWorker*>(void (DB::DDLWorker::*&&)(), DB::DDLWorker*&&)::'lambda'(), void ()>>(std::__function::__policy_storage const*) @ 0x00000000116ddb4c in /usr/bin/clickhouse
11. void* std::__thread_proxy[abi:v15000]<std::tuple<std::unique_ptr<std::__thread_struct, std::default_delete<std::__thread_struct>>, void ThreadPoolImpl<std::thread>::scheduleImpl<void>(std::function<void ()>, Priority, std::optional<unsigned long>, bool)::'lambda0'()>>(void*) @ 0x000000000c706104 in /usr/bin/clickhouse
12. ? @ 0x000078d4781ed609 in ?
13. ? @ 0x000078d478112353 in ?
 (version 23.8.16.16 (official build)). Failed to start DDLWorker.
2026.03.18 20:32:36.087281 [ 286 ] {} <Error> virtual bool DB::DDLWorker::initializeMainThread(): Code: 999. Coordination::Exception: Unknown key host in config file. (KEEPER_EXCEPTION), Stack trace (when copying this message, always include the lines below):

0. DB::Exception::Exception(DB::Exception::MessageMasked&&, int, bool) @ 0x000000000c6251d7 in /usr/bin/clickhouse
1. DB::Exception::Exception<String const&>(int, FormatStringHelperImpl<std::type_identity<String const&>::type>, String const&) @ 0x00000000074ae38d in /usr/bin/clickhouse
2. Coordination::Exception::Exception<String const&>(Coordination::Error, FormatStringHelperImpl<std::type_identity<String const&>::type>, String const&) @ 0x000000001276578a in /usr/bin/clickhouse
3. zkutil::ZooKeeperArgs::initFromKeeperSection(Poco::Util::AbstractConfiguration const&, String const&) @ 0x0000000013813c10 in /usr/bin/clickhouse
4. zkutil::ZooKeeperArgs::ZooKeeperArgs(Poco::Util::AbstractConfiguration const&, String const&) @ 0x000000001380f986 in /usr/bin/clickhouse
5. zkutil::ZooKeeper::ZooKeeper(Poco::Util::AbstractConfiguration const&, String const&, std::shared_ptr<DB::ZooKeeperLog>) @ 0x00000000137e48cc in /usr/bin/clickhouse
6. DB::Context::getZooKeeper() const @ 0x000000001164aa4a in /usr/bin/clickhouse
7. DB::DDLWorker::getAndSetZooKeeper() @ 0x00000000116cc32d in /usr/bin/clickhouse
8. DB::DDLWorker::initializeMainThread() @ 0x00000000116dca3b in /usr/bin/clickhouse
9. DB::DDLWorker::runMainThread() @ 0x00000000116c73c0 in /usr/bin/clickhouse
10. void std::__function::__policy_invoker<void ()>::__call_impl<std::__function::__default_alloc_func<ThreadFromGlobalPoolImpl<true>::ThreadFromGlobalPoolImpl<void (DB::DDLWorker::*)(), DB::DDLWorker*>(void (DB::DDLWorker::*&&)(), DB::DDLWorker*&&)::'lambda'(), void ()>>(std::__function::__policy_storage const*) @ 0x00000000116ddb4c in /usr/bin/clickhouse
11. void* std::__thread_proxy[abi:v15000]<std::tuple<std::unique_ptr<std::__thread_struct, std::default_delete<std::__thread_struct>>, void ThreadPoolImpl<std::thread>::scheduleImpl<void>(std::function<void ()>, Priority, std::optional<unsigned long>, bool)::'lambda0'()>>(void*) @ 0x000000000c706104 in /usr/bin/clickhouse
12. ? @ 0x000078d4781ed609 in ?
13. ? @ 0x000078d478112353 in ?
 (version 23.8.16.16 (official build))
2026.03.18 20:32:41.087685 [ 286 ] {} <Error> DDLWorker: ZooKeeper error: Code: 999. Coordination::Exception: Unknown key host in config file. (KEEPER_EXCEPTION), Stack trace (when copying this message, always include the lines below):

0. DB::Exception::Exception(DB::Exception::MessageMasked&&, int, bool) @ 0x000000000c6251d7 in /usr/bin/clickhouse
1. DB::Exception::Exception<String const&>(int, FormatStringHelperImpl<std::type_identity<String const&>::type>, String const&) @ 0x00000000074ae38d in /usr/bin/clickhouse
2. Coordination::Exception::Exception<String const&>(Coordination::Error, FormatStringHelperImpl<std::type_identity<String const&>::type>, String const&) @ 0x000000001276578a in /usr/bin/clickhouse
3. zkutil::ZooKeeperArgs::initFromKeeperSection(Poco::Util::AbstractConfiguration const&, String const&) @ 0x0000000013813c10 in /usr/bin/clickhouse
4. zkutil::ZooKeeperArgs::ZooKeeperArgs(Poco::Util::AbstractConfiguration const&, String const&) @ 0x000000001380f986 in /usr/bin/clickhouse
5. zkutil::ZooKeeper::ZooKeeper(Poco::Util::AbstractConfiguration const&, String const&, std::shared_ptr<DB::ZooKeeperLog>) @ 0x00000000137e48cc in /usr/bin/clickhouse
6. DB::Context::getZooKeeper() const @ 0x000000001164aa4a in /usr/bin/clickhouse
7. DB::DDLWorker::getAndSetZooKeeper() @ 0x00000000116cc32d in /usr/bin/clickhouse
8. DB::DDLWorker::initializeMainThread() @ 0x00000000116dca3b in /usr/bin/clickhouse
9. DB::DDLWorker::runMainThread() @ 0x00000000116c73c0 in /usr/bin/clickhouse
10. void std::__function::__policy_invoker<void ()>::__call_impl<std::__function::__default_alloc_func<ThreadFromGlobalPoolImpl<true>::ThreadFromGlobalPoolImpl<void (DB::DDLWorker::*)(), DB::DDLWorker*>(void (DB::DDLWorker::*&&)(), DB::DDLWorker*&&)::'lambda'(), void ()>>(std::__function::__policy_storage const*) @ 0x00000000116ddb4c in /usr/bin/clickhouse
11. void* std::__thread_proxy[abi:v15000]<std::tuple<std::unique_ptr<std::__thread_struct, std::default_delete<std::__thread_struct>>, void ThreadPoolImpl<std::thread>::scheduleImpl<void>(std::function<void ()>, Priority, std::optional<unsigned long>, bool)::'lambda0'()>>(void*) @ 0x000000000c706104 in /usr/bin/clickhouse
12. ? @ 0x000078d4781ed609 in ?
13. ? @ 0x000078d478112353 in ?
 (version 23.8.16.16 (official build)). Failed to start DDLWorker.
2026.03.18 20:32:41.087748 [ 286 ] {} <Error> virtual bool DB::DDLWorker::initializeMainThread(): Code: 999. Coordination::Exception: Unknown key host in config file. (KEEPER_EXCEPTION), Stack trace (when copying this message, always include the lines below):

0. DB::Exception::Exception(DB::Exception::MessageMasked&&, int, bool) @ 0x000000000c6251d7 in /usr/bin/clickhouse
1. DB::Exception::Exception<String const&>(int, FormatStringHelperImpl<std::type_identity<String const&>::type>, String const&) @ 0x00000000074ae38d in /usr/bin/clickhouse
2. Coordination::Exception::Exception<String const&>(Coordination::Error, FormatStringHelperImpl<std::type_identity<String const&>::type>, String const&) @ 0x000000001276578a in /usr/bin/clickhouse
3. zkutil::ZooKeeperArgs::initFromKeeperSection(Poco::Util::AbstractConfiguration const&, String const&) @ 0x0000000013813c10 in /usr/bin/clickhouse
4. zkutil::ZooKeeperArgs::ZooKeeperArgs(Poco::Util::AbstractConfiguration const&, String const&) @ 0x000000001380f986 in /usr/bin/clickhouse
5. zkutil::ZooKeeper::ZooKeeper(Poco::Util::AbstractConfiguration const&, String const&, std::shared_ptr<DB::ZooKeeperLog>) @ 0x00000000137e48cc in /usr/bin/clickhouse
6. DB::Context::getZooKeeper() const @ 0x000000001164aa4a in /usr/bin/clickhouse
7. DB::DDLWorker::getAndSetZooKeeper() @ 0x00000000116cc32d in /usr/bin/clickhouse
8. DB::DDLWorker::initializeMainThread() @ 0x00000000116dca3b in /usr/bin/clickhouse
9. DB::DDLWorker::runMainThread() @ 0x00000000116c73c0 in /usr/bin/clickhouse
10. void std::__function::__policy_invoker<void ()>::__call_impl<std::__function::__default_alloc_func<ThreadFromGlobalPoolImpl<true>::ThreadFromGlobalPoolImpl<void (DB::DDLWorker::*)(), DB::DDLWorker*>(void (DB::DDLWorker::*&&)(), DB::DDLWorker*&&)::'lambda'(), void ()>>(std::__function::__policy_storage const*) @ 0x00000000116ddb4c in /usr/bin/clickhouse
11. void* std::__thread_proxy[abi:v15000]<std::tuple<std::unique_ptr<std::__thread_struct, std::default_delete<std::__thread_struct>>, void ThreadPoolImpl<std::thread>::scheduleImpl<void>(std::function<void ()>, Priority, std::optional<unsigned long>, bool)::'lambda0'()>>(void*) @ 0x000000000c706104 in /usr/bin/clickhouse
12. ? @ 0x000078d4781ed609 in ?
13. ? @ 0x000078d478112353 in ?
 (version 23.8.16.16 (official build))
2026.03.18 20:32:46.088125 [ 286 ] {} <Error> DDLWorker: ZooKeeper error: Code: 999. Coordination::Exception: Unknown key host in config file. (KEEPER_EXCEPTION), Stack trace (when copying this message, always include the lines below):

0. DB::Exception::Exception(DB::Exception::MessageMasked&&, int, bool) @ 0x000000000c6251d7 in /usr/bin/clickhouse
1. DB::Exception::Exception<String const&>(int, FormatStringHelperImpl<std::type_identity<String const&>::type>, String const&) @ 0x00000000074ae38d in /usr/bin/clickhouse
2. Coordination::Exception::Exception<String const&>(Coordination::Error, FormatStringHelperImpl<std::type_identity<String const&>::type>, String const&) @ 0x000000001276578a in /usr/bin/clickhouse
3. zkutil::ZooKeeperArgs::initFromKeeperSection(Poco::Util::AbstractConfiguration const&, String const&) @ 0x0000000013813c10 in /usr/bin/clickhouse
4. zkutil::ZooKeeperArgs::ZooKeeperArgs(Poco::Util::AbstractConfiguration const&, String const&) @ 0x000000001380f986 in /usr/bin/clickhouse
5. zkutil::ZooKeeper::ZooKeeper(Poco::Util::AbstractConfiguration const&, String const&, std::shared_ptr<DB::ZooKeeperLog>) @ 0x00000000137e48cc in /usr/bin/clickhouse
6. DB::Context::getZooKeeper() const @ 0x000000001164aa4a in /usr/bin/clickhouse
7. DB::DDLWorker::getAndSetZooKeeper() @ 0x00000000116cc32d in /usr/bin/clickhouse
8. DB::DDLWorker::initializeMainThread() @ 0x00000000116dca3b in /usr/bin/clickhouse
9. DB::DDLWorker::runMainThread() @ 0x00000000116c73c0 in /usr/bin/clickhouse
10. void std::__function::__policy_invoker<void ()>::__call_impl<std::__function::__default_alloc_func<ThreadFromGlobalPoolImpl<true>::ThreadFromGlobalPoolImpl<void (DB::DDLWorker::*)(), DB::DDLWorker*>(void (DB::DDLWorker::*&&)(), DB::DDLWorker*&&)::'lambda'(), void ()>>(std::__function::__policy_storage const*) @ 0x00000000116ddb4c in /usr/bin/clickhouse
11. void* std::__thread_proxy[abi:v15000]<std::tuple<std::unique_ptr<std::__thread_struct, std::default_delete<std::__thread_struct>>, void ThreadPoolImpl<std::thread>::scheduleImpl<void>(std::function<void ()>, Priority, std::optional<unsigned long>, bool)::'lambda0'()>>(void*) @ 0x000000000c706104 in /usr/bin/clickhouse
12. ? @ 0x000078d4781ed609 in ?
13. ? @ 0x000078d478112353 in ?
 (version 23.8.16.16 (official build)). Failed to start DDLWorker.
2026.03.18 20:32:46.088211 [ 286 ] {} <Error> virtual bool DB::DDLWorker::initializeMainThread(): Code: 999. Coordination::Exception: Unknown key host in config file. (KEEPER_EXCEPTION), Stack trace (when copying this message, always include the lines below):

0. DB::Exception::Exception(DB::Exception::MessageMasked&&, int, bool) @ 0x000000000c6251d7 in /usr/bin/clickhouse
1. DB::Exception::Exception<String const&>(int, FormatStringHelperImpl<std::type_identity<String const&>::type>, String const&) @ 0x00000000074ae38d in /usr/bin/clickhouse
2. Coordination::Exception::Exception<String const&>(Coordination::Error, FormatStringHelperImpl<std::type_identity<String const&>::type>, String const&) @ 0x000000001276578a in /usr/bin/clickhouse
3. zkutil::ZooKeeperArgs::initFromKeeperSection(Poco::Util::AbstractConfiguration const&, String const&) @ 0x0000000013813c10 in /usr/bin/clickhouse
4. zkutil::ZooKeeperArgs::ZooKeeperArgs(Poco::Util::AbstractConfiguration const&, String const&) @ 0x000000001380f986 in /usr/bin/clickhouse
5. zkutil::ZooKeeper::ZooKeeper(Poco::Util::AbstractConfiguration const&, String const&, std::shared_ptr<DB::ZooKeeperLog>) @ 0x00000000137e48cc in /usr/bin/clickhouse
6. DB::Context::getZooKeeper() const @ 0x000000001164aa4a in /usr/bin/clickhouse
7. DB::DDLWorker::getAndSetZooKeeper() @ 0x00000000116cc32d in /usr/bin/clickhouse
8. DB::DDLWorker::initializeMainThread() @ 0x00000000116dca3b in /usr/bin/clickhouse
9. DB::DDLWorker::runMainThread() @ 0x00000000116c73c0 in /usr/bin/clickhouse
10. void std::__function::__policy_invoker<void ()>::__call_impl<std::__function::__default_alloc_func<ThreadFromGlobalPoolImpl<true>::ThreadFromGlobalPoolImpl<void (DB::DDLWorker::*)(), DB::DDLWorker*>(void (DB::DDLWorker::*&&)(), DB::DDLWorker*&&)::'lambda'(), void ()>>(std::__function::__policy_storage const*) @ 0x00000000116ddb4c in /usr/bin/clickhouse
11. void* std::__thread_proxy[abi:v15000]<std::tuple<std::unique_ptr<std::__thread_struct, std::default_delete<std::__thread_struct>>, void ThreadPoolImpl<std::thread>::scheduleImpl<void>(std::function<void ()>, Priority, std::optional<unsigned long>, bool)::'lambda0'()>>(void*) @ 0x000000000c706104 in /usr/bin/clickhouse
12. ? @ 0x000078d4781ed609 in ?
13. ? @ 0x000078d478112353 in ?
 (version 23.8.16.16 (official build))
2026.03.18 20:32:51.090614 [ 286 ] {} <Error> DDLWorker: ZooKeeper error: Code: 999. Coordination::Exception: Unknown key host in config file. (KEEPER_EXCEPTION), Stack trace (when copying this message, always include the lines below):

0. DB::Exception::Exception(DB::Exception::MessageMasked&&, int, bool) @ 0x000000000c6251d7 in /usr/bin/clickhouse
1. DB::Exception::Exception<String const&>(int, FormatStringHelperImpl<std::type_identity<String const&>::type>, String const&) @ 0x00000000074ae38d in /usr/bin/clickhouse
2. Coordination::Exception::Exception<String const&>(Coordination::Error, FormatStringHelperImpl<std::type_identity<String const&>::type>, String const&) @ 0x000000001276578a in /usr/bin/clickhouse
3. zkutil::ZooKeeperArgs::initFromKeeperSection(Poco::Util::AbstractConfiguration const&, String const&) @ 0x0000000013813c10 in /usr/bin/clickhouse
4. zkutil::ZooKeeperArgs::ZooKeeperArgs(Poco::Util::AbstractConfiguration const&, String const&) @ 0x000000001380f986 in /usr/bin/clickhouse
5. zkutil::ZooKeeper::ZooKeeper(Poco::Util::AbstractConfiguration const&, String const&, std::shared_ptr<DB::ZooKeeperLog>) @ 0x00000000137e48cc in /usr/bin/clickhouse
6. DB::Context::getZooKeeper() const @ 0x000000001164aa4a in /usr/bin/clickhouse
7. DB::DDLWorker::getAndSetZooKeeper() @ 0x00000000116cc32d in /usr/bin/clickhouse
8. DB::DDLWorker::initializeMainThread() @ 0x00000000116dca3b in /usr/bin/clickhouse
9. DB::DDLWorker::runMainThread() @ 0x00000000116c73c0 in /usr/bin/clickhouse
10. void std::__function::__policy_invoker<void ()>::__call_impl<std::__function::__default_alloc_func<ThreadFromGlobalPoolImpl<true>::ThreadFromGlobalPoolImpl<void (DB::DDLWorker::*)(), DB::DDLWorker*>(void (DB::DDLWorker::*&&)(), DB::DDLWorker*&&)::'lambda'(), void ()>>(std::__function::__policy_storage const*) @ 0x00000000116ddb4c in /usr/bin/clickhouse
11. void* std::__thread_proxy[abi:v15000]<std::tuple<std::unique_ptr<std::__thread_struct, std::default_delete<std::__thread_struct>>, void ThreadPoolImpl<std::thread>::scheduleImpl<void>(std::function<void ()>, Priority, std::optional<unsigned long>, bool)::'lambda0'()>>(void*) @ 0x000000000c706104 in /usr/bin/clickhouse
12. ? @ 0x000078d4781ed609 in ?
13. ? @ 0x000078d478112353 in ?
 (version 23.8.16.16 (official build)). Failed to start DDLWorker.
2026.03.18 20:32:51.090737 [ 286 ] {} <Error> virtual bool DB::DDLWorker::initializeMainThread(): Code: 999. Coordination::Exception: Unknown key host in config file. (KEEPER_EXCEPTION), Stack trace (when copying this message, always include the lines below):

0. DB::Exception::Exception(DB::Exception::MessageMasked&&, int, bool) @ 0x000000000c6251d7 in /usr/bin/clickhouse
1. DB::Exception::Exception<String const&>(int, FormatStringHelperImpl<std::type_identity<String const&>::type>, String const&) @ 0x00000000074ae38d in /usr/bin/clickhouse
2. Coordination::Exception::Exception<String const&>(Coordination::Error, FormatStringHelperImpl<std::type_identity<String const&>::type>, String const&) @ 0x000000001276578a in /usr/bin/clickhouse
3. zkutil::ZooKeeperArgs::initFromKeeperSection(Poco::Util::AbstractConfiguration const&, String const&) @ 0x0000000013813c10 in /usr/bin/clickhouse
4. zkutil::ZooKeeperArgs::ZooKeeperArgs(Poco::Util::AbstractConfiguration const&, String const&) @ 0x000000001380f986 in /usr/bin/clickhouse
5. zkutil::ZooKeeper::ZooKeeper(Poco::Util::AbstractConfiguration const&, String const&, std::shared_ptr<DB::ZooKeeperLog>) @ 0x00000000137e48cc in /usr/bin/clickhouse
6. DB::Context::getZooKeeper() const @ 0x000000001164aa4a in /usr/bin/clickhouse
7. DB::DDLWorker::getAndSetZooKeeper() @ 0x00000000116cc32d in /usr/bin/clickhouse
8. DB::DDLWorker::initializeMainThread() @ 0x00000000116dca3b in /usr/bin/clickhouse
9. DB::DDLWorker::runMainThread() @ 0x00000000116c73c0 in /usr/bin/clickhouse
10. void std::__function::__policy_invoker<void ()>::__call_impl<std::__function::__default_alloc_func<ThreadFromGlobalPoolImpl<true>::ThreadFromGlobalPoolImpl<void (DB::DDLWorker::*)(), DB::DDLWorker*>(void (DB::DDLWorker::*&&)(), DB::DDLWorker*&&)::'lambda'(), void ()>>(std::__function::__policy_storage const*) @ 0x00000000116ddb4c in /usr/bin/clickhouse
11. void* std::__thread_proxy[abi:v15000]<std::tuple<std::unique_ptr<std::__thread_struct, std::default_delete<std::__thread_struct>>, void ThreadPoolImpl<std::thread>::scheduleImpl<void>(std::function<void ()>, Priority, std::optional<unsigned long>, bool)::'lambda0'()>>(void*) @ 0x000000000c706104 in /usr/bin/clickhouse
12. ? @ 0x000078d4781ed609 in ?
13. ? @ 0x000078d478112353 in ?
 (version 23.8.16.16 (official build))
2026.03.18 20:32:56.091381 [ 286 ] {} <Error> DDLWorker: ZooKeeper error: Code: 999. Coordination::Exception: Unknown key host in config file. (KEEPER_EXCEPTION), Stack trace (when copying this message, always include the lines below):

0. DB::Exception::Exception(DB::Exception::MessageMasked&&, int, bool) @ 0x000000000c6251d7 in /usr/bin/clickhouse
1. DB::Exception::Exception<String const&>(int, FormatStringHelperImpl<std::type_identity<String const&>::type>, String const&) @ 0x00000000074ae38d in /usr/bin/clickhouse
2. Coordination::Exception::Exception<String const&>(Coordination::Error, FormatStringHelperImpl<std::type_identity<String const&>::type>, String const&) @ 0x000000001276578a in /usr/bin/clickhouse
3. zkutil::ZooKeeperArgs::initFromKeeperSection(Poco::Util::AbstractConfiguration const&, String const&) @ 0x0000000013813c10 in /usr/bin/clickhouse
4. zkutil::ZooKeeperArgs::ZooKeeperArgs(Poco::Util::AbstractConfiguration const&, String const&) @ 0x000000001380f986 in /usr/bin/clickhouse
5. zkutil::ZooKeeper::ZooKeeper(Poco::Util::AbstractConfiguration const&, String const&, std::shared_ptr<DB::ZooKeeperLog>) @ 0x00000000137e48cc in /usr/bin/clickhouse
6. DB::Context::getZooKeeper() const @ 0x000000001164aa4a in /usr/bin/clickhouse
7. DB::DDLWorker::getAndSetZooKeeper() @ 0x00000000116cc32d in /usr/bin/clickhouse
8. DB::DDLWorker::initializeMainThread() @ 0x00000000116dca3b in /usr/bin/clickhouse
9. DB::DDLWorker::runMainThread() @ 0x00000000116c73c0 in /usr/bin/clickhouse
10. void std::__function::__policy_invoker<void ()>::__call_impl<std::__function::__default_alloc_func<ThreadFromGlobalPoolImpl<true>::ThreadFromGlobalPoolImpl<void (DB::DDLWorker::*)(), DB::DDLWorker*>(void (DB::DDLWorker::*&&)(), DB::DDLWorker*&&)::'lambda'(), void ()>>(std::__function::__policy_storage const*) @ 0x00000000116ddb4c in /usr/bin/clickhouse
11. void* std::__thread_proxy[abi:v15000]<std::tuple<std::unique_ptr<std::__thread_struct, std::default_delete<std::__thread_struct>>, void ThreadPoolImpl<std::thread>::scheduleImpl<void>(std::function<void ()>, Priority, std::optional<unsigned long>, bool)::'lambda0'()>>(void*) @ 0x000000000c706104 in /usr/bin/clickhouse
12. ? @ 0x000078d4781ed609 in ?
13. ? @ 0x000078d478112353 in ?
 (version 23.8.16.16 (official build)). Failed to start DDLWorker.
2026.03.18 20:32:56.091455 [ 286 ] {} <Error> virtual bool DB::DDLWorker::initializeMainThread(): Code: 999. Coordination::Exception: Unknown key host in config file. (KEEPER_EXCEPTION), Stack trace (when copying this message, always include the lines below):

0. DB::Exception::Exception(DB::Exception::MessageMasked&&, int, bool) @ 0x000000000c6251d7 in /usr/bin/clickhouse
1. DB::Exception::Exception<String const&>(int, FormatStringHelperImpl<std::type_identity<String const&>::type>, String const&) @ 0x00000000074ae38d in /usr/bin/clickhouse
2. Coordination::Exception::Exception<String const&>(Coordination::Error, FormatStringHelperImpl<std::type_identity<String const&>::type>, String const&) @ 0x000000001276578a in /usr/bin/clickhouse
3. zkutil::ZooKeeperArgs::initFromKeeperSection(Poco::Util::AbstractConfiguration const&, String const&) @ 0x0000000013813c10 in /usr/bin/clickhouse
4. zkutil::ZooKeeperArgs::ZooKeeperArgs(Poco::Util::AbstractConfiguration const&, String const&) @ 0x000000001380f986 in /usr/bin/clickhouse
5. zkutil::ZooKeeper::ZooKeeper(Poco::Util::AbstractConfiguration const&, String const&, std::shared_ptr<DB::ZooKeeperLog>) @ 0x00000000137e48cc in /usr/bin/clickhouse
6. DB::Context::getZooKeeper() const @ 0x000000001164aa4a in /usr/bin/clickhouse
7. DB::DDLWorker::getAndSetZooKeeper() @ 0x00000000116cc32d in /usr/bin/clickhouse
8. DB::DDLWorker::initializeMainThread() @ 0x00000000116dca3b in /usr/bin/clickhouse
9. DB::DDLWorker::runMainThread() @ 0x00000000116c73c0 in /usr/bin/clickhouse
10. void std::__function::__policy_invoker<void ()>::__call_impl<std::__function::__default_alloc_func<ThreadFromGlobalPoolImpl<true>::ThreadFromGlobalPoolImpl<void (DB::DDLWorker::*)(), DB::DDLWorker*>(void (DB::DDLWorker::*&&)(), DB::DDLWorker*&&)::'lambda'(), void ()>>(std::__function::__policy_storage const*) @ 0x00000000116ddb4c in /usr/bin/clickhouse
11. void* std::__thread_proxy[abi:v15000]<std::tuple<std::unique_ptr<std::__thread_struct, std::default_delete<std::__thread_struct>>, void ThreadPoolImpl<std::thread>::scheduleImpl<void>(std::function<void ()>, Priority, std::optional<unsigned long>, bool)::'lambda0'()>>(void*) @ 0x000000000c706104 in /usr/bin/clickhouse
12. ? @ 0x000078d4781ed609 in ?
13. ? @ 0x000078d478112353 in ?
 (version 23.8.16.16 (official build))
2026.03.18 20:33:01.092127 [ 286 ] {} <Error> DDLWorker: ZooKeeper error: Code: 999. Coordination::Exception: Unknown key host in config file. (KEEPER_EXCEPTION), Stack trace (when copying this message, always include the lines below):

0. DB::Exception::Exception(DB::Exception::MessageMasked&&, int, bool) @ 0x000000000c6251d7 in /usr/bin/clickhouse
1. DB::Exception::Exception<String const&>(int, FormatStringHelperImpl<std::type_identity<String const&>::type>, String const&) @ 0x00000000074ae38d in /usr/bin/clickhouse
2. Coordination::Exception::Exception<String const&>(Coordination::Error, FormatStringHelperImpl<std::type_identity<String const&>::type>, String const&) @ 0x000000001276578a in /usr/bin/clickhouse
3. zkutil::ZooKeeperArgs::initFromKeeperSection(Poco::Util::AbstractConfiguration const&, String const&) @ 0x0000000013813c10 in /usr/bin/clickhouse
4. zkutil::ZooKeeperArgs::ZooKeeperArgs(Poco::Util::AbstractConfiguration const&, String const&) @ 0x000000001380f986 in /usr/bin/clickhouse
5. zkutil::ZooKeeper::ZooKeeper(Poco::Util::AbstractConfiguration const&, String const&, std::shared_ptr<DB::ZooKeeperLog>) @ 0x00000000137e48cc in /usr/bin/clickhouse
6. DB::Context::getZooKeeper() const @ 0x000000001164aa4a in /usr/bin/clickhouse
7. DB::DDLWorker::getAndSetZooKeeper() @ 0x00000000116cc32d in /usr/bin/clickhouse
8. DB::DDLWorker::initializeMainThread() @ 0x00000000116dca3b in /usr/bin/clickhouse
9. DB::DDLWorker::runMainThread() @ 0x00000000116c73c0 in /usr/bin/clickhouse
10. void std::__function::__policy_invoker<void ()>::__call_impl<std::__function::__default_alloc_func<ThreadFromGlobalPoolImpl<true>::ThreadFromGlobalPoolImpl<void (DB::DDLWorker::*)(), DB::DDLWorker*>(void (DB::DDLWorker::*&&)(), DB::DDLWorker*&&)::'lambda'(), void ()>>(std::__function::__policy_storage const*) @ 0x00000000116ddb4c in /usr/bin/clickhouse
11. void* std::__thread_proxy[abi:v15000]<std::tuple<std::unique_ptr<std::__thread_struct, std::default_delete<std::__thread_struct>>, void ThreadPoolImpl<std::thread>::scheduleImpl<void>(std::function<void ()>, Priority, std::optional<unsigned long>, bool)::'lambda0'()>>(void*) @ 0x000000000c706104 in /usr/bin/clickhouse
12. ? @ 0x000078d4781ed609 in ?
13. ? @ 0x000078d478112353 in ?
 (version 23.8.16.16 (official build)). Failed to start DDLWorker.
2026.03.18 20:33:01.092184 [ 286 ] {} <Error> virtual bool DB::DDLWorker::initializeMainThread(): Code: 999. Coordination::Exception: Unknown key host in config file. (KEEPER_EXCEPTION), Stack trace (when copying this message, always include the lines below):

0. DB::Exception::Exception(DB::Exception::MessageMasked&&, int, bool) @ 0x000000000c6251d7 in /usr/bin/clickhouse
1. DB::Exception::Exception<String const&>(int, FormatStringHelperImpl<std::type_identity<String const&>::type>, String const&) @ 0x00000000074ae38d in /usr/bin/clickhouse
2. Coordination::Exception::Exception<String const&>(Coordination::Error, FormatStringHelperImpl<std::type_identity<String const&>::type>, String const&) @ 0x000000001276578a in /usr/bin/clickhouse
3. zkutil::ZooKeeperArgs::initFromKeeperSection(Poco::Util::AbstractConfiguration const&, String const&) @ 0x0000000013813c10 in /usr/bin/clickhouse
4. zkutil::ZooKeeperArgs::ZooKeeperArgs(Poco::Util::AbstractConfiguration const&, String const&) @ 0x000000001380f986 in /usr/bin/clickhouse
5. zkutil::ZooKeeper::ZooKeeper(Poco::Util::AbstractConfiguration const&, String const&, std::shared_ptr<DB::ZooKeeperLog>) @ 0x00000000137e48cc in /usr/bin/clickhouse
6. DB::Context::getZooKeeper() const @ 0x000000001164aa4a in /usr/bin/clickhouse
7. DB::DDLWorker::getAndSetZooKeeper() @ 0x00000000116cc32d in /usr/bin/clickhouse
8. DB::DDLWorker::initializeMainThread() @ 0x00000000116dca3b in /usr/bin/clickhouse
9. DB::DDLWorker::runMainThread() @ 0x00000000116c73c0 in /usr/bin/clickhouse
10. void std::__function::__policy_invoker<void ()>::__call_impl<std::__function::__default_alloc_func<ThreadFromGlobalPoolImpl<true>::ThreadFromGlobalPoolImpl<void (DB::DDLWorker::*)(), DB::DDLWorker*>(void (DB::DDLWorker::*&&)(), DB::DDLWorker*&&)::'lambda'(), void ()>>(std::__function::__policy_storage const*) @ 0x00000000116ddb4c in /usr/bin/clickhouse
11. void* std::__thread_proxy[abi:v15000]<std::tuple<std::unique_ptr<std::__thread_struct, std::default_delete<std::__thread_struct>>, void ThreadPoolImpl<std::thread>::scheduleImpl<void>(std::function<void ()>, Priority, std::optional<unsigned long>, bool)::'lambda0'()>>(void*) @ 0x000000000c706104 in /usr/bin/clickhouse
12. ? @ 0x000078d4781ed609 in ?
13. ? @ 0x000078d478112353 in ?
 (version 23.8.16.16 (official build))
2026.03.18 20:33:06.092855 [ 286 ] {} <Error> DDLWorker: ZooKeeper error: Code: 999. Coordination::Exception: Unknown key host in config file. (KEEPER_EXCEPTION), Stack trace (when copying this message, always include the lines below):

0. DB::Exception::Exception(DB::Exception::MessageMasked&&, int, bool) @ 0x000000000c6251d7 in /usr/bin/clickhouse
1. DB::Exception::Exception<String const&>(int, FormatStringHelperImpl<std::type_identity<String const&>::type>, String const&) @ 0x00000000074ae38d in /usr/bin/clickhouse
2. Coordination::Exception::Exception<String const&>(Coordination::Error, FormatStringHelperImpl<std::type_identity<String const&>::type>, String const&) @ 0x000000001276578a in /usr/bin/clickhouse
3. zkutil::ZooKeeperArgs::initFromKeeperSection(Poco::Util::AbstractConfiguration const&, String const&) @ 0x0000000013813c10 in /usr/bin/clickhouse
4. zkutil::ZooKeeperArgs::ZooKeeperArgs(Poco::Util::AbstractConfiguration const&, String const&) @ 0x000000001380f986 in /usr/bin/clickhouse
5. zkutil::ZooKeeper::ZooKeeper(Poco::Util::AbstractConfiguration const&, String const&, std::shared_ptr<DB::ZooKeeperLog>) @ 0x00000000137e48cc in /usr/bin/clickhouse
6. DB::Context::getZooKeeper() const @ 0x000000001164aa4a in /usr/bin/clickhouse
7. DB::DDLWorker::getAndSetZooKeeper() @ 0x00000000116cc32d in /usr/bin/clickhouse
8. DB::DDLWorker::initializeMainThread() @ 0x00000000116dca3b in /usr/bin/clickhouse
9. DB::DDLWorker::runMainThread() @ 0x00000000116c73c0 in /usr/bin/clickhouse
10. void std::__function::__policy_invoker<void ()>::__call_impl<std::__function::__default_alloc_func<ThreadFromGlobalPoolImpl<true>::ThreadFromGlobalPoolImpl<void (DB::DDLWorker::*)(), DB::DDLWorker*>(void (DB::DDLWorker::*&&)(), DB::DDLWorker*&&)::'lambda'(), void ()>>(std::__function::__policy_storage const*) @ 0x00000000116ddb4c in /usr/bin/clickhouse
11. void* std::__thread_proxy[abi:v15000]<std::tuple<std::unique_ptr<std::__thread_struct, std::default_delete<std::__thread_struct>>, void ThreadPoolImpl<std::thread>::scheduleImpl<void>(std::function<void ()>, Priority, std::optional<unsigned long>, bool)::'lambda0'()>>(void*) @ 0x000000000c706104 in /usr/bin/clickhouse
12. ? @ 0x000078d4781ed609 in ?
13. ? @ 0x000078d478112353 in ?
 (version 23.8.16.16 (official build)). Failed to start DDLWorker.
2026.03.18 20:33:06.092911 [ 286 ] {} <Error> virtual bool DB::DDLWorker::initializeMainThread(): Code: 999. Coordination::Exception: Unknown key host in config file. (KEEPER_EXCEPTION), Stack trace (when copying this message, always include the lines below):

0. DB::Exception::Exception(DB::Exception::MessageMasked&&, int, bool) @ 0x000000000c6251d7 in /usr/bin/clickhouse
1. DB::Exception::Exception<String const&>(int, FormatStringHelperImpl<std::type_identity<String const&>::type>, String const&) @ 0x00000000074ae38d in /usr/bin/clickhouse
2. Coordination::Exception::Exception<String const&>(Coordination::Error, FormatStringHelperImpl<std::type_identity<String const&>::type>, String const&) @ 0x000000001276578a in /usr/bin/clickhouse
3. zkutil::ZooKeeperArgs::initFromKeeperSection(Poco::Util::AbstractConfiguration const&, String const&) @ 0x0000000013813c10 in /usr/bin/clickhouse
4. zkutil::ZooKeeperArgs::ZooKeeperArgs(Poco::Util::AbstractConfiguration const&, String const&) @ 0x000000001380f986 in /usr/bin/clickhouse
5. zkutil::ZooKeeper::ZooKeeper(Poco::Util::AbstractConfiguration const&, String const&, std::shared_ptr<DB::ZooKeeperLog>) @ 0x00000000137e48cc in /usr/bin/clickhouse
6. DB::Context::getZooKeeper() const @ 0x000000001164aa4a in /usr/bin/clickhouse
7. DB::DDLWorker::getAndSetZooKeeper() @ 0x00000000116cc32d in /usr/bin/clickhouse
8. DB::DDLWorker::initializeMainThread() @ 0x00000000116dca3b in /usr/bin/clickhouse
9. DB::DDLWorker::runMainThread() @ 0x00000000116c73c0 in /usr/bin/clickhouse
10. void std::__function::__policy_invoker<void ()>::__call_impl<std::__function::__default_alloc_func<ThreadFromGlobalPoolImpl<true>::ThreadFromGlobalPoolImpl<void (DB::DDLWorker::*)(), DB::DDLWorker*>(void (DB::DDLWorker::*&&)(), DB::DDLWorker*&&)::'lambda'(), void ()>>(std::__function::__policy_storage const*) @ 0x00000000116ddb4c in /usr/bin/clickhouse
11. void* std::__thread_proxy[abi:v15000]<std::tuple<std::unique_ptr<std::__thread_struct, std::default_delete<std::__thread_struct>>, void ThreadPoolImpl<std::thread>::scheduleImpl<void>(std::function<void ()>, Priority, std::optional<unsigned long>, bool)::'lambda0'()>>(void*) @ 0x000000000c706104 in /usr/bin/clickhouse
12. ? @ 0x000078d4781ed609 in ?
13. ? @ 0x000078d478112353 in ?
 (version 23.8.16.16 (official build))
2026.03.18 20:33:11.093960 [ 286 ] {} <Error> DDLWorker: ZooKeeper error: Code: 999. Coordination::Exception: Unknown key host in config file. (KEEPER_EXCEPTION), Stack trace (when copying this message, always include the lines below):

0. DB::Exception::Exception(DB::Exception::MessageMasked&&, int, bool) @ 0x000000000c6251d7 in /usr/bin/clickhouse
1. DB::Exception::Exception<String const&>(int, FormatStringHelperImpl<std::type_identity<String const&>::type>, String const&) @ 0x00000000074ae38d in /usr/bin/clickhouse
2. Coordination::Exception::Exception<String const&>(Coordination::Error, FormatStringHelperImpl<std::type_identity<String const&>::type>, String const&) @ 0x000000001276578a in /usr/bin/clickhouse
3. zkutil::ZooKeeperArgs::initFromKeeperSection(Poco::Util::AbstractConfiguration const&, String const&) @ 0x0000000013813c10 in /usr/bin/clickhouse
4. zkutil::ZooKeeperArgs::ZooKeeperArgs(Poco::Util::AbstractConfiguration const&, String const&) @ 0x000000001380f986 in /usr/bin/clickhouse
5. zkutil::ZooKeeper::ZooKeeper(Poco::Util::AbstractConfiguration const&, String const&, std::shared_ptr<DB::ZooKeeperLog>) @ 0x00000000137e48cc in /usr/bin/clickhouse
6. DB::Context::getZooKeeper() const @ 0x000000001164aa4a in /usr/bin/clickhouse
7. DB::DDLWorker::getAndSetZooKeeper() @ 0x00000000116cc32d in /usr/bin/clickhouse
8. DB::DDLWorker::initializeMainThread() @ 0x00000000116dca3b in /usr/bin/clickhouse
9. DB::DDLWorker::runMainThread() @ 0x00000000116c73c0 in /usr/bin/clickhouse
10. void std::__function::__policy_invoker<void ()>::__call_impl<std::__function::__default_alloc_func<ThreadFromGlobalPoolImpl<true>::ThreadFromGlobalPoolImpl<void (DB::DDLWorker::*)(), DB::DDLWorker*>(void (DB::DDLWorker::*&&)(), DB::DDLWorker*&&)::'lambda'(), void ()>>(std::__function::__policy_storage const*) @ 0x00000000116ddb4c in /usr/bin/clickhouse
11. void* std::__thread_proxy[abi:v15000]<std::tuple<std::unique_ptr<std::__thread_struct, std::default_delete<std::__thread_struct>>, void ThreadPoolImpl<std::thread>::scheduleImpl<void>(std::function<void ()>, Priority, std::optional<unsigned long>, bool)::'lambda0'()>>(void*) @ 0x000000000c706104 in /usr/bin/clickhouse
12. ? @ 0x000078d4781ed609 in ?
13. ? @ 0x000078d478112353 in ?
 (version 23.8.16.16 (official build)). Failed to start DDLWorker.
2026.03.18 20:33:11.094016 [ 286 ] {} <Error> virtual bool DB::DDLWorker::initializeMainThread(): Code: 999. Coordination::Exception: Unknown key host in config file. (KEEPER_EXCEPTION), Stack trace (when copying this message, always include the lines below):

0. DB::Exception::Exception(DB::Exception::MessageMasked&&, int, bool) @ 0x000000000c6251d7 in /usr/bin/clickhouse
1. DB::Exception::Exception<String const&>(int, FormatStringHelperImpl<std::type_identity<String const&>::type>, String const&) @ 0x00000000074ae38d in /usr/bin/clickhouse
2. Coordination::Exception::Exception<String const&>(Coordination::Error, FormatStringHelperImpl<std::type_identity<String const&>::type>, String const&) @ 0x000000001276578a in /usr/bin/clickhouse
3. zkutil::ZooKeeperArgs::initFromKeeperSection(Poco::Util::AbstractConfiguration const&, String const&) @ 0x0000000013813c10 in /usr/bin/clickhouse
4. zkutil::ZooKeeperArgs::ZooKeeperArgs(Poco::Util::AbstractConfiguration const&, String const&) @ 0x000000001380f986 in /usr/bin/clickhouse
5. zkutil::ZooKeeper::ZooKeeper(Poco::Util::AbstractConfiguration const&, String const&, std::shared_ptr<DB::ZooKeeperLog>) @ 0x00000000137e48cc in /usr/bin/clickhouse
6. DB::Context::getZooKeeper() const @ 0x000000001164aa4a in /usr/bin/clickhouse
7. DB::DDLWorker::getAndSetZooKeeper() @ 0x00000000116cc32d in /usr/bin/clickhouse
8. DB::DDLWorker::initializeMainThread() @ 0x00000000116dca3b in /usr/bin/clickhouse
9. DB::DDLWorker::runMainThread() @ 0x00000000116c73c0 in /usr/bin/clickhouse
10. void std::__function::__policy_invoker<void ()>::__call_impl<std::__function::__default_alloc_func<ThreadFromGlobalPoolImpl<true>::ThreadFromGlobalPoolImpl<void (DB::DDLWorker::*)(), DB::DDLWorker*>(void (DB::DDLWorker::*&&)(), DB::DDLWorker*&&)::'lambda'(), void ()>>(std::__function::__policy_storage const*) @ 0x00000000116ddb4c in /usr/bin/clickhouse
11. void* std::__thread_proxy[abi:v15000]<std::tuple<std::unique_ptr<std::__thread_struct, std::default_delete<std::__thread_struct>>, void ThreadPoolImpl<std::thread>::scheduleImpl<void>(std::function<void ()>, Priority, std::optional<unsigned long>, bool)::'lambda0'()>>(void*) @ 0x000000000c706104 in /usr/bin/clickhouse
12. ? @ 0x000078d4781ed609 in ?
13. ? @ 0x000078d478112353 in ?
 (version 23.8.16.16 (official build))
2026.03.18 20:33:16.099946 [ 286 ] {} <Error> DDLWorker: ZooKeeper error: Code: 999. Coordination::Exception: Unknown key host in config file. (KEEPER_EXCEPTION), Stack trace (when copying this message, always include the lines below):

0. DB::Exception::Exception(DB::Exception::MessageMasked&&, int, bool) @ 0x000000000c6251d7 in /usr/bin/clickhouse
1. DB::Exception::Exception<String const&>(int, FormatStringHelperImpl<std::type_identity<String const&>::type>, String const&) @ 0x00000000074ae38d in /usr/bin/clickhouse
2. Coordination::Exception::Exception<String const&>(Coordination::Error, FormatStringHelperImpl<std::type_identity<String const&>::type>, String const&) @ 0x000000001276578a in /usr/bin/clickhouse
3. zkutil::ZooKeeperArgs::initFromKeeperSection(Poco::Util::AbstractConfiguration const&, String const&) @ 0x0000000013813c10 in /usr/bin/clickhouse
4. zkutil::ZooKeeperArgs::ZooKeeperArgs(Poco::Util::AbstractConfiguration const&, String const&) @ 0x000000001380f986 in /usr/bin/clickhouse
5. zkutil::ZooKeeper::ZooKeeper(Poco::Util::AbstractConfiguration const&, String const&, std::shared_ptr<DB::ZooKeeperLog>) @ 0x00000000137e48cc in /usr/bin/clickhouse
6. DB::Context::getZooKeeper() const @ 0x000000001164aa4a in /usr/bin/clickhouse
7. DB::DDLWorker::getAndSetZooKeeper() @ 0x00000000116cc32d in /usr/bin/clickhouse
8. DB::DDLWorker::initializeMainThread() @ 0x00000000116dca3b in /usr/bin/clickhouse
9. DB::DDLWorker::runMainThread() @ 0x00000000116c73c0 in /usr/bin/clickhouse
10. void std::__function::__policy_invoker<void ()>::__call_impl<std::__function::__default_alloc_func<ThreadFromGlobalPoolImpl<true>::ThreadFromGlobalPoolImpl<void (DB::DDLWorker::*)(), DB::DDLWorker*>(void (DB::DDLWorker::*&&)(), DB::DDLWorker*&&)::'lambda'(), void ()>>(std::__function::__policy_storage const*) @ 0x00000000116ddb4c in /usr/bin/clickhouse
11. void* std::__thread_proxy[abi:v15000]<std::tuple<std::unique_ptr<std::__thread_struct, std::default_delete<std::__thread_struct>>, void ThreadPoolImpl<std::thread>::scheduleImpl<void>(std::function<void ()>, Priority, std::optional<unsigned long>, bool)::'lambda0'()>>(void*) @ 0x000000000c706104 in /usr/bin/clickhouse
12. ? @ 0x000078d4781ed609 in ?
13. ? @ 0x000078d478112353 in ?
 (version 23.8.16.16 (official build)). Failed to start DDLWorker.
2026.03.18 20:33:16.100020 [ 286 ] {} <Error> virtual bool DB::DDLWorker::initializeMainThread(): Code: 999. Coordination::Exception: Unknown key host in config file. (KEEPER_EXCEPTION), Stack trace (when copying this message, always include the lines below):

0. DB::Exception::Exception(DB::Exception::MessageMasked&&, int, bool) @ 0x000000000c6251d7 in /usr/bin/clickhouse
1. DB::Exception::Exception<String const&>(int, FormatStringHelperImpl<std::type_identity<String const&>::type>, String const&) @ 0x00000000074ae38d in /usr/bin/clickhouse
2. Coordination::Exception::Exception<String const&>(Coordination::Error, FormatStringHelperImpl<std::type_identity<String const&>::type>, String const&) @ 0x000000001276578a in /usr/bin/clickhouse
3. zkutil::ZooKeeperArgs::initFromKeeperSection(Poco::Util::AbstractConfiguration const&, String const&) @ 0x0000000013813c10 in /usr/bin/clickhouse
4. zkutil::ZooKeeperArgs::ZooKeeperArgs(Poco::Util::AbstractConfiguration const&, String const&) @ 0x000000001380f986 in /usr/bin/clickhouse
5. zkutil::ZooKeeper::ZooKeeper(Poco::Util::AbstractConfiguration const&, String const&, std::shared_ptr<DB::ZooKeeperLog>) @ 0x00000000137e48cc in /usr/bin/clickhouse
6. DB::Context::getZooKeeper() const @ 0x000000001164aa4a in /usr/bin/clickhouse
7. DB::DDLWorker::getAndSetZooKeeper() @ 0x00000000116cc32d in /usr/bin/clickhouse
8. DB::DDLWorker::initializeMainThread() @ 0x00000000116dca3b in /usr/bin/clickhouse
9. DB::DDLWorker::runMainThread() @ 0x00000000116c73c0 in /usr/bin/clickhouse
10. void std::__function::__policy_invoker<void ()>::__call_impl<std::__function::__default_alloc_func<ThreadFromGlobalPoolImpl<true>::ThreadFromGlobalPoolImpl<void (DB::DDLWorker::*)(), DB::DDLWorker*>(void (DB::DDLWorker::*&&)(), DB::DDLWorker*&&)::'lambda'(), void ()>>(std::__function::__policy_storage const*) @ 0x00000000116ddb4c in /usr/bin/clickhouse
11. void* std::__thread_proxy[abi:v15000]<std::tuple<std::unique_ptr<std::__thread_struct, std::default_delete<std::__thread_struct>>, void ThreadPoolImpl<std::thread>::scheduleImpl<void>(std::function<void ()>, Priority, std::optional<unsigned long>, bool)::'lambda0'()>>(void*) @ 0x000000000c706104 in /usr/bin/clickhouse
12. ? @ 0x000078d4781ed609 in ?
13. ? @ 0x000078d478112353 in ?
 (version 23.8.16.16 (official build))
2026.03.18 20:33:21.116409 [ 286 ] {} <Error> DDLWorker: ZooKeeper error: Code: 999. Coordination::Exception: Unknown key host in config file. (KEEPER_EXCEPTION), Stack trace (when copying this message, always include the lines below):

0. DB::Exception::Exception(DB::Exception::MessageMasked&&, int, bool) @ 0x000000000c6251d7 in /usr/bin/clickhouse
1. DB::Exception::Exception<String const&>(int, FormatStringHelperImpl<std::type_identity<String const&>::type>, String const&) @ 0x00000000074ae38d in /usr/bin/clickhouse
2. Coordination::Exception::Exception<String const&>(Coordination::Error, FormatStringHelperImpl<std::type_identity<String const&>::type>, String const&) @ 0x000000001276578a in /usr/bin/clickhouse
3. zkutil::ZooKeeperArgs::initFromKeeperSection(Poco::Util::AbstractConfiguration const&, String const&) @ 0x0000000013813c10 in /usr/bin/clickhouse
4. zkutil::ZooKeeperArgs::ZooKeeperArgs(Poco::Util::AbstractConfiguration const&, String const&) @ 0x000000001380f986 in /usr/bin/clickhouse
5. zkutil::ZooKeeper::ZooKeeper(Poco::Util::AbstractConfiguration const&, String const&, std::shared_ptr<DB::ZooKeeperLog>) @ 0x00000000137e48cc in /usr/bin/clickhouse
6. DB::Context::getZooKeeper() const @ 0x000000001164aa4a in /usr/bin/clickhouse
7. DB::DDLWorker::getAndSetZooKeeper() @ 0x00000000116cc32d in /usr/bin/clickhouse
8. DB::DDLWorker::initializeMainThread() @ 0x00000000116dca3b in /usr/bin/clickhouse
9. DB::DDLWorker::runMainThread() @ 0x00000000116c73c0 in /usr/bin/clickhouse
10. void std::__function::__policy_invoker<void ()>::__call_impl<std::__function::__default_alloc_func<ThreadFromGlobalPoolImpl<true>::ThreadFromGlobalPoolImpl<void (DB::DDLWorker::*)(), DB::DDLWorker*>(void (DB::DDLWorker::*&&)(), DB::DDLWorker*&&)::'lambda'(), void ()>>(std::__function::__policy_storage const*) @ 0x00000000116ddb4c in /usr/bin/clickhouse
11. void* std::__thread_proxy[abi:v15000]<std::tuple<std::unique_ptr<std::__thread_struct, std::default_delete<std::__thread_struct>>, void ThreadPoolImpl<std::thread>::scheduleImpl<void>(std::function<void ()>, Priority, std::optional<unsigned long>, bool)::'lambda0'()>>(void*) @ 0x000000000c706104 in /usr/bin/clickhouse
12. ? @ 0x000078d4781ed609 in ?
13. ? @ 0x000078d478112353 in ?
 (version 23.8.16.16 (official build)). Failed to start DDLWorker.
2026.03.18 20:33:21.116578 [ 286 ] {} <Error> virtual bool DB::DDLWorker::initializeMainThread(): Code: 999. Coordination::Exception: Unknown key host in config file. (KEEPER_EXCEPTION), Stack trace (when copying this message, always include the lines below):

0. DB::Exception::Exception(DB::Exception::MessageMasked&&, int, bool) @ 0x000000000c6251d7 in /usr/bin/clickhouse
1. DB::Exception::Exception<String const&>(int, FormatStringHelperImpl<std::type_identity<String const&>::type>, String const&) @ 0x00000000074ae38d in /usr/bin/clickhouse
2. Coordination::Exception::Exception<String const&>(Coordination::Error, FormatStringHelperImpl<std::type_identity<String const&>::type>, String const&) @ 0x000000001276578a in /usr/bin/clickhouse
3. zkutil::ZooKeeperArgs::initFromKeeperSection(Poco::Util::AbstractConfiguration const&, String const&) @ 0x0000000013813c10 in /usr/bin/clickhouse
4. zkutil::ZooKeeperArgs::ZooKeeperArgs(Poco::Util::AbstractConfiguration const&, String const&) @ 0x000000001380f986 in /usr/bin/clickhouse
5. zkutil::ZooKeeper::ZooKeeper(Poco::Util::AbstractConfiguration const&, String const&, std::shared_ptr<DB::ZooKeeperLog>) @ 0x00000000137e48cc in /usr/bin/clickhouse
6. DB::Context::getZooKeeper() const @ 0x000000001164aa4a in /usr/bin/clickhouse
7. DB::DDLWorker::getAndSetZooKeeper() @ 0x00000000116cc32d in /usr/bin/clickhouse
8. DB::DDLWorker::initializeMainThread() @ 0x00000000116dca3b in /usr/bin/clickhouse
9. DB::DDLWorker::runMainThread() @ 0x00000000116c73c0 in /usr/bin/clickhouse
10. void std::__function::__policy_invoker<void ()>::__call_impl<std::__function::__default_alloc_func<ThreadFromGlobalPoolImpl<true>::ThreadFromGlobalPoolImpl<void (DB::DDLWorker::*)(), DB::DDLWorker*>(void (DB::DDLWorker::*&&)(), DB::DDLWorker*&&)::'lambda'(), void ()>>(std::__function::__policy_storage const*) @ 0x00000000116ddb4c in /usr/bin/clickhouse
11. void* std::__thread_proxy[abi:v15000]<std::tuple<std::unique_ptr<std::__thread_struct, std::default_delete<std::__thread_struct>>, void ThreadPoolImpl<std::thread>::scheduleImpl<void>(std::function<void ()>, Priority, std::optional<unsigned long>, bool)::'lambda0'()>>(void*) @ 0x000000000c706104 in /usr/bin/clickhouse
12. ? @ 0x000078d4781ed609 in ?
13. ? @ 0x000078d478112353 in ?
 (version 23.8.16.16 (official build))
2026.03.18 20:33:26.120346 [ 286 ] {} <Error> DDLWorker: ZooKeeper error: Code: 999. Coordination::Exception: Unknown key host in config file. (KEEPER_EXCEPTION), Stack trace (when copying this message, always include the lines below):

0. DB::Exception::Exception(DB::Exception::MessageMasked&&, int, bool) @ 0x000000000c6251d7 in /usr/bin/clickhouse
1. DB::Exception::Exception<String const&>(int, FormatStringHelperImpl<std::type_identity<String const&>::type>, String const&) @ 0x00000000074ae38d in /usr/bin/clickhouse
2. Coordination::Exception::Exception<String const&>(Coordination::Error, FormatStringHelperImpl<std::type_identity<String const&>::type>, String const&) @ 0x000000001276578a in /usr/bin/clickhouse
3. zkutil::ZooKeeperArgs::initFromKeeperSection(Poco::Util::AbstractConfiguration const&, String const&) @ 0x0000000013813c10 in /usr/bin/clickhouse
4. zkutil::ZooKeeperArgs::ZooKeeperArgs(Poco::Util::AbstractConfiguration const&, String const&) @ 0x000000001380f986 in /usr/bin/clickhouse
5. zkutil::ZooKeeper::ZooKeeper(Poco::Util::AbstractConfiguration const&, String const&, std::shared_ptr<DB::ZooKeeperLog>) @ 0x00000000137e48cc in /usr/bin/clickhouse
6. DB::Context::getZooKeeper() const @ 0x000000001164aa4a in /usr/bin/clickhouse
7. DB::DDLWorker::getAndSetZooKeeper() @ 0x00000000116cc32d in /usr/bin/clickhouse
8. DB::DDLWorker::initializeMainThread() @ 0x00000000116dca3b in /usr/bin/clickhouse
9. DB::DDLWorker::runMainThread() @ 0x00000000116c73c0 in /usr/bin/clickhouse
10. void std::__function::__policy_invoker<void ()>::__call_impl<std::__function::__default_alloc_func<ThreadFromGlobalPoolImpl<true>::ThreadFromGlobalPoolImpl<void (DB::DDLWorker::*)(), DB::DDLWorker*>(void (DB::DDLWorker::*&&)(), DB::DDLWorker*&&)::'lambda'(), void ()>>(std::__function::__policy_storage const*) @ 0x00000000116ddb4c in /usr/bin/clickhouse
11. void* std::__thread_proxy[abi:v15000]<std::tuple<std::unique_ptr<std::__thread_struct, std::default_delete<std::__thread_struct>>, void ThreadPoolImpl<std::thread>::scheduleImpl<void>(std::function<void ()>, Priority, std::optional<unsigned long>, bool)::'lambda0'()>>(void*) @ 0x000000000c706104 in /usr/bin/clickhouse
12. ? @ 0x000078d4781ed609 in ?
13. ? @ 0x000078d478112353 in ?
 (version 23.8.16.16 (official build)). Failed to start DDLWorker.
2026.03.18 20:33:26.120486 [ 286 ] {} <Error> virtual bool DB::DDLWorker::initializeMainThread(): Code: 999. Coordination::Exception: Unknown key host in config file. (KEEPER_EXCEPTION), Stack trace (when copying this message, always include the lines below):

0. DB::Exception::Exception(DB::Exception::MessageMasked&&, int, bool) @ 0x000000000c6251d7 in /usr/bin/clickhouse
1. DB::Exception::Exception<String const&>(int, FormatStringHelperImpl<std::type_identity<String const&>::type>, String const&) @ 0x00000000074ae38d in /usr/bin/clickhouse
2. Coordination::Exception::Exception<String const&>(Coordination::Error, FormatStringHelperImpl<std::type_identity<String const&>::type>, String const&) @ 0x000000001276578a in /usr/bin/clickhouse
3. zkutil::ZooKeeperArgs::initFromKeeperSection(Poco::Util::AbstractConfiguration const&, String const&) @ 0x0000000013813c10 in /usr/bin/clickhouse
4. zkutil::ZooKeeperArgs::ZooKeeperArgs(Poco::Util::AbstractConfiguration const&, String const&) @ 0x000000001380f986 in /usr/bin/clickhouse
5. zkutil::ZooKeeper::ZooKeeper(Poco::Util::AbstractConfiguration const&, String const&, std::shared_ptr<DB::ZooKeeperLog>) @ 0x00000000137e48cc in /usr/bin/clickhouse
6. DB::Context::getZooKeeper() const @ 0x000000001164aa4a in /usr/bin/clickhouse
7. DB::DDLWorker::getAndSetZooKeeper() @ 0x00000000116cc32d in /usr/bin/clickhouse
8. DB::DDLWorker::initializeMainThread() @ 0x00000000116dca3b in /usr/bin/clickhouse
9. DB::DDLWorker::runMainThread() @ 0x00000000116c73c0 in /usr/bin/clickhouse
10. void std::__function::__policy_invoker<void ()>::__call_impl<std::__function::__default_alloc_func<ThreadFromGlobalPoolImpl<true>::ThreadFromGlobalPoolImpl<void (DB::DDLWorker::*)(), DB::DDLWorker*>(void (DB::DDLWorker::*&&)(), DB::DDLWorker*&&)::'lambda'(), void ()>>(std::__function::__policy_storage const*) @ 0x00000000116ddb4c in /usr/bin/clickhouse
11. void* std::__thread_proxy[abi:v15000]<std::tuple<std::unique_ptr<std::__thread_struct, std::default_delete<std::__thread_struct>>, void ThreadPoolImpl<std::thread>::scheduleImpl<void>(std::function<void ()>, Priority, std::optional<unsigned long>, bool)::'lambda0'()>>(void*) @ 0x000000000c706104 in /usr/bin/clickhouse
12. ? @ 0x000078d4781ed609 in ?
13. ? @ 0x000078d478112353 in ?
 (version 23.8.16.16 (official build))
2026.03.18 20:33:31.121269 [ 286 ] {} <Error> DDLWorker: ZooKeeper error: Code: 999. Coordination::Exception: Unknown key host in config file. (KEEPER_EXCEPTION), Stack trace (when copying this message, always include the lines below):

0. DB::Exception::Exception(DB::Exception::MessageMasked&&, int, bool) @ 0x000000000c6251d7 in /usr/bin/clickhouse
1. DB::Exception::Exception<String const&>(int, FormatStringHelperImpl<std::type_identity<String const&>::type>, String const&) @ 0x00000000074ae38d in /usr/bin/clickhouse
2. Coordination::Exception::Exception<String const&>(Coordination::Error, FormatStringHelperImpl<std::type_identity<String const&>::type>, String const&) @ 0x000000001276578a in /usr/bin/clickhouse
3. zkutil::ZooKeeperArgs::initFromKeeperSection(Poco::Util::AbstractConfiguration const&, String const&) @ 0x0000000013813c10 in /usr/bin/clickhouse
4. zkutil::ZooKeeperArgs::ZooKeeperArgs(Poco::Util::AbstractConfiguration const&, String const&) @ 0x000000001380f986 in /usr/bin/clickhouse
5. zkutil::ZooKeeper::ZooKeeper(Poco::Util::AbstractConfiguration const&, String const&, std::shared_ptr<DB::ZooKeeperLog>) @ 0x00000000137e48cc in /usr/bin/clickhouse
6. DB::Context::getZooKeeper() const @ 0x000000001164aa4a in /usr/bin/clickhouse
7. DB::DDLWorker::getAndSetZooKeeper() @ 0x00000000116cc32d in /usr/bin/clickhouse
8. DB::DDLWorker::initializeMainThread() @ 0x00000000116dca3b in /usr/bin/clickhouse
9. DB::DDLWorker::runMainThread() @ 0x00000000116c73c0 in /usr/bin/clickhouse
10. void std::__function::__policy_invoker<void ()>::__call_impl<std::__function::__default_alloc_func<ThreadFromGlobalPoolImpl<true>::ThreadFromGlobalPoolImpl<void (DB::DDLWorker::*)(), DB::DDLWorker*>(void (DB::DDLWorker::*&&)(), DB::DDLWorker*&&)::'lambda'(), void ()>>(std::__function::__policy_storage const*) @ 0x00000000116ddb4c in /usr/bin/clickhouse
11. void* std::__thread_proxy[abi:v15000]<std::tuple<std::unique_ptr<std::__thread_struct, std::default_delete<std::__thread_struct>>, void ThreadPoolImpl<std::thread>::scheduleImpl<void>(std::function<void ()>, Priority, std::optional<unsigned long>, bool)::'lambda0'()>>(void*) @ 0x000000000c706104 in /usr/bin/clickhouse
12. ? @ 0x000078d4781ed609 in ?
13. ? @ 0x000078d478112353 in ?
 (version 23.8.16.16 (official build)). Failed to start DDLWorker.
2026.03.18 20:33:31.121369 [ 286 ] {} <Error> virtual bool DB::DDLWorker::initializeMainThread(): Code: 999. Coordination::Exception: Unknown key host in config file. (KEEPER_EXCEPTION), Stack trace (when copying this message, always include the lines below):

0. DB::Exception::Exception(DB::Exception::MessageMasked&&, int, bool) @ 0x000000000c6251d7 in /usr/bin/clickhouse
1. DB::Exception::Exception<String const&>(int, FormatStringHelperImpl<std::type_identity<String const&>::type>, String const&) @ 0x00000000074ae38d in /usr/bin/clickhouse
2. Coordination::Exception::Exception<String const&>(Coordination::Error, FormatStringHelperImpl<std::type_identity<String const&>::type>, String const&) @ 0x000000001276578a in /usr/bin/clickhouse
3. zkutil::ZooKeeperArgs::initFromKeeperSection(Poco::Util::AbstractConfiguration const&, String const&) @ 0x0000000013813c10 in /usr/bin/clickhouse
4. zkutil::ZooKeeperArgs::ZooKeeperArgs(Poco::Util::AbstractConfiguration const&, String const&) @ 0x000000001380f986 in /usr/bin/clickhouse
5. zkutil::ZooKeeper::ZooKeeper(Poco::Util::AbstractConfiguration const&, String const&, std::shared_ptr<DB::ZooKeeperLog>) @ 0x00000000137e48cc in /usr/bin/clickhouse
6. DB::Context::getZooKeeper() const @ 0x000000001164aa4a in /usr/bin/clickhouse
7. DB::DDLWorker::getAndSetZooKeeper() @ 0x00000000116cc32d in /usr/bin/clickhouse
8. DB::DDLWorker::initializeMainThread() @ 0x00000000116dca3b in /usr/bin/clickhouse
9. DB::DDLWorker::runMainThread() @ 0x00000000116c73c0 in /usr/bin/clickhouse
10. void std::__function::__policy_invoker<void ()>::__call_impl<std::__function::__default_alloc_func<ThreadFromGlobalPoolImpl<true>::ThreadFromGlobalPoolImpl<void (DB::DDLWorker::*)(), DB::DDLWorker*>(void (DB::DDLWorker::*&&)(), DB::DDLWorker*&&)::'lambda'(), void ()>>(std::__function::__policy_storage const*) @ 0x00000000116ddb4c in /usr/bin/clickhouse
11. void* std::__thread_proxy[abi:v15000]<std::tuple<std::unique_ptr<std::__thread_struct, std::default_delete<std::__thread_struct>>, void ThreadPoolImpl<std::thread>::scheduleImpl<void>(std::function<void ()>, Priority, std::optional<unsigned long>, bool)::'lambda0'()>>(void*) @ 0x000000000c706104 in /usr/bin/clickhouse
12. ? @ 0x000078d4781ed609 in ?
13. ? @ 0x000078d478112353 in ?
 (version 23.8.16.16 (official build))
2026.03.18 20:33:36.121897 [ 286 ] {} <Error> DDLWorker: ZooKeeper error: Code: 999. Coordination::Exception: Unknown key host in config file. (KEEPER_EXCEPTION), Stack trace (when copying this message, always include the lines below):

0. DB::Exception::Exception(DB::Exception::MessageMasked&&, int, bool) @ 0x000000000c6251d7 in /usr/bin/clickhouse
1. DB::Exception::Exception<String const&>(int, FormatStringHelperImpl<std::type_identity<String const&>::type>, String const&) @ 0x00000000074ae38d in /usr/bin/clickhouse
2. Coordination::Exception::Exception<String const&>(Coordination::Error, FormatStringHelperImpl<std::type_identity<String const&>::type>, String const&) @ 0x000000001276578a in /usr/bin/clickhouse
3. zkutil::ZooKeeperArgs::initFromKeeperSection(Poco::Util::AbstractConfiguration const&, String const&) @ 0x0000000013813c10 in /usr/bin/clickhouse
4. zkutil::ZooKeeperArgs::ZooKeeperArgs(Poco::Util::AbstractConfiguration const&, String const&) @ 0x000000001380f986 in /usr/bin/clickhouse
5. zkutil::ZooKeeper::ZooKeeper(Poco::Util::AbstractConfiguration const&, String const&, std::shared_ptr<DB::ZooKeeperLog>) @ 0x00000000137e48cc in /usr/bin/clickhouse
6. DB::Context::getZooKeeper() const @ 0x000000001164aa4a in /usr/bin/clickhouse
7. DB::DDLWorker::getAndSetZooKeeper() @ 0x00000000116cc32d in /usr/bin/clickhouse
8. DB::DDLWorker::initializeMainThread() @ 0x00000000116dca3b in /usr/bin/clickhouse
9. DB::DDLWorker::runMainThread() @ 0x00000000116c73c0 in /usr/bin/clickhouse
10. void std::__function::__policy_invoker<void ()>::__call_impl<std::__function::__default_alloc_func<ThreadFromGlobalPoolImpl<true>::ThreadFromGlobalPoolImpl<void (DB::DDLWorker::*)(), DB::DDLWorker*>(void (DB::DDLWorker::*&&)(), DB::DDLWorker*&&)::'lambda'(), void ()>>(std::__function::__policy_storage const*) @ 0x00000000116ddb4c in /usr/bin/clickhouse
11. void* std::__thread_proxy[abi:v15000]<std::tuple<std::unique_ptr<std::__thread_struct, std::default_delete<std::__thread_struct>>, void ThreadPoolImpl<std::thread>::scheduleImpl<void>(std::function<void ()>, Priority, std::optional<unsigned long>, bool)::'lambda0'()>>(void*) @ 0x000000000c706104 in /usr/bin/clickhouse
12. ? @ 0x000078d4781ed609 in ?
13. ? @ 0x000078d478112353 in ?
 (version 23.8.16.16 (official build)). Failed to start DDLWorker.
2026.03.18 20:33:36.121931 [ 286 ] {} <Error> virtual bool DB::DDLWorker::initializeMainThread(): Code: 999. Coordination::Exception: Unknown key host in config file. (KEEPER_EXCEPTION), Stack trace (when copying this message, always include the lines below):

0. DB::Exception::Exception(DB::Exception::MessageMasked&&, int, bool) @ 0x000000000c6251d7 in /usr/bin/clickhouse
1. DB::Exception::Exception<String const&>(int, FormatStringHelperImpl<std::type_identity<String const&>::type>, String const&) @ 0x00000000074ae38d in /usr/bin/clickhouse
2. Coordination::Exception::Exception<String const&>(Coordination::Error, FormatStringHelperImpl<std::type_identity<String const&>::type>, String const&) @ 0x000000001276578a in /usr/bin/clickhouse
3. zkutil::ZooKeeperArgs::initFromKeeperSection(Poco::Util::AbstractConfiguration const&, String const&) @ 0x0000000013813c10 in /usr/bin/clickhouse
4. zkutil::ZooKeeperArgs::ZooKeeperArgs(Poco::Util::AbstractConfiguration const&, String const&) @ 0x000000001380f986 in /usr/bin/clickhouse
5. zkutil::ZooKeeper::ZooKeeper(Poco::Util::AbstractConfiguration const&, String const&, std::shared_ptr<DB::ZooKeeperLog>) @ 0x00000000137e48cc in /usr/bin/clickhouse
6. DB::Context::getZooKeeper() const @ 0x000000001164aa4a in /usr/bin/clickhouse
7. DB::DDLWorker::getAndSetZooKeeper() @ 0x00000000116cc32d in /usr/bin/clickhouse
8. DB::DDLWorker::initializeMainThread() @ 0x00000000116dca3b in /usr/bin/clickhouse
9. DB::DDLWorker::runMainThread() @ 0x00000000116c73c0 in /usr/bin/clickhouse
10. void std::__function::__policy_invoker<void ()>::__call_impl<std::__function::__default_alloc_func<ThreadFromGlobalPoolImpl<true>::ThreadFromGlobalPoolImpl<void (DB::DDLWorker::*)(), DB::DDLWorker*>(void (DB::DDLWorker::*&&)(), DB::DDLWorker*&&)::'lambda'(), void ()>>(std::__function::__policy_storage const*) @ 0x00000000116ddb4c in /usr/bin/clickhouse
11. void* std::__thread_proxy[abi:v15000]<std::tuple<std::unique_ptr<std::__thread_struct, std::default_delete<std::__thread_struct>>, void ThreadPoolImpl<std::thread>::scheduleImpl<void>(std::function<void ()>, Priority, std::optional<unsigned long>, bool)::'lambda0'()>>(void*) @ 0x000000000c706104 in /usr/bin/clickhouse
12. ? @ 0x000078d4781ed609 in ?
13. ? @ 0x000078d478112353 in ?
 (version 23.8.16.16 (official build))
2026.03.18 20:33:41.134670 [ 286 ] {} <Error> DDLWorker: ZooKeeper error: Code: 999. Coordination::Exception: Unknown key host in config file. (KEEPER_EXCEPTION), Stack trace (when copying this message, always include the lines below):

0. DB::Exception::Exception(DB::Exception::MessageMasked&&, int, bool) @ 0x000000000c6251d7 in /usr/bin/clickhouse
1. DB::Exception::Exception<String const&>(int, FormatStringHelperImpl<std::type_identity<String const&>::type>, String const&) @ 0x00000000074ae38d in /usr/bin/clickhouse
2. Coordination::Exception::Exception<String const&>(Coordination::Error, FormatStringHelperImpl<std::type_identity<String const&>::type>, String const&) @ 0x000000001276578a in /usr/bin/clickhouse
3. zkutil::ZooKeeperArgs::initFromKeeperSection(Poco::Util::AbstractConfiguration const&, String const&) @ 0x0000000013813c10 in /usr/bin/clickhouse
4. zkutil::ZooKeeperArgs::ZooKeeperArgs(Poco::Util::AbstractConfiguration const&, String const&) @ 0x000000001380f986 in /usr/bin/clickhouse
5. zkutil::ZooKeeper::ZooKeeper(Poco::Util::AbstractConfiguration const&, String const&, std::shared_ptr<DB::ZooKeeperLog>) @ 0x00000000137e48cc in /usr/bin/clickhouse
6. DB::Context::getZooKeeper() const @ 0x000000001164aa4a in /usr/bin/clickhouse
7. DB::DDLWorker::getAndSetZooKeeper() @ 0x00000000116cc32d in /usr/bin/clickhouse
8. DB::DDLWorker::initializeMainThread() @ 0x00000000116dca3b in /usr/bin/clickhouse
9. DB::DDLWorker::runMainThread() @ 0x00000000116c73c0 in /usr/bin/clickhouse
10. void std::__function::__policy_invoker<void ()>::__call_impl<std::__function::__default_alloc_func<ThreadFromGlobalPoolImpl<true>::ThreadFromGlobalPoolImpl<void (DB::DDLWorker::*)(), DB::DDLWorker*>(void (DB::DDLWorker::*&&)(), DB::DDLWorker*&&)::'lambda'(), void ()>>(std::__function::__policy_storage const*) @ 0x00000000116ddb4c in /usr/bin/clickhouse
11. void* std::__thread_proxy[abi:v15000]<std::tuple<std::unique_ptr<std::__thread_struct, std::default_delete<std::__thread_struct>>, void ThreadPoolImpl<std::thread>::scheduleImpl<void>(std::function<void ()>, Priority, std::optional<unsigned long>, bool)::'lambda0'()>>(void*) @ 0x000000000c706104 in /usr/bin/clickhouse
12. ? @ 0x000078d4781ed609 in ?
13. ? @ 0x000078d478112353 in ?
 (version 23.8.16.16 (official build)). Failed to start DDLWorker.
2026.03.18 20:33:41.134891 [ 286 ] {} <Error> virtual bool DB::DDLWorker::initializeMainThread(): Code: 999. Coordination::Exception: Unknown key host in config file. (KEEPER_EXCEPTION), Stack trace (when copying this message, always include the lines below):

0. DB::Exception::Exception(DB::Exception::MessageMasked&&, int, bool) @ 0x000000000c6251d7 in /usr/bin/clickhouse
1. DB::Exception::Exception<String const&>(int, FormatStringHelperImpl<std::type_identity<String const&>::type>, String const&) @ 0x00000000074ae38d in /usr/bin/clickhouse
2. Coordination::Exception::Exception<String const&>(Coordination::Error, FormatStringHelperImpl<std::type_identity<String const&>::type>, String const&) @ 0x000000001276578a in /usr/bin/clickhouse
3. zkutil::ZooKeeperArgs::initFromKeeperSection(Poco::Util::AbstractConfiguration const&, String const&) @ 0x0000000013813c10 in /usr/bin/clickhouse
4. zkutil::ZooKeeperArgs::ZooKeeperArgs(Poco::Util::AbstractConfiguration const&, String const&) @ 0x000000001380f986 in /usr/bin/clickhouse
5. zkutil::ZooKeeper::ZooKeeper(Poco::Util::AbstractConfiguration const&, String const&, std::shared_ptr<DB::ZooKeeperLog>) @ 0x00000000137e48cc in /usr/bin/clickhouse
6. DB::Context::getZooKeeper() const @ 0x000000001164aa4a in /usr/bin/clickhouse
7. DB::DDLWorker::getAndSetZooKeeper() @ 0x00000000116cc32d in /usr/bin/clickhouse
8. DB::DDLWorker::initializeMainThread() @ 0x00000000116dca3b in /usr/bin/clickhouse
9. DB::DDLWorker::runMainThread() @ 0x00000000116c73c0 in /usr/bin/clickhouse
10. void std::__function::__policy_invoker<void ()>::__call_impl<std::__function::__default_alloc_func<ThreadFromGlobalPoolImpl<true>::ThreadFromGlobalPoolImpl<void (DB::DDLWorker::*)(), DB::DDLWorker*>(void (DB::DDLWorker::*&&)(), DB::DDLWorker*&&)::'lambda'(), void ()>>(std::__function::__policy_storage const*) @ 0x00000000116ddb4c in /usr/bin/clickhouse
11. void* std::__thread_proxy[abi:v15000]<std::tuple<std::unique_ptr<std::__thread_struct, std::default_delete<std::__thread_struct>>, void ThreadPoolImpl<std::thread>::scheduleImpl<void>(std::function<void ()>, Priority, std::optional<unsigned long>, bool)::'lambda0'()>>(void*) @ 0x000000000c706104 in /usr/bin/clickhouse
12. ? @ 0x000078d4781ed609 in ?
13. ? @ 0x000078d478112353 in ?
 (version 23.8.16.16 (official build))
2026.03.18 20:33:46.136396 [ 286 ] {} <Error> DDLWorker: ZooKeeper error: Code: 999. Coordination::Exception: Unknown key host in config file. (KEEPER_EXCEPTION), Stack trace (when copying this message, always include the lines below):

0. DB::Exception::Exception(DB::Exception::MessageMasked&&, int, bool) @ 0x000000000c6251d7 in /usr/bin/clickhouse
1. DB::Exception::Exception<String const&>(int, FormatStringHelperImpl<std::type_identity<String const&>::type>, String const&) @ 0x00000000074ae38d in /usr/bin/clickhouse
2. Coordination::Exception::Exception<String const&>(Coordination::Error, FormatStringHelperImpl<std::type_identity<String const&>::type>, String const&) @ 0x000000001276578a in /usr/bin/clickhouse
3. zkutil::ZooKeeperArgs::initFromKeeperSection(Poco::Util::AbstractConfiguration const&, String const&) @ 0x0000000013813c10 in /usr/bin/clickhouse
4. zkutil::ZooKeeperArgs::ZooKeeperArgs(Poco::Util::AbstractConfiguration const&, String const&) @ 0x000000001380f986 in /usr/bin/clickhouse
5. zkutil::ZooKeeper::ZooKeeper(Poco::Util::AbstractConfiguration const&, String const&, std::shared_ptr<DB::ZooKeeperLog>) @ 0x00000000137e48cc in /usr/bin/clickhouse
6. DB::Context::getZooKeeper() const @ 0x000000001164aa4a in /usr/bin/clickhouse
7. DB::DDLWorker::getAndSetZooKeeper() @ 0x00000000116cc32d in /usr/bin/clickhouse
8. DB::DDLWorker::initializeMainThread() @ 0x00000000116dca3b in /usr/bin/clickhouse
9. DB::DDLWorker::runMainThread() @ 0x00000000116c73c0 in /usr/bin/clickhouse
10. void std::__function::__policy_invoker<void ()>::__call_impl<std::__function::__default_alloc_func<ThreadFromGlobalPoolImpl<true>::ThreadFromGlobalPoolImpl<void (DB::DDLWorker::*)(), DB::DDLWorker*>(void (DB::DDLWorker::*&&)(), DB::DDLWorker*&&)::'lambda'(), void ()>>(std::__function::__policy_storage const*) @ 0x00000000116ddb4c in /usr/bin/clickhouse
11. void* std::__thread_proxy[abi:v15000]<std::tuple<std::unique_ptr<std::__thread_struct, std::default_delete<std::__thread_struct>>, void ThreadPoolImpl<std::thread>::scheduleImpl<void>(std::function<void ()>, Priority, std::optional<unsigned long>, bool)::'lambda0'()>>(void*) @ 0x000000000c706104 in /usr/bin/clickhouse
12. ? @ 0x000078d4781ed609 in ?
13. ? @ 0x000078d478112353 in ?
 (version 23.8.16.16 (official build)). Failed to start DDLWorker.
2026.03.18 20:33:46.136456 [ 286 ] {} <Error> virtual bool DB::DDLWorker::initializeMainThread(): Code: 999. Coordination::Exception: Unknown key host in config file. (KEEPER_EXCEPTION), Stack trace (when copying this message, always include the lines below):

0. DB::Exception::Exception(DB::Exception::MessageMasked&&, int, bool) @ 0x000000000c6251d7 in /usr/bin/clickhouse
1. DB::Exception::Exception<String const&>(int, FormatStringHelperImpl<std::type_identity<String const&>::type>, String const&) @ 0x00000000074ae38d in /usr/bin/clickhouse
2. Coordination::Exception::Exception<String const&>(Coordination::Error, FormatStringHelperImpl<std::type_identity<String const&>::type>, String const&) @ 0x000000001276578a in /usr/bin/clickhouse
3. zkutil::ZooKeeperArgs::initFromKeeperSection(Poco::Util::AbstractConfiguration const&, String const&) @ 0x0000000013813c10 in /usr/bin/clickhouse
4. zkutil::ZooKeeperArgs::ZooKeeperArgs(Poco::Util::AbstractConfiguration const&, String const&) @ 0x000000001380f986 in /usr/bin/clickhouse
5. zkutil::ZooKeeper::ZooKeeper(Poco::Util::AbstractConfiguration const&, String const&, std::shared_ptr<DB::ZooKeeperLog>) @ 0x00000000137e48cc in /usr/bin/clickhouse
6. DB::Context::getZooKeeper() const @ 0x000000001164aa4a in /usr/bin/clickhouse
7. DB::DDLWorker::getAndSetZooKeeper() @ 0x00000000116cc32d in /usr/bin/clickhouse
8. DB::DDLWorker::initializeMainThread() @ 0x00000000116dca3b in /usr/bin/clickhouse
9. DB::DDLWorker::runMainThread() @ 0x00000000116c73c0 in /usr/bin/clickhouse
10. void std::__function::__policy_invoker<void ()>::__call_impl<std::__function::__default_alloc_func<ThreadFromGlobalPoolImpl<true>::ThreadFromGlobalPoolImpl<void (DB::DDLWorker::*)(), DB::DDLWorker*>(void (DB::DDLWorker::*&&)(), DB::DDLWorker*&&)::'lambda'(), void ()>>(std::__function::__policy_storage const*) @ 0x00000000116ddb4c in /usr/bin/clickhouse
11. void* std::__thread_proxy[abi:v15000]<std::tuple<std::unique_ptr<std::__thread_struct, std::default_delete<std::__thread_struct>>, void ThreadPoolImpl<std::thread>::scheduleImpl<void>(std::function<void ()>, Priority, std::optional<unsigned long>, bool)::'lambda0'()>>(void*) @ 0x000000000c706104 in /usr/bin/clickhouse
12. ? @ 0x000078d4781ed609 in ?
13. ? @ 0x000078d478112353 in ?
 (version 23.8.16.16 (official build))
2026.03.18 20:33:51.138594 [ 286 ] {} <Error> DDLWorker: ZooKeeper error: Code: 999. Coordination::Exception: Unknown key host in config file. (KEEPER_EXCEPTION), Stack trace (when copying this message, always include the lines below):

0. DB::Exception::Exception(DB::Exception::MessageMasked&&, int, bool) @ 0x000000000c6251d7 in /usr/bin/clickhouse
1. DB::Exception::Exception<String const&>(int, FormatStringHelperImpl<std::type_identity<String const&>::type>, String const&) @ 0x00000000074ae38d in /usr/bin/clickhouse
2. Coordination::Exception::Exception<String const&>(Coordination::Error, FormatStringHelperImpl<std::type_identity<String const&>::type>, String const&) @ 0x000000001276578a in /usr/bin/clickhouse
3. zkutil::ZooKeeperArgs::initFromKeeperSection(Poco::Util::AbstractConfiguration const&, String const&) @ 0x0000000013813c10 in /usr/bin/clickhouse
4. zkutil::ZooKeeperArgs::ZooKeeperArgs(Poco::Util::AbstractConfiguration const&, String const&) @ 0x000000001380f986 in /usr/bin/clickhouse
5. zkutil::ZooKeeper::ZooKeeper(Poco::Util::AbstractConfiguration const&, String const&, std::shared_ptr<DB::ZooKeeperLog>) @ 0x00000000137e48cc in /usr/bin/clickhouse
6. DB::Context::getZooKeeper() const @ 0x000000001164aa4a in /usr/bin/clickhouse
7. DB::DDLWorker::getAndSetZooKeeper() @ 0x00000000116cc32d in /usr/bin/clickhouse
8. DB::DDLWorker::initializeMainThread() @ 0x00000000116dca3b in /usr/bin/clickhouse
9. DB::DDLWorker::runMainThread() @ 0x00000000116c73c0 in /usr/bin/clickhouse
10. void std::__function::__policy_invoker<void ()>::__call_impl<std::__function::__default_alloc_func<ThreadFromGlobalPoolImpl<true>::ThreadFromGlobalPoolImpl<void (DB::DDLWorker::*)(), DB::DDLWorker*>(void (DB::DDLWorker::*&&)(), DB::DDLWorker*&&)::'lambda'(), void ()>>(std::__function::__policy_storage const*) @ 0x00000000116ddb4c in /usr/bin/clickhouse
11. void* std::__thread_proxy[abi:v15000]<std::tuple<std::unique_ptr<std::__thread_struct, std::default_delete<std::__thread_struct>>, void ThreadPoolImpl<std::thread>::scheduleImpl<void>(std::function<void ()>, Priority, std::optional<unsigned long>, bool)::'lambda0'()>>(void*) @ 0x000000000c706104 in /usr/bin/clickhouse
12. ? @ 0x000078d4781ed609 in ?
13. ? @ 0x000078d478112353 in ?
 (version 23.8.16.16 (official build)). Failed to start DDLWorker.
2026.03.18 20:33:51.138639 [ 286 ] {} <Error> virtual bool DB::DDLWorker::initializeMainThread(): Code: 999. Coordination::Exception: Unknown key host in config file. (KEEPER_EXCEPTION), Stack trace (when copying this message, always include the lines below):

0. DB::Exception::Exception(DB::Exception::MessageMasked&&, int, bool) @ 0x000000000c6251d7 in /usr/bin/clickhouse
1. DB::Exception::Exception<String const&>(int, FormatStringHelperImpl<std::type_identity<String const&>::type>, String const&) @ 0x00000000074ae38d in /usr/bin/clickhouse
2. Coordination::Exception::Exception<String const&>(Coordination::Error, FormatStringHelperImpl<std::type_identity<String const&>::type>, String const&) @ 0x000000001276578a in /usr/bin/clickhouse
3. zkutil::ZooKeeperArgs::initFromKeeperSection(Poco::Util::AbstractConfiguration const&, String const&) @ 0x0000000013813c10 in /usr/bin/clickhouse
4. zkutil::ZooKeeperArgs::ZooKeeperArgs(Poco::Util::AbstractConfiguration const&, String const&) @ 0x000000001380f986 in /usr/bin/clickhouse
5. zkutil::ZooKeeper::ZooKeeper(Poco::Util::AbstractConfiguration const&, String const&, std::shared_ptr<DB::ZooKeeperLog>) @ 0x00000000137e48cc in /usr/bin/clickhouse
6. DB::Context::getZooKeeper() const @ 0x000000001164aa4a in /usr/bin/clickhouse
7. DB::DDLWorker::getAndSetZooKeeper() @ 0x00000000116cc32d in /usr/bin/clickhouse
8. DB::DDLWorker::initializeMainThread() @ 0x00000000116dca3b in /usr/bin/clickhouse
9. DB::DDLWorker::runMainThread() @ 0x00000000116c73c0 in /usr/bin/clickhouse
10. void std::__function::__policy_invoker<void ()>::__call_impl<std::__function::__default_alloc_func<ThreadFromGlobalPoolImpl<true>::ThreadFromGlobalPoolImpl<void (DB::DDLWorker::*)(), DB::DDLWorker*>(void (DB::DDLWorker::*&&)(), DB::DDLWorker*&&)::'lambda'(), void ()>>(std::__function::__policy_storage const*) @ 0x00000000116ddb4c in /usr/bin/clickhouse
11. void* std::__thread_proxy[abi:v15000]<std::tuple<std::unique_ptr<std::__thread_struct, std::default_delete<std::__thread_struct>>, void ThreadPoolImpl<std::thread>::scheduleImpl<void>(std::function<void ()>, Priority, std::optional<unsigned long>, bool)::'lambda0'()>>(void*) @ 0x000000000c706104 in /usr/bin/clickhouse
12. ? @ 0x000078d4781ed609 in ?
13. ? @ 0x000078d478112353 in ?
 (version 23.8.16.16 (official build))
2026.03.18 20:33:56.140420 [ 286 ] {} <Error> DDLWorker: ZooKeeper error: Code: 999. Coordination::Exception: Unknown key host in config file. (KEEPER_EXCEPTION), Stack trace (when copying this message, always include the lines below):

0. DB::Exception::Exception(DB::Exception::MessageMasked&&, int, bool) @ 0x000000000c6251d7 in /usr/bin/clickhouse
1. DB::Exception::Exception<String const&>(int, FormatStringHelperImpl<std::type_identity<String const&>::type>, String const&) @ 0x00000000074ae38d in /usr/bin/clickhouse
2. Coordination::Exception::Exception<String const&>(Coordination::Error, FormatStringHelperImpl<std::type_identity<String const&>::type>, String const&) @ 0x000000001276578a in /usr/bin/clickhouse
3. zkutil::ZooKeeperArgs::initFromKeeperSection(Poco::Util::AbstractConfiguration const&, String const&) @ 0x0000000013813c10 in /usr/bin/clickhouse
4. zkutil::ZooKeeperArgs::ZooKeeperArgs(Poco::Util::AbstractConfiguration const&, String const&) @ 0x000000001380f986 in /usr/bin/clickhouse
5. zkutil::ZooKeeper::ZooKeeper(Poco::Util::AbstractConfiguration const&, String const&, std::shared_ptr<DB::ZooKeeperLog>) @ 0x00000000137e48cc in /usr/bin/clickhouse
6. DB::Context::getZooKeeper() const @ 0x000000001164aa4a in /usr/bin/clickhouse
7. DB::DDLWorker::getAndSetZooKeeper() @ 0x00000000116cc32d in /usr/bin/clickhouse
8. DB::DDLWorker::initializeMainThread() @ 0x00000000116dca3b in /usr/bin/clickhouse
9. DB::DDLWorker::runMainThread() @ 0x00000000116c73c0 in /usr/bin/clickhouse
10. void std::__function::__policy_invoker<void ()>::__call_impl<std::__function::__default_alloc_func<ThreadFromGlobalPoolImpl<true>::ThreadFromGlobalPoolImpl<void (DB::DDLWorker::*)(), DB::DDLWorker*>(void (DB::DDLWorker::*&&)(), DB::DDLWorker*&&)::'lambda'(), void ()>>(std::__function::__policy_storage const*) @ 0x00000000116ddb4c in /usr/bin/clickhouse
11. void* std::__thread_proxy[abi:v15000]<std::tuple<std::unique_ptr<std::__thread_struct, std::default_delete<std::__thread_struct>>, void ThreadPoolImpl<std::thread>::scheduleImpl<void>(std::function<void ()>, Priority, std::optional<unsigned long>, bool)::'lambda0'()>>(void*) @ 0x000000000c706104 in /usr/bin/clickhouse
12. ? @ 0x000078d4781ed609 in ?
13. ? @ 0x000078d478112353 in ?
 (version 23.8.16.16 (official build)). Failed to start DDLWorker.
2026.03.18 20:33:56.140509 [ 286 ] {} <Error> virtual bool DB::DDLWorker::initializeMainThread(): Code: 999. Coordination::Exception: Unknown key host in config file. (KEEPER_EXCEPTION), Stack trace (when copying this message, always include the lines below):

0. DB::Exception::Exception(DB::Exception::MessageMasked&&, int, bool) @ 0x000000000c6251d7 in /usr/bin/clickhouse
1. DB::Exception::Exception<String const&>(int, FormatStringHelperImpl<std::type_identity<String const&>::type>, String const&) @ 0x00000000074ae38d in /usr/bin/clickhouse
2. Coordination::Exception::Exception<String const&>(Coordination::Error, FormatStringHelperImpl<std::type_identity<String const&>::type>, String const&) @ 0x000000001276578a in /usr/bin/clickhouse
3. zkutil::ZooKeeperArgs::initFromKeeperSection(Poco::Util::AbstractConfiguration const&, String const&) @ 0x0000000013813c10 in /usr/bin/clickhouse
4. zkutil::ZooKeeperArgs::ZooKeeperArgs(Poco::Util::AbstractConfiguration const&, String const&) @ 0x000000001380f986 in /usr/bin/clickhouse
5. zkutil::ZooKeeper::ZooKeeper(Poco::Util::AbstractConfiguration const&, String const&, std::shared_ptr<DB::ZooKeeperLog>) @ 0x00000000137e48cc in /usr/bin/clickhouse
6. DB::Context::getZooKeeper() const @ 0x000000001164aa4a in /usr/bin/clickhouse
7. DB::DDLWorker::getAndSetZooKeeper() @ 0x00000000116cc32d in /usr/bin/clickhouse
8. DB::DDLWorker::initializeMainThread() @ 0x00000000116dca3b in /usr/bin/clickhouse
9. DB::DDLWorker::runMainThread() @ 0x00000000116c73c0 in /usr/bin/clickhouse
10. void std::__function::__policy_invoker<void ()>::__call_impl<std::__function::__default_alloc_func<ThreadFromGlobalPoolImpl<true>::ThreadFromGlobalPoolImpl<void (DB::DDLWorker::*)(), DB::DDLWorker*>(void (DB::DDLWorker::*&&)(), DB::DDLWorker*&&)::'lambda'(), void ()>>(std::__function::__policy_storage const*) @ 0x00000000116ddb4c in /usr/bin/clickhouse
11. void* std::__thread_proxy[abi:v15000]<std::tuple<std::unique_ptr<std::__thread_struct, std::default_delete<std::__thread_struct>>, void ThreadPoolImpl<std::thread>::scheduleImpl<void>(std::function<void ()>, Priority, std::optional<unsigned long>, bool)::'lambda0'()>>(void*) @ 0x000000000c706104 in /usr/bin/clickhouse
12. ? @ 0x000078d4781ed609 in ?
13. ? @ 0x000078d478112353 in ?
 (version 23.8.16.16 (official build))
2026.03.18 20:34:01.141210 [ 286 ] {} <Error> DDLWorker: ZooKeeper error: Code: 999. Coordination::Exception: Unknown key host in config file. (KEEPER_EXCEPTION), Stack trace (when copying this message, always include the lines below):

0. DB::Exception::Exception(DB::Exception::MessageMasked&&, int, bool) @ 0x000000000c6251d7 in /usr/bin/clickhouse
1. DB::Exception::Exception<String const&>(int, FormatStringHelperImpl<std::type_identity<String const&>::type>, String const&) @ 0x00000000074ae38d in /usr/bin/clickhouse
2. Coordination::Exception::Exception<String const&>(Coordination::Error, FormatStringHelperImpl<std::type_identity<String const&>::type>, String const&) @ 0x000000001276578a in /usr/bin/clickhouse
3. zkutil::ZooKeeperArgs::initFromKeeperSection(Poco::Util::AbstractConfiguration const&, String const&) @ 0x0000000013813c10 in /usr/bin/clickhouse
4. zkutil::ZooKeeperArgs::ZooKeeperArgs(Poco::Util::AbstractConfiguration const&, String const&) @ 0x000000001380f986 in /usr/bin/clickhouse
5. zkutil::ZooKeeper::ZooKeeper(Poco::Util::AbstractConfiguration const&, String const&, std::shared_ptr<DB::ZooKeeperLog>) @ 0x00000000137e48cc in /usr/bin/clickhouse
6. DB::Context::getZooKeeper() const @ 0x000000001164aa4a in /usr/bin/clickhouse
7. DB::DDLWorker::getAndSetZooKeeper() @ 0x00000000116cc32d in /usr/bin/clickhouse
8. DB::DDLWorker::initializeMainThread() @ 0x00000000116dca3b in /usr/bin/clickhouse
9. DB::DDLWorker::runMainThread() @ 0x00000000116c73c0 in /usr/bin/clickhouse
10. void std::__function::__policy_invoker<void ()>::__call_impl<std::__function::__default_alloc_func<ThreadFromGlobalPoolImpl<true>::ThreadFromGlobalPoolImpl<void (DB::DDLWorker::*)(), DB::DDLWorker*>(void (DB::DDLWorker::*&&)(), DB::DDLWorker*&&)::'lambda'(), void ()>>(std::__function::__policy_storage const*) @ 0x00000000116ddb4c in /usr/bin/clickhouse
11. void* std::__thread_proxy[abi:v15000]<std::tuple<std::unique_ptr<std::__thread_struct, std::default_delete<std::__thread_struct>>, void ThreadPoolImpl<std::thread>::scheduleImpl<void>(std::function<void ()>, Priority, std::optional<unsigned long>, bool)::'lambda0'()>>(void*) @ 0x000000000c706104 in /usr/bin/clickhouse
12. ? @ 0x000078d4781ed609 in ?
13. ? @ 0x000078d478112353 in ?
 (version 23.8.16.16 (official build)). Failed to start DDLWorker.
2026.03.18 20:34:01.141277 [ 286 ] {} <Error> virtual bool DB::DDLWorker::initializeMainThread(): Code: 999. Coordination::Exception: Unknown key host in config file. (KEEPER_EXCEPTION), Stack trace (when copying this message, always include the lines below):

0. DB::Exception::Exception(DB::Exception::MessageMasked&&, int, bool) @ 0x000000000c6251d7 in /usr/bin/clickhouse
1. DB::Exception::Exception<String const&>(int, FormatStringHelperImpl<std::type_identity<String const&>::type>, String const&) @ 0x00000000074ae38d in /usr/bin/clickhouse
2. Coordination::Exception::Exception<String const&>(Coordination::Error, FormatStringHelperImpl<std::type_identity<String const&>::type>, String const&) @ 0x000000001276578a in /usr/bin/clickhouse
3. zkutil::ZooKeeperArgs::initFromKeeperSection(Poco::Util::AbstractConfiguration const&, String const&) @ 0x0000000013813c10 in /usr/bin/clickhouse
4. zkutil::ZooKeeperArgs::ZooKeeperArgs(Poco::Util::AbstractConfiguration const&, String const&) @ 0x000000001380f986 in /usr/bin/clickhouse
5. zkutil::ZooKeeper::ZooKeeper(Poco::Util::AbstractConfiguration const&, String const&, std::shared_ptr<DB::ZooKeeperLog>) @ 0x00000000137e48cc in /usr/bin/clickhouse
6. DB::Context::getZooKeeper() const @ 0x000000001164aa4a in /usr/bin/clickhouse
7. DB::DDLWorker::getAndSetZooKeeper() @ 0x00000000116cc32d in /usr/bin/clickhouse
8. DB::DDLWorker::initializeMainThread() @ 0x00000000116dca3b in /usr/bin/clickhouse
9. DB::DDLWorker::runMainThread() @ 0x00000000116c73c0 in /usr/bin/clickhouse
10. void std::__function::__policy_invoker<void ()>::__call_impl<std::__function::__default_alloc_func<ThreadFromGlobalPoolImpl<true>::ThreadFromGlobalPoolImpl<void (DB::DDLWorker::*)(), DB::DDLWorker*>(void (DB::DDLWorker::*&&)(), DB::DDLWorker*&&)::'lambda'(), void ()>>(std::__function::__policy_storage const*) @ 0x00000000116ddb4c in /usr/bin/clickhouse
11. void* std::__thread_proxy[abi:v15000]<std::tuple<std::unique_ptr<std::__thread_struct, std::default_delete<std::__thread_struct>>, void ThreadPoolImpl<std::thread>::scheduleImpl<void>(std::function<void ()>, Priority, std::optional<unsigned long>, bool)::'lambda0'()>>(void*) @ 0x000000000c706104 in /usr/bin/clickhouse
12. ? @ 0x000078d4781ed609 in ?
13. ? @ 0x000078d478112353 in ?
 (version 23.8.16.16 (official build))
2026.03.18 20:34:06.141572 [ 286 ] {} <Error> DDLWorker: ZooKeeper error: Code: 999. Coordination::Exception: Unknown key host in config file. (KEEPER_EXCEPTION), Stack trace (when copying this message, always include the lines below):

0. DB::Exception::Exception(DB::Exception::MessageMasked&&, int, bool) @ 0x000000000c6251d7 in /usr/bin/clickhouse
1. DB::Exception::Exception<String const&>(int, FormatStringHelperImpl<std::type_identity<String const&>::type>, String const&) @ 0x00000000074ae38d in /usr/bin/clickhouse
2. Coordination::Exception::Exception<String const&>(Coordination::Error, FormatStringHelperImpl<std::type_identity<String const&>::type>, String const&) @ 0x000000001276578a in /usr/bin/clickhouse
3. zkutil::ZooKeeperArgs::initFromKeeperSection(Poco::Util::AbstractConfiguration const&, String const&) @ 0x0000000013813c10 in /usr/bin/clickhouse
4. zkutil::ZooKeeperArgs::ZooKeeperArgs(Poco::Util::AbstractConfiguration const&, String const&) @ 0x000000001380f986 in /usr/bin/clickhouse
5. zkutil::ZooKeeper::ZooKeeper(Poco::Util::AbstractConfiguration const&, String const&, std::shared_ptr<DB::ZooKeeperLog>) @ 0x00000000137e48cc in /usr/bin/clickhouse
6. DB::Context::getZooKeeper() const @ 0x000000001164aa4a in /usr/bin/clickhouse
7. DB::DDLWorker::getAndSetZooKeeper() @ 0x00000000116cc32d in /usr/bin/clickhouse
8. DB::DDLWorker::initializeMainThread() @ 0x00000000116dca3b in /usr/bin/clickhouse
9. DB::DDLWorker::runMainThread() @ 0x00000000116c73c0 in /usr/bin/clickhouse
10. void std::__function::__policy_invoker<void ()>::__call_impl<std::__function::__default_alloc_func<ThreadFromGlobalPoolImpl<true>::ThreadFromGlobalPoolImpl<void (DB::DDLWorker::*)(), DB::DDLWorker*>(void (DB::DDLWorker::*&&)(), DB::DDLWorker*&&)::'lambda'(), void ()>>(std::__function::__policy_storage const*) @ 0x00000000116ddb4c in /usr/bin/clickhouse
11. void* std::__thread_proxy[abi:v15000]<std::tuple<std::unique_ptr<std::__thread_struct, std::default_delete<std::__thread_struct>>, void ThreadPoolImpl<std::thread>::scheduleImpl<void>(std::function<void ()>, Priority, std::optional<unsigned long>, bool)::'lambda0'()>>(void*) @ 0x000000000c706104 in /usr/bin/clickhouse
12. ? @ 0x000078d4781ed609 in ?
13. ? @ 0x000078d478112353 in ?
 (version 23.8.16.16 (official build)). Failed to start DDLWorker.
2026.03.18 20:34:06.141621 [ 286 ] {} <Error> virtual bool DB::DDLWorker::initializeMainThread(): Code: 999. Coordination::Exception: Unknown key host in config file. (KEEPER_EXCEPTION), Stack trace (when copying this message, always include the lines below):

0. DB::Exception::Exception(DB::Exception::MessageMasked&&, int, bool) @ 0x000000000c6251d7 in /usr/bin/clickhouse
1. DB::Exception::Exception<String const&>(int, FormatStringHelperImpl<std::type_identity<String const&>::type>, String const&) @ 0x00000000074ae38d in /usr/bin/clickhouse
2. Coordination::Exception::Exception<String const&>(Coordination::Error, FormatStringHelperImpl<std::type_identity<String const&>::type>, String const&) @ 0x000000001276578a in /usr/bin/clickhouse
3. zkutil::ZooKeeperArgs::initFromKeeperSection(Poco::Util::AbstractConfiguration const&, String const&) @ 0x0000000013813c10 in /usr/bin/clickhouse
4. zkutil::ZooKeeperArgs::ZooKeeperArgs(Poco::Util::AbstractConfiguration const&, String const&) @ 0x000000001380f986 in /usr/bin/clickhouse
5. zkutil::ZooKeeper::ZooKeeper(Poco::Util::AbstractConfiguration const&, String const&, std::shared_ptr<DB::ZooKeeperLog>) @ 0x00000000137e48cc in /usr/bin/clickhouse
6. DB::Context::getZooKeeper() const @ 0x000000001164aa4a in /usr/bin/clickhouse
7. DB::DDLWorker::getAndSetZooKeeper() @ 0x00000000116cc32d in /usr/bin/clickhouse
8. DB::DDLWorker::initializeMainThread() @ 0x00000000116dca3b in /usr/bin/clickhouse
9. DB::DDLWorker::runMainThread() @ 0x00000000116c73c0 in /usr/bin/clickhouse
10. void std::__function::__policy_invoker<void ()>::__call_impl<std::__function::__default_alloc_func<ThreadFromGlobalPoolImpl<true>::ThreadFromGlobalPoolImpl<void (DB::DDLWorker::*)(), DB::DDLWorker*>(void (DB::DDLWorker::*&&)(), DB::DDLWorker*&&)::'lambda'(), void ()>>(std::__function::__policy_storage const*) @ 0x00000000116ddb4c in /usr/bin/clickhouse
11. void* std::__thread_proxy[abi:v15000]<std::tuple<std::unique_ptr<std::__thread_struct, std::default_delete<std::__thread_struct>>, void ThreadPoolImpl<std::thread>::scheduleImpl<void>(std::function<void ()>, Priority, std::optional<unsigned long>, bool)::'lambda0'()>>(void*) @ 0x000000000c706104 in /usr/bin/clickhouse
12. ? @ 0x000078d4781ed609 in ?
13. ? @ 0x000078d478112353 in ?
 (version 23.8.16.16 (official build))
2026.03.18 20:34:11.142924 [ 286 ] {} <Error> DDLWorker: ZooKeeper error: Code: 999. Coordination::Exception: Unknown key host in config file. (KEEPER_EXCEPTION), Stack trace (when copying this message, always include the lines below):

0. DB::Exception::Exception(DB::Exception::MessageMasked&&, int, bool) @ 0x000000000c6251d7 in /usr/bin/clickhouse
1. DB::Exception::Exception<String const&>(int, FormatStringHelperImpl<std::type_identity<String const&>::type>, String const&) @ 0x00000000074ae38d in /usr/bin/clickhouse
2. Coordination::Exception::Exception<String const&>(Coordination::Error, FormatStringHelperImpl<std::type_identity<String const&>::type>, String const&) @ 0x000000001276578a in /usr/bin/clickhouse
3. zkutil::ZooKeeperArgs::initFromKeeperSection(Poco::Util::AbstractConfiguration const&, String const&) @ 0x0000000013813c10 in /usr/bin/clickhouse
4. zkutil::ZooKeeperArgs::ZooKeeperArgs(Poco::Util::AbstractConfiguration const&, String const&) @ 0x000000001380f986 in /usr/bin/clickhouse
5. zkutil::ZooKeeper::ZooKeeper(Poco::Util::AbstractConfiguration const&, String const&, std::shared_ptr<DB::ZooKeeperLog>) @ 0x00000000137e48cc in /usr/bin/clickhouse
6. DB::Context::getZooKeeper() const @ 0x000000001164aa4a in /usr/bin/clickhouse
7. DB::DDLWorker::getAndSetZooKeeper() @ 0x00000000116cc32d in /usr/bin/clickhouse
8. DB::DDLWorker::initializeMainThread() @ 0x00000000116dca3b in /usr/bin/clickhouse
9. DB::DDLWorker::runMainThread() @ 0x00000000116c73c0 in /usr/bin/clickhouse
10. void std::__function::__policy_invoker<void ()>::__call_impl<std::__function::__default_alloc_func<ThreadFromGlobalPoolImpl<true>::ThreadFromGlobalPoolImpl<void (DB::DDLWorker::*)(), DB::DDLWorker*>(void (DB::DDLWorker::*&&)(), DB::DDLWorker*&&)::'lambda'(), void ()>>(std::__function::__policy_storage const*) @ 0x00000000116ddb4c in /usr/bin/clickhouse
11. void* std::__thread_proxy[abi:v15000]<std::tuple<std::unique_ptr<std::__thread_struct, std::default_delete<std::__thread_struct>>, void ThreadPoolImpl<std::thread>::scheduleImpl<void>(std::function<void ()>, Priority, std::optional<unsigned long>, bool)::'lambda0'()>>(void*) @ 0x000000000c706104 in /usr/bin/clickhouse
12. ? @ 0x000078d4781ed609 in ?
13. ? @ 0x000078d478112353 in ?
 (version 23.8.16.16 (official build)). Failed to start DDLWorker.
2026.03.18 20:34:11.142992 [ 286 ] {} <Error> virtual bool DB::DDLWorker::initializeMainThread(): Code: 999. Coordination::Exception: Unknown key host in config file. (KEEPER_EXCEPTION), Stack trace (when copying this message, always include the lines below):

0. DB::Exception::Exception(DB::Exception::MessageMasked&&, int, bool) @ 0x000000000c6251d7 in /usr/bin/clickhouse
1. DB::Exception::Exception<String const&>(int, FormatStringHelperImpl<std::type_identity<String const&>::type>, String const&) @ 0x00000000074ae38d in /usr/bin/clickhouse
2. Coordination::Exception::Exception<String const&>(Coordination::Error, FormatStringHelperImpl<std::type_identity<String const&>::type>, String const&) @ 0x000000001276578a in /usr/bin/clickhouse
3. zkutil::ZooKeeperArgs::initFromKeeperSection(Poco::Util::AbstractConfiguration const&, String const&) @ 0x0000000013813c10 in /usr/bin/clickhouse
4. zkutil::ZooKeeperArgs::ZooKeeperArgs(Poco::Util::AbstractConfiguration const&, String const&) @ 0x000000001380f986 in /usr/bin/clickhouse
5. zkutil::ZooKeeper::ZooKeeper(Poco::Util::AbstractConfiguration const&, String const&, std::shared_ptr<DB::ZooKeeperLog>) @ 0x00000000137e48cc in /usr/bin/clickhouse
6. DB::Context::getZooKeeper() const @ 0x000000001164aa4a in /usr/bin/clickhouse
7. DB::DDLWorker::getAndSetZooKeeper() @ 0x00000000116cc32d in /usr/bin/clickhouse
8. DB::DDLWorker::initializeMainThread() @ 0x00000000116dca3b in /usr/bin/clickhouse
9. DB::DDLWorker::runMainThread() @ 0x00000000116c73c0 in /usr/bin/clickhouse
10. void std::__function::__policy_invoker<void ()>::__call_impl<std::__function::__default_alloc_func<ThreadFromGlobalPoolImpl<true>::ThreadFromGlobalPoolImpl<void (DB::DDLWorker::*)(), DB::DDLWorker*>(void (DB::DDLWorker::*&&)(), DB::DDLWorker*&&)::'lambda'(), void ()>>(std::__function::__policy_storage const*) @ 0x00000000116ddb4c in /usr/bin/clickhouse
11. void* std::__thread_proxy[abi:v15000]<std::tuple<std::unique_ptr<std::__thread_struct, std::default_delete<std::__thread_struct>>, void ThreadPoolImpl<std::thread>::scheduleImpl<void>(std::function<void ()>, Priority, std::optional<unsigned long>, bool)::'lambda0'()>>(void*) @ 0x000000000c706104 in /usr/bin/clickhouse
12. ? @ 0x000078d4781ed609 in ?
13. ? @ 0x000078d478112353 in ?
 (version 23.8.16.16 (official build))
2026.03.18 20:34:16.143683 [ 286 ] {} <Error> DDLWorker: ZooKeeper error: Code: 999. Coordination::Exception: Unknown key host in config file. (KEEPER_EXCEPTION), Stack trace (when copying this message, always include the lines below):

0. DB::Exception::Exception(DB::Exception::MessageMasked&&, int, bool) @ 0x000000000c6251d7 in /usr/bin/clickhouse
1. DB::Exception::Exception<String const&>(int, FormatStringHelperImpl<std::type_identity<String const&>::type>, String const&) @ 0x00000000074ae38d in /usr/bin/clickhouse
2. Coordination::Exception::Exception<String const&>(Coordination::Error, FormatStringHelperImpl<std::type_identity<String const&>::type>, String const&) @ 0x000000001276578a in /usr/bin/clickhouse
3. zkutil::ZooKeeperArgs::initFromKeeperSection(Poco::Util::AbstractConfiguration const&, String const&) @ 0x0000000013813c10 in /usr/bin/clickhouse
4. zkutil::ZooKeeperArgs::ZooKeeperArgs(Poco::Util::AbstractConfiguration const&, String const&) @ 0x000000001380f986 in /usr/bin/clickhouse
5. zkutil::ZooKeeper::ZooKeeper(Poco::Util::AbstractConfiguration const&, String const&, std::shared_ptr<DB::ZooKeeperLog>) @ 0x00000000137e48cc in /usr/bin/clickhouse
6. DB::Context::getZooKeeper() const @ 0x000000001164aa4a in /usr/bin/clickhouse
7. DB::DDLWorker::getAndSetZooKeeper() @ 0x00000000116cc32d in /usr/bin/clickhouse
8. DB::DDLWorker::initializeMainThread() @ 0x00000000116dca3b in /usr/bin/clickhouse
9. DB::DDLWorker::runMainThread() @ 0x00000000116c73c0 in /usr/bin/clickhouse
10. void std::__function::__policy_invoker<void ()>::__call_impl<std::__function::__default_alloc_func<ThreadFromGlobalPoolImpl<true>::ThreadFromGlobalPoolImpl<void (DB::DDLWorker::*)(), DB::DDLWorker*>(void (DB::DDLWorker::*&&)(), DB::DDLWorker*&&)::'lambda'(), void ()>>(std::__function::__policy_storage const*) @ 0x00000000116ddb4c in /usr/bin/clickhouse
11. void* std::__thread_proxy[abi:v15000]<std::tuple<std::unique_ptr<std::__thread_struct, std::default_delete<std::__thread_struct>>, void ThreadPoolImpl<std::thread>::scheduleImpl<void>(std::function<void ()>, Priority, std::optional<unsigned long>, bool)::'lambda0'()>>(void*) @ 0x000000000c706104 in /usr/bin/clickhouse
12. ? @ 0x000078d4781ed609 in ?
13. ? @ 0x000078d478112353 in ?
 (version 23.8.16.16 (official build)). Failed to start DDLWorker.
2026.03.18 20:34:16.143740 [ 286 ] {} <Error> virtual bool DB::DDLWorker::initializeMainThread(): Code: 999. Coordination::Exception: Unknown key host in config file. (KEEPER_EXCEPTION), Stack trace (when copying this message, always include the lines below):

0. DB::Exception::Exception(DB::Exception::MessageMasked&&, int, bool) @ 0x000000000c6251d7 in /usr/bin/clickhouse
1. DB::Exception::Exception<String const&>(int, FormatStringHelperImpl<std::type_identity<String const&>::type>, String const&) @ 0x00000000074ae38d in /usr/bin/clickhouse
2. Coordination::Exception::Exception<String const&>(Coordination::Error, FormatStringHelperImpl<std::type_identity<String const&>::type>, String const&) @ 0x000000001276578a in /usr/bin/clickhouse
3. zkutil::ZooKeeperArgs::initFromKeeperSection(Poco::Util::AbstractConfiguration const&, String const&) @ 0x0000000013813c10 in /usr/bin/clickhouse
4. zkutil::ZooKeeperArgs::ZooKeeperArgs(Poco::Util::AbstractConfiguration const&, String const&) @ 0x000000001380f986 in /usr/bin/clickhouse
5. zkutil::ZooKeeper::ZooKeeper(Poco::Util::AbstractConfiguration const&, String const&, std::shared_ptr<DB::ZooKeeperLog>) @ 0x00000000137e48cc in /usr/bin/clickhouse
6. DB::Context::getZooKeeper() const @ 0x000000001164aa4a in /usr/bin/clickhouse
7. DB::DDLWorker::getAndSetZooKeeper() @ 0x00000000116cc32d in /usr/bin/clickhouse
8. DB::DDLWorker::initializeMainThread() @ 0x00000000116dca3b in /usr/bin/clickhouse
9. DB::DDLWorker::runMainThread() @ 0x00000000116c73c0 in /usr/bin/clickhouse
10. void std::__function::__policy_invoker<void ()>::__call_impl<std::__function::__default_alloc_func<ThreadFromGlobalPoolImpl<true>::ThreadFromGlobalPoolImpl<void (DB::DDLWorker::*)(), DB::DDLWorker*>(void (DB::DDLWorker::*&&)(), DB::DDLWorker*&&)::'lambda'(), void ()>>(std::__function::__policy_storage const*) @ 0x00000000116ddb4c in /usr/bin/clickhouse
11. void* std::__thread_proxy[abi:v15000]<std::tuple<std::unique_ptr<std::__thread_struct, std::default_delete<std::__thread_struct>>, void ThreadPoolImpl<std::thread>::scheduleImpl<void>(std::function<void ()>, Priority, std::optional<unsigned long>, bool)::'lambda0'()>>(void*) @ 0x000000000c706104 in /usr/bin/clickhouse
12. ? @ 0x000078d4781ed609 in ?
13. ? @ 0x000078d478112353 in ?
 (version 23.8.16.16 (official build))
2026.03.18 20:34:21.146053 [ 286 ] {} <Error> DDLWorker: ZooKeeper error: Code: 999. Coordination::Exception: Unknown key host in config file. (KEEPER_EXCEPTION), Stack trace (when copying this message, always include the lines below):

0. DB::Exception::Exception(DB::Exception::MessageMasked&&, int, bool) @ 0x000000000c6251d7 in /usr/bin/clickhouse
1. DB::Exception::Exception<String const&>(int, FormatStringHelperImpl<std::type_identity<String const&>::type>, String const&) @ 0x00000000074ae38d in /usr/bin/clickhouse
2. Coordination::Exception::Exception<String const&>(Coordination::Error, FormatStringHelperImpl<std::type_identity<String const&>::type>, String const&) @ 0x000000001276578a in /usr/bin/clickhouse
3. zkutil::ZooKeeperArgs::initFromKeeperSection(Poco::Util::AbstractConfiguration const&, String const&) @ 0x0000000013813c10 in /usr/bin/clickhouse
4. zkutil::ZooKeeperArgs::ZooKeeperArgs(Poco::Util::AbstractConfiguration const&, String const&) @ 0x000000001380f986 in /usr/bin/clickhouse
5. zkutil::ZooKeeper::ZooKeeper(Poco::Util::AbstractConfiguration const&, String const&, std::shared_ptr<DB::ZooKeeperLog>) @ 0x00000000137e48cc in /usr/bin/clickhouse
6. DB::Context::getZooKeeper() const @ 0x000000001164aa4a in /usr/bin/clickhouse
7. DB::DDLWorker::getAndSetZooKeeper() @ 0x00000000116cc32d in /usr/bin/clickhouse
8. DB::DDLWorker::initializeMainThread() @ 0x00000000116dca3b in /usr/bin/clickhouse
9. DB::DDLWorker::runMainThread() @ 0x00000000116c73c0 in /usr/bin/clickhouse
10. void std::__function::__policy_invoker<void ()>::__call_impl<std::__function::__default_alloc_func<ThreadFromGlobalPoolImpl<true>::ThreadFromGlobalPoolImpl<void (DB::DDLWorker::*)(), DB::DDLWorker*>(void (DB::DDLWorker::*&&)(), DB::DDLWorker*&&)::'lambda'(), void ()>>(std::__function::__policy_storage const*) @ 0x00000000116ddb4c in /usr/bin/clickhouse
11. void* std::__thread_proxy[abi:v15000]<std::tuple<std::unique_ptr<std::__thread_struct, std::default_delete<std::__thread_struct>>, void ThreadPoolImpl<std::thread>::scheduleImpl<void>(std::function<void ()>, Priority, std::optional<unsigned long>, bool)::'lambda0'()>>(void*) @ 0x000000000c706104 in /usr/bin/clickhouse
12. ? @ 0x000078d4781ed609 in ?
13. ? @ 0x000078d478112353 in ?
 (version 23.8.16.16 (official build)). Failed to start DDLWorker.
2026.03.18 20:34:21.146097 [ 286 ] {} <Error> virtual bool DB::DDLWorker::initializeMainThread(): Code: 999. Coordination::Exception: Unknown key host in config file. (KEEPER_EXCEPTION), Stack trace (when copying this message, always include the lines below):

0. DB::Exception::Exception(DB::Exception::MessageMasked&&, int, bool) @ 0x000000000c6251d7 in /usr/bin/clickhouse
1. DB::Exception::Exception<String const&>(int, FormatStringHelperImpl<std::type_identity<String const&>::type>, String const&) @ 0x00000000074ae38d in /usr/bin/clickhouse
2. Coordination::Exception::Exception<String const&>(Coordination::Error, FormatStringHelperImpl<std::type_identity<String const&>::type>, String const&) @ 0x000000001276578a in /usr/bin/clickhouse
3. zkutil::ZooKeeperArgs::initFromKeeperSection(Poco::Util::AbstractConfiguration const&, String const&) @ 0x0000000013813c10 in /usr/bin/clickhouse
4. zkutil::ZooKeeperArgs::ZooKeeperArgs(Poco::Util::AbstractConfiguration const&, String const&) @ 0x000000001380f986 in /usr/bin/clickhouse
5. zkutil::ZooKeeper::ZooKeeper(Poco::Util::AbstractConfiguration const&, String const&, std::shared_ptr<DB::ZooKeeperLog>) @ 0x00000000137e48cc in /usr/bin/clickhouse
6. DB::Context::getZooKeeper() const @ 0x000000001164aa4a in /usr/bin/clickhouse
7. DB::DDLWorker::getAndSetZooKeeper() @ 0x00000000116cc32d in /usr/bin/clickhouse
8. DB::DDLWorker::initializeMainThread() @ 0x00000000116dca3b in /usr/bin/clickhouse
9. DB::DDLWorker::runMainThread() @ 0x00000000116c73c0 in /usr/bin/clickhouse
10. void std::__function::__policy_invoker<void ()>::__call_impl<std::__function::__default_alloc_func<ThreadFromGlobalPoolImpl<true>::ThreadFromGlobalPoolImpl<void (DB::DDLWorker::*)(), DB::DDLWorker*>(void (DB::DDLWorker::*&&)(), DB::DDLWorker*&&)::'lambda'(), void ()>>(std::__function::__policy_storage const*) @ 0x00000000116ddb4c in /usr/bin/clickhouse
11. void* std::__thread_proxy[abi:v15000]<std::tuple<std::unique_ptr<std::__thread_struct, std::default_delete<std::__thread_struct>>, void ThreadPoolImpl<std::thread>::scheduleImpl<void>(std::function<void ()>, Priority, std::optional<unsigned long>, bool)::'lambda0'()>>(void*) @ 0x000000000c706104 in /usr/bin/clickhouse
12. ? @ 0x000078d4781ed609 in ?
13. ? @ 0x000078d478112353 in ?
 (version 23.8.16.16 (official build))
2026.03.18 20:34:26.146572 [ 286 ] {} <Error> DDLWorker: ZooKeeper error: Code: 999. Coordination::Exception: Unknown key host in config file. (KEEPER_EXCEPTION), Stack trace (when copying this message, always include the lines below):

0. DB::Exception::Exception(DB::Exception::MessageMasked&&, int, bool) @ 0x000000000c6251d7 in /usr/bin/clickhouse
1. DB::Exception::Exception<String const&>(int, FormatStringHelperImpl<std::type_identity<String const&>::type>, String const&) @ 0x00000000074ae38d in /usr/bin/clickhouse
2. Coordination::Exception::Exception<String const&>(Coordination::Error, FormatStringHelperImpl<std::type_identity<String const&>::type>, String const&) @ 0x000000001276578a in /usr/bin/clickhouse
3. zkutil::ZooKeeperArgs::initFromKeeperSection(Poco::Util::AbstractConfiguration const&, String const&) @ 0x0000000013813c10 in /usr/bin/clickhouse
4. zkutil::ZooKeeperArgs::ZooKeeperArgs(Poco::Util::AbstractConfiguration const&, String const&) @ 0x000000001380f986 in /usr/bin/clickhouse
5. zkutil::ZooKeeper::ZooKeeper(Poco::Util::AbstractConfiguration const&, String const&, std::shared_ptr<DB::ZooKeeperLog>) @ 0x00000000137e48cc in /usr/bin/clickhouse
6. DB::Context::getZooKeeper() const @ 0x000000001164aa4a in /usr/bin/clickhouse
7. DB::DDLWorker::getAndSetZooKeeper() @ 0x00000000116cc32d in /usr/bin/clickhouse
8. DB::DDLWorker::initializeMainThread() @ 0x00000000116dca3b in /usr/bin/clickhouse
9. DB::DDLWorker::runMainThread() @ 0x00000000116c73c0 in /usr/bin/clickhouse
10. void std::__function::__policy_invoker<void ()>::__call_impl<std::__function::__default_alloc_func<ThreadFromGlobalPoolImpl<true>::ThreadFromGlobalPoolImpl<void (DB::DDLWorker::*)(), DB::DDLWorker*>(void (DB::DDLWorker::*&&)(), DB::DDLWorker*&&)::'lambda'(), void ()>>(std::__function::__policy_storage const*) @ 0x00000000116ddb4c in /usr/bin/clickhouse
11. void* std::__thread_proxy[abi:v15000]<std::tuple<std::unique_ptr<std::__thread_struct, std::default_delete<std::__thread_struct>>, void ThreadPoolImpl<std::thread>::scheduleImpl<void>(std::function<void ()>, Priority, std::optional<unsigned long>, bool)::'lambda0'()>>(void*) @ 0x000000000c706104 in /usr/bin/clickhouse
12. ? @ 0x000078d4781ed609 in ?
13. ? @ 0x000078d478112353 in ?
 (version 23.8.16.16 (official build)). Failed to start DDLWorker.
2026.03.18 20:34:26.146647 [ 286 ] {} <Error> virtual bool DB::DDLWorker::initializeMainThread(): Code: 999. Coordination::Exception: Unknown key host in config file. (KEEPER_EXCEPTION), Stack trace (when copying this message, always include the lines below):

0. DB::Exception::Exception(DB::Exception::MessageMasked&&, int, bool) @ 0x000000000c6251d7 in /usr/bin/clickhouse
1. DB::Exception::Exception<String const&>(int, FormatStringHelperImpl<std::type_identity<String const&>::type>, String const&) @ 0x00000000074ae38d in /usr/bin/clickhouse
2. Coordination::Exception::Exception<String const&>(Coordination::Error, FormatStringHelperImpl<std::type_identity<String const&>::type>, String const&) @ 0x000000001276578a in /usr/bin/clickhouse
3. zkutil::ZooKeeperArgs::initFromKeeperSection(Poco::Util::AbstractConfiguration const&, String const&) @ 0x0000000013813c10 in /usr/bin/clickhouse
4. zkutil::ZooKeeperArgs::ZooKeeperArgs(Poco::Util::AbstractConfiguration const&, String const&) @ 0x000000001380f986 in /usr/bin/clickhouse
5. zkutil::ZooKeeper::ZooKeeper(Poco::Util::AbstractConfiguration const&, String const&, std::shared_ptr<DB::ZooKeeperLog>) @ 0x00000000137e48cc in /usr/bin/clickhouse
6. DB::Context::getZooKeeper() const @ 0x000000001164aa4a in /usr/bin/clickhouse
7. DB::DDLWorker::getAndSetZooKeeper() @ 0x00000000116cc32d in /usr/bin/clickhouse
8. DB::DDLWorker::initializeMainThread() @ 0x00000000116dca3b in /usr/bin/clickhouse
9. DB::DDLWorker::runMainThread() @ 0x00000000116c73c0 in /usr/bin/clickhouse
10. void std::__function::__policy_invoker<void ()>::__call_impl<std::__function::__default_alloc_func<ThreadFromGlobalPoolImpl<true>::ThreadFromGlobalPoolImpl<void (DB::DDLWorker::*)(), DB::DDLWorker*>(void (DB::DDLWorker::*&&)(), DB::DDLWorker*&&)::'lambda'(), void ()>>(std::__function::__policy_storage const*) @ 0x00000000116ddb4c in /usr/bin/clickhouse
11. void* std::__thread_proxy[abi:v15000]<std::tuple<std::unique_ptr<std::__thread_struct, std::default_delete<std::__thread_struct>>, void ThreadPoolImpl<std::thread>::scheduleImpl<void>(std::function<void ()>, Priority, std::optional<unsigned long>, bool)::'lambda0'()>>(void*) @ 0x000000000c706104 in /usr/bin/clickhouse
12. ? @ 0x000078d4781ed609 in ?
13. ? @ 0x000078d478112353 in ?
 (version 23.8.16.16 (official build))
2026.03.18 20:34:31.155063 [ 286 ] {} <Error> DDLWorker: ZooKeeper error: Code: 999. Coordination::Exception: Unknown key host in config file. (KEEPER_EXCEPTION), Stack trace (when copying this message, always include the lines below):

0. DB::Exception::Exception(DB::Exception::MessageMasked&&, int, bool) @ 0x000000000c6251d7 in /usr/bin/clickhouse
1. DB::Exception::Exception<String const&>(int, FormatStringHelperImpl<std::type_identity<String const&>::type>, String const&) @ 0x00000000074ae38d in /usr/bin/clickhouse
2. Coordination::Exception::Exception<String const&>(Coordination::Error, FormatStringHelperImpl<std::type_identity<String const&>::type>, String const&) @ 0x000000001276578a in /usr/bin/clickhouse
3. zkutil::ZooKeeperArgs::initFromKeeperSection(Poco::Util::AbstractConfiguration const&, String const&) @ 0x0000000013813c10 in /usr/bin/clickhouse
4. zkutil::ZooKeeperArgs::ZooKeeperArgs(Poco::Util::AbstractConfiguration const&, String const&) @ 0x000000001380f986 in /usr/bin/clickhouse
5. zkutil::ZooKeeper::ZooKeeper(Poco::Util::AbstractConfiguration const&, String const&, std::shared_ptr<DB::ZooKeeperLog>) @ 0x00000000137e48cc in /usr/bin/clickhouse
6. DB::Context::getZooKeeper() const @ 0x000000001164aa4a in /usr/bin/clickhouse
7. DB::DDLWorker::getAndSetZooKeeper() @ 0x00000000116cc32d in /usr/bin/clickhouse
8. DB::DDLWorker::initializeMainThread() @ 0x00000000116dca3b in /usr/bin/clickhouse
9. DB::DDLWorker::runMainThread() @ 0x00000000116c73c0 in /usr/bin/clickhouse
10. void std::__function::__policy_invoker<void ()>::__call_impl<std::__function::__default_alloc_func<ThreadFromGlobalPoolImpl<true>::ThreadFromGlobalPoolImpl<void (DB::DDLWorker::*)(), DB::DDLWorker*>(void (DB::DDLWorker::*&&)(), DB::DDLWorker*&&)::'lambda'(), void ()>>(std::__function::__policy_storage const*) @ 0x00000000116ddb4c in /usr/bin/clickhouse
11. void* std::__thread_proxy[abi:v15000]<std::tuple<std::unique_ptr<std::__thread_struct, std::default_delete<std::__thread_struct>>, void ThreadPoolImpl<std::thread>::scheduleImpl<void>(std::function<void ()>, Priority, std::optional<unsigned long>, bool)::'lambda0'()>>(void*) @ 0x000000000c706104 in /usr/bin/clickhouse
12. ? @ 0x000078d4781ed609 in ?
13. ? @ 0x000078d478112353 in ?
 (version 23.8.16.16 (official build)). Failed to start DDLWorker.
2026.03.18 20:34:31.155304 [ 286 ] {} <Error> virtual bool DB::DDLWorker::initializeMainThread(): Code: 999. Coordination::Exception: Unknown key host in config file. (KEEPER_EXCEPTION), Stack trace (when copying this message, always include the lines below):

0. DB::Exception::Exception(DB::Exception::MessageMasked&&, int, bool) @ 0x000000000c6251d7 in /usr/bin/clickhouse
1. DB::Exception::Exception<String const&>(int, FormatStringHelperImpl<std::type_identity<String const&>::type>, String const&) @ 0x00000000074ae38d in /usr/bin/clickhouse
2. Coordination::Exception::Exception<String const&>(Coordination::Error, FormatStringHelperImpl<std::type_identity<String const&>::type>, String const&) @ 0x000000001276578a in /usr/bin/clickhouse
3. zkutil::ZooKeeperArgs::initFromKeeperSection(Poco::Util::AbstractConfiguration const&, String const&) @ 0x0000000013813c10 in /usr/bin/clickhouse
4. zkutil::ZooKeeperArgs::ZooKeeperArgs(Poco::Util::AbstractConfiguration const&, String const&) @ 0x000000001380f986 in /usr/bin/clickhouse
5. zkutil::ZooKeeper::ZooKeeper(Poco::Util::AbstractConfiguration const&, String const&, std::shared_ptr<DB::ZooKeeperLog>) @ 0x00000000137e48cc in /usr/bin/clickhouse
6. DB::Context::getZooKeeper() const @ 0x000000001164aa4a in /usr/bin/clickhouse
7. DB::DDLWorker::getAndSetZooKeeper() @ 0x00000000116cc32d in /usr/bin/clickhouse
8. DB::DDLWorker::initializeMainThread() @ 0x00000000116dca3b in /usr/bin/clickhouse
9. DB::DDLWorker::runMainThread() @ 0x00000000116c73c0 in /usr/bin/clickhouse
10. void std::__function::__policy_invoker<void ()>::__call_impl<std::__function::__default_alloc_func<ThreadFromGlobalPoolImpl<true>::ThreadFromGlobalPoolImpl<void (DB::DDLWorker::*)(), DB::DDLWorker*>(void (DB::DDLWorker::*&&)(), DB::DDLWorker*&&)::'lambda'(), void ()>>(std::__function::__policy_storage const*) @ 0x00000000116ddb4c in /usr/bin/clickhouse
11. void* std::__thread_proxy[abi:v15000]<std::tuple<std::unique_ptr<std::__thread_struct, std::default_delete<std::__thread_struct>>, void ThreadPoolImpl<std::thread>::scheduleImpl<void>(std::function<void ()>, Priority, std::optional<unsigned long>, bool)::'lambda0'()>>(void*) @ 0x000000000c706104 in /usr/bin/clickhouse
12. ? @ 0x000078d4781ed609 in ?
13. ? @ 0x000078d478112353 in ?
 (version 23.8.16.16 (official build))
2026.03.18 20:34:36.155876 [ 286 ] {} <Error> DDLWorker: ZooKeeper error: Code: 999. Coordination::Exception: Unknown key host in config file. (KEEPER_EXCEPTION), Stack trace (when copying this message, always include the lines below):

0. DB::Exception::Exception(DB::Exception::MessageMasked&&, int, bool) @ 0x000000000c6251d7 in /usr/bin/clickhouse
1. DB::Exception::Exception<String const&>(int, FormatStringHelperImpl<std::type_identity<String const&>::type>, String const&) @ 0x00000000074ae38d in /usr/bin/clickhouse
2. Coordination::Exception::Exception<String const&>(Coordination::Error, FormatStringHelperImpl<std::type_identity<String const&>::type>, String const&) @ 0x000000001276578a in /usr/bin/clickhouse
3. zkutil::ZooKeeperArgs::initFromKeeperSection(Poco::Util::AbstractConfiguration const&, String const&) @ 0x0000000013813c10 in /usr/bin/clickhouse
4. zkutil::ZooKeeperArgs::ZooKeeperArgs(Poco::Util::AbstractConfiguration const&, String const&) @ 0x000000001380f986 in /usr/bin/clickhouse
5. zkutil::ZooKeeper::ZooKeeper(Poco::Util::AbstractConfiguration const&, String const&, std::shared_ptr<DB::ZooKeeperLog>) @ 0x00000000137e48cc in /usr/bin/clickhouse
6. DB::Context::getZooKeeper() const @ 0x000000001164aa4a in /usr/bin/clickhouse
7. DB::DDLWorker::getAndSetZooKeeper() @ 0x00000000116cc32d in /usr/bin/clickhouse
8. DB::DDLWorker::initializeMainThread() @ 0x00000000116dca3b in /usr/bin/clickhouse
9. DB::DDLWorker::runMainThread() @ 0x00000000116c73c0 in /usr/bin/clickhouse
10. void std::__function::__policy_invoker<void ()>::__call_impl<std::__function::__default_alloc_func<ThreadFromGlobalPoolImpl<true>::ThreadFromGlobalPoolImpl<void (DB::DDLWorker::*)(), DB::DDLWorker*>(void (DB::DDLWorker::*&&)(), DB::DDLWorker*&&)::'lambda'(), void ()>>(std::__function::__policy_storage const*) @ 0x00000000116ddb4c in /usr/bin/clickhouse
11. void* std::__thread_proxy[abi:v15000]<std::tuple<std::unique_ptr<std::__thread_struct, std::default_delete<std::__thread_struct>>, void ThreadPoolImpl<std::thread>::scheduleImpl<void>(std::function<void ()>, Priority, std::optional<unsigned long>, bool)::'lambda0'()>>(void*) @ 0x000000000c706104 in /usr/bin/clickhouse
12. ? @ 0x000078d4781ed609 in ?
13. ? @ 0x000078d478112353 in ?
 (version 23.8.16.16 (official build)). Failed to start DDLWorker.
2026.03.18 20:34:36.155927 [ 286 ] {} <Error> virtual bool DB::DDLWorker::initializeMainThread(): Code: 999. Coordination::Exception: Unknown key host in config file. (KEEPER_EXCEPTION), Stack trace (when copying this message, always include the lines below):

0. DB::Exception::Exception(DB::Exception::MessageMasked&&, int, bool) @ 0x000000000c6251d7 in /usr/bin/clickhouse
1. DB::Exception::Exception<String const&>(int, FormatStringHelperImpl<std::type_identity<String const&>::type>, String const&) @ 0x00000000074ae38d in /usr/bin/clickhouse
2. Coordination::Exception::Exception<String const&>(Coordination::Error, FormatStringHelperImpl<std::type_identity<String const&>::type>, String const&) @ 0x000000001276578a in /usr/bin/clickhouse
3. zkutil::ZooKeeperArgs::initFromKeeperSection(Poco::Util::AbstractConfiguration const&, String const&) @ 0x0000000013813c10 in /usr/bin/clickhouse
4. zkutil::ZooKeeperArgs::ZooKeeperArgs(Poco::Util::AbstractConfiguration const&, String const&) @ 0x000000001380f986 in /usr/bin/clickhouse
5. zkutil::ZooKeeper::ZooKeeper(Poco::Util::AbstractConfiguration const&, String const&, std::shared_ptr<DB::ZooKeeperLog>) @ 0x00000000137e48cc in /usr/bin/clickhouse
6. DB::Context::getZooKeeper() const @ 0x000000001164aa4a in /usr/bin/clickhouse
7. DB::DDLWorker::getAndSetZooKeeper() @ 0x00000000116cc32d in /usr/bin/clickhouse
8. DB::DDLWorker::initializeMainThread() @ 0x00000000116dca3b in /usr/bin/clickhouse
9. DB::DDLWorker::runMainThread() @ 0x00000000116c73c0 in /usr/bin/clickhouse
10. void std::__function::__policy_invoker<void ()>::__call_impl<std::__function::__default_alloc_func<ThreadFromGlobalPoolImpl<true>::ThreadFromGlobalPoolImpl<void (DB::DDLWorker::*)(), DB::DDLWorker*>(void (DB::DDLWorker::*&&)(), DB::DDLWorker*&&)::'lambda'(), void ()>>(std::__function::__policy_storage const*) @ 0x00000000116ddb4c in /usr/bin/clickhouse
11. void* std::__thread_proxy[abi:v15000]<std::tuple<std::unique_ptr<std::__thread_struct, std::default_delete<std::__thread_struct>>, void ThreadPoolImpl<std::thread>::scheduleImpl<void>(std::function<void ()>, Priority, std::optional<unsigned long>, bool)::'lambda0'()>>(void*) @ 0x000000000c706104 in /usr/bin/clickhouse
12. ? @ 0x000078d4781ed609 in ?
13. ? @ 0x000078d478112353 in ?
 (version 23.8.16.16 (official build))
2026.03.18 20:34:41.183270 [ 286 ] {} <Error> DDLWorker: ZooKeeper error: Code: 999. Coordination::Exception: Unknown key host in config file. (KEEPER_EXCEPTION), Stack trace (when copying this message, always include the lines below):

0. DB::Exception::Exception(DB::Exception::MessageMasked&&, int, bool) @ 0x000000000c6251d7 in /usr/bin/clickhouse
1. DB::Exception::Exception<String const&>(int, FormatStringHelperImpl<std::type_identity<String const&>::type>, String const&) @ 0x00000000074ae38d in /usr/bin/clickhouse
2. Coordination::Exception::Exception<String const&>(Coordination::Error, FormatStringHelperImpl<std::type_identity<String const&>::type>, String const&) @ 0x000000001276578a in /usr/bin/clickhouse
3. zkutil::ZooKeeperArgs::initFromKeeperSection(Poco::Util::AbstractConfiguration const&, String const&) @ 0x0000000013813c10 in /usr/bin/clickhouse
4. zkutil::ZooKeeperArgs::ZooKeeperArgs(Poco::Util::AbstractConfiguration const&, String const&) @ 0x000000001380f986 in /usr/bin/clickhouse
5. zkutil::ZooKeeper::ZooKeeper(Poco::Util::AbstractConfiguration const&, String const&, std::shared_ptr<DB::ZooKeeperLog>) @ 0x00000000137e48cc in /usr/bin/clickhouse
6. DB::Context::getZooKeeper() const @ 0x000000001164aa4a in /usr/bin/clickhouse
7. DB::DDLWorker::getAndSetZooKeeper() @ 0x00000000116cc32d in /usr/bin/clickhouse
8. DB::DDLWorker::initializeMainThread() @ 0x00000000116dca3b in /usr/bin/clickhouse
9. DB::DDLWorker::runMainThread() @ 0x00000000116c73c0 in /usr/bin/clickhouse
10. void std::__function::__policy_invoker<void ()>::__call_impl<std::__function::__default_alloc_func<ThreadFromGlobalPoolImpl<true>::ThreadFromGlobalPoolImpl<void (DB::DDLWorker::*)(), DB::DDLWorker*>(void (DB::DDLWorker::*&&)(), DB::DDLWorker*&&)::'lambda'(), void ()>>(std::__function::__policy_storage const*) @ 0x00000000116ddb4c in /usr/bin/clickhouse
11. void* std::__thread_proxy[abi:v15000]<std::tuple<std::unique_ptr<std::__thread_struct, std::default_delete<std::__thread_struct>>, void ThreadPoolImpl<std::thread>::scheduleImpl<void>(std::function<void ()>, Priority, std::optional<unsigned long>, bool)::'lambda0'()>>(void*) @ 0x000000000c706104 in /usr/bin/clickhouse
12. ? @ 0x000078d4781ed609 in ?
13. ? @ 0x000078d478112353 in ?
 (version 23.8.16.16 (official build)). Failed to start DDLWorker.
2026.03.18 20:34:41.183372 [ 286 ] {} <Error> virtual bool DB::DDLWorker::initializeMainThread(): Code: 999. Coordination::Exception: Unknown key host in config file. (KEEPER_EXCEPTION), Stack trace (when copying this message, always include the lines below):

0. DB::Exception::Exception(DB::Exception::MessageMasked&&, int, bool) @ 0x000000000c6251d7 in /usr/bin/clickhouse
1. DB::Exception::Exception<String const&>(int, FormatStringHelperImpl<std::type_identity<String const&>::type>, String const&) @ 0x00000000074ae38d in /usr/bin/clickhouse
2. Coordination::Exception::Exception<String const&>(Coordination::Error, FormatStringHelperImpl<std::type_identity<String const&>::type>, String const&) @ 0x000000001276578a in /usr/bin/clickhouse
3. zkutil::ZooKeeperArgs::initFromKeeperSection(Poco::Util::AbstractConfiguration const&, String const&) @ 0x0000000013813c10 in /usr/bin/clickhouse
4. zkutil::ZooKeeperArgs::ZooKeeperArgs(Poco::Util::AbstractConfiguration const&, String const&) @ 0x000000001380f986 in /usr/bin/clickhouse
5. zkutil::ZooKeeper::ZooKeeper(Poco::Util::AbstractConfiguration const&, String const&, std::shared_ptr<DB::ZooKeeperLog>) @ 0x00000000137e48cc in /usr/bin/clickhouse
6. DB::Context::getZooKeeper() const @ 0x000000001164aa4a in /usr/bin/clickhouse
7. DB::DDLWorker::getAndSetZooKeeper() @ 0x00000000116cc32d in /usr/bin/clickhouse
8. DB::DDLWorker::initializeMainThread() @ 0x00000000116dca3b in /usr/bin/clickhouse
9. DB::DDLWorker::runMainThread() @ 0x00000000116c73c0 in /usr/bin/clickhouse
10. void std::__function::__policy_invoker<void ()>::__call_impl<std::__function::__default_alloc_func<ThreadFromGlobalPoolImpl<true>::ThreadFromGlobalPoolImpl<void (DB::DDLWorker::*)(), DB::DDLWorker*>(void (DB::DDLWorker::*&&)(), DB::DDLWorker*&&)::'lambda'(), void ()>>(std::__function::__policy_storage const*) @ 0x00000000116ddb4c in /usr/bin/clickhouse
11. void* std::__thread_proxy[abi:v15000]<std::tuple<std::unique_ptr<std::__thread_struct, std::default_delete<std::__thread_struct>>, void ThreadPoolImpl<std::thread>::scheduleImpl<void>(std::function<void ()>, Priority, std::optional<unsigned long>, bool)::'lambda0'()>>(void*) @ 0x000000000c706104 in /usr/bin/clickhouse
12. ? @ 0x000078d4781ed609 in ?
13. ? @ 0x000078d478112353 in ?
 (version 23.8.16.16 (official build))
2026.03.18 20:34:46.210262 [ 286 ] {} <Error> DDLWorker: ZooKeeper error: Code: 999. Coordination::Exception: Unknown key host in config file. (KEEPER_EXCEPTION), Stack trace (when copying this message, always include the lines below):

0. DB::Exception::Exception(DB::Exception::MessageMasked&&, int, bool) @ 0x000000000c6251d7 in /usr/bin/clickhouse
1. DB::Exception::Exception<String const&>(int, FormatStringHelperImpl<std::type_identity<String const&>::type>, String const&) @ 0x00000000074ae38d in /usr/bin/clickhouse
2. Coordination::Exception::Exception<String const&>(Coordination::Error, FormatStringHelperImpl<std::type_identity<String const&>::type>, String const&) @ 0x000000001276578a in /usr/bin/clickhouse
3. zkutil::ZooKeeperArgs::initFromKeeperSection(Poco::Util::AbstractConfiguration const&, String const&) @ 0x0000000013813c10 in /usr/bin/clickhouse
4. zkutil::ZooKeeperArgs::ZooKeeperArgs(Poco::Util::AbstractConfiguration const&, String const&) @ 0x000000001380f986 in /usr/bin/clickhouse
5. zkutil::ZooKeeper::ZooKeeper(Poco::Util::AbstractConfiguration const&, String const&, std::shared_ptr<DB::ZooKeeperLog>) @ 0x00000000137e48cc in /usr/bin/clickhouse
6. DB::Context::getZooKeeper() const @ 0x000000001164aa4a in /usr/bin/clickhouse
7. DB::DDLWorker::getAndSetZooKeeper() @ 0x00000000116cc32d in /usr/bin/clickhouse
8. DB::DDLWorker::initializeMainThread() @ 0x00000000116dca3b in /usr/bin/clickhouse
9. DB::DDLWorker::runMainThread() @ 0x00000000116c73c0 in /usr/bin/clickhouse
10. void std::__function::__policy_invoker<void ()>::__call_impl<std::__function::__default_alloc_func<ThreadFromGlobalPoolImpl<true>::ThreadFromGlobalPoolImpl<void (DB::DDLWorker::*)(), DB::DDLWorker*>(void (DB::DDLWorker::*&&)(), DB::DDLWorker*&&)::'lambda'(), void ()>>(std::__function::__policy_storage const*) @ 0x00000000116ddb4c in /usr/bin/clickhouse
11. void* std::__thread_proxy[abi:v15000]<std::tuple<std::unique_ptr<std::__thread_struct, std::default_delete<std::__thread_struct>>, void ThreadPoolImpl<std::thread>::scheduleImpl<void>(std::function<void ()>, Priority, std::optional<unsigned long>, bool)::'lambda0'()>>(void*) @ 0x000000000c706104 in /usr/bin/clickhouse
12. ? @ 0x000078d4781ed609 in ?
13. ? @ 0x000078d478112353 in ?
 (version 23.8.16.16 (official build)). Failed to start DDLWorker.
2026.03.18 20:34:46.210324 [ 286 ] {} <Error> virtual bool DB::DDLWorker::initializeMainThread(): Code: 999. Coordination::Exception: Unknown key host in config file. (KEEPER_EXCEPTION), Stack trace (when copying this message, always include the lines below):

0. DB::Exception::Exception(DB::Exception::MessageMasked&&, int, bool) @ 0x000000000c6251d7 in /usr/bin/clickhouse
1. DB::Exception::Exception<String const&>(int, FormatStringHelperImpl<std::type_identity<String const&>::type>, String const&) @ 0x00000000074ae38d in /usr/bin/clickhouse
2. Coordination::Exception::Exception<String const&>(Coordination::Error, FormatStringHelperImpl<std::type_identity<String const&>::type>, String const&) @ 0x000000001276578a in /usr/bin/clickhouse
3. zkutil::ZooKeeperArgs::initFromKeeperSection(Poco::Util::AbstractConfiguration const&, String const&) @ 0x0000000013813c10 in /usr/bin/clickhouse
4. zkutil::ZooKeeperArgs::ZooKeeperArgs(Poco::Util::AbstractConfiguration const&, String const&) @ 0x000000001380f986 in /usr/bin/clickhouse
5. zkutil::ZooKeeper::ZooKeeper(Poco::Util::AbstractConfiguration const&, String const&, std::shared_ptr<DB::ZooKeeperLog>) @ 0x00000000137e48cc in /usr/bin/clickhouse
6. DB::Context::getZooKeeper() const @ 0x000000001164aa4a in /usr/bin/clickhouse
7. DB::DDLWorker::getAndSetZooKeeper() @ 0x00000000116cc32d in /usr/bin/clickhouse
8. DB::DDLWorker::initializeMainThread() @ 0x00000000116dca3b in /usr/bin/clickhouse
9. DB::DDLWorker::runMainThread() @ 0x00000000116c73c0 in /usr/bin/clickhouse
10. void std::__function::__policy_invoker<void ()>::__call_impl<std::__function::__default_alloc_func<ThreadFromGlobalPoolImpl<true>::ThreadFromGlobalPoolImpl<void (DB::DDLWorker::*)(), DB::DDLWorker*>(void (DB::DDLWorker::*&&)(), DB::DDLWorker*&&)::'lambda'(), void ()>>(std::__function::__policy_storage const*) @ 0x00000000116ddb4c in /usr/bin/clickhouse
11. void* std::__thread_proxy[abi:v15000]<std::tuple<std::unique_ptr<std::__thread_struct, std::default_delete<std::__thread_struct>>, void ThreadPoolImpl<std::thread>::scheduleImpl<void>(std::function<void ()>, Priority, std::optional<unsigned long>, bool)::'lambda0'()>>(void*) @ 0x000000000c706104 in /usr/bin/clickhouse
12. ? @ 0x000078d4781ed609 in ?
13. ? @ 0x000078d478112353 in ?
 (version 23.8.16.16 (official build))
2026.03.18 20:34:51.211836 [ 286 ] {} <Error> DDLWorker: ZooKeeper error: Code: 999. Coordination::Exception: Unknown key host in config file. (KEEPER_EXCEPTION), Stack trace (when copying this message, always include the lines below):

0. DB::Exception::Exception(DB::Exception::MessageMasked&&, int, bool) @ 0x000000000c6251d7 in /usr/bin/clickhouse
1. DB::Exception::Exception<String const&>(int, FormatStringHelperImpl<std::type_identity<String const&>::type>, String const&) @ 0x00000000074ae38d in /usr/bin/clickhouse
2. Coordination::Exception::Exception<String const&>(Coordination::Error, FormatStringHelperImpl<std::type_identity<String const&>::type>, String const&) @ 0x000000001276578a in /usr/bin/clickhouse
3. zkutil::ZooKeeperArgs::initFromKeeperSection(Poco::Util::AbstractConfiguration const&, String const&) @ 0x0000000013813c10 in /usr/bin/clickhouse
4. zkutil::ZooKeeperArgs::ZooKeeperArgs(Poco::Util::AbstractConfiguration const&, String const&) @ 0x000000001380f986 in /usr/bin/clickhouse
5. zkutil::ZooKeeper::ZooKeeper(Poco::Util::AbstractConfiguration const&, String const&, std::shared_ptr<DB::ZooKeeperLog>) @ 0x00000000137e48cc in /usr/bin/clickhouse
6. DB::Context::getZooKeeper() const @ 0x000000001164aa4a in /usr/bin/clickhouse
7. DB::DDLWorker::getAndSetZooKeeper() @ 0x00000000116cc32d in /usr/bin/clickhouse
8. DB::DDLWorker::initializeMainThread() @ 0x00000000116dca3b in /usr/bin/clickhouse
9. DB::DDLWorker::runMainThread() @ 0x00000000116c73c0 in /usr/bin/clickhouse
10. void std::__function::__policy_invoker<void ()>::__call_impl<std::__function::__default_alloc_func<ThreadFromGlobalPoolImpl<true>::ThreadFromGlobalPoolImpl<void (DB::DDLWorker::*)(), DB::DDLWorker*>(void (DB::DDLWorker::*&&)(), DB::DDLWorker*&&)::'lambda'(), void ()>>(std::__function::__policy_storage const*) @ 0x00000000116ddb4c in /usr/bin/clickhouse
11. void* std::__thread_proxy[abi:v15000]<std::tuple<std::unique_ptr<std::__thread_struct, std::default_delete<std::__thread_struct>>, void ThreadPoolImpl<std::thread>::scheduleImpl<void>(std::function<void ()>, Priority, std::optional<unsigned long>, bool)::'lambda0'()>>(void*) @ 0x000000000c706104 in /usr/bin/clickhouse
12. ? @ 0x000078d4781ed609 in ?
13. ? @ 0x000078d478112353 in ?
 (version 23.8.16.16 (official build)). Failed to start DDLWorker.
2026.03.18 20:34:51.211893 [ 286 ] {} <Error> virtual bool DB::DDLWorker::initializeMainThread(): Code: 999. Coordination::Exception: Unknown key host in config file. (KEEPER_EXCEPTION), Stack trace (when copying this message, always include the lines below):

0. DB::Exception::Exception(DB::Exception::MessageMasked&&, int, bool) @ 0x000000000c6251d7 in /usr/bin/clickhouse
1. DB::Exception::Exception<String const&>(int, FormatStringHelperImpl<std::type_identity<String const&>::type>, String const&) @ 0x00000000074ae38d in /usr/bin/clickhouse
2. Coordination::Exception::Exception<String const&>(Coordination::Error, FormatStringHelperImpl<std::type_identity<String const&>::type>, String const&) @ 0x000000001276578a in /usr/bin/clickhouse
3. zkutil::ZooKeeperArgs::initFromKeeperSection(Poco::Util::AbstractConfiguration const&, String const&) @ 0x0000000013813c10 in /usr/bin/clickhouse
4. zkutil::ZooKeeperArgs::ZooKeeperArgs(Poco::Util::AbstractConfiguration const&, String const&) @ 0x000000001380f986 in /usr/bin/clickhouse
5. zkutil::ZooKeeper::ZooKeeper(Poco::Util::AbstractConfiguration const&, String const&, std::shared_ptr<DB::ZooKeeperLog>) @ 0x00000000137e48cc in /usr/bin/clickhouse
6. DB::Context::getZooKeeper() const @ 0x000000001164aa4a in /usr/bin/clickhouse
7. DB::DDLWorker::getAndSetZooKeeper() @ 0x00000000116cc32d in /usr/bin/clickhouse
8. DB::DDLWorker::initializeMainThread() @ 0x00000000116dca3b in /usr/bin/clickhouse
9. DB::DDLWorker::runMainThread() @ 0x00000000116c73c0 in /usr/bin/clickhouse
10. void std::__function::__policy_invoker<void ()>::__call_impl<std::__function::__default_alloc_func<ThreadFromGlobalPoolImpl<true>::ThreadFromGlobalPoolImpl<void (DB::DDLWorker::*)(), DB::DDLWorker*>(void (DB::DDLWorker::*&&)(), DB::DDLWorker*&&)::'lambda'(), void ()>>(std::__function::__policy_storage const*) @ 0x00000000116ddb4c in /usr/bin/clickhouse
11. void* std::__thread_proxy[abi:v15000]<std::tuple<std::unique_ptr<std::__thread_struct, std::default_delete<std::__thread_struct>>, void ThreadPoolImpl<std::thread>::scheduleImpl<void>(std::function<void ()>, Priority, std::optional<unsigned long>, bool)::'lambda0'()>>(void*) @ 0x000000000c706104 in /usr/bin/clickhouse
12. ? @ 0x000078d4781ed609 in ?
13. ? @ 0x000078d478112353 in ?
 (version 23.8.16.16 (official build))
2026.03.18 20:35:31.472368 [ 1 ] {} <Warning> Application: Listen [::]:9009 failed: Poco::Exception. Code: 1000, e.code() = 0, DNS error: EAI: Address family for hostname not supported (version 23.8.16.16 (official build)). If it is an IPv6 or IPv4 address and your host has disabled IPv6 or IPv4, then consider to specify not disabled IPv4 or IPv6 address to listen in <listen_host> element of configuration file. Example for disabled IPv6: <listen_host>0.0.0.0</listen_host> . Example for disabled IPv4: <listen_host>::</listen_host>
2026.03.18 20:35:31.529621 [ 1 ] {} <Warning> Application: Listen [::]:8123 failed: Poco::Exception. Code: 1000, e.code() = 0, DNS error: EAI: Address family for hostname not supported (version 23.8.16.16 (official build)). If it is an IPv6 or IPv4 address and your host has disabled IPv6 or IPv4, then consider to specify not disabled IPv4 or IPv6 address to listen in <listen_host> element of configuration file. Example for disabled IPv6: <listen_host>0.0.0.0</listen_host> . Example for disabled IPv4: <listen_host>::</listen_host>
2026.03.18 20:35:31.529757 [ 1 ] {} <Warning> Application: Listen [::]:9000 failed: Poco::Exception. Code: 1000, e.code() = 0, DNS error: EAI: Address family for hostname not supported (version 23.8.16.16 (official build)). If it is an IPv6 or IPv4 address and your host has disabled IPv6 or IPv4, then consider to specify not disabled IPv4 or IPv6 address to listen in <listen_host> element of configuration file. Example for disabled IPv6: <listen_host>0.0.0.0</listen_host> . Example for disabled IPv4: <listen_host>::</listen_host>
2026.03.18 20:35:31.535031 [ 288 ] {} <Error> virtual bool DB::DDLWorker::initializeMainThread(): Code: 999. Coordination::Exception: All connection tries failed while connecting to ZooKeeper. nodes: 172.18.0.2:2181, 172.18.0.3:2181, 172.18.0.4:2181
Poco::Exception. Code: 1000, e.code() = 111, Connection refused (version 23.8.16.16 (official build)), 172.18.0.2:2181
Poco::Exception. Code: 1000, e.code() = 111, Connection refused (version 23.8.16.16 (official build)), 172.18.0.3:2181
Poco::Exception. Code: 1000, e.code() = 111, Connection refused (version 23.8.16.16 (official build)), 172.18.0.4:2181
Poco::Exception. Code: 1000, e.code() = 111, Connection refused (version 23.8.16.16 (official build)), 172.18.0.2:2181
Poco::Exception. Code: 1000, e.code() = 111, Connection refused (version 23.8.16.16 (official build)), 172.18.0.3:2181
Poco::Exception. Code: 1000, e.code() = 111, Connection refused (version 23.8.16.16 (official build)), 172.18.0.4:2181
Poco::Exception. Code: 1000, e.code() = 111, Connection refused (version 23.8.16.16 (official build)), 172.18.0.2:2181
Poco::Exception. Code: 1000, e.code() = 111, Connection refused (version 23.8.16.16 (official build)), 172.18.0.3:2181
Poco::Exception. Code: 1000, e.code() = 111, Connection refused (version 23.8.16.16 (official build)), 172.18.0.4:2181
. (KEEPER_EXCEPTION), Stack trace (when copying this message, always include the lines below):

0. DB::Exception::Exception(DB::Exception::MessageMasked&&, int, bool) @ 0x000000000c6251d7 in /usr/bin/clickhouse
1. DB::Exception::Exception<String&>(int, FormatStringHelperImpl<std::type_identity<String&>::type>, String&) @ 0x00000000074ade4d in /usr/bin/clickhouse
2. Coordination::Exception::Exception<String&>(Coordination::Error, FormatStringHelperImpl<std::type_identity<String&>::type>, String&) @ 0x00000000126d156a in /usr/bin/clickhouse
3. Coordination::ZooKeeper::ZooKeeper(std::vector<Coordination::ZooKeeper::Node, std::allocator<Coordination::ZooKeeper::Node>> const&, zkutil::ZooKeeperArgs const&, std::shared_ptr<DB::ZooKeeperLog>, std::optional<std::function<void (unsigned long, Coordination::ZooKeeper::Node const&)>>&&) @ 0x000000001383014d in /usr/bin/clickhouse
4. zkutil::ZooKeeper::init(zkutil::ZooKeeperArgs) @ 0x00000000137e13b3 in /usr/bin/clickhouse
5. zkutil::ZooKeeper::ZooKeeper(Poco::Util::AbstractConfiguration const&, String const&, std::shared_ptr<DB::ZooKeeperLog>) @ 0x00000000137e48d9 in /usr/bin/clickhouse
6. DB::Context::getZooKeeper() const @ 0x000000001164aa4a in /usr/bin/clickhouse
7. DB::DDLWorker::getAndSetZooKeeper() @ 0x00000000116cc32d in /usr/bin/clickhouse
8. DB::DDLWorker::initializeMainThread() @ 0x00000000116dca3b in /usr/bin/clickhouse
9. DB::DDLWorker::runMainThread() @ 0x00000000116c73c0 in /usr/bin/clickhouse
10. void std::__function::__policy_invoker<void ()>::__call_impl<std::__function::__default_alloc_func<ThreadFromGlobalPoolImpl<true>::ThreadFromGlobalPoolImpl<void (DB::DDLWorker::*)(), DB::DDLWorker*>(void (DB::DDLWorker::*&&)(), DB::DDLWorker*&&)::'lambda'(), void ()>>(std::__function::__policy_storage const*) @ 0x00000000116ddb4c in /usr/bin/clickhouse
11. void* std::__thread_proxy[abi:v15000]<std::tuple<std::unique_ptr<std::__thread_struct, std::default_delete<std::__thread_struct>>, void ThreadPoolImpl<std::thread>::scheduleImpl<void>(std::function<void ()>, Priority, std::optional<unsigned long>, bool)::'lambda0'()>>(void*) @ 0x000000000c706104 in /usr/bin/clickhouse
12. ? @ 0x00007e672b113609 in ?
13. ? @ 0x00007e672b038353 in ?
 (version 23.8.16.16 (official build))
2026.03.18 20:36:34.416392 [ 288 ] {2338884f-4a6e-4939-9306-895fa27b8b73} <Error> executeQuery: Code: 81. DB::Exception: Database test does not exist. (UNKNOWN_DATABASE) (version 23.8.16.16 (official build)) (from 0.0.0.0:0) (in query: /* ddl_entry=query-0000000000 */ DROP DATABASE test), Stack trace (when copying this message, always include the lines below):

0. DB::Exception::Exception(DB::Exception::MessageMasked&&, int, bool) @ 0x000000000c6251d7 in /usr/bin/clickhouse
1. DB::Exception::Exception<String>(int, FormatStringHelperImpl<std::type_identity<String>::type>, String&&) @ 0x0000000007133ded in /usr/bin/clickhouse
2. DB::DatabaseCatalog::getDatabase(String const&) const @ 0x00000000116ec0d5 in /usr/bin/clickhouse
3. DB::InterpreterDropQuery::execute() @ 0x0000000011da873d in /usr/bin/clickhouse
4. DB::executeQueryImpl(char const*, char const*, std::shared_ptr<DB::Context>, bool, DB::QueryProcessingStage::Enum, DB::ReadBuffer*) @ 0x00000000122c98a8 in /usr/bin/clickhouse
5. DB::executeQuery(DB::ReadBuffer&, DB::WriteBuffer&, bool, std::shared_ptr<DB::Context>, std::function<void (DB::QueryResultDetails const&)>, std::optional<DB::FormatSettings> const&, std::function<void (DB::IOutputFormat&)>) @ 0x00000000122cc635 in /usr/bin/clickhouse
6. DB::DDLWorker::tryExecuteQuery(DB::DDLTaskBase&, std::shared_ptr<zkutil::ZooKeeper> const&) @ 0x00000000116d4a31 in /usr/bin/clickhouse
7. DB::DDLWorker::processTask(DB::DDLTaskBase&, std::shared_ptr<zkutil::ZooKeeper> const&) @ 0x00000000116d3246 in /usr/bin/clickhouse
8. DB::DDLWorker::scheduleTasks(bool) @ 0x00000000116d0b20 in /usr/bin/clickhouse
9. DB::DDLWorker::runMainThread() @ 0x00000000116c76fe in /usr/bin/clickhouse
10. void std::__function::__policy_invoker<void ()>::__call_impl<std::__function::__default_alloc_func<ThreadFromGlobalPoolImpl<true>::ThreadFromGlobalPoolImpl<void (DB::DDLWorker::*)(), DB::DDLWorker*>(void (DB::DDLWorker::*&&)(), DB::DDLWorker*&&)::'lambda'(), void ()>>(std::__function::__policy_storage const*) @ 0x00000000116ddb4c in /usr/bin/clickhouse
11. void* std::__thread_proxy[abi:v15000]<std::tuple<std::unique_ptr<std::__thread_struct, std::default_delete<std::__thread_struct>>, void ThreadPoolImpl<std::thread>::scheduleImpl<void>(std::function<void ()>, Priority, std::optional<unsigned long>, bool)::'lambda0'()>>(void*) @ 0x000000000c706104 in /usr/bin/clickhouse
12. ? @ 0x00007e672b113609 in ?
13. ? @ 0x00007e672b038353 in ?

2026.03.18 20:36:34.416501 [ 288 ] {2338884f-4a6e-4939-9306-895fa27b8b73} <Error> DDLWorker: Query /* ddl_entry=query-0000000000 */ DROP DATABASE test wasn't finished successfully: Code: 81. DB::Exception: Database test does not exist. (UNKNOWN_DATABASE), Stack trace (when copying this message, always include the lines below):

0. DB::Exception::Exception(DB::Exception::MessageMasked&&, int, bool) @ 0x000000000c6251d7 in /usr/bin/clickhouse
1. DB::Exception::Exception<String>(int, FormatStringHelperImpl<std::type_identity<String>::type>, String&&) @ 0x0000000007133ded in /usr/bin/clickhouse
2. DB::DatabaseCatalog::getDatabase(String const&) const @ 0x00000000116ec0d5 in /usr/bin/clickhouse
3. DB::InterpreterDropQuery::execute() @ 0x0000000011da873d in /usr/bin/clickhouse
4. DB::executeQueryImpl(char const*, char const*, std::shared_ptr<DB::Context>, bool, DB::QueryProcessingStage::Enum, DB::ReadBuffer*) @ 0x00000000122c98a8 in /usr/bin/clickhouse
5. DB::executeQuery(DB::ReadBuffer&, DB::WriteBuffer&, bool, std::shared_ptr<DB::Context>, std::function<void (DB::QueryResultDetails const&)>, std::optional<DB::FormatSettings> const&, std::function<void (DB::IOutputFormat&)>) @ 0x00000000122cc635 in /usr/bin/clickhouse
6. DB::DDLWorker::tryExecuteQuery(DB::DDLTaskBase&, std::shared_ptr<zkutil::ZooKeeper> const&) @ 0x00000000116d4a31 in /usr/bin/clickhouse
7. DB::DDLWorker::processTask(DB::DDLTaskBase&, std::shared_ptr<zkutil::ZooKeeper> const&) @ 0x00000000116d3246 in /usr/bin/clickhouse
8. DB::DDLWorker::scheduleTasks(bool) @ 0x00000000116d0b20 in /usr/bin/clickhouse
9. DB::DDLWorker::runMainThread() @ 0x00000000116c76fe in /usr/bin/clickhouse
10. void std::__function::__policy_invoker<void ()>::__call_impl<std::__function::__default_alloc_func<ThreadFromGlobalPoolImpl<true>::ThreadFromGlobalPoolImpl<void (DB::DDLWorker::*)(), DB::DDLWorker*>(void (DB::DDLWorker::*&&)(), DB::DDLWorker*&&)::'lambda'(), void ()>>(std::__function::__policy_storage const*) @ 0x00000000116ddb4c in /usr/bin/clickhouse
11. void* std::__thread_proxy[abi:v15000]<std::tuple<std::unique_ptr<std::__thread_struct, std::default_delete<std::__thread_struct>>, void ThreadPoolImpl<std::thread>::scheduleImpl<void>(std::function<void ()>, Priority, std::optional<unsigned long>, bool)::'lambda0'()>>(void*) @ 0x000000000c706104 in /usr/bin/clickhouse
12. ? @ 0x00007e672b113609 in ?
13. ? @ 0x00007e672b038353 in ?
 (version 23.8.16.16 (official build))
2026.03.18 20:36:34.613042 [ 43 ] {c2951a1a-fb24-435f-87c3-f9c023057853} <Error> executeQuery: Code: 81. DB::Exception: There was an error on [clickhouse-node1:9000]: Code: 81. DB::Exception: Database test does not exist. (UNKNOWN_DATABASE) (version 23.8.16.16 (official build)). (UNKNOWN_DATABASE) (version 23.8.16.16 (official build)) (from 127.0.0.1:45108) (in query: drop database test on cluster cluster_3shards;), Stack trace (when copying this message, always include the lines below):

0. DB::Exception::Exception(DB::Exception::MessageMasked&&, int, bool) @ 0x000000000c6251d7 in /usr/bin/clickhouse
1. DB::DDLQueryStatusSource::generate() @ 0x00000000122b7d63 in /usr/bin/clickhouse
2. DB::ISource::tryGenerate() @ 0x000000001318fb95 in /usr/bin/clickhouse
3. DB::ISource::work() @ 0x000000001318f6e6 in /usr/bin/clickhouse
4. DB::ExecutionThreadContext::executeTask() @ 0x00000000131a70fa in /usr/bin/clickhouse
5. DB::PipelineExecutor::executeStepImpl(unsigned long, std::atomic<bool>*) @ 0x000000001319def0 in /usr/bin/clickhouse
6. DB::PipelineExecutor::execute(unsigned long, bool) @ 0x000000001319d222 in /usr/bin/clickhouse
7. void std::__function::__policy_invoker<void ()>::__call_impl<std::__function::__default_alloc_func<ThreadFromGlobalPoolImpl<true>::ThreadFromGlobalPoolImpl<DB::PullingAsyncPipelineExecutor::pull(DB::Chunk&, unsigned long)::$_0>(DB::PullingAsyncPipelineExecutor::pull(DB::Chunk&, unsigned long)::$_0&&)::'lambda'(), void ()>>(std::__function::__policy_storage const*) @ 0x00000000131aaa8f in /usr/bin/clickhouse
8. void* std::__thread_proxy[abi:v15000]<std::tuple<std::unique_ptr<std::__thread_struct, std::default_delete<std::__thread_struct>>, void ThreadPoolImpl<std::thread>::scheduleImpl<void>(std::function<void ()>, Priority, std::optional<unsigned long>, bool)::'lambda0'()>>(void*) @ 0x000000000c706104 in /usr/bin/clickhouse
9. ? @ 0x00007e672b113609 in ?
10. ? @ 0x00007e672b038353 in ?

2026.03.18 20:36:34.613108 [ 43 ] {c2951a1a-fb24-435f-87c3-f9c023057853} <Error> TCPHandler: Code: 81. DB::Exception: There was an error on [clickhouse-node1:9000]: Code: 81. DB::Exception: Database test does not exist. (UNKNOWN_DATABASE) (version 23.8.16.16 (official build)). (UNKNOWN_DATABASE), Stack trace (when copying this message, always include the lines below):

0. DB::Exception::Exception(DB::Exception::MessageMasked&&, int, bool) @ 0x000000000c6251d7 in /usr/bin/clickhouse
1. DB::DDLQueryStatusSource::generate() @ 0x00000000122b7d63 in /usr/bin/clickhouse
2. DB::ISource::tryGenerate() @ 0x000000001318fb95 in /usr/bin/clickhouse
3. DB::ISource::work() @ 0x000000001318f6e6 in /usr/bin/clickhouse
4. DB::ExecutionThreadContext::executeTask() @ 0x00000000131a70fa in /usr/bin/clickhouse
5. DB::PipelineExecutor::executeStepImpl(unsigned long, std::atomic<bool>*) @ 0x000000001319def0 in /usr/bin/clickhouse
6. DB::PipelineExecutor::execute(unsigned long, bool) @ 0x000000001319d222 in /usr/bin/clickhouse
7. void std::__function::__policy_invoker<void ()>::__call_impl<std::__function::__default_alloc_func<ThreadFromGlobalPoolImpl<true>::ThreadFromGlobalPoolImpl<DB::PullingAsyncPipelineExecutor::pull(DB::Chunk&, unsigned long)::$_0>(DB::PullingAsyncPipelineExecutor::pull(DB::Chunk&, unsigned long)::$_0&&)::'lambda'(), void ()>>(std::__function::__policy_storage const*) @ 0x00000000131aaa8f in /usr/bin/clickhouse
8. void* std::__thread_proxy[abi:v15000]<std::tuple<std::unique_ptr<std::__thread_struct, std::default_delete<std::__thread_struct>>, void ThreadPoolImpl<std::thread>::scheduleImpl<void>(std::function<void ()>, Priority, std::optional<unsigned long>, bool)::'lambda0'()>>(void*) @ 0x000000000c706104 in /usr/bin/clickhouse
9. ? @ 0x00007e672b113609 in ?
10. ? @ 0x00007e672b038353 in ?

2026.03.18 20:40:03.741465 [ 43 ] {a624f376-6af1-41d6-8a2b-b1739086aee9} <Error> executeQuery: Code: 81. DB::Exception: Database university does not exist. (UNKNOWN_DATABASE) (version 23.8.16.16 (official build)) (from 127.0.0.1:45108) (in query: CREATE TABLE IF NOT EXISTS test.grades ON CLUSTER cluster_3shards AS university.grades_local ENGINE = Distributed(cluster_3shards, university, grades_local, cityHash64(student_id));), Stack trace (when copying this message, always include the lines below):

0. DB::Exception::Exception(DB::Exception::MessageMasked&&, int, bool) @ 0x000000000c6251d7 in /usr/bin/clickhouse
1. DB::Exception::Exception<String>(int, FormatStringHelperImpl<std::type_identity<String>::type>, String&&) @ 0x0000000007133ded in /usr/bin/clickhouse
2. DB::DatabaseCatalog::getTableImpl(DB::StorageID const&, std::shared_ptr<DB::Context const>, std::optional<DB::Exception>*) const @ 0x00000000116e552f in /usr/bin/clickhouse
3. DB::DatabaseCatalog::getTable(DB::StorageID const&, std::shared_ptr<DB::Context const>) const @ 0x00000000116ee629 in /usr/bin/clickhouse
4. DB::InterpreterCreateQuery::getTablePropertiesAndNormalizeCreateQuery(DB::ASTCreateQuery&) const @ 0x0000000011ceb744 in /usr/bin/clickhouse
5. DB::InterpreterCreateQuery::createTable(DB::ASTCreateQuery&) @ 0x0000000011cf5264 in /usr/bin/clickhouse
6. DB::InterpreterCreateQuery::execute() @ 0x0000000011d05e20 in /usr/bin/clickhouse
7. DB::executeQueryImpl(char const*, char const*, std::shared_ptr<DB::Context>, bool, DB::QueryProcessingStage::Enum, DB::ReadBuffer*) @ 0x00000000122c98a8 in /usr/bin/clickhouse
8. DB::executeQuery(String const&, std::shared_ptr<DB::Context>, bool, DB::QueryProcessingStage::Enum) @ 0x00000000122c5015 in /usr/bin/clickhouse
9. DB::TCPHandler::runImpl() @ 0x0000000013140ff9 in /usr/bin/clickhouse
10. DB::TCPHandler::run() @ 0x00000000131533d9 in /usr/bin/clickhouse
11. Poco::Net::TCPServerConnection::start() @ 0x0000000015b4dc74 in /usr/bin/clickhouse
12. Poco::Net::TCPServerDispatcher::run() @ 0x0000000015b4ee71 in /usr/bin/clickhouse
13. Poco::PooledThread::run() @ 0x0000000015c85aa7 in /usr/bin/clickhouse
14. Poco::ThreadImpl::runnableEntry(void*) @ 0x0000000015c83d7c in /usr/bin/clickhouse
15. ? @ 0x00007e672b113609 in ?
16. ? @ 0x00007e672b038353 in ?

2026.03.18 20:40:03.741562 [ 43 ] {a624f376-6af1-41d6-8a2b-b1739086aee9} <Error> TCPHandler: Code: 81. DB::Exception: Database university does not exist. (UNKNOWN_DATABASE), Stack trace (when copying this message, always include the lines below):

0. DB::Exception::Exception(DB::Exception::MessageMasked&&, int, bool) @ 0x000000000c6251d7 in /usr/bin/clickhouse
1. DB::Exception::Exception<String>(int, FormatStringHelperImpl<std::type_identity<String>::type>, String&&) @ 0x0000000007133ded in /usr/bin/clickhouse
2. DB::DatabaseCatalog::getTableImpl(DB::StorageID const&, std::shared_ptr<DB::Context const>, std::optional<DB::Exception>*) const @ 0x00000000116e552f in /usr/bin/clickhouse
3. DB::DatabaseCatalog::getTable(DB::StorageID const&, std::shared_ptr<DB::Context const>) const @ 0x00000000116ee629 in /usr/bin/clickhouse
4. DB::InterpreterCreateQuery::getTablePropertiesAndNormalizeCreateQuery(DB::ASTCreateQuery&) const @ 0x0000000011ceb744 in /usr/bin/clickhouse
5. DB::InterpreterCreateQuery::createTable(DB::ASTCreateQuery&) @ 0x0000000011cf5264 in /usr/bin/clickhouse
6. DB::InterpreterCreateQuery::execute() @ 0x0000000011d05e20 in /usr/bin/clickhouse
7. DB::executeQueryImpl(char const*, char const*, std::shared_ptr<DB::Context>, bool, DB::QueryProcessingStage::Enum, DB::ReadBuffer*) @ 0x00000000122c98a8 in /usr/bin/clickhouse
8. DB::executeQuery(String const&, std::shared_ptr<DB::Context>, bool, DB::QueryProcessingStage::Enum) @ 0x00000000122c5015 in /usr/bin/clickhouse
9. DB::TCPHandler::runImpl() @ 0x0000000013140ff9 in /usr/bin/clickhouse
10. DB::TCPHandler::run() @ 0x00000000131533d9 in /usr/bin/clickhouse
11. Poco::Net::TCPServerConnection::start() @ 0x0000000015b4dc74 in /usr/bin/clickhouse
12. Poco::Net::TCPServerDispatcher::run() @ 0x0000000015b4ee71 in /usr/bin/clickhouse
13. Poco::PooledThread::run() @ 0x0000000015c85aa7 in /usr/bin/clickhouse
14. Poco::ThreadImpl::runnableEntry(void*) @ 0x0000000015c83d7c in /usr/bin/clickhouse
15. ? @ 0x00007e672b113609 in ?
16. ? @ 0x00007e672b038353 in ?

2026.03.18 20:41:57.953663 [ 43 ] {ef82fe65-01bb-474e-92f6-69a422a6513b} <Error> executeQuery: Code: 81. DB::Exception: Database university does not exist. (UNKNOWN_DATABASE) (version 23.8.16.16 (official build)) (from 127.0.0.1:45108) (in query: CREATE TABLE IF NOT EXISTS test.students ON CLUSTER cluster_3shards AS university.students_local ENGINE = Distributed(cluster_3shards, test, students_local, cityHash64(student_id));), Stack trace (when copying this message, always include the lines below):

0. DB::Exception::Exception(DB::Exception::MessageMasked&&, int, bool) @ 0x000000000c6251d7 in /usr/bin/clickhouse
1. DB::Exception::Exception<String>(int, FormatStringHelperImpl<std::type_identity<String>::type>, String&&) @ 0x0000000007133ded in /usr/bin/clickhouse
2. DB::DatabaseCatalog::getTableImpl(DB::StorageID const&, std::shared_ptr<DB::Context const>, std::optional<DB::Exception>*) const @ 0x00000000116e552f in /usr/bin/clickhouse
3. DB::DatabaseCatalog::getTable(DB::StorageID const&, std::shared_ptr<DB::Context const>) const @ 0x00000000116ee629 in /usr/bin/clickhouse
4. DB::InterpreterCreateQuery::getTablePropertiesAndNormalizeCreateQuery(DB::ASTCreateQuery&) const @ 0x0000000011ceb744 in /usr/bin/clickhouse
5. DB::InterpreterCreateQuery::createTable(DB::ASTCreateQuery&) @ 0x0000000011cf5264 in /usr/bin/clickhouse
6. DB::InterpreterCreateQuery::execute() @ 0x0000000011d05e20 in /usr/bin/clickhouse
7. DB::executeQueryImpl(char const*, char const*, std::shared_ptr<DB::Context>, bool, DB::QueryProcessingStage::Enum, DB::ReadBuffer*) @ 0x00000000122c98a8 in /usr/bin/clickhouse
8. DB::executeQuery(String const&, std::shared_ptr<DB::Context>, bool, DB::QueryProcessingStage::Enum) @ 0x00000000122c5015 in /usr/bin/clickhouse
9. DB::TCPHandler::runImpl() @ 0x0000000013140ff9 in /usr/bin/clickhouse
10. DB::TCPHandler::run() @ 0x00000000131533d9 in /usr/bin/clickhouse
11. Poco::Net::TCPServerConnection::start() @ 0x0000000015b4dc74 in /usr/bin/clickhouse
12. Poco::Net::TCPServerDispatcher::run() @ 0x0000000015b4ee71 in /usr/bin/clickhouse
13. Poco::PooledThread::run() @ 0x0000000015c85aa7 in /usr/bin/clickhouse
14. Poco::ThreadImpl::runnableEntry(void*) @ 0x0000000015c83d7c in /usr/bin/clickhouse
15. ? @ 0x00007e672b113609 in ?
16. ? @ 0x00007e672b038353 in ?

2026.03.18 20:41:57.953790 [ 43 ] {ef82fe65-01bb-474e-92f6-69a422a6513b} <Error> TCPHandler: Code: 81. DB::Exception: Database university does not exist. (UNKNOWN_DATABASE), Stack trace (when copying this message, always include the lines below):

0. DB::Exception::Exception(DB::Exception::MessageMasked&&, int, bool) @ 0x000000000c6251d7 in /usr/bin/clickhouse
1. DB::Exception::Exception<String>(int, FormatStringHelperImpl<std::type_identity<String>::type>, String&&) @ 0x0000000007133ded in /usr/bin/clickhouse
2. DB::DatabaseCatalog::getTableImpl(DB::StorageID const&, std::shared_ptr<DB::Context const>, std::optional<DB::Exception>*) const @ 0x00000000116e552f in /usr/bin/clickhouse
3. DB::DatabaseCatalog::getTable(DB::StorageID const&, std::shared_ptr<DB::Context const>) const @ 0x00000000116ee629 in /usr/bin/clickhouse
4. DB::InterpreterCreateQuery::getTablePropertiesAndNormalizeCreateQuery(DB::ASTCreateQuery&) const @ 0x0000000011ceb744 in /usr/bin/clickhouse
5. DB::InterpreterCreateQuery::createTable(DB::ASTCreateQuery&) @ 0x0000000011cf5264 in /usr/bin/clickhouse
6. DB::InterpreterCreateQuery::execute() @ 0x0000000011d05e20 in /usr/bin/clickhouse
7. DB::executeQueryImpl(char const*, char const*, std::shared_ptr<DB::Context>, bool, DB::QueryProcessingStage::Enum, DB::ReadBuffer*) @ 0x00000000122c98a8 in /usr/bin/clickhouse
8. DB::executeQuery(String const&, std::shared_ptr<DB::Context>, bool, DB::QueryProcessingStage::Enum) @ 0x00000000122c5015 in /usr/bin/clickhouse
9. DB::TCPHandler::runImpl() @ 0x0000000013140ff9 in /usr/bin/clickhouse
10. DB::TCPHandler::run() @ 0x00000000131533d9 in /usr/bin/clickhouse
11. Poco::Net::TCPServerConnection::start() @ 0x0000000015b4dc74 in /usr/bin/clickhouse
12. Poco::Net::TCPServerDispatcher::run() @ 0x0000000015b4ee71 in /usr/bin/clickhouse
13. Poco::PooledThread::run() @ 0x0000000015c85aa7 in /usr/bin/clickhouse
14. Poco::ThreadImpl::runnableEntry(void*) @ 0x0000000015c83d7c in /usr/bin/clickhouse
15. ? @ 0x00007e672b113609 in ?
16. ? @ 0x00007e672b038353 in ?

2026.03.18 21:52:56.938857 [ 43 ] {acfa70e4-296e-4dc5-85df-bdd0376d8412} <Error> executeQuery: Code: 46. DB::Exception: Unknown function arrayRandomSample: While processing concat('TCH', toString(number)) AS teacher_id, concat(arrayRandomSample(['Иванов', 'Петров', 'Сидоров', 'Смирнов', 'Кузнецов', 'Попов', 'Васильев', 'Павлов', 'Соколов', 'Михайлов', 'Федоров', 'Морозов', 'Волков', 'Алексеев', 'Лебедев', 'Семенов', 'Егоров', 'Павлов', 'Козлов', 'Степанов'], 1)[1], ' ', arrayRandomSample(['Александр', 'Дмитрий', 'Максим', 'Сергей', 'Андрей', 'Алексей', 'Артем', 'Илья', 'Кирилл', 'Михаил', 'Никита', 'Роман', 'Егор', 'Владимир', 'Иван', 'Олег', 'Петр', 'Юрий', 'Константин', 'Николай'], 1)[1], ' ', arrayRandomSample(['Александрович', 'Дмитриевич', 'Сергеевич', 'Андреевич', 'Алексеевич', 'Игоревич', 'Павлович', 'Владимирович', 'Николаевич', 'Михайлович', 'Петрович', 'Викторович', 'Васильевич', 'Юрьевич', 'Константинович', 'Евгеньевич', 'Романович', 'Аркадьевич', 'Борисович', 'Григорьевич'], 1)[1]) AS full_name, concat(lower(arrayRandomSample(['ivanov', 'petrov', 'sidorov', 'smirnov', 'kuznetsov', 'popov', 'vasiliev', 'pavlov', 'sokolov', 'mikhailov'], 1)[1]), '.', lower(arrayRandomSample(['a', 'd', 'm', 's', 'an', 'al', 'ar', 'i', 'k', 'mi'], 1)[1]), '@university.ru') AS email, arrayRandomSample(['professor', 'associate professor', 'senior lecturer', 'lecturer', 'assistant'], 1)[1] AS position, arrayRandomSample(['DSc', 'PhD', 'MSc', 'BA', 'MA'], 1)[1] AS degree, toDate('2010-01-01') + (rand() % 4000) AS hire_date, 900 AS max_hours, (rand() % 500) + 300 AS current_hours. (UNKNOWN_FUNCTION) (version 23.8.16.16 (official build)) (from 127.0.0.1:40076) (in query: -- =====================================================
 INSERT INTO test.teachers (teacher_id, full_name, email, position, degree, hire_date, max_hours, current_hours) SELECT concat('TCH', toString(number)) as teacher_id, concat( arrayRandomSample(['Иванов', 'Петров', 'Сидоров', 'Смирнов', 'Кузнецов', 'Попов', 'Васильев', 'Павлов', 'Соколов', 'Михайлов', 'Федоров', 'Морозов', 'Волков', 'Алексеев', 'Лебедев', 'Семенов', 'Егоров', 'Павлов', 'Козлов', 'Степанов'], 1)[1], ' ', arrayRandomSample(['Александр', 'Дмитрий', 'Максим', 'Сергей', 'Андрей', 'Алексей', 'Артем', 'Илья', 'Кирилл', 'Михаил', 'Никита', 'Роман', 'Егор', 'Владимир', 'Иван', 'Олег', 'Петр', 'Юрий', 'Константин', 'Николай'], 1)[1], ' ', arrayRandomSample(['Александрович', 'Дмитриевич', 'Сергеевич', 'Андреевич', 'Алексеевич', 'Игоревич', 'Павлович', 'Владимирович', 'Николаевич', 'Михайлович', 'Петрович', 'Викторович', 'Васильевич', 'Юрьевич', 'Константинович', 'Евгеньевич', 'Романович', 'Аркадьевич', 'Борисович', 'Григорьевич'], 1)[1] ) as full_name, concat(lower(arrayRandomSample(['ivanov', 'petrov', 'sidorov', 'smirnov', 'kuznetsov', 'popov', 'vasiliev', 'pavlov', 'sokolov', 'mikhailov'], 1)[1]), '.', lower(arrayRandomSample(['a', 'd', 'm', 's', 'an', 'al', 'ar', 'i', 'k', 'mi'], 1)[1]), '@university.ru') as email, arrayRandomSample(['professor', 'associate professor', 'senior lecturer', 'lecturer', 'assistant'], 1)[1] as position, arrayRandomSample(['DSc', 'PhD', 'MSc', 'BA', 'MA'], 1)[1] as degree, toDate('2010-01-01') + rand() % 4000 as hire_date, 900 as max_hours, rand() % 500 + 300 as current_hours FROM numbers(1, 100);), Stack trace (when copying this message, always include the lines below):

0. DB::Exception::Exception(DB::Exception::MessageMasked&&, int, bool) @ 0x000000000c6251d7 in /usr/bin/clickhouse
1. DB::Exception::Exception<String const&, String&>(int, FormatStringHelperImpl<std::type_identity<String const&>::type, std::type_identity<String&>::type>, String const&, String&) @ 0x000000000c6d2a07 in /usr/bin/clickhouse
2. DB::FunctionFactory::getImpl(String const&, std::shared_ptr<DB::Context const>) const @ 0x0000000010c092c8 in /usr/bin/clickhouse
3. DB::FunctionFactory::get(String const&, std::shared_ptr<DB::Context const>) const @ 0x0000000010c09d2a in /usr/bin/clickhouse
4. DB::ActionsMatcher::visit(DB::ASTFunction const&, std::shared_ptr<DB::IAST> const&, DB::ActionsMatcher::Data&) @ 0x000000001179912b in /usr/bin/clickhouse
5. DB::ActionsMatcher::visit(DB::ASTFunction const&, std::shared_ptr<DB::IAST> const&, DB::ActionsMatcher::Data&) @ 0x0000000011799cab in /usr/bin/clickhouse
6. DB::ActionsMatcher::visit(DB::ASTFunction const&, std::shared_ptr<DB::IAST> const&, DB::ActionsMatcher::Data&) @ 0x0000000011799cab in /usr/bin/clickhouse
7. DB::ActionsMatcher::visit(std::shared_ptr<DB::IAST> const&, DB::ActionsMatcher::Data&) @ 0x0000000011795c68 in /usr/bin/clickhouse
8. DB::InDepthNodeVisitor<DB::ActionsMatcher, true, false, std::shared_ptr<DB::IAST> const>::doVisit(std::shared_ptr<DB::IAST> const&) @ 0x000000001178d855 in /usr/bin/clickhouse
9. DB::ExpressionAnalyzer::getRootActions(std::shared_ptr<DB::IAST> const&, bool, std::shared_ptr<DB::ActionsDAG>&, bool) @ 0x000000001176b73b in /usr/bin/clickhouse
10. DB::SelectQueryExpressionAnalyzer::appendSelect(DB::ExpressionActionsChain&, bool) @ 0x0000000011773ad8 in /usr/bin/clickhouse
11. DB::ExpressionAnalysisResult::ExpressionAnalysisResult(DB::SelectQueryExpressionAnalyzer&, std::shared_ptr<DB::StorageInMemoryMetadata const> const&, bool, bool, bool, std::shared_ptr<DB::FilterDAGInfo> const&, std::shared_ptr<DB::FilterDAGInfo> const&, DB::Block const&) @ 0x000000001177c131 in /usr/bin/clickhouse
12. DB::InterpreterSelectQuery::getSampleBlockImpl() @ 0x0000000011eeb3e3 in /usr/bin/clickhouse
13. DB::InterpreterSelectQuery::InterpreterSelectQuery(std::shared_ptr<DB::IAST> const&, std::shared_ptr<DB::Context> const&, std::optional<DB::Pipe>, std::shared_ptr<DB::IStorage> const&, DB::SelectQueryOptions const&, std::vector<String, std::allocator<String>> const&, std::shared_ptr<DB::StorageInMemoryMetadata const> const&, std::shared_ptr<DB::PreparedSets>)::$_0::operator()(bool) const @ 0x0000000011edc3ba in /usr/bin/clickhouse
14. DB::InterpreterSelectQuery::InterpreterSelectQuery(std::shared_ptr<DB::IAST> const&, std::shared_ptr<DB::Context> const&, std::optional<DB::Pipe>, std::shared_ptr<DB::IStorage> const&, DB::SelectQueryOptions const&, std::vector<String, std::allocator<String>> const&, std::shared_ptr<DB::StorageInMemoryMetadata const> const&, std::shared_ptr<DB::PreparedSets>) @ 0x0000000011ece615 in /usr/bin/clickhouse
15. DB::InterpreterSelectWithUnionQuery::InterpreterSelectWithUnionQuery(std::shared_ptr<DB::IAST> const&, std::shared_ptr<DB::Context>, DB::SelectQueryOptions const&, std::vector<String, std::allocator<String>> const&) @ 0x0000000011f7e3a8 in /usr/bin/clickhouse
16. DB::InterpreterInsertQuery::execute() @ 0x0000000011ea8993 in /usr/bin/clickhouse
17. DB::executeQueryImpl(char const*, char const*, std::shared_ptr<DB::Context>, bool, DB::QueryProcessingStage::Enum, DB::ReadBuffer*) @ 0x00000000122c98a8 in /usr/bin/clickhouse
18. DB::executeQuery(String const&, std::shared_ptr<DB::Context>, bool, DB::QueryProcessingStage::Enum) @ 0x00000000122c5015 in /usr/bin/clickhouse
19. DB::TCPHandler::runImpl() @ 0x0000000013140ff9 in /usr/bin/clickhouse
20. DB::TCPHandler::run() @ 0x00000000131533d9 in /usr/bin/clickhouse
21. Poco::Net::TCPServerConnection::start() @ 0x0000000015b4dc74 in /usr/bin/clickhouse
22. Poco::Net::TCPServerDispatcher::run() @ 0x0000000015b4ee71 in /usr/bin/clickhouse
23. Poco::PooledThread::run() @ 0x0000000015c85aa7 in /usr/bin/clickhouse
24. Poco::ThreadImpl::runnableEntry(void*) @ 0x0000000015c83d7c in /usr/bin/clickhouse
25. ? @ 0x00007e672b113609 in ?
26. ? @ 0x00007e672b038353 in ?

2026.03.18 21:52:56.938991 [ 43 ] {acfa70e4-296e-4dc5-85df-bdd0376d8412} <Error> TCPHandler: Code: 46. DB::Exception: Unknown function arrayRandomSample: While processing concat('TCH', toString(number)) AS teacher_id, concat(arrayRandomSample(['Иванов', 'Петров', 'Сидоров', 'Смирнов', 'Кузнецов', 'Попов', 'Васильев', 'Павлов', 'Соколов', 'Михайлов', 'Федоров', 'Морозов', 'Волков', 'Алексеев', 'Лебедев', 'Семенов', 'Егоров', 'Павлов', 'Козлов', 'Степанов'], 1)[1], ' ', arrayRandomSample(['Александр', 'Дмитрий', 'Максим', 'Сергей', 'Андрей', 'Алексей', 'Артем', 'Илья', 'Кирилл', 'Михаил', 'Никита', 'Роман', 'Егор', 'Владимир', 'Иван', 'Олег', 'Петр', 'Юрий', 'Константин', 'Николай'], 1)[1], ' ', arrayRandomSample(['Александрович', 'Дмитриевич', 'Сергеевич', 'Андреевич', 'Алексеевич', 'Игоревич', 'Павлович', 'Владимирович', 'Николаевич', 'Михайлович', 'Петрович', 'Викторович', 'Васильевич', 'Юрьевич', 'Константинович', 'Евгеньевич', 'Романович', 'Аркадьевич', 'Борисович', 'Григорьевич'], 1)[1]) AS full_name, concat(lower(arrayRandomSample(['ivanov', 'petrov', 'sidorov', 'smirnov', 'kuznetsov', 'popov', 'vasiliev', 'pavlov', 'sokolov', 'mikhailov'], 1)[1]), '.', lower(arrayRandomSample(['a', 'd', 'm', 's', 'an', 'al', 'ar', 'i', 'k', 'mi'], 1)[1]), '@university.ru') AS email, arrayRandomSample(['professor', 'associate professor', 'senior lecturer', 'lecturer', 'assistant'], 1)[1] AS position, arrayRandomSample(['DSc', 'PhD', 'MSc', 'BA', 'MA'], 1)[1] AS degree, toDate('2010-01-01') + (rand() % 4000) AS hire_date, 900 AS max_hours, (rand() % 500) + 300 AS current_hours. (UNKNOWN_FUNCTION), Stack trace (when copying this message, always include the lines below):

0. DB::Exception::Exception(DB::Exception::MessageMasked&&, int, bool) @ 0x000000000c6251d7 in /usr/bin/clickhouse
1. DB::Exception::Exception<String const&, String&>(int, FormatStringHelperImpl<std::type_identity<String const&>::type, std::type_identity<String&>::type>, String const&, String&) @ 0x000000000c6d2a07 in /usr/bin/clickhouse
2. DB::FunctionFactory::getImpl(String const&, std::shared_ptr<DB::Context const>) const @ 0x0000000010c092c8 in /usr/bin/clickhouse
3. DB::FunctionFactory::get(String const&, std::shared_ptr<DB::Context const>) const @ 0x0000000010c09d2a in /usr/bin/clickhouse
4. DB::ActionsMatcher::visit(DB::ASTFunction const&, std::shared_ptr<DB::IAST> const&, DB::ActionsMatcher::Data&) @ 0x000000001179912b in /usr/bin/clickhouse
5. DB::ActionsMatcher::visit(DB::ASTFunction const&, std::shared_ptr<DB::IAST> const&, DB::ActionsMatcher::Data&) @ 0x0000000011799cab in /usr/bin/clickhouse
6. DB::ActionsMatcher::visit(DB::ASTFunction const&, std::shared_ptr<DB::IAST> const&, DB::ActionsMatcher::Data&) @ 0x0000000011799cab in /usr/bin/clickhouse
7. DB::ActionsMatcher::visit(std::shared_ptr<DB::IAST> const&, DB::ActionsMatcher::Data&) @ 0x0000000011795c68 in /usr/bin/clickhouse
8. DB::InDepthNodeVisitor<DB::ActionsMatcher, true, false, std::shared_ptr<DB::IAST> const>::doVisit(std::shared_ptr<DB::IAST> const&) @ 0x000000001178d855 in /usr/bin/clickhouse
9. DB::ExpressionAnalyzer::getRootActions(std::shared_ptr<DB::IAST> const&, bool, std::shared_ptr<DB::ActionsDAG>&, bool) @ 0x000000001176b73b in /usr/bin/clickhouse
10. DB::SelectQueryExpressionAnalyzer::appendSelect(DB::ExpressionActionsChain&, bool) @ 0x0000000011773ad8 in /usr/bin/clickhouse
11. DB::ExpressionAnalysisResult::ExpressionAnalysisResult(DB::SelectQueryExpressionAnalyzer&, std::shared_ptr<DB::StorageInMemoryMetadata const> const&, bool, bool, bool, std::shared_ptr<DB::FilterDAGInfo> const&, std::shared_ptr<DB::FilterDAGInfo> const&, DB::Block const&) @ 0x000000001177c131 in /usr/bin/clickhouse
12. DB::InterpreterSelectQuery::getSampleBlockImpl() @ 0x0000000011eeb3e3 in /usr/bin/clickhouse
13. DB::InterpreterSelectQuery::InterpreterSelectQuery(std::shared_ptr<DB::IAST> const&, std::shared_ptr<DB::Context> const&, std::optional<DB::Pipe>, std::shared_ptr<DB::IStorage> const&, DB::SelectQueryOptions const&, std::vector<String, std::allocator<String>> const&, std::shared_ptr<DB::StorageInMemoryMetadata const> const&, std::shared_ptr<DB::PreparedSets>)::$_0::operator()(bool) const @ 0x0000000011edc3ba in /usr/bin/clickhouse
14. DB::InterpreterSelectQuery::InterpreterSelectQuery(std::shared_ptr<DB::IAST> const&, std::shared_ptr<DB::Context> const&, std::optional<DB::Pipe>, std::shared_ptr<DB::IStorage> const&, DB::SelectQueryOptions const&, std::vector<String, std::allocator<String>> const&, std::shared_ptr<DB::StorageInMemoryMetadata const> const&, std::shared_ptr<DB::PreparedSets>) @ 0x0000000011ece615 in /usr/bin/clickhouse
15. DB::InterpreterSelectWithUnionQuery::InterpreterSelectWithUnionQuery(std::shared_ptr<DB::IAST> const&, std::shared_ptr<DB::Context>, DB::SelectQueryOptions const&, std::vector<String, std::allocator<String>> const&) @ 0x0000000011f7e3a8 in /usr/bin/clickhouse
16. DB::InterpreterInsertQuery::execute() @ 0x0000000011ea8993 in /usr/bin/clickhouse
17. DB::executeQueryImpl(char const*, char const*, std::shared_ptr<DB::Context>, bool, DB::QueryProcessingStage::Enum, DB::ReadBuffer*) @ 0x00000000122c98a8 in /usr/bin/clickhouse
18. DB::executeQuery(String const&, std::shared_ptr<DB::Context>, bool, DB::QueryProcessingStage::Enum) @ 0x00000000122c5015 in /usr/bin/clickhouse
19. DB::TCPHandler::runImpl() @ 0x0000000013140ff9 in /usr/bin/clickhouse
20. DB::TCPHandler::run() @ 0x00000000131533d9 in /usr/bin/clickhouse
21. Poco::Net::TCPServerConnection::start() @ 0x0000000015b4dc74 in /usr/bin/clickhouse
22. Poco::Net::TCPServerDispatcher::run() @ 0x0000000015b4ee71 in /usr/bin/clickhouse
23. Poco::PooledThread::run() @ 0x0000000015c85aa7 in /usr/bin/clickhouse
24. Poco::ThreadImpl::runnableEntry(void*) @ 0x0000000015c83d7c in /usr/bin/clickhouse
25. ? @ 0x00007e672b113609 in ?
26. ? @ 0x00007e672b038353 in ?

2026.03.18 22:16:34.749647 [ 44 ] {8be3fb7d-c9c2-40ec-af20-829f0a652263} <Error> executeQuery: Code: 47. DB::Exception: Missing columns: 's.student_id' while processing query: 'SELECT count() FROM grades WHERE student_id = s.student_id', required columns: 'student_id' 's.student_id', maybe you meant: 'student_id': While processing (SELECT count() FROM grades WHERE student_id = s.student_id) AS grades_count. (UNKNOWN_IDENTIFIER) (version 23.8.16.16 (official build)) (from 172.18.0.1:50266) (in query:  SELECT full_name, faculty_code, group_code, gpa, (SELECT count() FROM grades WHERE student_id = s.student_id) as grades_count FROM students s WHERE status = 'active' ORDER BY gpa DESC LIMIT 10 ), Stack trace (when copying this message, always include the lines below):

0. DB::Exception::Exception(DB::Exception::MessageMasked&&, int, bool) @ 0x000000000c6251d7 in /usr/bin/clickhouse
1. DB::Exception::Exception(PreformattedMessage&&, int) @ 0x000000000715b6b1 in /usr/bin/clickhouse
2. DB::TreeRewriterResult::collectUsedColumns(std::shared_ptr<DB::IAST> const&, bool, bool) @ 0x00000000122245f9 in /usr/bin/clickhouse
3. DB::TreeRewriter::analyzeSelect(std::shared_ptr<DB::IAST>&, DB::TreeRewriterResult&&, DB::SelectQueryOptions const&, std::vector<DB::TableWithColumnNamesAndTypes, std::allocator<DB::TableWithColumnNamesAndTypes>> const&, std::vector<String, std::allocator<String>> const&, std::shared_ptr<DB::TableJoin>) const @ 0x0000000012229261 in /usr/bin/clickhouse
4. DB::InterpreterSelectQuery::InterpreterSelectQuery(std::shared_ptr<DB::IAST> const&, std::shared_ptr<DB::Context> const&, std::optional<DB::Pipe>, std::shared_ptr<DB::IStorage> const&, DB::SelectQueryOptions const&, std::vector<String, std::allocator<String>> const&, std::shared_ptr<DB::StorageInMemoryMetadata const> const&, std::shared_ptr<DB::PreparedSets>)::$_0::operator()(bool) const @ 0x0000000011eda5bc in /usr/bin/clickhouse
5. DB::InterpreterSelectQuery::InterpreterSelectQuery(std::shared_ptr<DB::IAST> const&, std::shared_ptr<DB::Context> const&, std::optional<DB::Pipe>, std::shared_ptr<DB::IStorage> const&, DB::SelectQueryOptions const&, std::vector<String, std::allocator<String>> const&, std::shared_ptr<DB::StorageInMemoryMetadata const> const&, std::shared_ptr<DB::PreparedSets>) @ 0x0000000011ece615 in /usr/bin/clickhouse
6. DB::InterpreterSelectWithUnionQuery::InterpreterSelectWithUnionQuery(std::shared_ptr<DB::IAST> const&, std::shared_ptr<DB::Context>, DB::SelectQueryOptions const&, std::vector<String, std::allocator<String>> const&) @ 0x0000000011f7e3a8 in /usr/bin/clickhouse
7. DB::getQueryInterpreter(DB::ASTSubquery const&, DB::ExecuteScalarSubqueriesMatcher::Data&) @ 0x000000001200d7e7 in /usr/bin/clickhouse
8. DB::ExecuteScalarSubqueriesMatcher::visit(DB::ASTSubquery const&, std::shared_ptr<DB::IAST>&, DB::ExecuteScalarSubqueriesMatcher::Data&) @ 0x000000001200921c in /usr/bin/clickhouse
9. DB::InDepthNodeVisitor<DB::ExecuteScalarSubqueriesMatcher, true, false, std::shared_ptr<DB::IAST>>::doVisit(std::shared_ptr<DB::IAST>&) @ 0x0000000012007f7d in /usr/bin/clickhouse
10. void DB::InDepthNodeVisitor<DB::ExecuteScalarSubqueriesMatcher, true, false, std::shared_ptr<DB::IAST>>::visitChildren<false>(std::shared_ptr<DB::IAST>&) @ 0x00000000120080d9 in /usr/bin/clickhouse
11. void DB::InDepthNodeVisitor<DB::ExecuteScalarSubqueriesMatcher, true, false, std::shared_ptr<DB::IAST>>::visitChildren<false>(std::shared_ptr<DB::IAST>&) @ 0x00000000120080e4 in /usr/bin/clickhouse
12. DB::(anonymous namespace)::executeScalarSubqueries(std::shared_ptr<DB::IAST>&, std::shared_ptr<DB::Context const>, unsigned long, std::map<String, DB::Block, std::less<String>, std::allocator<std::pair<String const, DB::Block>>>&, std::map<String, DB::Block, std::less<String>, std::allocator<std::pair<String const, DB::Block>>>&, bool, bool) @ 0x000000001222b711 in /usr/bin/clickhouse
13. DB::TreeRewriter::analyzeSelect(std::shared_ptr<DB::IAST>&, DB::TreeRewriterResult&&, DB::SelectQueryOptions const&, std::vector<DB::TableWithColumnNamesAndTypes, std::allocator<DB::TableWithColumnNamesAndTypes>> const&, std::vector<String, std::allocator<String>> const&, std::shared_ptr<DB::TableJoin>) const @ 0x0000000012227281 in /usr/bin/clickhouse
14. DB::InterpreterSelectQuery::InterpreterSelectQuery(std::shared_ptr<DB::IAST> const&, std::shared_ptr<DB::Context> const&, std::optional<DB::Pipe>, std::shared_ptr<DB::IStorage> const&, DB::SelectQueryOptions const&, std::vector<String, std::allocator<String>> const&, std::shared_ptr<DB::StorageInMemoryMetadata const> const&, std::shared_ptr<DB::PreparedSets>)::$_0::operator()(bool) const @ 0x0000000011eda5bc in /usr/bin/clickhouse
15. DB::InterpreterSelectQuery::InterpreterSelectQuery(std::shared_ptr<DB::IAST> const&, std::shared_ptr<DB::Context> const&, std::optional<DB::Pipe>, std::shared_ptr<DB::IStorage> const&, DB::SelectQueryOptions const&, std::vector<String, std::allocator<String>> const&, std::shared_ptr<DB::StorageInMemoryMetadata const> const&, std::shared_ptr<DB::PreparedSets>) @ 0x0000000011ece615 in /usr/bin/clickhouse
16. DB::InterpreterSelectWithUnionQuery::InterpreterSelectWithUnionQuery(std::shared_ptr<DB::IAST> const&, std::shared_ptr<DB::Context>, DB::SelectQueryOptions const&, std::vector<String, std::allocator<String>> const&) @ 0x0000000011f7e3a8 in /usr/bin/clickhouse
17. DB::InterpreterFactory::get(std::shared_ptr<DB::IAST>&, std::shared_ptr<DB::Context>, DB::SelectQueryOptions const&) @ 0x0000000011e845be in /usr/bin/clickhouse
18. DB::executeQueryImpl(char const*, char const*, std::shared_ptr<DB::Context>, bool, DB::QueryProcessingStage::Enum, DB::ReadBuffer*) @ 0x00000000122c902a in /usr/bin/clickhouse
19. DB::executeQuery(String const&, std::shared_ptr<DB::Context>, bool, DB::QueryProcessingStage::Enum) @ 0x00000000122c5015 in /usr/bin/clickhouse
20. DB::TCPHandler::runImpl() @ 0x0000000013140ff9 in /usr/bin/clickhouse
21. DB::TCPHandler::run() @ 0x00000000131533d9 in /usr/bin/clickhouse
22. Poco::Net::TCPServerConnection::start() @ 0x0000000015b4dc74 in /usr/bin/clickhouse
23. Poco::Net::TCPServerDispatcher::run() @ 0x0000000015b4ee71 in /usr/bin/clickhouse
24. Poco::PooledThread::run() @ 0x0000000015c85aa7 in /usr/bin/clickhouse
25. Poco::ThreadImpl::runnableEntry(void*) @ 0x0000000015c83d7c in /usr/bin/clickhouse
26. ? @ 0x00007e672b113609 in ?
27. ? @ 0x00007e672b038353 in ?

2026.03.18 22:16:34.749758 [ 44 ] {8be3fb7d-c9c2-40ec-af20-829f0a652263} <Error> TCPHandler: Code: 47. DB::Exception: Missing columns: 's.student_id' while processing query: 'SELECT count() FROM grades WHERE student_id = s.student_id', required columns: 'student_id' 's.student_id', maybe you meant: 'student_id': While processing (SELECT count() FROM grades WHERE student_id = s.student_id) AS grades_count. (UNKNOWN_IDENTIFIER), Stack trace (when copying this message, always include the lines below):

0. DB::Exception::Exception(DB::Exception::MessageMasked&&, int, bool) @ 0x000000000c6251d7 in /usr/bin/clickhouse
1. DB::Exception::Exception(PreformattedMessage&&, int) @ 0x000000000715b6b1 in /usr/bin/clickhouse
2. DB::TreeRewriterResult::collectUsedColumns(std::shared_ptr<DB::IAST> const&, bool, bool) @ 0x00000000122245f9 in /usr/bin/clickhouse
3. DB::TreeRewriter::analyzeSelect(std::shared_ptr<DB::IAST>&, DB::TreeRewriterResult&&, DB::SelectQueryOptions const&, std::vector<DB::TableWithColumnNamesAndTypes, std::allocator<DB::TableWithColumnNamesAndTypes>> const&, std::vector<String, std::allocator<String>> const&, std::shared_ptr<DB::TableJoin>) const @ 0x0000000012229261 in /usr/bin/clickhouse
4. DB::InterpreterSelectQuery::InterpreterSelectQuery(std::shared_ptr<DB::IAST> const&, std::shared_ptr<DB::Context> const&, std::optional<DB::Pipe>, std::shared_ptr<DB::IStorage> const&, DB::SelectQueryOptions const&, std::vector<String, std::allocator<String>> const&, std::shared_ptr<DB::StorageInMemoryMetadata const> const&, std::shared_ptr<DB::PreparedSets>)::$_0::operator()(bool) const @ 0x0000000011eda5bc in /usr/bin/clickhouse
5. DB::InterpreterSelectQuery::InterpreterSelectQuery(std::shared_ptr<DB::IAST> const&, std::shared_ptr<DB::Context> const&, std::optional<DB::Pipe>, std::shared_ptr<DB::IStorage> const&, DB::SelectQueryOptions const&, std::vector<String, std::allocator<String>> const&, std::shared_ptr<DB::StorageInMemoryMetadata const> const&, std::shared_ptr<DB::PreparedSets>) @ 0x0000000011ece615 in /usr/bin/clickhouse
6. DB::InterpreterSelectWithUnionQuery::InterpreterSelectWithUnionQuery(std::shared_ptr<DB::IAST> const&, std::shared_ptr<DB::Context>, DB::SelectQueryOptions const&, std::vector<String, std::allocator<String>> const&) @ 0x0000000011f7e3a8 in /usr/bin/clickhouse
7. DB::getQueryInterpreter(DB::ASTSubquery const&, DB::ExecuteScalarSubqueriesMatcher::Data&) @ 0x000000001200d7e7 in /usr/bin/clickhouse
8. DB::ExecuteScalarSubqueriesMatcher::visit(DB::ASTSubquery const&, std::shared_ptr<DB::IAST>&, DB::ExecuteScalarSubqueriesMatcher::Data&) @ 0x000000001200921c in /usr/bin/clickhouse
9. DB::InDepthNodeVisitor<DB::ExecuteScalarSubqueriesMatcher, true, false, std::shared_ptr<DB::IAST>>::doVisit(std::shared_ptr<DB::IAST>&) @ 0x0000000012007f7d in /usr/bin/clickhouse
10. void DB::InDepthNodeVisitor<DB::ExecuteScalarSubqueriesMatcher, true, false, std::shared_ptr<DB::IAST>>::visitChildren<false>(std::shared_ptr<DB::IAST>&) @ 0x00000000120080d9 in /usr/bin/clickhouse
11. void DB::InDepthNodeVisitor<DB::ExecuteScalarSubqueriesMatcher, true, false, std::shared_ptr<DB::IAST>>::visitChildren<false>(std::shared_ptr<DB::IAST>&) @ 0x00000000120080e4 in /usr/bin/clickhouse
12. DB::(anonymous namespace)::executeScalarSubqueries(std::shared_ptr<DB::IAST>&, std::shared_ptr<DB::Context const>, unsigned long, std::map<String, DB::Block, std::less<String>, std::allocator<std::pair<String const, DB::Block>>>&, std::map<String, DB::Block, std::less<String>, std::allocator<std::pair<String const, DB::Block>>>&, bool, bool) @ 0x000000001222b711 in /usr/bin/clickhouse
13. DB::TreeRewriter::analyzeSelect(std::shared_ptr<DB::IAST>&, DB::TreeRewriterResult&&, DB::SelectQueryOptions const&, std::vector<DB::TableWithColumnNamesAndTypes, std::allocator<DB::TableWithColumnNamesAndTypes>> const&, std::vector<String, std::allocator<String>> const&, std::shared_ptr<DB::TableJoin>) const @ 0x0000000012227281 in /usr/bin/clickhouse
14. DB::InterpreterSelectQuery::InterpreterSelectQuery(std::shared_ptr<DB::IAST> const&, std::shared_ptr<DB::Context> const&, std::optional<DB::Pipe>, std::shared_ptr<DB::IStorage> const&, DB::SelectQueryOptions const&, std::vector<String, std::allocator<String>> const&, std::shared_ptr<DB::StorageInMemoryMetadata const> const&, std::shared_ptr<DB::PreparedSets>)::$_0::operator()(bool) const @ 0x0000000011eda5bc in /usr/bin/clickhouse
15. DB::InterpreterSelectQuery::InterpreterSelectQuery(std::shared_ptr<DB::IAST> const&, std::shared_ptr<DB::Context> const&, std::optional<DB::Pipe>, std::shared_ptr<DB::IStorage> const&, DB::SelectQueryOptions const&, std::vector<String, std::allocator<String>> const&, std::shared_ptr<DB::StorageInMemoryMetadata const> const&, std::shared_ptr<DB::PreparedSets>) @ 0x0000000011ece615 in /usr/bin/clickhouse
16. DB::InterpreterSelectWithUnionQuery::InterpreterSelectWithUnionQuery(std::shared_ptr<DB::IAST> const&, std::shared_ptr<DB::Context>, DB::SelectQueryOptions const&, std::vector<String, std::allocator<String>> const&) @ 0x0000000011f7e3a8 in /usr/bin/clickhouse
17. DB::InterpreterFactory::get(std::shared_ptr<DB::IAST>&, std::shared_ptr<DB::Context>, DB::SelectQueryOptions const&) @ 0x0000000011e845be in /usr/bin/clickhouse
18. DB::executeQueryImpl(char const*, char const*, std::shared_ptr<DB::Context>, bool, DB::QueryProcessingStage::Enum, DB::ReadBuffer*) @ 0x00000000122c902a in /usr/bin/clickhouse
19. DB::executeQuery(String const&, std::shared_ptr<DB::Context>, bool, DB::QueryProcessingStage::Enum) @ 0x00000000122c5015 in /usr/bin/clickhouse
20. DB::TCPHandler::runImpl() @ 0x0000000013140ff9 in /usr/bin/clickhouse
21. DB::TCPHandler::run() @ 0x00000000131533d9 in /usr/bin/clickhouse
22. Poco::Net::TCPServerConnection::start() @ 0x0000000015b4dc74 in /usr/bin/clickhouse
23. Poco::Net::TCPServerDispatcher::run() @ 0x0000000015b4ee71 in /usr/bin/clickhouse
24. Poco::PooledThread::run() @ 0x0000000015c85aa7 in /usr/bin/clickhouse
25. Poco::ThreadImpl::runnableEntry(void*) @ 0x0000000015c83d7c in /usr/bin/clickhouse
26. ? @ 0x00007e672b113609 in ?
27. ? @ 0x00007e672b038353 in ?

2026.03.18 22:16:50.402579 [ 44 ] {3f3b1404-a675-43f2-8d6d-38139fd35bdd} <Error> executeQuery: Code: 47. DB::Exception: Missing columns: 's.student_id' while processing query: 'SELECT count() FROM grades WHERE student_id = s.student_id', required columns: 'student_id' 's.student_id', maybe you meant: 'student_id': While processing (SELECT count() FROM grades WHERE student_id = s.student_id) AS grades_count. (UNKNOWN_IDENTIFIER) (version 23.8.16.16 (official build)) (from 172.18.0.1:53034) (in query:  SELECT full_name, faculty_code, group_code, gpa, (SELECT count() FROM grades WHERE student_id = s.student_id) as grades_count FROM students s WHERE status = 'active' ORDER BY gpa DESC LIMIT 10 ), Stack trace (when copying this message, always include the lines below):

0. DB::Exception::Exception(DB::Exception::MessageMasked&&, int, bool) @ 0x000000000c6251d7 in /usr/bin/clickhouse
1. DB::Exception::Exception(PreformattedMessage&&, int) @ 0x000000000715b6b1 in /usr/bin/clickhouse
2. DB::TreeRewriterResult::collectUsedColumns(std::shared_ptr<DB::IAST> const&, bool, bool) @ 0x00000000122245f9 in /usr/bin/clickhouse
3. DB::TreeRewriter::analyzeSelect(std::shared_ptr<DB::IAST>&, DB::TreeRewriterResult&&, DB::SelectQueryOptions const&, std::vector<DB::TableWithColumnNamesAndTypes, std::allocator<DB::TableWithColumnNamesAndTypes>> const&, std::vector<String, std::allocator<String>> const&, std::shared_ptr<DB::TableJoin>) const @ 0x0000000012229261 in /usr/bin/clickhouse
4. DB::InterpreterSelectQuery::InterpreterSelectQuery(std::shared_ptr<DB::IAST> const&, std::shared_ptr<DB::Context> const&, std::optional<DB::Pipe>, std::shared_ptr<DB::IStorage> const&, DB::SelectQueryOptions const&, std::vector<String, std::allocator<String>> const&, std::shared_ptr<DB::StorageInMemoryMetadata const> const&, std::shared_ptr<DB::PreparedSets>)::$_0::operator()(bool) const @ 0x0000000011eda5bc in /usr/bin/clickhouse
5. DB::InterpreterSelectQuery::InterpreterSelectQuery(std::shared_ptr<DB::IAST> const&, std::shared_ptr<DB::Context> const&, std::optional<DB::Pipe>, std::shared_ptr<DB::IStorage> const&, DB::SelectQueryOptions const&, std::vector<String, std::allocator<String>> const&, std::shared_ptr<DB::StorageInMemoryMetadata const> const&, std::shared_ptr<DB::PreparedSets>) @ 0x0000000011ece615 in /usr/bin/clickhouse
6. DB::InterpreterSelectWithUnionQuery::InterpreterSelectWithUnionQuery(std::shared_ptr<DB::IAST> const&, std::shared_ptr<DB::Context>, DB::SelectQueryOptions const&, std::vector<String, std::allocator<String>> const&) @ 0x0000000011f7e3a8 in /usr/bin/clickhouse
7. DB::getQueryInterpreter(DB::ASTSubquery const&, DB::ExecuteScalarSubqueriesMatcher::Data&) @ 0x000000001200d7e7 in /usr/bin/clickhouse
8. DB::ExecuteScalarSubqueriesMatcher::visit(DB::ASTSubquery const&, std::shared_ptr<DB::IAST>&, DB::ExecuteScalarSubqueriesMatcher::Data&) @ 0x000000001200921c in /usr/bin/clickhouse
9. DB::InDepthNodeVisitor<DB::ExecuteScalarSubqueriesMatcher, true, false, std::shared_ptr<DB::IAST>>::doVisit(std::shared_ptr<DB::IAST>&) @ 0x0000000012007f7d in /usr/bin/clickhouse
10. void DB::InDepthNodeVisitor<DB::ExecuteScalarSubqueriesMatcher, true, false, std::shared_ptr<DB::IAST>>::visitChildren<false>(std::shared_ptr<DB::IAST>&) @ 0x00000000120080d9 in /usr/bin/clickhouse
11. void DB::InDepthNodeVisitor<DB::ExecuteScalarSubqueriesMatcher, true, false, std::shared_ptr<DB::IAST>>::visitChildren<false>(std::shared_ptr<DB::IAST>&) @ 0x00000000120080e4 in /usr/bin/clickhouse
12. DB::(anonymous namespace)::executeScalarSubqueries(std::shared_ptr<DB::IAST>&, std::shared_ptr<DB::Context const>, unsigned long, std::map<String, DB::Block, std::less<String>, std::allocator<std::pair<String const, DB::Block>>>&, std::map<String, DB::Block, std::less<String>, std::allocator<std::pair<String const, DB::Block>>>&, bool, bool) @ 0x000000001222b711 in /usr/bin/clickhouse
13. DB::TreeRewriter::analyzeSelect(std::shared_ptr<DB::IAST>&, DB::TreeRewriterResult&&, DB::SelectQueryOptions const&, std::vector<DB::TableWithColumnNamesAndTypes, std::allocator<DB::TableWithColumnNamesAndTypes>> const&, std::vector<String, std::allocator<String>> const&, std::shared_ptr<DB::TableJoin>) const @ 0x0000000012227281 in /usr/bin/clickhouse
14. DB::InterpreterSelectQuery::InterpreterSelectQuery(std::shared_ptr<DB::IAST> const&, std::shared_ptr<DB::Context> const&, std::optional<DB::Pipe>, std::shared_ptr<DB::IStorage> const&, DB::SelectQueryOptions const&, std::vector<String, std::allocator<String>> const&, std::shared_ptr<DB::StorageInMemoryMetadata const> const&, std::shared_ptr<DB::PreparedSets>)::$_0::operator()(bool) const @ 0x0000000011eda5bc in /usr/bin/clickhouse
15. DB::InterpreterSelectQuery::InterpreterSelectQuery(std::shared_ptr<DB::IAST> const&, std::shared_ptr<DB::Context> const&, std::optional<DB::Pipe>, std::shared_ptr<DB::IStorage> const&, DB::SelectQueryOptions const&, std::vector<String, std::allocator<String>> const&, std::shared_ptr<DB::StorageInMemoryMetadata const> const&, std::shared_ptr<DB::PreparedSets>) @ 0x0000000011ece615 in /usr/bin/clickhouse
16. DB::InterpreterSelectWithUnionQuery::InterpreterSelectWithUnionQuery(std::shared_ptr<DB::IAST> const&, std::shared_ptr<DB::Context>, DB::SelectQueryOptions const&, std::vector<String, std::allocator<String>> const&) @ 0x0000000011f7e3a8 in /usr/bin/clickhouse
17. DB::InterpreterFactory::get(std::shared_ptr<DB::IAST>&, std::shared_ptr<DB::Context>, DB::SelectQueryOptions const&) @ 0x0000000011e845be in /usr/bin/clickhouse
18. DB::executeQueryImpl(char const*, char const*, std::shared_ptr<DB::Context>, bool, DB::QueryProcessingStage::Enum, DB::ReadBuffer*) @ 0x00000000122c902a in /usr/bin/clickhouse
19. DB::executeQuery(String const&, std::shared_ptr<DB::Context>, bool, DB::QueryProcessingStage::Enum) @ 0x00000000122c5015 in /usr/bin/clickhouse
20. DB::TCPHandler::runImpl() @ 0x0000000013140ff9 in /usr/bin/clickhouse
21. DB::TCPHandler::run() @ 0x00000000131533d9 in /usr/bin/clickhouse
22. Poco::Net::TCPServerConnection::start() @ 0x0000000015b4dc74 in /usr/bin/clickhouse
23. Poco::Net::TCPServerDispatcher::run() @ 0x0000000015b4ee71 in /usr/bin/clickhouse
24. Poco::PooledThread::run() @ 0x0000000015c85aa7 in /usr/bin/clickhouse
25. Poco::ThreadImpl::runnableEntry(void*) @ 0x0000000015c83d7c in /usr/bin/clickhouse
26. ? @ 0x00007e672b113609 in ?
27. ? @ 0x00007e672b038353 in ?

2026.03.18 22:16:50.402687 [ 44 ] {3f3b1404-a675-43f2-8d6d-38139fd35bdd} <Error> TCPHandler: Code: 47. DB::Exception: Missing columns: 's.student_id' while processing query: 'SELECT count() FROM grades WHERE student_id = s.student_id', required columns: 'student_id' 's.student_id', maybe you meant: 'student_id': While processing (SELECT count() FROM grades WHERE student_id = s.student_id) AS grades_count. (UNKNOWN_IDENTIFIER), Stack trace (when copying this message, always include the lines below):

0. DB::Exception::Exception(DB::Exception::MessageMasked&&, int, bool) @ 0x000000000c6251d7 in /usr/bin/clickhouse
1. DB::Exception::Exception(PreformattedMessage&&, int) @ 0x000000000715b6b1 in /usr/bin/clickhouse
2. DB::TreeRewriterResult::collectUsedColumns(std::shared_ptr<DB::IAST> const&, bool, bool) @ 0x00000000122245f9 in /usr/bin/clickhouse
3. DB::TreeRewriter::analyzeSelect(std::shared_ptr<DB::IAST>&, DB::TreeRewriterResult&&, DB::SelectQueryOptions const&, std::vector<DB::TableWithColumnNamesAndTypes, std::allocator<DB::TableWithColumnNamesAndTypes>> const&, std::vector<String, std::allocator<String>> const&, std::shared_ptr<DB::TableJoin>) const @ 0x0000000012229261 in /usr/bin/clickhouse
4. DB::InterpreterSelectQuery::InterpreterSelectQuery(std::shared_ptr<DB::IAST> const&, std::shared_ptr<DB::Context> const&, std::optional<DB::Pipe>, std::shared_ptr<DB::IStorage> const&, DB::SelectQueryOptions const&, std::vector<String, std::allocator<String>> const&, std::shared_ptr<DB::StorageInMemoryMetadata const> const&, std::shared_ptr<DB::PreparedSets>)::$_0::operator()(bool) const @ 0x0000000011eda5bc in /usr/bin/clickhouse
5. DB::InterpreterSelectQuery::InterpreterSelectQuery(std::shared_ptr<DB::IAST> const&, std::shared_ptr<DB::Context> const&, std::optional<DB::Pipe>, std::shared_ptr<DB::IStorage> const&, DB::SelectQueryOptions const&, std::vector<String, std::allocator<String>> const&, std::shared_ptr<DB::StorageInMemoryMetadata const> const&, std::shared_ptr<DB::PreparedSets>) @ 0x0000000011ece615 in /usr/bin/clickhouse
6. DB::InterpreterSelectWithUnionQuery::InterpreterSelectWithUnionQuery(std::shared_ptr<DB::IAST> const&, std::shared_ptr<DB::Context>, DB::SelectQueryOptions const&, std::vector<String, std::allocator<String>> const&) @ 0x0000000011f7e3a8 in /usr/bin/clickhouse
7. DB::getQueryInterpreter(DB::ASTSubquery const&, DB::ExecuteScalarSubqueriesMatcher::Data&) @ 0x000000001200d7e7 in /usr/bin/clickhouse
8. DB::ExecuteScalarSubqueriesMatcher::visit(DB::ASTSubquery const&, std::shared_ptr<DB::IAST>&, DB::ExecuteScalarSubqueriesMatcher::Data&) @ 0x000000001200921c in /usr/bin/clickhouse
9. DB::InDepthNodeVisitor<DB::ExecuteScalarSubqueriesMatcher, true, false, std::shared_ptr<DB::IAST>>::doVisit(std::shared_ptr<DB::IAST>&) @ 0x0000000012007f7d in /usr/bin/clickhouse
10. void DB::InDepthNodeVisitor<DB::ExecuteScalarSubqueriesMatcher, true, false, std::shared_ptr<DB::IAST>>::visitChildren<false>(std::shared_ptr<DB::IAST>&) @ 0x00000000120080d9 in /usr/bin/clickhouse
11. void DB::InDepthNodeVisitor<DB::ExecuteScalarSubqueriesMatcher, true, false, std::shared_ptr<DB::IAST>>::visitChildren<false>(std::shared_ptr<DB::IAST>&) @ 0x00000000120080e4 in /usr/bin/clickhouse
12. DB::(anonymous namespace)::executeScalarSubqueries(std::shared_ptr<DB::IAST>&, std::shared_ptr<DB::Context const>, unsigned long, std::map<String, DB::Block, std::less<String>, std::allocator<std::pair<String const, DB::Block>>>&, std::map<String, DB::Block, std::less<String>, std::allocator<std::pair<String const, DB::Block>>>&, bool, bool) @ 0x000000001222b711 in /usr/bin/clickhouse
13. DB::TreeRewriter::analyzeSelect(std::shared_ptr<DB::IAST>&, DB::TreeRewriterResult&&, DB::SelectQueryOptions const&, std::vector<DB::TableWithColumnNamesAndTypes, std::allocator<DB::TableWithColumnNamesAndTypes>> const&, std::vector<String, std::allocator<String>> const&, std::shared_ptr<DB::TableJoin>) const @ 0x0000000012227281 in /usr/bin/clickhouse
14. DB::InterpreterSelectQuery::InterpreterSelectQuery(std::shared_ptr<DB::IAST> const&, std::shared_ptr<DB::Context> const&, std::optional<DB::Pipe>, std::shared_ptr<DB::IStorage> const&, DB::SelectQueryOptions const&, std::vector<String, std::allocator<String>> const&, std::shared_ptr<DB::StorageInMemoryMetadata const> const&, std::shared_ptr<DB::PreparedSets>)::$_0::operator()(bool) const @ 0x0000000011eda5bc in /usr/bin/clickhouse
15. DB::InterpreterSelectQuery::InterpreterSelectQuery(std::shared_ptr<DB::IAST> const&, std::shared_ptr<DB::Context> const&, std::optional<DB::Pipe>, std::shared_ptr<DB::IStorage> const&, DB::SelectQueryOptions const&, std::vector<String, std::allocator<String>> const&, std::shared_ptr<DB::StorageInMemoryMetadata const> const&, std::shared_ptr<DB::PreparedSets>) @ 0x0000000011ece615 in /usr/bin/clickhouse
16. DB::InterpreterSelectWithUnionQuery::InterpreterSelectWithUnionQuery(std::shared_ptr<DB::IAST> const&, std::shared_ptr<DB::Context>, DB::SelectQueryOptions const&, std::vector<String, std::allocator<String>> const&) @ 0x0000000011f7e3a8 in /usr/bin/clickhouse
17. DB::InterpreterFactory::get(std::shared_ptr<DB::IAST>&, std::shared_ptr<DB::Context>, DB::SelectQueryOptions const&) @ 0x0000000011e845be in /usr/bin/clickhouse
18. DB::executeQueryImpl(char const*, char const*, std::shared_ptr<DB::Context>, bool, DB::QueryProcessingStage::Enum, DB::ReadBuffer*) @ 0x00000000122c902a in /usr/bin/clickhouse
19. DB::executeQuery(String const&, std::shared_ptr<DB::Context>, bool, DB::QueryProcessingStage::Enum) @ 0x00000000122c5015 in /usr/bin/clickhouse
20. DB::TCPHandler::runImpl() @ 0x0000000013140ff9 in /usr/bin/clickhouse
21. DB::TCPHandler::run() @ 0x00000000131533d9 in /usr/bin/clickhouse
22. Poco::Net::TCPServerConnection::start() @ 0x0000000015b4dc74 in /usr/bin/clickhouse
23. Poco::Net::TCPServerDispatcher::run() @ 0x0000000015b4ee71 in /usr/bin/clickhouse
24. Poco::PooledThread::run() @ 0x0000000015c85aa7 in /usr/bin/clickhouse
25. Poco::ThreadImpl::runnableEntry(void*) @ 0x0000000015c83d7c in /usr/bin/clickhouse
26. ? @ 0x00007e672b113609 in ?
27. ? @ 0x00007e672b038353 in ?

2026.03.18 22:22:15.423511 [ 44 ] {3c2cbf06-c6d6-4ed4-973d-f34b63da9bd2} <Error> executeQuery: Code: 288. DB::Exception: Double-distributed IN/JOIN subqueries is denied (distributed_product_mode = 'deny'). You may rewrite query to use local tables in subqueries, or use GLOBAL keyword, or set distributed_product_mode to suitable value.: While processing  grades AS g: While processing  LEFT JOIN grades AS g ON s.student_id = g.student_id. (DISTRIBUTED_IN_JOIN_SUBQUERY_DENIED) (version 23.8.16.16 (official build)) (from 172.18.0.1:34206) (in query:  SELECT s.full_name, s.faculty_code, s.group_code, s.gpa, COUNT(g.grade) as grades_count FROM students s LEFT JOIN grades g ON s.student_id = g.student_id WHERE s.status = 'active' GROUP BY s.full_name, s.faculty_code, s.group_code, s.gpa ORDER BY s.gpa DESC LIMIT 10 ), Stack trace (when copying this message, always include the lines below):

0. DB::Exception::Exception(DB::Exception::MessageMasked&&, int, bool) @ 0x000000000c6251d7 in /usr/bin/clickhouse
1. DB::Exception::Exception<char const (&) [216]>(int, char const (&) [216]) @ 0x0000000011fcc8a0 in /usr/bin/clickhouse
2. DB::InDepthNodeVisitor<DB::OneTypeMatcher<DB::(anonymous namespace)::NonGlobalTableData, &DB::NeedChild::all(std::shared_ptr<DB::IAST> const&, std::shared_ptr<DB::IAST> const&), std::shared_ptr<DB::IAST>>, true, false, std::shared_ptr<DB::IAST>>::doVisit(std::shared_ptr<DB::IAST>&) @ 0x0000000011fcc3b6 in /usr/bin/clickhouse
3. DB::InDepthNodeVisitor<DB::(anonymous namespace)::NonGlobalSubqueryMatcher, true, false, std::shared_ptr<DB::IAST>>::doVisit(std::shared_ptr<DB::IAST>&) @ 0x0000000011fcb46f in /usr/bin/clickhouse
4. void DB::InDepthNodeVisitor<DB::(anonymous namespace)::NonGlobalSubqueryMatcher, true, false, std::shared_ptr<DB::IAST>>::visitChildren<false>(std::shared_ptr<DB::IAST>&) @ 0x0000000011fcce76 in /usr/bin/clickhouse
5. void DB::InDepthNodeVisitor<DB::(anonymous namespace)::NonGlobalSubqueryMatcher, true, false, std::shared_ptr<DB::IAST>>::visitChildren<false>(std::shared_ptr<DB::IAST>&) @ 0x0000000011fcce81 in /usr/bin/clickhouse
6. DB::InJoinSubqueriesPreprocessor::visit(std::shared_ptr<DB::IAST>&) const @ 0x0000000011fca3e9 in /usr/bin/clickhouse
7. DB::JoinedTables::rewriteDistributedInAndJoins(std::shared_ptr<DB::IAST>&) @ 0x0000000011fc32af in /usr/bin/clickhouse
8. DB::InterpreterSelectQuery::InterpreterSelectQuery(std::shared_ptr<DB::IAST> const&, std::shared_ptr<DB::Context> const&, std::optional<DB::Pipe>, std::shared_ptr<DB::IStorage> const&, DB::SelectQueryOptions const&, std::vector<String, std::allocator<String>> const&, std::shared_ptr<DB::StorageInMemoryMetadata const> const&, std::shared_ptr<DB::PreparedSets>) @ 0x0000000011ece054 in /usr/bin/clickhouse
9. DB::InterpreterSelectWithUnionQuery::InterpreterSelectWithUnionQuery(std::shared_ptr<DB::IAST> const&, std::shared_ptr<DB::Context>, DB::SelectQueryOptions const&, std::vector<String, std::allocator<String>> const&) @ 0x0000000011f7e3a8 in /usr/bin/clickhouse
10. DB::InterpreterFactory::get(std::shared_ptr<DB::IAST>&, std::shared_ptr<DB::Context>, DB::SelectQueryOptions const&) @ 0x0000000011e845be in /usr/bin/clickhouse
11. DB::executeQueryImpl(char const*, char const*, std::shared_ptr<DB::Context>, bool, DB::QueryProcessingStage::Enum, DB::ReadBuffer*) @ 0x00000000122c902a in /usr/bin/clickhouse
12. DB::executeQuery(String const&, std::shared_ptr<DB::Context>, bool, DB::QueryProcessingStage::Enum) @ 0x00000000122c5015 in /usr/bin/clickhouse
13. DB::TCPHandler::runImpl() @ 0x0000000013140ff9 in /usr/bin/clickhouse
14. DB::TCPHandler::run() @ 0x00000000131533d9 in /usr/bin/clickhouse
15. Poco::Net::TCPServerConnection::start() @ 0x0000000015b4dc74 in /usr/bin/clickhouse
16. Poco::Net::TCPServerDispatcher::run() @ 0x0000000015b4ee71 in /usr/bin/clickhouse
17. Poco::PooledThread::run() @ 0x0000000015c85aa7 in /usr/bin/clickhouse
18. Poco::ThreadImpl::runnableEntry(void*) @ 0x0000000015c83d7c in /usr/bin/clickhouse
19. ? @ 0x00007e672b113609 in ?
20. ? @ 0x00007e672b038353 in ?

2026.03.18 22:22:15.423609 [ 44 ] {3c2cbf06-c6d6-4ed4-973d-f34b63da9bd2} <Error> TCPHandler: Code: 288. DB::Exception: Double-distributed IN/JOIN subqueries is denied (distributed_product_mode = 'deny'). You may rewrite query to use local tables in subqueries, or use GLOBAL keyword, or set distributed_product_mode to suitable value.: While processing  grades AS g: While processing  LEFT JOIN grades AS g ON s.student_id = g.student_id. (DISTRIBUTED_IN_JOIN_SUBQUERY_DENIED), Stack trace (when copying this message, always include the lines below):

0. DB::Exception::Exception(DB::Exception::MessageMasked&&, int, bool) @ 0x000000000c6251d7 in /usr/bin/clickhouse
1. DB::Exception::Exception<char const (&) [216]>(int, char const (&) [216]) @ 0x0000000011fcc8a0 in /usr/bin/clickhouse
2. DB::InDepthNodeVisitor<DB::OneTypeMatcher<DB::(anonymous namespace)::NonGlobalTableData, &DB::NeedChild::all(std::shared_ptr<DB::IAST> const&, std::shared_ptr<DB::IAST> const&), std::shared_ptr<DB::IAST>>, true, false, std::shared_ptr<DB::IAST>>::doVisit(std::shared_ptr<DB::IAST>&) @ 0x0000000011fcc3b6 in /usr/bin/clickhouse
3. DB::InDepthNodeVisitor<DB::(anonymous namespace)::NonGlobalSubqueryMatcher, true, false, std::shared_ptr<DB::IAST>>::doVisit(std::shared_ptr<DB::IAST>&) @ 0x0000000011fcb46f in /usr/bin/clickhouse
4. void DB::InDepthNodeVisitor<DB::(anonymous namespace)::NonGlobalSubqueryMatcher, true, false, std::shared_ptr<DB::IAST>>::visitChildren<false>(std::shared_ptr<DB::IAST>&) @ 0x0000000011fcce76 in /usr/bin/clickhouse
5. void DB::InDepthNodeVisitor<DB::(anonymous namespace)::NonGlobalSubqueryMatcher, true, false, std::shared_ptr<DB::IAST>>::visitChildren<false>(std::shared_ptr<DB::IAST>&) @ 0x0000000011fcce81 in /usr/bin/clickhouse
6. DB::InJoinSubqueriesPreprocessor::visit(std::shared_ptr<DB::IAST>&) const @ 0x0000000011fca3e9 in /usr/bin/clickhouse
7. DB::JoinedTables::rewriteDistributedInAndJoins(std::shared_ptr<DB::IAST>&) @ 0x0000000011fc32af in /usr/bin/clickhouse
8. DB::InterpreterSelectQuery::InterpreterSelectQuery(std::shared_ptr<DB::IAST> const&, std::shared_ptr<DB::Context> const&, std::optional<DB::Pipe>, std::shared_ptr<DB::IStorage> const&, DB::SelectQueryOptions const&, std::vector<String, std::allocator<String>> const&, std::shared_ptr<DB::StorageInMemoryMetadata const> const&, std::shared_ptr<DB::PreparedSets>) @ 0x0000000011ece054 in /usr/bin/clickhouse
9. DB::InterpreterSelectWithUnionQuery::InterpreterSelectWithUnionQuery(std::shared_ptr<DB::IAST> const&, std::shared_ptr<DB::Context>, DB::SelectQueryOptions const&, std::vector<String, std::allocator<String>> const&) @ 0x0000000011f7e3a8 in /usr/bin/clickhouse
10. DB::InterpreterFactory::get(std::shared_ptr<DB::IAST>&, std::shared_ptr<DB::Context>, DB::SelectQueryOptions const&) @ 0x0000000011e845be in /usr/bin/clickhouse
11. DB::executeQueryImpl(char const*, char const*, std::shared_ptr<DB::Context>, bool, DB::QueryProcessingStage::Enum, DB::ReadBuffer*) @ 0x00000000122c902a in /usr/bin/clickhouse
12. DB::executeQuery(String const&, std::shared_ptr<DB::Context>, bool, DB::QueryProcessingStage::Enum) @ 0x00000000122c5015 in /usr/bin/clickhouse
13. DB::TCPHandler::runImpl() @ 0x0000000013140ff9 in /usr/bin/clickhouse
14. DB::TCPHandler::run() @ 0x00000000131533d9 in /usr/bin/clickhouse
15. Poco::Net::TCPServerConnection::start() @ 0x0000000015b4dc74 in /usr/bin/clickhouse
16. Poco::Net::TCPServerDispatcher::run() @ 0x0000000015b4ee71 in /usr/bin/clickhouse
17. Poco::PooledThread::run() @ 0x0000000015c85aa7 in /usr/bin/clickhouse
18. Poco::ThreadImpl::runnableEntry(void*) @ 0x0000000015c83d7c in /usr/bin/clickhouse
19. ? @ 0x00007e672b113609 in ?
20. ? @ 0x00007e672b038353 in ?

2026.03.18 22:27:19.216082 [ 322 ] {} <Error> ServerErrorHandler: Code: 81. DB::Exception: Database university does not exist. (UNKNOWN_DATABASE), Stack trace (when copying this message, always include the lines below):

0. DB::Exception::Exception(DB::Exception::MessageMasked&&, int, bool) @ 0x000000000c6251d7 in /usr/bin/clickhouse
1. DB::Exception::Exception<String>(int, FormatStringHelperImpl<std::type_identity<String>::type>, String&&) @ 0x0000000007133ded in /usr/bin/clickhouse
2. DB::DatabaseCatalog::assertDatabaseExists(String const&) const @ 0x00000000116e954f in /usr/bin/clickhouse
3. DB::Context::setCurrentDatabase(String const&) @ 0x0000000011637842 in /usr/bin/clickhouse
4. DB::TCPHandler::runImpl() @ 0x0000000013145c69 in /usr/bin/clickhouse
5. DB::TCPHandler::run() @ 0x00000000131533d9 in /usr/bin/clickhouse
6. Poco::Net::TCPServerConnection::start() @ 0x0000000015b4dc74 in /usr/bin/clickhouse
7. Poco::Net::TCPServerDispatcher::run() @ 0x0000000015b4ee71 in /usr/bin/clickhouse
8. Poco::PooledThread::run() @ 0x0000000015c85aa7 in /usr/bin/clickhouse
9. Poco::ThreadImpl::runnableEntry(void*) @ 0x0000000015c83d7c in /usr/bin/clickhouse
10. ? @ 0x00007e672b113609 in ?
11. ? @ 0x00007e672b038353 in ?
 (version 23.8.16.16 (official build))
2026.03.18 22:30:52.895110 [ 1 ] {} <Warning> Application: Closed all listening sockets. Waiting for 3 outstanding connections.
